variable,year,value,unit
wetso4,2000,2.852687034396744e-15,kg m-2 s-1
wetso4,2001,7.285487519053308e-15,kg m-2 s-1
wetso4,2002,1.0227854997822049e-14,kg m-2 s-1
wetso4,2003,1.728277776353014e-14,kg m-2 s-1
wetso4,2004,8.140309525024512e-15,kg m-2 s-1
