variable,year,value,unit
wetbc,2000,-2.3338960786802107e-16,kg m-2 s-1
wetbc,2001,7.173544552580708e-16,kg m-2 s-1
wetbc,2002,-5.027147119628214e-16,kg m-2 s-1
wetbc,2003,-1.2519497460897666e-15,kg m-2 s-1
wetbc,2004,-1.7023915489032894e-16,kg m-2 s-1
