variable,year,value,unit
dryso2,2000,-1.1267980790892604e-14,kg m-2 s-1
dryso2,2001,-1.3943914159051957e-14,kg m-2 s-1
dryso2,2002,-9.6029323082067e-15,kg m-2 s-1
dryso2,2003,-7.662718112690199e-15,kg m-2 s-1
dryso2,2004,-1.0318341235141478e-14,kg m-2 s-1
