variable,year,value,unit
emiso2,2000,-1.2959035072531285e-15,kg m-2 s-1
emiso2,2001,-1.3008883696900542e-15,kg m-2 s-1
emiso2,2002,-1.3490722690341882e-15,kg m-2 s-1
emiso2,2003,-1.3792291103554776e-15,kg m-2 s-1
emiso2,2004,-1.3976114210626556e-15,kg m-2 s-1
