variable,year,value,unit
rlutcs,2000,-0.053952914099723796,W m-2
rlutcs,2001,-0.049373252749340645,W m-2
rlutcs,2002,-0.051493324961942116,W m-2
rlutcs,2003,-0.051104607019585795,W m-2
rlutcs,2004,-0.05405212008390085,W m-2
