variable,year,value,unit
mmrbc,2000,84.6869723438126,kg kg-1
mmrbc,2001,88.06327447627795,kg kg-1
mmrbc,2002,98.30874462888661,kg kg-1
mmrbc,2003,101.34883692102295,kg kg-1
mmrbc,2004,113.0080983908055,kg kg-1
