variable,year,value,unit
loadso2,2000,3.6071592201753755e-08,kg m-2
loadso2,2001,3.645646020652825e-08,kg m-2
loadso2,2002,3.440801345502546e-08,kg m-2
loadso2,2003,3.414135828934234e-08,kg m-2
loadso2,2004,3.714137965797212e-08,kg m-2
