variable,year,value,unit
so2,2001,1.9065015221395165e-11,mol mol-1
so2,2002,2.2779010003075465e-11,mol mol-1
so2,2003,2.4090260775772642e-11,mol mol-1
so2,2004,1.458042762994959e-11,mol mol-1
so2,2005,2.2774031286816137e-11,mol mol-1
