variable,year,value,unit
dryso2,2001,4.208267266562499e-13,kg m-2 s-1
dryso2,2002,3.7799162458114795e-13,kg m-2 s-1
dryso2,2003,4.2303384414869183e-13,kg m-2 s-1
dryso2,2004,3.855671375678687e-13,kg m-2 s-1
dryso2,2005,5.741808334993793e-13,kg m-2 s-1
