variable,year,value,unit
wetso4,2000,3.719830961446618e-13,kg m-2 s-1
wetso4,2001,4.145767551831353e-13,kg m-2 s-1
wetso4,2002,3.8292439514020673e-13,kg m-2 s-1
wetso4,2003,3.979675866120313e-13,kg m-2 s-1
wetso4,2004,4.3213169316115814e-13,kg m-2 s-1
