variable,year,value,unit
dryso4,2000,3.822353178707784e-14,kg m-2 s-1
dryso4,2001,3.7220635833174804e-14,kg m-2 s-1
dryso4,2002,3.8475920157712284e-14,kg m-2 s-1
dryso4,2003,4.1043696043085625e-14,kg m-2 s-1
dryso4,2004,4.5225210613558333e-14,kg m-2 s-1
