variable,year,value,unit
dryso2,2000,6.038900016207681e-13,kg m-2 s-1
dryso2,2001,6.391878046081733e-13,kg m-2 s-1
dryso2,2002,5.932351469082198e-13,kg m-2 s-1
dryso2,2003,6.073787678695059e-13,kg m-2 s-1
dryso2,2004,6.512609026739065e-13,kg m-2 s-1
