variable,year,value,unit
dryso2,2000,4.612403996595081e-13,kg m-2 s-1
dryso2,2001,4.86912643553487e-13,kg m-2 s-1
dryso2,2002,4.571626575790112e-13,kg m-2 s-1
dryso2,2003,4.739353346416096e-13,kg m-2 s-1
dryso2,2004,5.060861519183184e-13,kg m-2 s-1
