variable,year,value,unit
rsutcs,2000,0.03867195551689662,W m-2
rsutcs,2001,0.029458210390863826,W m-2
rsutcs,2002,0.023831309577460047,W m-2
rsutcs,2003,0.03077420884243054,W m-2
rsutcs,2004,0.03433999387969777,W m-2
