variable,year,value,unit
mmrbc,2000,3.77986701804424e-14,kg kg-1
mmrbc,2001,-1.3130754804182193e-14,kg kg-1
mmrbc,2002,1.857922777257377e-14,kg kg-1
mmrbc,2003,-4.36030596892234e-14,kg kg-1
mmrbc,2004,-1.0452518511909814e-13,kg kg-1
