variable,year,value,unit
loadso4,2000,-2.2768181634844527e-08,kg m-2
loadso4,2001,-2.991211163345392e-08,kg m-2
loadso4,2002,-1.9503633172303792e-08,kg m-2
loadso4,2003,-2.1091256729202765e-08,kg m-2
loadso4,2004,-2.769892224690404e-08,kg m-2
