variable,year,value,unit
dryso4,2000,-2.145572044459575e-14,kg m-2 s-1
dryso4,2001,-2.192150376952721e-14,kg m-2 s-1
dryso4,2002,-2.101172408053232e-14,kg m-2 s-1
dryso4,2003,-2.428844863019093e-14,kg m-2 s-1
dryso4,2004,-2.4262031868662538e-14,kg m-2 s-1
