variable,year,value,unit
rsut,2000,-0.007412129363757458,W m-2
rsut,2001,0.02601756880933692,W m-2
rsut,2002,0.012506789083502667,W m-2
rsut,2003,0.002093475161927927,W m-2
rsut,2004,0.009705889982370763,W m-2
