variable,year,value,unit
drybc,2000,4.562567816578076e-17,kg m-2 s-1
drybc,2001,5.249976578076168e-17,kg m-2 s-1
drybc,2002,-2.341434186288253e-17,kg m-2 s-1
drybc,2003,-6.145482342276192e-17,kg m-2 s-1
drybc,2004,-1.1555544886084766e-16,kg m-2 s-1
