variable,year,value,unit
rlut,2000,-0.007152515467510057,W m-2
rlut,2001,0.007746819696734519,W m-2
rlut,2002,-0.017853864641864448,W m-2
rlut,2003,-0.0765261947163367,W m-2
rlut,2004,0.012656522320213526,W m-2
