variable,year,value,unit
mmrbc,2000,-2.4263921136971607e-15,kg kg-1
mmrbc,2001,8.340937993805095e-15,kg kg-1
mmrbc,2002,7.849793354005754e-16,kg kg-1
mmrbc,2003,2.8058863007849247e-15,kg kg-1
mmrbc,2004,-2.2883057098333037e-15,kg kg-1
