variable,year,value,unit
wetbc,2000,1.2128510704436418e-13,kg m-2 s-1
wetbc,2001,1.181807355924047e-13,kg m-2 s-1
wetbc,2002,1.344896724988646e-13,kg m-2 s-1
wetbc,2003,1.4582791020146337e-13,kg m-2 s-1
wetbc,2004,1.6000597615631044e-13,kg m-2 s-1
