variable,year,value,unit
dryso2,2000,-2.5239641104364025e-13,kg m-2 s-1
dryso2,2001,-2.635422047106647e-13,kg m-2 s-1
dryso2,2002,-2.4831510701441717e-13,kg m-2 s-1
dryso2,2003,-2.5586931483029603e-13,kg m-2 s-1
dryso2,2004,-2.7105094154354305e-13,kg m-2 s-1
