variable,year,value,unit
rsut,2000,-0.08744770702614346,W m-2
rsut,2001,-0.039981180664767635,W m-2
rsut,2002,-0.025342225472201108,W m-2
rsut,2003,-0.036541765324002995,W m-2
rsut,2004,-0.07809252693957092,W m-2
