variable,year,value,unit
rlutcs,2000,0.03678602266052167,W m-2
rlutcs,2001,-0.005072038415960378,W m-2
rlutcs,2002,-0.0011788140106432365,W m-2
rlutcs,2003,-0.014964546478779539,W m-2
rlutcs,2004,0.002709936338874286,W m-2
