variable,year,value,unit
drybc,2000,9.309034801573402e-19,kg m-2 s-1
drybc,2001,-4.402164813668448e-17,kg m-2 s-1
drybc,2002,1.9090999300793825e-17,kg m-2 s-1
drybc,2003,-5.359966061652555e-17,kg m-2 s-1
drybc,2004,2.5481455078205606e-17,kg m-2 s-1
