variable,year,value,unit
loadso2,2000,-9.03539342779801e-09,kg m-2
loadso2,2001,-8.099974757583924e-09,kg m-2
loadso2,2002,-7.591205283476206e-09,kg m-2
loadso2,2003,-9.928058006026884e-09,kg m-2
loadso2,2004,-9.882614663628013e-09,kg m-2
