variable,year,value,unit
so2,2000,-1.2431401721967533e-11,mol mol-1
so2,2001,-1.3029225438615329e-11,mol mol-1
so2,2002,-1.2220717014855651e-11,mol mol-1
so2,2003,-1.2947898828369639e-11,mol mol-1
so2,2004,-1.3405758254932208e-11,mol mol-1
