variable,year,value,unit
clivi,2000,-0.0006242117232118372,kg m-2
clivi,2001,8.737454378854315e-05,kg m-2
clivi,2002,-0.0007351006774724417,kg m-2
clivi,2003,-0.0010394331719723732,kg m-2
clivi,2004,-0.0007932455059249249,kg m-2
