variable,year,value,unit
od550aer,2001,-0.0009452083061403938,1
od550aer,2002,1.0177610977761542e-05,1
od550aer,2003,-0.0008012325232551604,1
od550aer,2004,-0.0012355457308956194,1
od550aer,2005,-0.0023785490808101786,1
