variable,year,value,unit
so2,2000,1.788460861376263e-11,mol mol-1
so2,2001,2.0599848222098616e-11,mol mol-1
so2,2002,1.6223165114949653e-11,mol mol-1
so2,2003,1.8962701366112162e-11,mol mol-1
so2,2004,1.719333762708428e-11,mol mol-1
