variable,year,value,unit
od550aer,2000,-0.00023286515523510132,1
od550aer,2001,-0.00034426754704630635,1
od550aer,2002,-0.0002234821465011555,1
od550aer,2003,-0.00024727254004694443,1
od550aer,2004,-0.0003970000434357912,1
