variable,year,value,unit
dryso4,2000,7.146956343288857e-13,kg m-2 s-1
dryso4,2001,7.163414195326424e-13,kg m-2 s-1
dryso4,2002,7.267426411363082e-13,kg m-2 s-1
dryso4,2003,7.190929175266375e-13,kg m-2 s-1
dryso4,2004,7.231827691864944e-13,kg m-2 s-1
