variable,year,value,unit
loadso4,2000,2.1385540031824054e-06,kg m-2
loadso4,2001,2.1318197744590233e-06,kg m-2
loadso4,2002,2.0675762200606366e-06,kg m-2
loadso4,2003,2.1643315758134537e-06,kg m-2
loadso4,2004,2.161812538778539e-06,kg m-2
