variable,year,value,unit
loadso4,2000,1.0047543270607055e-06,kg m-2
loadso4,2001,1.0386385629191146e-06,kg m-2
loadso4,2002,1.02620932807413e-06,kg m-2
loadso4,2003,1.0593450259692119e-06,kg m-2
loadso4,2004,1.04735785874687e-06,kg m-2
