variable,year,value,unit
loadso4,2000,1.8080608134237117e-06,kg m-2
loadso4,2001,1.8296793760850838e-06,kg m-2
loadso4,2002,1.864397352243965e-06,kg m-2
loadso4,2003,1.8793820612425693e-06,kg m-2
loadso4,2004,1.911262113164228e-06,kg m-2
