variable,year,value,unit
cltc,2000,-0.26248680461824586,%
cltc,2001,-0.042570568755202244,%
cltc,2002,0.28128342953445806,%
cltc,2003,-0.2462816485104794,%
cltc,2004,-0.22008979368495976,%
