variable,year,value,unit
dryso4,2000,4.927109514247668,kg m-2 s-1
dryso4,2001,5.978246391048817,kg m-2 s-1
dryso4,2002,8.120352438437216,kg m-2 s-1
dryso4,2003,11.557508806891214,kg m-2 s-1
dryso4,2004,13.861648528156492,kg m-2 s-1
