variable,year,value,unit
so2,2000,8.537883453787625e-10,mol mol-1
so2,2001,7.84200190060803e-10,mol mol-1
so2,2002,7.693054454570652e-10,mol mol-1
so2,2003,7.275895249314176e-10,mol mol-1
so2,2004,7.484673618577325e-10,mol mol-1
