variable,year,value,unit
wetbc,2000,3.324229039104758e-13,kg m-2 s-1
wetbc,2001,3.4320710821806306e-13,kg m-2 s-1
wetbc,2002,3.840621830439904e-13,kg m-2 s-1
wetbc,2003,4.3875829159543186e-13,kg m-2 s-1
wetbc,2004,4.4543815777437736e-13,kg m-2 s-1
