"","models","resolution","bottom.thickness","layers","slopes","r.squared"
"1","CAM-ATRAS","129, 154, 180, 204m",129,4,-222203.981633516,0.893271487922924
"2","CESM1","124, 149, 173, 197m",124,4,-458517.847022924,0.00760119295277396
"3","E3SM","25, 54, 72, 77, 82, 87m",25,6,-262151.202315638,0.874651557844427
"4","GEOS","58, 131, 65, 133m",58,4,-466924.354117372,0.96174554880755
"5","GFDL-ESM4","35, 50, 75, 90, 120m",35,5,-374079.401518348,0.996597042662126
"6","GISS modelE","170, 190, 220, 240m",170,4,-616067.390184676,0.974717738006856
"7","NorESM2","127, 152, 176, 201m",127,4,-113474.829582637,0.204154816418912
