variable,year,value,unit
dryso4,2000,-8.49048640583541e-16,kg m-2 s-1
dryso4,2001,-7.847639997708878e-16,kg m-2 s-1
dryso4,2002,-8.026586610402154e-16,kg m-2 s-1
dryso4,2003,-5.101310117763657e-16,kg m-2 s-1
dryso4,2004,-9.09760773515792e-16,kg m-2 s-1
