variable,year,value,unit
emiso2,2000,-2.4435121736842618e-14,kg m-2 s-1
emiso2,2001,-2.4072431568471712e-14,kg m-2 s-1
emiso2,2002,-2.250350236476554e-14,kg m-2 s-1
emiso2,2003,-2.1219297785226115e-14,kg m-2 s-1
emiso2,2004,-2.2512294304319238e-14,kg m-2 s-1
