variable,year,value,unit
mmrso4,2000,-7.155777809016647e-13,kg kg-1
mmrso4,2001,-8.825882876926374e-13,kg kg-1
mmrso4,2002,-6.606292337412292e-13,kg kg-1
mmrso4,2003,-3.7349946783345507e-13,kg kg-1
mmrso4,2004,-6.427586632475932e-13,kg kg-1
