variable,year,value,unit
mmrbc,2000,4.371375842180427e-17,kg kg-1
mmrbc,2001,1.378946468275816e-14,kg kg-1
mmrbc,2002,-1.4231986474603777e-14,kg kg-1
mmrbc,2003,-1.8969896721886677e-14,kg kg-1
mmrbc,2004,1.7579664672244364e-14,kg kg-1
