variable,year,value,unit
dryso4,2000,-6.309831686528315e-16,kg m-2 s-1
dryso4,2001,-5.489884384087924e-16,kg m-2 s-1
dryso4,2002,-8.14190329723299e-16,kg m-2 s-1
dryso4,2003,-3.4654012609989326e-16,kg m-2 s-1
dryso4,2004,-3.9992605025198356e-16,kg m-2 s-1
