variable,year,value,unit
rlutcs,2000,0.009283968958158084,W m-2
rlutcs,2001,0.008129087262460644,W m-2
rlutcs,2002,0.009940414166464961,W m-2
rlutcs,2003,0.0009001917141233662,W m-2
rlutcs,2004,0.00693646583661689,W m-2
