variable,year,value,unit
mmrso4,2000,-7.94210927158539e-13,kg kg-1
mmrso4,2001,-8.939249604302066e-13,kg kg-1
mmrso4,2002,-8.513285939125195e-13,kg kg-1
mmrso4,2003,-3.416214940407497e-13,kg kg-1
mmrso4,2004,-5.499722077026453e-13,kg kg-1
