variable,year,value,unit
rsut,2000,0.01844568800757429,W m-2
rsut,2001,0.011227973601791064,W m-2
rsut,2002,-0.011307285175206516,W m-2
rsut,2003,0.015093400514217592,W m-2
rsut,2004,-0.02312415296132997,W m-2
