variable,year,value,unit
rlutcs,2000,-0.0009096044097987033,W m-2
rlutcs,2001,-0.0050873126034503,W m-2
rlutcs,2002,0.0007802100941489698,W m-2
rlutcs,2003,6.0126946834770933e-05,W m-2
rlutcs,2004,0.0003763222016459622,W m-2
