variable,year,value,unit
rsut,2000,-0.006968076925772948,W m-2
rsut,2001,-0.009554461577508278,W m-2
rsut,2002,-0.004100538967961143,W m-2
rsut,2003,0.004100402664590774,W m-2
rsut,2004,-0.005586690718530463,W m-2
