variable,year,value,unit
drybc,2000,-2.8709957879112386e-17,kg m-2 s-1
drybc,2001,2.4087976024515285e-17,kg m-2 s-1
drybc,2002,-3.938018606815812e-18,kg m-2 s-1
drybc,2003,-1.6347891018434362e-17,kg m-2 s-1
drybc,2004,2.1661312009741684e-17,kg m-2 s-1
