variable,year,value,unit
dryso2,2000,-4.523977843530389e-14,kg m-2 s-1
dryso2,2001,-4.328081895362018e-14,kg m-2 s-1
dryso2,2002,-4.4672061164185736e-14,kg m-2 s-1
dryso2,2003,-4.5403905936244317e-14,kg m-2 s-1
dryso2,2004,-4.642854716408943e-14,kg m-2 s-1
