variable,year,value,unit
emiso2,2000,-4.5412284873878475e-14,kg m-2 s-1
emiso2,2001,-4.528775972784718e-14,kg m-2 s-1
emiso2,2002,-4.559170416435899e-14,kg m-2 s-1
emiso2,2003,-4.54002426322699e-14,kg m-2 s-1
emiso2,2004,-4.5502907544655616e-14,kg m-2 s-1
