variable,year,value,unit
so2,2000,-3.7856819513723484e-13,mol mol-1
so2,2001,-5.814371576812868e-13,mol mol-1
so2,2002,-7.139783450324904e-13,mol mol-1
so2,2003,-6.953264494200074e-13,mol mol-1
so2,2004,-5.592226322834437e-13,mol mol-1
