variable,year,value,unit
drybc,2000,-1.5664073054734323e-16,kg m-2 s-1
drybc,2001,-1.2021915714739886e-16,kg m-2 s-1
drybc,2002,-1.417369410416052e-16,kg m-2 s-1
drybc,2003,-1.6037739930015823e-16,kg m-2 s-1
drybc,2004,-1.2195562347428396e-16,kg m-2 s-1
