variable,year,value,unit
rlut,2000,0.003679763746276876,W m-2
rlut,2001,-0.0009354229817404303,W m-2
rlut,2002,0.0017337983880736374,W m-2
rlut,2003,-0.0001957247816051222,W m-2
rlut,2004,-0.005952928782846811,W m-2
