variable,year,value,unit
wetbc,2000,-1.5951207534813982e-17,kg m-2 s-1
wetbc,2001,1.1434776030755358e-16,kg m-2 s-1
wetbc,2002,-4.465077909030247e-17,kg m-2 s-1
wetbc,2003,8.3518535211954e-17,kg m-2 s-1
wetbc,2004,2.5706009966472727e-17,kg m-2 s-1
