variable,year,value,unit
dryso2,2000,-1.295434102808665e-13,kg m-2 s-1
dryso2,2001,-1.341749537634917e-13,kg m-2 s-1
dryso2,2002,-1.2783596510256595e-13,kg m-2 s-1
dryso2,2003,-1.3037216448292804e-13,kg m-2 s-1
dryso2,2004,-1.3970547287085188e-13,kg m-2 s-1
