variable,year,value,unit
emibc,2000,-5.890212475059106e-16,kg m-2 s-1
emibc,2001,-5.960566548137305e-16,kg m-2 s-1
emibc,2002,-6.082892808430134e-16,kg m-2 s-1
emibc,2003,-6.436883545874166e-16,kg m-2 s-1
emibc,2004,-6.971990400571977e-16,kg m-2 s-1
