variable,year,value,unit
rlutcs,2000,-0.0030170038188543913,W m-2
rlutcs,2001,-0.004633153704276083,W m-2
rlutcs,2002,0.003524738078056089,W m-2
rlutcs,2003,0.006689278008138899,W m-2
rlutcs,2004,0.0009920419254285662,W m-2
