variable,year,value,unit
rsutcs,2000,-0.011856068886032745,W m-2
rsutcs,2001,-0.010861360000788522,W m-2
rsutcs,2002,-0.004619248269726484,W m-2
rsutcs,2003,-0.0029163578226913955,W m-2
rsutcs,2004,-0.00293919072908011,W m-2
