variable,year,value,unit
dryso4,2000,-2.055105381434402e-15,kg m-2 s-1
dryso4,2001,-2.687133977309619e-15,kg m-2 s-1
dryso4,2002,-2.2853054748525012e-15,kg m-2 s-1
dryso4,2003,-2.4049664717073143e-15,kg m-2 s-1
dryso4,2004,-2.704446982125767e-15,kg m-2 s-1
