variable,year,value,unit
rsut,2000,0.009808921835997353,W m-2
rsut,2001,-0.02152810839406527,W m-2
rsut,2002,0.011487452578663238,W m-2
rsut,2003,-0.00736390235876172,W m-2
rsut,2004,-0.006201266220941193,W m-2
