variable,year,value,unit
od550aer,2000,-0.4654543495061569,1
od550aer,2001,-0.4132600467187756,1
od550aer,2002,-0.24520329160028392,1
od550aer,2003,-0.329312824035781,1
od550aer,2004,-0.25684184359571105,1
