variable,year,value,unit
so2,2000,-1.6544938164185101,mol mol-1
so2,2001,-1.813149609207785,mol mol-1
so2,2002,-1.6747130735559155,mol mol-1
so2,2003,-1.7502191002877754,mol mol-1
so2,2004,-1.8247796223990138,mol mol-1
