variable,year,value,unit
loadbc,2000,-0.05166513409932367,kg m-2
loadbc,2001,0.037981901217929666,kg m-2
loadbc,2002,-0.06675569274509598,kg m-2
loadbc,2003,-0.005624170971572328,kg m-2
loadbc,2004,-0.044172998980337184,kg m-2
