variable,year,value,unit
emibc,2000,-1.4335114991330757e-07,kg m-2 s-1
emibc,2001,-6.407553095862653e-06,kg m-2 s-1
emibc,2002,7.818273417612001e-07,kg m-2 s-1
emibc,2003,-3.0446777163878097e-06,kg m-2 s-1
emibc,2004,-1.5238073436183973e-06,kg m-2 s-1
