variable,year,value,unit
rlut,2000,0.0025681302295738916,W m-2
rlut,2001,0.0005942929139436092,W m-2
rlut,2002,0.0018286300611596766,W m-2
rlut,2003,6.121284946385952e-05,W m-2
rlut,2004,-0.0028906868576134086,W m-2
