variable,year,value,unit
wetbc,2000,0.009104788604106906,kg m-2 s-1
wetbc,2001,-0.04882002942732038,kg m-2 s-1
wetbc,2002,-0.03591977091103292,kg m-2 s-1
wetbc,2003,-0.03802067071666746,kg m-2 s-1
wetbc,2004,0.03502108623484615,kg m-2 s-1
