variable,year,value,unit
drybc,2000,1.1384687954906607e-13,kg m-2 s-1
drybc,2001,1.1763501869232197e-13,kg m-2 s-1
drybc,2002,1.2496729728607027e-13,kg m-2 s-1
drybc,2003,1.271346230876642e-13,kg m-2 s-1
drybc,2004,1.306662477005868e-13,kg m-2 s-1
