variable,year,value,unit
loadbc,2000,2.4079920862192624e-07,kg m-2
loadbc,2001,2.439238701880788e-07,kg m-2
loadbc,2002,2.5558121354628074e-07,kg m-2
loadbc,2003,2.638868420498756e-07,kg m-2
loadbc,2004,2.689610146648157e-07,kg m-2
