variable,year,value,unit
loadbc,2000,1.76124114547052e-07,kg m-2
loadbc,2001,1.8454375592112893e-07,kg m-2
loadbc,2002,1.893237085469948e-07,kg m-2
loadbc,2003,1.922681138746283e-07,kg m-2
loadbc,2004,2.0086685213490737e-07,kg m-2
