variable,year,value,unit
loadso2,2000,1.2656593424007261e-06,kg m-2
loadso2,2001,1.2321177934622694e-06,kg m-2
loadso2,2002,1.2355413076395415e-06,kg m-2
loadso2,2003,1.275832883080715e-06,kg m-2
loadso2,2004,1.2850971988580975e-06,kg m-2
