variable,year,value,unit
dryso4,2000,1.1434457468097115e-12,kg m-2 s-1
dryso4,2001,1.1456989124772574e-12,kg m-2 s-1
dryso4,2002,1.137076312264861e-12,kg m-2 s-1
dryso4,2003,1.1586557413278072e-12,kg m-2 s-1
dryso4,2004,1.1905186576130578e-12,kg m-2 s-1
