variable,year,value,unit
wetso4,2000,7.080968810532042e-12,kg m-2 s-1
wetso4,2001,7.100956964214856e-12,kg m-2 s-1
wetso4,2002,7.099934263216035e-12,kg m-2 s-1
wetso4,2003,7.233928763945196e-12,kg m-2 s-1
wetso4,2004,7.38782774830709e-12,kg m-2 s-1
