variable,year,value,unit
emiso2,2000,8.485436175641195e-12,kg m-2 s-1
emiso2,2001,8.532349153804796e-12,kg m-2 s-1
emiso2,2002,8.487329901471888e-12,kg m-2 s-1
emiso2,2003,8.729375091925043e-12,kg m-2 s-1
emiso2,2004,9.064950280718737e-12,kg m-2 s-1
