variable,year,value,unit
loadso4,2000,3.2986798392357908e-06,kg m-2
loadso4,2001,3.2946430452526745e-06,kg m-2
loadso4,2002,3.412736052781429e-06,kg m-2
loadso4,2003,3.480867073428102e-06,kg m-2
loadso4,2004,3.583405051034847e-06,kg m-2
