variable,year,value,unit
loadso2,2000,1.315686888418514e-06,kg m-2
loadso2,2001,1.307562978755101e-06,kg m-2
loadso2,2002,1.35612378001983e-06,kg m-2
loadso2,2003,1.3860724788860617e-06,kg m-2
loadso2,2004,1.4097584351954053e-06,kg m-2
