variable,year,value,unit
loadso2,2000,1.5519228250551774e-06,kg m-2
loadso2,2001,1.5767031954886615e-06,kg m-2
loadso2,2002,1.5704266652442412e-06,kg m-2
loadso2,2003,1.6542436114855488e-06,kg m-2
loadso2,2004,1.7259857502655855e-06,kg m-2
