variable,year,value,unit
drybc,2000,1.7046594796666102e-14,kg m-2 s-1
drybc,2001,1.7386073747912842e-14,kg m-2 s-1
drybc,2002,1.819681713393655e-14,kg m-2 s-1
drybc,2003,1.9376648162819477e-14,kg m-2 s-1
drybc,2004,1.932355113895835e-14,kg m-2 s-1
