variable,year,value,unit
wetso4,2000,-6.540516235700611e-12,kg m-2 s-1
wetso4,2001,-6.548237277582326e-12,kg m-2 s-1
wetso4,2002,-6.554392190781896e-12,kg m-2 s-1
wetso4,2003,-6.661874594985943e-12,kg m-2 s-1
wetso4,2004,-6.8436328796631936e-12,kg m-2 s-1
