variable,year,value,unit
emiso2,2000,8.250396329717179e-12,kg m-2 s-1
emiso2,2001,8.29619733868829e-12,kg m-2 s-1
emiso2,2002,8.258003529344862e-12,kg m-2 s-1
emiso2,2003,8.492605094416895e-12,kg m-2 s-1
emiso2,2004,8.820571993526642e-12,kg m-2 s-1
