variable,year,value,unit
emiso2,2000,8.179990090042161e-12,kg m-2 s-1
emiso2,2001,8.299856823653856e-12,kg m-2 s-1
emiso2,2002,8.304952170654033e-12,kg m-2 s-1
emiso2,2003,8.428100378459321e-12,kg m-2 s-1
emiso2,2004,8.895610234352415e-12,kg m-2 s-1
