variable,year,value,unit
emiso2,2000,7.200689117429238e-12,kg m-2 s-1
emiso2,2001,7.244673864633149e-12,kg m-2 s-1
emiso2,2002,7.208851338791575e-12,kg m-2 s-1
emiso2,2003,7.44224761648825e-12,kg m-2 s-1
emiso2,2004,7.768499570281702e-12,kg m-2 s-1
