variable,year,value,unit
loadso4,2000,4.66946503194426e-06,kg m-2
loadso4,2001,4.751395702814668e-06,kg m-2
loadso4,2002,4.832231193445063e-06,kg m-2
loadso4,2003,4.994340246086652e-06,kg m-2
loadso4,2004,5.19699273768361e-06,kg m-2
