variable,year,value,unit
wetbc,2000,4.438267252400319e-13,kg m-2 s-1
wetbc,2001,4.5057164277309375e-13,kg m-2 s-1
wetbc,2002,4.777616736125939e-13,kg m-2 s-1
wetbc,2003,4.869029612359093e-13,kg m-2 s-1
wetbc,2004,5.055814152690334e-13,kg m-2 s-1
