variable,year,value,unit
rlut,2001,-0.0036697763377162573,W m-2
rlut,2002,-0.0017407501861441688,W m-2
rlut,2003,0.0011363725049591267,W m-2
rlut,2004,0.00016997283009345665,W m-2
