variable,year,value,unit
loadbc,2000,2.763669908743481e-12,kg m-2
loadbc,2001,-2.9027436263520558e-11,kg m-2
loadbc,2002,2.3276316120512682e-11,kg m-2
loadbc,2003,7.609585775602437e-11,kg m-2
loadbc,2004,1.048319047838015e-11,kg m-2
