variable,year,value,unit
drybc,2001,2.6743018617917947e-16,kg m-2 s-1
drybc,2002,6.309688682826091e-16,kg m-2 s-1
drybc,2003,7.374251720726846e-16,kg m-2 s-1
drybc,2004,-4.164680904915769e-16,kg m-2 s-1
