variable,year,value,unit
wetso2,2000,6.262125198289279e-14,kg m-2 s-1
wetso2,2001,6.483668536776028e-14,kg m-2 s-1
wetso2,2002,5.951137210617244e-14,kg m-2 s-1
wetso2,2003,5.726139566988771e-14,kg m-2 s-1
wetso2,2004,5.799803205948451e-14,kg m-2 s-1
