variable,year,value,unit
clt,2001,-0.014428610385571972,%
clt,2002,0.001564919040127677,%
clt,2003,-0.009199682230693895,%
clt,2004,0.010115015387121673,%
