variable,year,value,unit
clivi,2000,6.675127091138044e-05,kg m-2
clivi,2001,0.00010565952346978241,kg m-2
clivi,2002,6.433458581686993e-05,kg m-2
clivi,2003,6.248240536074583e-05,kg m-2
clivi,2004,8.23620872175343e-05,kg m-2
