variable,year,value,unit
rlutcs,2001,-0.0033685270614398632,W m-2
rlutcs,2002,-0.008135345189941745,W m-2
rlutcs,2003,0.011695696769351116,W m-2
rlutcs,2004,-0.0006772411468318751,W m-2
