variable,year,value,unit
cltc,2001,-0.00033554139386859916,%
cltc,2002,0.006171295489888706,%
cltc,2003,-0.004846575356432847,%
cltc,2004,-0.003134887079726756,%
