variable,year,value,unit
rlut,2001,0.018256963171921825,W m-2
rlut,2002,-0.025248485969598278,W m-2
rlut,2003,0.004540674135853351,W m-2
rlut,2004,-0.006352483614733728,W m-2
