variable,year,value,unit
rsut,2001,0.25068793875669826,W m-2
rsut,2002,0.14451200779745932,W m-2
rsut,2003,-0.20835551863407886,W m-2
rsut,2004,0.07797523848388721,W m-2
