variable,year,value,unit
wetso2,2000,-1.1563970750852898e-13,kg m-2 s-1
wetso2,2001,-1.4162654885789693e-13,kg m-2 s-1
wetso2,2002,-1.220035940784167e-13,kg m-2 s-1
wetso2,2003,-1.03754241971567e-13,kg m-2 s-1
wetso2,2004,-1.3912303659223416e-13,kg m-2 s-1
