variable,year,value,unit
od550aer,2000,3.5432759037945516e-06,1
od550aer,2001,-0.0002461734984066516,1
od550aer,2002,0.0002935834201387433,1
od550aer,2003,-9.143562284645579e-05,1
od550aer,2004,-0.00011005887070403286,1
