variable,year,value,unit
drybc,2000,1.4653180863928052e-16,kg m-2 s-1
drybc,2001,-6.282141558582649e-17,kg m-2 s-1
drybc,2002,-1.364025171914382e-16,kg m-2 s-1
drybc,2003,-1.2024449015831703e-16,kg m-2 s-1
drybc,2004,9.470515149391599e-17,kg m-2 s-1
