variable,year,value,unit
od550aer,2001,0.00019033408116954365,1
od550aer,2002,0.00017496322680322918,1
od550aer,2003,0.00017351604559863454,1
od550aer,2004,0.0001666294874792945,1
