variable,year,value,unit
wetso4,2001,-1.816806015766907e-14,kg m-2 s-1
wetso4,2002,8.864743423921986e-14,kg m-2 s-1
wetso4,2003,1.0311789997547223e-13,kg m-2 s-1
wetso4,2004,1.2698572846812395e-13,kg m-2 s-1
