variable,year,value,unit
rlut,2001,-0.0018558460959070544,W m-2
rlut,2002,0.029157773327568748,W m-2
rlut,2003,-0.03359861275083631,W m-2
rlut,2004,0.022785630994917483,W m-2
