variable,year,value,unit
mmrso4,2000,-7.620133249630198e-12,kg kg-1
mmrso4,2001,-4.00111447157861e-12,kg kg-1
mmrso4,2002,-5.700883648444579e-12,kg kg-1
mmrso4,2003,-6.03214157273592e-12,kg kg-1
mmrso4,2004,-5.193547251501599e-12,kg kg-1
