variable,year,value,unit
rsutcs,2001,0.0026631449133560636,W m-2
rsutcs,2002,0.0023637670221035023,W m-2
rsutcs,2003,0.0023628958051347126,W m-2
rsutcs,2004,0.001898182754928257,W m-2
