variable,year,value,unit
mmrbc,2000,2.91204509158053e-15,kg kg-1
mmrbc,2001,3.5032813785128995e-14,kg kg-1
mmrbc,2002,8.374372278971841e-13,kg kg-1
mmrbc,2003,1.0957695477063805e-13,kg kg-1
mmrbc,2004,-7.129108380838382e-13,kg kg-1
