variable,year,value,unit
dryso2,2000,-6.628673411654882e-15,kg m-2 s-1
dryso2,2001,-1.0525389382644616e-14,kg m-2 s-1
dryso2,2002,-7.503294484491351e-15,kg m-2 s-1
dryso2,2003,-8.033547879327364e-15,kg m-2 s-1
dryso2,2004,-8.097169179485379e-15,kg m-2 s-1
