variable,year,value,unit
dryso4,2001,-4.259870154228905e-15,kg m-2 s-1
dryso4,2002,-2.84624363766387e-15,kg m-2 s-1
dryso4,2003,-2.1326853576484076e-15,kg m-2 s-1
dryso4,2004,-2.2531701295409952e-15,kg m-2 s-1
