variable,year,value,unit
dms,2000,1.00220872461658e-14,mol mol-1
dms,2001,5.82024573121204e-14,mol mol-1
dms,2002,-5.989020000492327e-14,mol mol-1
dms,2003,-1.694087823175207e-14,mol mol-1
dms,2004,6.424676148713633e-14,mol mol-1
