variable,year,value,unit
wetso2,2001,4.891139898274722e-15,kg m-2 s-1
wetso2,2002,-1.0609105867086746e-14,kg m-2 s-1
wetso2,2003,4.480287517233126e-15,kg m-2 s-1
wetso2,2004,8.261869638559671e-15,kg m-2 s-1
