variable,year,value,unit
dryso2,2000,-0.36645188868428774,kg m-2 s-1
dryso2,2001,-0.3397043408287194,kg m-2 s-1
dryso2,2002,-0.4069457561818303,kg m-2 s-1
dryso2,2003,-0.42271611259771974,kg m-2 s-1
dryso2,2004,-0.3937505075031837,kg m-2 s-1
