variable,year,value,unit
wetbc,2000,0.05039806223289021,kg m-2 s-1
wetbc,2001,0.19443769432919725,kg m-2 s-1
wetbc,2002,-0.11514235405562412,kg m-2 s-1
wetbc,2003,0.14685818293922048,kg m-2 s-1
wetbc,2004,-0.10176865936198666,kg m-2 s-1
