variable,year,value,unit
clivi,2000,0.2816910635749117,kg m-2
clivi,2001,0.19995542079494039,kg m-2
clivi,2002,0.3295344316947175,kg m-2
clivi,2003,-0.3018510031603944,kg m-2
clivi,2004,-0.008980297569901157,kg m-2
