variable,year,value,unit
emibc,2000,-1.704649592597882e-06,kg m-2 s-1
emibc,2001,2.4390212372966717e-06,kg m-2 s-1
emibc,2002,8.724938120403398e-06,kg m-2 s-1
emibc,2003,2.7473265013855773e-06,kg m-2 s-1
emibc,2004,-8.16825217723076e-07,kg m-2 s-1
