variable,year,value,unit
emiso2,2000,-2.3712128581341347,kg m-2 s-1
emiso2,2001,-2.3093519773178355,kg m-2 s-1
emiso2,2002,-2.3874946722191255,kg m-2 s-1
emiso2,2003,-2.426284627422868,kg m-2 s-1
emiso2,2004,-2.461986700768589,kg m-2 s-1
