variable,year,value,unit
loadso4,2000,-0.007671259617500096,kg m-2
loadso4,2001,0.04247336713568944,kg m-2
loadso4,2002,0.39306631407595427,kg m-2
loadso4,2003,0.1908422058138508,kg m-2
loadso4,2004,0.16698426145171777,kg m-2
