variable,year,value,unit
loadbc,2000,0.005301200155030758,kg m-2
loadbc,2001,0.01814241961535893,kg m-2
loadbc,2002,0.007330616687591586,kg m-2
loadbc,2003,0.01805791363590234,kg m-2
loadbc,2004,0.01238924049568575,kg m-2
