variable,year,value,unit
rlut,2000,-0.007709166346914094,W m-2
rlut,2001,0.0042679787551990755,W m-2
rlut,2002,-0.02375744388732837,W m-2
rlut,2003,0.029323148892901763,W m-2
rlut,2004,0.0007007686592643796,W m-2
