variable,year,value,unit
rlut,2000,-0.00020172554571768617,W m-2
rlut,2001,-0.00043695718083035733,W m-2
rlut,2002,-0.00017324668439663594,W m-2
rlut,2003,0.001957442582639857,W m-2
rlut,2004,-0.00046142031235450216,W m-2
