variable,year,value,unit
dryso4,2000,-0.4246389739818444,kg m-2 s-1
dryso4,2001,-0.498322720450244,kg m-2 s-1
dryso4,2002,-0.5102274878320209,kg m-2 s-1
dryso4,2003,-0.4898120638269798,kg m-2 s-1
dryso4,2004,-0.5212946402289093,kg m-2 s-1
