variable,year,value,unit
rsutcs,2000,0.04660128535449928,W m-2
rsutcs,2001,0.004751936273889183,W m-2
rsutcs,2002,0.008889722184296017,W m-2
rsutcs,2003,0.013478574090789917,W m-2
rsutcs,2004,-0.02169015649748973,W m-2
