variable,year,value,unit
rsut,2000,0.02465589169891406,W m-2
rsut,2001,-0.06365051309971004,W m-2
rsut,2002,-0.05392797766107465,W m-2
rsut,2003,-0.05381473676981379,W m-2
rsut,2004,-0.03739594321178957,W m-2
