variable,year,value,unit
loadso4,2000,0.20715249367376462,kg m-2
loadso4,2001,0.2946711574579542,kg m-2
loadso4,2002,0.05562038819098185,kg m-2
loadso4,2003,0.18768786609414068,kg m-2
loadso4,2004,0.17681339051165024,kg m-2
