variable,year,value,unit
wetso2,2000,-0.5190720478839175,kg m-2 s-1
wetso2,2001,-0.37934027438206785,kg m-2 s-1
wetso2,2002,-0.5648041225621686,kg m-2 s-1
wetso2,2003,-0.6081946971441283,kg m-2 s-1
wetso2,2004,-0.5094359386284537,kg m-2 s-1
