variable,year,value,unit
emiso2,2000,-2.530330856497608e-12,kg m-2 s-1
emiso2,2001,-2.510322354189208e-12,kg m-2 s-1
emiso2,2002,-2.4485617686243714e-12,kg m-2 s-1
emiso2,2003,-2.482005092736841e-12,kg m-2 s-1
emiso2,2004,-2.689959930760807e-12,kg m-2 s-1
