variable,year,value,unit
loadbc,2000,-1.2960412434134763e-12,kg m-2
loadbc,2001,-6.200917570859106e-11,kg m-2
loadbc,2002,-1.1748465421371442e-10,kg m-2
loadbc,2003,-3.469733969332754e-10,kg m-2
loadbc,2004,-1.7623248815044323e-10,kg m-2
