variable,year,value,unit
clivi,2000,3.6608859067446126e-06,kg m-2
clivi,2001,6.710274915340542e-06,kg m-2
clivi,2002,-1.0357619246881972e-06,kg m-2
clivi,2003,1.8623739440008086e-06,kg m-2
clivi,2004,1.5775374105492235e-06,kg m-2
