variable,year,value,unit
rlutcs,2000,8.930539178209074e-05,W m-2
rlutcs,2001,0.00020966015483736555,W m-2
rlutcs,2002,0.0002729327862880382,W m-2
rlutcs,2003,-0.000103447606534246,W m-2
rlutcs,2004,0.0002150853486568849,W m-2
