variable,year,value,unit
emibc,2000,-3.2189757645090336e-22,kg m-2 s-1
emibc,2001,-3.9772110699054483e-22,kg m-2 s-1
emibc,2002,1.0696522841198307e-22,kg m-2 s-1
emibc,2003,-1.602747633799255e-22,kg m-2 s-1
emibc,2004,-1.4291350752911168e-21,kg m-2 s-1
