variable,year,value,unit
loadso4,2000,8.807264832681998e-09,kg m-2
loadso4,2001,1.0545561312750547e-08,kg m-2
loadso4,2002,1.3968521588304451e-08,kg m-2
loadso4,2003,-3.860013977053117e-09,kg m-2
loadso4,2004,1.4385580559104021e-08,kg m-2
