variable,year,value,unit
rsutcs,2000,0.0006398335008768186,W m-2
rsutcs,2001,-0.001912344353222295,W m-2
rsutcs,2002,-0.0019199018901474574,W m-2
rsutcs,2003,0.0017254242163389222,W m-2
rsutcs,2004,-0.006042168463892494,W m-2
