variable,year,value,unit
emibc,2000,-4.7265642432711814e-23,kg m-2 s-1
emibc,2001,-2.539778705126119e-24,kg m-2 s-1
emibc,2002,2.6541799446899943e-23,kg m-2 s-1
emibc,2003,2.034906463607223e-23,kg m-2 s-1
emibc,2004,1.3705303335849837e-23,kg m-2 s-1
