variable,year,value,unit
rlut,2000,0.0039870667617378786,W m-2
rlut,2001,0.002074239409949996,W m-2
rlut,2002,0.00041772185551280927,W m-2
rlut,2003,-0.0014888997000355175,W m-2
rlut,2004,0.0019529712290022871,W m-2
