variable,year,value,unit
loadso4,2000,0.44209412,kg m-2
loadso4,2001,0.19659552,kg m-2
loadso4,2002,0.38027823,kg m-2
loadso4,2003,-0.78731894,kg m-2
loadso4,2004,-2.438446,kg m-2
