variable,year,value,unit
rsutcs,2000,-0.0450069,W m-2
rsutcs,2001,-0.0689012,W m-2
rsutcs,2002,-0.065991975,W m-2
rsutcs,2003,-0.07684065,W m-2
rsutcs,2004,-0.14244294,W m-2
