variable,year,value,unit
mmrso4,2000,-0.14714634,kg kg-1
mmrso4,2001,0.03197956,kg kg-1
mmrso4,2002,-0.05924804,kg kg-1
mmrso4,2003,-2.1796787,kg kg-1
mmrso4,2004,-5.345722,kg kg-1
