variable,year,value,unit
wetso2,2000,-0.5806254,kg m-2 s-1
wetso2,2001,-1.1793418,kg m-2 s-1
wetso2,2002,-1.3720547,kg m-2 s-1
wetso2,2003,-3.5634491,kg m-2 s-1
wetso2,2004,-5.671196,kg m-2 s-1
