variable,year,value,unit
so2,2000,-14.223477,mol mol-1
so2,2001,-14.9493065,mol mol-1
so2,2002,-13.479109,mol mol-1
so2,2003,-15.391956,mol mol-1
so2,2004,-16.357948,mol mol-1
