variable,year,value,unit
dryso4,2000,-0.6817103070397779,kg m-2 s-1
dryso4,2001,-0.9868909520823312,kg m-2 s-1
dryso4,2002,-0.6405419529183153,kg m-2 s-1
dryso4,2003,-1.6485501402074525,kg m-2 s-1
dryso4,2004,-3.399115245560172,kg m-2 s-1
