variable,year,value,unit
emiso2,2000,-2.290879325727932,kg m-2 s-1
emiso2,2001,-2.8404311698121645,kg m-2 s-1
emiso2,2002,-2.3993925813367407,kg m-2 s-1
emiso2,2003,-5.090226618292277,kg m-2 s-1
emiso2,2004,-8.618802049302007,kg m-2 s-1
