variable,year,value,unit
dryso2,2000,-2.3635514,kg m-2 s-1
dryso2,2001,-2.7411985,kg m-2 s-1
dryso2,2002,-1.9123527,kg m-2 s-1
dryso2,2003,-3.915885,kg m-2 s-1
dryso2,2004,-6.6383853,kg m-2 s-1
