variable,year,value,unit
so2,2000,-25.296371,mol mol-1
so2,2001,-25.85845,mol mol-1
so2,2002,-25.467953,mol mol-1
so2,2003,-28.280268,mol mol-1
so2,2004,-30.728474,mol mol-1
