variable,year,value,unit
rlut,2000,-0.010204789777586131,W m-2
rlut,2001,-0.0015512986120516394,W m-2
rlut,2002,0.0008396518377901157,W m-2
rlut,2003,-0.006794052619094562,W m-2
rlut,2004,-0.00011771459495838867,W m-2
