variable,year,value,unit
wetso4,2000,0.6473387243031435,kg m-2 s-1
wetso4,2001,0.3858438007263544,kg m-2 s-1
wetso4,2002,0.5009435404720551,kg m-2 s-1
wetso4,2003,-0.8186856021747316,kg m-2 s-1
wetso4,2004,-2.4975628003690082,kg m-2 s-1
