variable,year,value,unit
drybc,2000,-0.05830468557999457,kg m-2 s-1
drybc,2001,0.006745974232179399,kg m-2 s-1
drybc,2002,-0.0534055315926593,kg m-2 s-1
drybc,2003,-0.04018874213156836,kg m-2 s-1
drybc,2004,0.05571772164136607,kg m-2 s-1
