variable,year,value,unit
rlutcs,2000,-0.003190054606587045,W m-2
rlutcs,2001,-0.0014497333160680727,W m-2
rlutcs,2002,-0.00019156736027511778,W m-2
rlutcs,2003,-0.003489605768257032,W m-2
rlutcs,2004,-0.0034944781734653828,W m-2
