variable,year,value,unit
dryso4,2000,-21.162508,kg m-2 s-1
dryso4,2001,-18.929348,kg m-2 s-1
dryso4,2002,-17.538425,kg m-2 s-1
dryso4,2003,-16.046534,kg m-2 s-1
dryso4,2004,-16.846651,kg m-2 s-1
