variable,year,value,unit
clt,2000,-0.009129657,%
clt,2001,-0.004344175,%
clt,2002,-0.0345144,%
clt,2003,0.004529069,%
clt,2004,-0.054921683,%
