variable,year,value,unit
dms,2000,-0.022513378,mol mol-1
dms,2001,0.057666115,mol mol-1
dms,2002,0.04560058,mol mol-1
dms,2003,0.06605277,mol mol-1
dms,2004,0.09167342,mol mol-1
