variable,year,value,unit
od550aer,2000,-0.03314036,1
od550aer,2001,-0.12561096,1
od550aer,2002,-0.15789913,1
od550aer,2003,-0.45068464,1
od550aer,2004,-0.9337225,1
