variable,year,value,unit
wetso2,2000,-0.5806290770794412,kg m-2 s-1
wetso2,2001,-1.1793478805640478,kg m-2 s-1
wetso2,2002,-1.3720496057256444,kg m-2 s-1
wetso2,2003,-3.563457564881954,kg m-2 s-1
wetso2,2004,-5.67120169117771,kg m-2 s-1
