variable,year,value,unit
emiso2,2000,5.931944565902872e-16,kg m-2 s-1
emiso2,2001,6.251537975379221e-16,kg m-2 s-1
emiso2,2002,5.817319526430514e-16,kg m-2 s-1
emiso2,2003,5.964426923625313e-16,kg m-2 s-1
emiso2,2004,6.435676250712483e-16,kg m-2 s-1
