variable,year,value,unit
rsut,2000,0.013614381935070696,W m-2
rsut,2001,-0.03079400025420398,W m-2
rsut,2002,-0.015378662016033218,W m-2
rsut,2003,-0.033316997401385606,W m-2
rsut,2004,-0.007020441576315761,W m-2
