variable,year,value,unit
mmrbc,2000,-1.2033745536741466e-14,kg kg-1
mmrbc,2001,2.1271727835219868e-15,kg kg-1
mmrbc,2002,5.68915508229751e-15,kg kg-1
mmrbc,2003,5.439765899281652e-16,kg kg-1
mmrbc,2004,-2.4088989331595145e-15,kg kg-1
