variable,year,value,unit
od550aer,2001,9.742166718239992e-06,1
od550aer,2002,0.0001628386527835514,1
od550aer,2003,0.00033339937876365744,1
od550aer,2004,5.423944214107135e-06,1
od550aer,2005,-0.0010926347447503051,1
