variable,year,value,unit
emiso2,2000,-4.223051001112409e-13,kg m-2 s-1
emiso2,2001,-4.3300657533803377e-13,kg m-2 s-1
emiso2,2002,-4.058997945004045e-13,kg m-2 s-1
emiso2,2003,-4.14676058276442e-13,kg m-2 s-1
emiso2,2004,-4.370072027391183e-13,kg m-2 s-1
