variable,year,value,unit
dryso4,2000,-5.403499129388526e-16,kg m-2 s-1
dryso4,2001,-1.6507738517678332e-16,kg m-2 s-1
dryso4,2002,-2.775601697828192e-16,kg m-2 s-1
dryso4,2003,-9.516095974971768e-17,kg m-2 s-1
dryso4,2004,6.87534805867961e-16,kg m-2 s-1
