variable,year,value,unit
dryso4,2001,-9.031425565644548e-15,kg m-2 s-1
dryso4,2002,2.5107892341583115e-15,kg m-2 s-1
dryso4,2003,-2.4299161117335626e-15,kg m-2 s-1
dryso4,2004,-9.45125009224118e-16,kg m-2 s-1
dryso4,2005,-2.4122646363331958e-14,kg m-2 s-1
