variable,year,value,unit
rlutcs,2000,0.0033253175650997946,W m-2
rlutcs,2001,0.004205252657300207,W m-2
rlutcs,2002,0.0017293522413410756,W m-2
rlutcs,2003,0.008393518986508752,W m-2
rlutcs,2004,0.0009906625423923288,W m-2
