variable,year,value,unit
wetbc,2000,-5.177254530573644e-18,kg m-2 s-1
wetbc,2001,1.0683675007561919e-16,kg m-2 s-1
wetbc,2002,2.1382137390930882e-17,kg m-2 s-1
wetbc,2003,1.297943652883603e-16,kg m-2 s-1
wetbc,2004,1.1622704390540546e-17,kg m-2 s-1
