variable,year,value,unit
rlut,2001,-0.21376019786350753,W m-2
rlut,2002,0.3026498819787946,W m-2
rlut,2003,-0.16676634189508377,W m-2
rlut,2004,0.2791695851955751,W m-2
rlut,2005,-0.7648915540316068,W m-2
