variable,year,value,unit
rsdt,2001,0.08521470392327046,W m-2
rsdt,2002,-0.23199231726681546,W m-2
rsdt,2003,-0.29061419376526487,W m-2
rsdt,2004,0.7150320627151814,W m-2
rsdt,2005,-0.864654569820118,W m-2
