variable,year,value,unit
rsutcs,2000,-0.0010182135362697409,W m-2
rsutcs,2001,-0.0011237032249908907,W m-2
rsutcs,2002,-0.0014866348208570912,W m-2
rsutcs,2003,0.0008420052192761318,W m-2
rsutcs,2004,0.010380750051218968,W m-2
