variable,year,value,unit
wetso4,2000,1.3048461168902413e-11,kg m-2 s-1
wetso4,2001,1.3229437177502943e-11,kg m-2 s-1
wetso4,2002,1.3319069746138939e-11,kg m-2 s-1
wetso4,2003,1.3826876540524913e-11,kg m-2 s-1
wetso4,2004,1.4178217006613488e-11,kg m-2 s-1
