variable,year,value,unit
emiso2,2000,2.810689550956637e-11,kg m-2 s-1
emiso2,2001,2.8181196191980625e-11,kg m-2 s-1
emiso2,2002,2.816980511925738e-11,kg m-2 s-1
emiso2,2003,2.9448735653174006e-11,kg m-2 s-1
emiso2,2004,3.0791557693684737e-11,kg m-2 s-1
