variable,year,value,unit
loadso2,2000,2.1651398355254577e-06,kg m-2
loadso2,2001,2.1600098192045087e-06,kg m-2
loadso2,2002,2.1206582126723755e-06,kg m-2
loadso2,2003,2.160262794505649e-06,kg m-2
loadso2,2004,2.227526573106817e-06,kg m-2
