variable,year,value,unit
loadso2,2000,2.3561910815800525e-06,kg m-2
loadso2,2001,2.4076285893728723e-06,kg m-2
loadso2,2002,2.3521534755502424e-06,kg m-2
loadso2,2003,2.379095317346401e-06,kg m-2
loadso2,2004,2.5199271243668063e-06,kg m-2
