variable,year,value,unit
loadso4,2000,6.882236248973793e-06,kg m-2
loadso4,2001,6.6765436526145596e-06,kg m-2
loadso4,2002,6.537001485268545e-06,kg m-2
loadso4,2003,7.221637148005034e-06,kg m-2
loadso4,2004,6.931389841729892e-06,kg m-2
