variable,year,value,unit
emiso2,2000,8.519940699028176e-14,kg m-2 s-1
emiso2,2001,8.519940699028176e-14,kg m-2 s-1
emiso2,2002,8.519940699028176e-14,kg m-2 s-1
emiso2,2003,8.519940699028176e-14,kg m-2 s-1
emiso2,2004,8.519940699028176e-14,kg m-2 s-1
