variable,year,value,unit
dryso4,2000,-2.2886957004618108e-14,kg m-2 s-1
dryso4,2001,-2.163744596212404e-14,kg m-2 s-1
dryso4,2002,-2.2311865774819453e-14,kg m-2 s-1
dryso4,2003,-2.4140720051020653e-14,kg m-2 s-1
dryso4,2004,-2.6617113124534783e-14,kg m-2 s-1
