variable,year,value,unit
rsutcs,2000,-0.011977439993792416,W m-2
rsutcs,2001,-0.00821928923166837,W m-2
rsutcs,2002,-0.011723365536504105,W m-2
rsutcs,2003,-0.007136279504884158,W m-2
rsutcs,2004,-0.01534372407667206,W m-2
