variable,year,value,unit
mmrbc,2000,0.05656860943937739,kg kg-1
mmrbc,2001,0.13096358287170143,kg kg-1
mmrbc,2002,0.10199698279691378,kg kg-1
mmrbc,2003,0.04906579842970086,kg kg-1
mmrbc,2004,-0.035903881659393566,kg kg-1
