variable,year,value,unit
dms,2000,0.14756911829466168,mol mol-1
dms,2001,-0.003111492150983581,mol mol-1
dms,2002,0.1383243101259023,mol mol-1
dms,2003,0.3915623370317086,mol mol-1
dms,2004,0.4309429123017214,mol mol-1
