variable,year,value,unit
emiso2,2001,-0.02610443341273647,kg m-2 s-1
emiso2,2002,-0.037319961647230844,kg m-2 s-1
emiso2,2003,-0.030191998815271296,kg m-2 s-1
emiso2,2004,-0.039694621187356144,kg m-2 s-1
