variable,year,value,unit
wetso2,2000,-0.5370464484667402,kg m-2 s-1
wetso2,2001,-0.5895141459393386,kg m-2 s-1
wetso2,2002,-0.37289051483207253,kg m-2 s-1
wetso2,2003,-0.35576316700488236,kg m-2 s-1
wetso2,2004,-0.8631786830615723,kg m-2 s-1
