variable,year,value,unit
wetso4,2001,2.516106119200632,kg m-2 s-1
wetso4,2002,1.9934458904355061,kg m-2 s-1
wetso4,2003,2.122344980424187,kg m-2 s-1
wetso4,2004,2.0249767533054577,kg m-2 s-1
