variable,year,value,unit
cl,2000,0.12761974145917188,%
cl,2001,0.5649340274645714,%
cl,2002,0.13115522714173064,%
cl,2003,0.2650501215231707,%
cl,2004,0.13319909353861967,%
