variable,year,value,unit
so2,2000,-4.661850047447041,mol mol-1
so2,2001,-4.5512640969624405,mol mol-1
so2,2002,-3.8337735230019954,mol mol-1
so2,2003,-4.260382072558921,mol mol-1
so2,2004,-4.36614377123178,mol mol-1
