variable,year,value,unit
drybc,2000,0.11394824689982853,kg m-2 s-1
drybc,2001,0.01040151574353796,kg m-2 s-1
drybc,2002,0.06004510252002422,kg m-2 s-1
drybc,2003,0.048494702205670905,kg m-2 s-1
drybc,2004,-0.009015868166526782,kg m-2 s-1
