variable,year,value,unit
loadso4,2000,1.7595867475144404,kg m-2
loadso4,2001,1.8386519715768563,kg m-2
loadso4,2002,1.5380234442845289,kg m-2
loadso4,2003,1.4572626626400689,kg m-2
loadso4,2004,1.5808218656426245,kg m-2
