variable,year,value,unit
emiso2,2000,-0.04652920968095352,kg m-2 s-1
emiso2,2001,-0.03978768521508625,kg m-2 s-1
emiso2,2002,-0.053246888259585214,kg m-2 s-1
emiso2,2003,-0.04556022849314297,kg m-2 s-1
emiso2,2004,-0.043813002962410585,kg m-2 s-1
