variable,year,value,unit
rsut,2000,0.03172656094044768,W m-2
rsut,2001,0.039870286576477953,W m-2
rsut,2002,0.04791392122791559,W m-2
rsut,2003,0.06823351998973787,W m-2
rsut,2004,0.09046746567491719,W m-2
