variable,year,value,unit
mmrbc,2000,-0.09664154148128043,kg kg-1
mmrbc,2001,-0.04995527163441392,kg kg-1
mmrbc,2002,0.008869355331042427,kg kg-1
mmrbc,2003,-0.04050062605755626,kg kg-1
mmrbc,2004,-0.003671421837620281,kg kg-1
