variable,year,value,unit
clt,2001,0.0835810203866237,%
clt,2002,0.042454416714990645,%
clt,2003,0.04048481378819536,%
clt,2004,0.044873267892012,%
