variable,year,value,unit
dms,2000,-0.11114682308565894,mol mol-1
dms,2001,-0.18115632074523286,mol mol-1
dms,2002,-0.1733209346213554,mol mol-1
dms,2003,-0.18594420752934046,mol mol-1
dms,2004,-0.15269233960504694,mol mol-1
