variable,year,value,unit
loadso4,2000,2.366122876733666,kg m-2
loadso4,2001,2.449165054603678,kg m-2
loadso4,2002,2.132028922180201,kg m-2
loadso4,2003,2.3764421705720116,kg m-2
loadso4,2004,2.140669329862528,kg m-2
