variable,year,value,unit
drybc,2001,0.35894166208300476,kg m-2 s-1
drybc,2002,0.06488508713088913,kg m-2 s-1
drybc,2003,0.10194517824000957,kg m-2 s-1
drybc,2004,0.18042039546927924,kg m-2 s-1
