variable,year,value,unit
dms,2000,-0.13981302129083711,mol mol-1
dms,2001,0.1332927772567256,mol mol-1
dms,2002,-0.33846703494621677,mol mol-1
dms,2003,0.019797070540587908,mol mol-1
dms,2004,0.13092628363990946,mol mol-1
