variable,year,value,unit
clt,2000,-0.172091133462779,%
clt,2001,0.07058004580156098,%
clt,2002,-0.055354827336519814,%
clt,2003,0.03447428648242605,%
clt,2004,-0.07975155107167985,%
