variable,year,value,unit
od550aer,2001,0.3230791308115227,1
od550aer,2002,0.30657462320207923,1
od550aer,2003,0.32551823734251445,1
od550aer,2004,0.5013693136392472,1
