variable,year,value,unit
wetso2,2001,-0.6582062595747766,kg m-2 s-1
wetso2,2002,-0.742318635303646,kg m-2 s-1
wetso2,2003,-0.5696522265223504,kg m-2 s-1
wetso2,2004,-0.7475233955515486,kg m-2 s-1
