variable,year,value,unit
wetso4,2000,1.3769526383264257,kg m-2 s-1
wetso4,2001,1.2912552594024882,kg m-2 s-1
wetso4,2002,1.4039025146476334,kg m-2 s-1
wetso4,2003,1.2672410883591352,kg m-2 s-1
wetso4,2004,1.544239367419036,kg m-2 s-1
