variable,year,value,unit
clivi,2000,0.08198893224388087,kg m-2
clivi,2001,-0.24800105688921173,kg m-2
clivi,2002,0.07705610107027794,kg m-2
clivi,2003,0.44991533431000635,kg m-2
clivi,2004,0.2606377732019697,kg m-2
