variable,year,value,unit
drybc,2001,0.016204430637143455,kg m-2 s-1
drybc,2002,-0.08198148581999083,kg m-2 s-1
drybc,2003,-0.05255697149537184,kg m-2 s-1
drybc,2004,-0.0037518303032199845,kg m-2 s-1
