variable,year,value,unit
loadbc,2000,0.059122273810235056,kg m-2
loadbc,2001,-0.055045645309823164,kg m-2
loadbc,2002,-0.010121585499099868,kg m-2
loadbc,2003,0.009657470303034429,kg m-2
loadbc,2004,-0.07097304567743551,kg m-2
