variable,year,value,unit
od550aer,2001,0.5453704888301756,1
od550aer,2002,0.5899253284199484,1
od550aer,2003,1.1145927367198243,1
od550aer,2004,0.5395186902859543,1
