variable,year,value,unit
clivi,2000,-0.049142670797228505,kg m-2
clivi,2001,-0.023886940842889663,kg m-2
clivi,2002,0.06033273425368065,kg m-2
clivi,2003,-0.17925261104804197,kg m-2
clivi,2004,0.429085631739606,kg m-2
