variable,year,value,unit
clt,2000,-0.1827331174841252,%
clt,2001,-0.062347949108696954,%
clt,2002,-0.2216280972335635,%
clt,2003,-0.3009722938960397,%
clt,2004,-0.18312201122617086,%
