variable,year,value,unit
emiso2,2000,0.1085148995434721,kg m-2 s-1
emiso2,2001,-0.13085594568099576,kg m-2 s-1
emiso2,2002,0.5504306141860932,kg m-2 s-1
emiso2,2003,0.07141489423572552,kg m-2 s-1
emiso2,2004,-0.11443955756921281,kg m-2 s-1
