variable,year,value,unit
rlut,2000,-0.006784581940485435,W m-2
rlut,2001,-0.024022923187556982,W m-2
rlut,2002,-0.003510977841455982,W m-2
rlut,2003,-0.017810612431202653,W m-2
rlut,2004,0.006481915513709958,W m-2
