variable,year,value,unit
mmrso4,2001,2.0334245172537324,kg kg-1
mmrso4,2002,1.6015988530743086,kg kg-1
mmrso4,2003,1.8307731880019544,kg kg-1
mmrso4,2004,1.591132938714867,kg kg-1
