variable,year,value,unit
od550aer,2000,0.4966584229364055,1
od550aer,2001,0.9329418912640162,1
od550aer,2002,0.7684547741540716,1
od550aer,2003,1.045135786388156,1
od550aer,2004,0.7067638974054489,1
