variable,year,value,unit
mmrso4,2000,4.1208446677673145e-11,kg kg-1
mmrso4,2001,5.265708460820388e-11,kg kg-1
mmrso4,2002,7.19524912822267e-11,kg kg-1
mmrso4,2003,1.1361061526776305e-10,kg kg-1
mmrso4,2004,1.3317014596913762e-10,kg kg-1
