variable,year,value,unit
drybc,2000,0.3597238335876957,kg m-2 s-1
drybc,2001,0.08347864430763997,kg m-2 s-1
drybc,2002,-0.16657748257077293,kg m-2 s-1
drybc,2003,-0.04546078765647289,kg m-2 s-1
drybc,2004,-0.336379211823188,kg m-2 s-1
