variable,year,value,unit
wetbc,2001,0.03180845451567267,kg m-2 s-1
wetbc,2002,0.09431674368537786,kg m-2 s-1
wetbc,2003,-0.011484794435426177,kg m-2 s-1
wetbc,2004,0.05441253213407781,kg m-2 s-1
