variable,year,value,unit
cltc,2000,-0.036434314820856066,%
cltc,2001,0.3631305284972629,%
cltc,2002,0.40957849037192384,%
cltc,2003,0.18916385748352116,%
cltc,2004,-0.24802209703782327,%
