variable,year,value,unit
loadso4,2000,10.782894151551096,kg m-2
loadso4,2001,11.614874241569414,kg m-2
loadso4,2002,13.660691850404003,kg m-2
loadso4,2003,9.657901381528392,kg m-2
loadso4,2004,12.913550639498963,kg m-2
