variable,year,value,unit
loadbc,2000,0.001786721150676418,kg m-2
loadbc,2001,-0.3837988601735686,kg m-2
loadbc,2002,-0.1316801813605,kg m-2
loadbc,2003,-0.22016196003711913,kg m-2
loadbc,2004,-0.3028586960684953,kg m-2
