variable,year,value,unit
dryso2,2000,-3.6249566008054965,kg m-2 s-1
dryso2,2001,-4.521813359093971,kg m-2 s-1
dryso2,2002,-3.6051621504498153,kg m-2 s-1
dryso2,2003,-5.037732695945826,kg m-2 s-1
dryso2,2004,-4.916972504526519,kg m-2 s-1
