variable,year,value,unit
rsdt,2000,7.915389832136653e-08,W m-2
rsdt,2001,1.7939047120566165e-07,W m-2
rsdt,2002,-3.015397833626571e-08,W m-2
rsdt,2003,-3.2628762811733414e-07,W m-2
rsdt,2004,6.648692725580894e-08,W m-2
