variable,year,value,unit
clt,2001,-0.002417146626506604,%
clt,2002,0.23120737913326037,%
clt,2003,0.1255196694445103,%
clt,2004,0.11246530620797682,%
