variable,year,value,unit
clivi,2000,-0.288736322761162,kg m-2
clivi,2001,-0.3463301731879196,kg m-2
clivi,2002,-0.2876426349557413,kg m-2
clivi,2003,0.33645823533863556,kg m-2
clivi,2004,-0.23341703022637794,kg m-2
