variable,year,value,unit
rsutcs,2000,1.3270767755318225,W m-2
rsutcs,2001,1.3616678347682405,W m-2
rsutcs,2002,1.2867421844431706,W m-2
rsutcs,2003,1.4732711177971127,W m-2
rsutcs,2004,1.5605051315587548,W m-2
