variable,year,value,unit
drybc,2001,-0.2182031552686238,kg m-2 s-1
drybc,2002,0.058326048706349984,kg m-2 s-1
drybc,2003,-0.07990832234314135,kg m-2 s-1
drybc,2004,0.0011677941300926955,kg m-2 s-1
