variable,year,value,unit
rlutcs,2000,-0.013276920889936228,W m-2
rlutcs,2001,0.003879771328468193,W m-2
rlutcs,2002,-0.008701005935115204,W m-2
rlutcs,2003,0.011308622456460785,W m-2
rlutcs,2004,-0.0163803960881898,W m-2
