variable,year,value,unit
emiso2,2000,0.04841945255730456,kg m-2 s-1
emiso2,2001,0.049596031497373606,kg m-2 s-1
emiso2,2002,0.048814117974969116,kg m-2 s-1
emiso2,2003,0.048466296612874264,kg m-2 s-1
emiso2,2004,0.04920279067873529,kg m-2 s-1
