variable,year,value,unit
clivi,2000,-1.3081699217701588,kg m-2
clivi,2001,0.3352203856835714,kg m-2
clivi,2002,0.9021606251328992,kg m-2
clivi,2003,0.6081961085192314,kg m-2
clivi,2004,0.3287589857462678,kg m-2
