variable,year,value,unit
mmrbc,2001,0.16381731508687614,kg kg-1
mmrbc,2002,-0.07991797459226911,kg kg-1
mmrbc,2003,0.06224898454384945,kg kg-1
mmrbc,2004,0.13622783314261408,kg kg-1
