variable,year,value,unit
drybc,2000,-0.5920025045005507,kg m-2 s-1
drybc,2001,-0.5770503264827811,kg m-2 s-1
drybc,2002,0.008940244463887855,kg m-2 s-1
drybc,2003,-0.13967581084906278,kg m-2 s-1
drybc,2004,-0.5880526175015474,kg m-2 s-1
