variable,year,value,unit
rlut,2000,0.06998781771471246,W m-2
rlut,2001,-0.10389678252785617,W m-2
rlut,2002,-0.032456024054008326,W m-2
rlut,2003,-0.22448997799137532,W m-2
rlut,2004,-0.07689353576074097,W m-2
