variable,year,value,unit
loadso4,2000,8.675353201232905,kg m-2
loadso4,2001,9.05021782715164,kg m-2
loadso4,2002,9.256457237655972,kg m-2
loadso4,2003,8.615723440502428,kg m-2
loadso4,2004,8.843596388458494,kg m-2
