variable,year,value,unit
loadso4,2000,10.66921159316932,kg m-2
loadso4,2001,11.120149670791497,kg m-2
loadso4,2002,11.163706682918859,kg m-2
loadso4,2003,10.933236346619111,kg m-2
loadso4,2004,11.445168539608249,kg m-2
