variable,year,value,unit
emibc,2000,5.746469343439685e-06,kg m-2 s-1
emibc,2001,-5.042445940492216e-06,kg m-2 s-1
emibc,2002,-1.6889926196813824e-06,kg m-2 s-1
emibc,2003,3.7702571737161237e-06,kg m-2 s-1
emibc,2004,4.166881554230262e-06,kg m-2 s-1
