variable,year,value,unit
dryso4,2000,28.125157104543376,kg m-2 s-1
dryso4,2001,29.16839467959787,kg m-2 s-1
dryso4,2002,28.775940955997452,kg m-2 s-1
dryso4,2003,30.016727336835775,kg m-2 s-1
dryso4,2004,29.906483262296955,kg m-2 s-1
