variable,year,value,unit
wetso2,2001,16.3587712521778,kg m-2 s-1
wetso2,2002,17.41226354328291,kg m-2 s-1
wetso2,2003,15.511801559003624,kg m-2 s-1
wetso2,2004,15.459436802307264,kg m-2 s-1
