variable,year,value,unit
cltc,2001,6.52736913879844e+35,%
cltc,2002,-0.0023029210997995994,%
cltc,2003,0.012635382533597275,%
cltc,2004,-0.0010168375314537283,%
