variable,year,value,unit
cl,2000,-1.1013786597631166,%
cl,2001,0.3668947688404266,%
cl,2002,-0.18905788203007706,%
cl,2003,0.3883936654683223,%
cl,2004,-0.7855409776085629,%
