variable,year,value,unit
dms,2000,0.21402654221893616,mol mol-1
dms,2001,0.8177097379605515,mol mol-1
dms,2002,0.6436937673595151,mol mol-1
dms,2003,0.5642494363672369,mol mol-1
dms,2004,0.2318784277009584,mol mol-1
