variable,year,value,unit
mmrso4,2000,29.934418908175473,kg kg-1
mmrso4,2001,31.10278385862725,kg kg-1
mmrso4,2002,31.39241755948851,kg kg-1
mmrso4,2003,31.413121558921887,kg kg-1
mmrso4,2004,31.35063093148125,kg kg-1
