variable,year,value,unit
rsutcs,2001,1.735700424007176,W m-2
rsutcs,2002,1.6412894482933842,W m-2
rsutcs,2003,2.1513623874434162,W m-2
rsutcs,2004,2.284950150765794,W m-2
