variable,year,value,unit
rsutcs,2001,-0.07912713222537002,W m-2
rsutcs,2002,0.15170788126135085,W m-2
rsutcs,2003,0.13738863856317676,W m-2
rsutcs,2004,0.09719936985902394,W m-2
