variable,year,value,unit
mmrbc,2000,1.1977225e-13,kg kg-1
mmrbc,2001,1.5692309e-13,kg kg-1
mmrbc,2002,1.4481472e-13,kg kg-1
mmrbc,2003,1.6362606e-13,kg kg-1
mmrbc,2004,2.1396773e-13,kg kg-1
