variable,year,value,unit
emiso2,2000,-3.817634684249847e-12,kg m-2 s-1
emiso2,2001,-3.749088399812318e-12,kg m-2 s-1
emiso2,2002,-3.8278543446969146e-12,kg m-2 s-1
emiso2,2003,-3.730021023784463e-12,kg m-2 s-1
emiso2,2004,-3.769111987920536e-12,kg m-2 s-1
