variable,year,value,unit
od550aer,2000,0.018440981330550527,1
od550aer,2001,0.018498492785402887,1
od550aer,2002,0.018687807859101263,1
od550aer,2003,0.019094775092449723,1
od550aer,2004,0.020111286402684114,1
