variable,year,value,unit
loadso4,2000,1.026247e-06,kg m-2
loadso4,2001,1.0305075e-06,kg m-2
loadso4,2002,1.0290714e-06,kg m-2
loadso4,2003,1.0788012e-06,kg m-2
loadso4,2004,1.1300494e-06,kg m-2
