variable,year,value,unit
rsutcs,2000,0.5413952670227005,W m-2
rsutcs,2001,0.545579015389805,W m-2
rsutcs,2002,0.5438861332751301,W m-2
rsutcs,2003,0.5526151508081085,W m-2
rsutcs,2004,0.5782811137823529,W m-2
