variable,year,value,unit
wetso2,2000,3.6724257e-16,kg m-2 s-1
wetso2,2001,3.6966318e-16,kg m-2 s-1
wetso2,2002,3.8410445e-16,kg m-2 s-1
wetso2,2003,4.2213835e-16,kg m-2 s-1
wetso2,2004,4.5323653e-16,kg m-2 s-1
