variable,year,value,unit
od550aer,2000,0.018440977,1
od550aer,2001,0.01849848,1
od550aer,2002,0.0186878,1
od550aer,2003,0.019094765,1
od550aer,2004,0.020111278,1
