variable,year,value,unit
cl,2000,0.0063562393,%
cl,2001,0.0054769516,%
cl,2002,0.009994507,%
cl,2003,0.0059785843,%
cl,2004,-0.004210472,%
