variable,year,value,unit
emiso2,2000,-3.8176346e-12,kg m-2 s-1
emiso2,2001,-3.7490887e-12,kg m-2 s-1
emiso2,2002,-3.827854e-12,kg m-2 s-1
emiso2,2003,-3.7300206e-12,kg m-2 s-1
emiso2,2004,-3.7691118e-12,kg m-2 s-1
