variable,year,value,unit
od550aer,2000,0.0026248652558704955,1
od550aer,2001,0.0025656390291791675,1
od550aer,2002,0.002642490185125995,1
od550aer,2003,0.002652406484622255,1
od550aer,2004,0.0029440847811597615,1
