variable,year,value,unit
drybc,2000,-2.774556978878095e-16,kg m-2 s-1
drybc,2001,-2.569684643205314e-16,kg m-2 s-1
drybc,2002,-3.3975126715200133e-16,kg m-2 s-1
drybc,2003,-3.3812130580404315e-16,kg m-2 s-1
drybc,2004,-2.635848265616931e-16,kg m-2 s-1
