variable,year,value,unit
loadso4,2000,-0.12778918354576607,kg m-2
loadso4,2001,-0.13881069844899804,kg m-2
loadso4,2002,0.08455357148424977,kg m-2
loadso4,2003,-0.10437536409417267,kg m-2
loadso4,2004,-0.019564575577315522,kg m-2
