variable,year,value,unit
so2,2000,1.1264547060490157e-13,mol mol-1
so2,2001,1.6346301667166198e-13,mol mol-1
so2,2002,3.4266249642843233e-14,mol mol-1
so2,2003,6.133762628231419e-15,mol mol-1
so2,2004,-1.4959191929593402e-13,mol mol-1
so2,2005,-7.075286660458401e-14,mol mol-1
so2,2006,1.3329571414837163e-13,mol mol-1
so2,2007,2.818069910881765e-13,mol mol-1
so2,2008,4.1813038266698944e-13,mol mol-1
so2,2009,5.174001920396342e-13,mol mol-1
