variable,year,value,unit
drybc,2000,0.014051325569458635,kg m-2 s-1
drybc,2001,-0.028905880258244275,kg m-2 s-1
drybc,2002,-0.0012357631353815226,kg m-2 s-1
drybc,2003,-0.046961620199311264,kg m-2 s-1
drybc,2004,0.0039535615363108624,kg m-2 s-1
