variable,year,value,unit
wetso4,2001,20.259759286448208,kg m-2 s-1
wetso4,2002,16.98390079499101,kg m-2 s-1
wetso4,2003,5.124011174486385,kg m-2 s-1
wetso4,2004,1.601144384218649,kg m-2 s-1
wetso4,2005,-24.25464399647036,kg m-2 s-1
