variable,year,value,unit
mmrbc,2000,0.008522603221956785,kg kg-1
mmrbc,2001,-0.01823920853228004,kg kg-1
mmrbc,2002,-0.04329100652042903,kg kg-1
mmrbc,2003,0.030542894065131526,kg kg-1
mmrbc,2004,0.05336751384927653,kg kg-1
