variable,year,value,unit
clt,2000,-0.034807033521026653,%
clt,2001,-0.015547599125312672,%
clt,2002,0.06084775556642086,%
clt,2003,-0.012722589401427342,%
clt,2004,0.022998592763592285,%
clt,2005,-0.015917931121045115,%
clt,2006,-0.04249569341070014,%
clt,2007,-0.037081063881252874,%
clt,2008,0.013263211129078911,%
clt,2009,-0.01172767222453075,%
