variable,year,value,unit
rlut,2000,-0.03967802103203188,W m-2
rlut,2001,0.027694486984362866,W m-2
rlut,2002,-0.03677629845682932,W m-2
rlut,2003,0.0021902337004731775,W m-2
rlut,2004,-0.014434919144380847,W m-2
