variable,year,value,unit
rlutcs,2000,0.003197845151277079,W m-2
rlutcs,2001,0.008975802405700506,W m-2
rlutcs,2002,0.01716362953303019,W m-2
rlutcs,2003,-0.0002151065778832617,W m-2
rlutcs,2004,0.0029211610740844662,W m-2
rlutcs,2005,0.0037786548214455706,W m-2
rlutcs,2006,-0.015630804582684732,W m-2
rlutcs,2007,-0.004776628182270315,W m-2
rlutcs,2008,0.0045048008569779086,W m-2
rlutcs,2009,0.006400357376605825,W m-2
