variable,year,value,unit
mmrbc,2000,0.00850376906932526,kg kg-1
mmrbc,2001,0.024836510854403953,kg kg-1
mmrbc,2002,0.11814174431952293,kg kg-1
mmrbc,2003,0.015575796088508807,kg kg-1
mmrbc,2004,-0.15230979862650107,kg kg-1
