variable,year,value,unit
od550aer,2001,-0.6646387879951939,1
od550aer,2002,0.30174961734461797,1
od550aer,2003,-0.15062842428805737,1
od550aer,2004,0.04750520141556449,1
od550aer,2005,0.5216829640509111,1
