variable,year,value,unit
mmrso4,2000,-0.10054465739099505,kg kg-1
mmrso4,2001,-0.49411920474359816,kg kg-1
mmrso4,2002,0.2120364511657362,kg kg-1
mmrso4,2003,0.37521037708103966,kg kg-1
mmrso4,2004,0.21060992283568897,kg kg-1
