variable,year,value,unit
drybc,2000,-0.048685435170646156,kg m-2 s-1
drybc,2001,-0.061691654198908354,kg m-2 s-1
drybc,2002,-0.07685103111399468,kg m-2 s-1
drybc,2003,-0.027684537364802406,kg m-2 s-1
drybc,2004,-0.01960227678689734,kg m-2 s-1
