variable,year,value,unit
rlut,2000,-0.002937763672072807,W m-2
rlut,2001,0.0073904770174293664,W m-2
rlut,2002,0.011477374333329286,W m-2
rlut,2003,-0.008657795245299308,W m-2
rlut,2004,-0.005672492516429269,W m-2
