variable,year,value,unit
wetbc,2001,0.05340743027624784,kg m-2 s-1
wetbc,2002,-0.14343462326458722,kg m-2 s-1
wetbc,2003,0.2740767558090984,kg m-2 s-1
wetbc,2004,-0.15740773114228745,kg m-2 s-1
wetbc,2005,-0.35209356077000076,kg m-2 s-1
