variable,year,value,unit
rlut,2000,-0.003987833570953957,W m-2
rlut,2001,0.01879773037520558,W m-2
rlut,2002,0.015603246516051427,W m-2
rlut,2003,-0.00919978393490515,W m-2
rlut,2004,-0.0024225397862784803,W m-2
