variable,year,value,unit
loadbc,2000,1.4650255604749827e-11,kg m-2
loadbc,2001,1.3098611545541994e-11,kg m-2
loadbc,2002,-1.835273203551944e-11,kg m-2
loadbc,2003,-4.820843326597005e-12,kg m-2
loadbc,2004,6.176340755683572e-12,kg m-2
