variable,year,value,unit
emibc,2000,3.0443774378406665e-20,kg m-2 s-1
emibc,2001,8.224687668134172e-20,kg m-2 s-1
emibc,2002,3.4119880010006575e-19,kg m-2 s-1
emibc,2003,-1.6581676614846058e-19,kg m-2 s-1
emibc,2004,3.401319917667943e-19,kg m-2 s-1
