variable,year,value,unit
rlut,2000,0.01791599804641919,W m-2
rlut,2001,-0.01863196817166113,W m-2
rlut,2002,-0.024677939174551966,W m-2
rlut,2003,0.06118088375052366,W m-2
rlut,2004,0.024636633418822385,W m-2
