variable,year,value,unit
clt,2001,0.006335032009658903,%
clt,2002,-0.0009016404824109259,%
clt,2003,0.007102770685079918,%
clt,2004,-0.010008756058510926,%
