variable,year,value,unit
loadbc,2000,-2.3393122846584604e-11,kg m-2
loadbc,2001,-9.536332365914746e-12,kg m-2
loadbc,2002,-7.282581635892676e-12,kg m-2
loadbc,2003,-8.781006525382131e-12,kg m-2
loadbc,2004,-5.62771381389369e-12,kg m-2
