variable,year,value,unit
clt,2001,-0.046564970479472834,%
clt,2002,-0.002665583545635286,%
clt,2003,0.0017190372191464576,%
clt,2004,-0.004746188184526545,%
