variable,year,value,unit
loadso2,2000,2.6625684854156264e-09,kg m-2
loadso2,2001,7.484719630541626e-09,kg m-2
loadso2,2002,1.931744812439531e-09,kg m-2
loadso2,2003,2.303918568042356e-09,kg m-2
loadso2,2004,1.9233107259675832e-09,kg m-2
