variable,year,value,unit
wetso4,2001,-1.6323506660430096e-14,kg m-2 s-1
wetso4,2002,-1.266642668509024e-14,kg m-2 s-1
wetso4,2003,-1.0698241537969944e-14,kg m-2 s-1
wetso4,2004,-1.329909498442089e-14,kg m-2 s-1
