variable,year,value,unit
od550aer,2000,8.566047516082864e-05,1
od550aer,2001,0.00014472318364561199,1
od550aer,2002,-6.38501288281329e-05,1
od550aer,2003,5.223020433593739e-05,1
od550aer,2004,0.00016067298406856334,1
