variable,year,value,unit
wetso4,2000,-1.4249245820478746e-14,kg m-2 s-1
wetso4,2001,-1.2150791234021072e-14,kg m-2 s-1
wetso4,2002,-1.1590723013918719e-14,kg m-2 s-1
wetso4,2003,-1.1456217062161055e-14,kg m-2 s-1
wetso4,2004,-1.4879365176494e-14,kg m-2 s-1
