variable,year,value,unit
emibc,2001,-2.540926112779094e-21,kg m-2 s-1
emibc,2002,9.761720958260966e-21,kg m-2 s-1
emibc,2003,-3.690209247846201e-21,kg m-2 s-1
emibc,2004,-6.670452724494909e-21,kg m-2 s-1
