variable,year,value,unit
dryso4,2001,-5.832482906974341e-15,kg m-2 s-1
dryso4,2002,-4.471814037682933e-15,kg m-2 s-1
dryso4,2003,-5.3842229597380556e-15,kg m-2 s-1
dryso4,2004,-4.595593960174943e-15,kg m-2 s-1
