variable,year,value,unit
so2,2001,2.0864192968201242e-13,mol mol-1
so2,2002,1.639365642505402e-13,mol mol-1
so2,2003,1.640666725130801e-13,mol mol-1
so2,2004,1.8068333386887452e-13,mol mol-1
