variable,year,value,unit
wetbc,2000,8.313877545012205e-16,kg m-2 s-1
wetbc,2001,-3.4370317837213884e-16,kg m-2 s-1
wetbc,2002,5.746963581619015e-16,kg m-2 s-1
wetbc,2003,5.510499174784552e-16,kg m-2 s-1
wetbc,2004,3.052670065627935e-18,kg m-2 s-1
