variable,year,value,unit
rsut,2000,-0.011465376459071308,W m-2
rsut,2001,0.0035663334475657393,W m-2
rsut,2002,-0.00975110750890451,W m-2
rsut,2003,-0.009715265406782692,W m-2
rsut,2004,-0.03330729419691636,W m-2
