variable,year,value,unit
mmrbc,2000,-3.756101724784816e-16,kg kg-1
mmrbc,2001,1.2534625628095437e-14,kg kg-1
mmrbc,2002,1.5619235483991465e-14,kg kg-1
mmrbc,2003,1.4526242785943606e-14,kg kg-1
mmrbc,2004,-6.853868835677946e-15,kg kg-1
