variable,year,value,unit
clt,2001,0.02292074036895997,%
clt,2002,0.025194463739012463,%
clt,2003,-0.03444247189089822,%
clt,2004,-0.0017086575375913071,%
