variable,year,value,unit
od550aer,2000,-4.353252389073525e-05,1
od550aer,2001,-2.3091712405942655e-05,1
od550aer,2002,-6.120905156595247e-05,1
od550aer,2003,9.189583737258256e-05,1
od550aer,2004,-0.00010203911119001374,1
