variable,year,value,unit
od550aer,2001,-3.869351296598156e-05,1
od550aer,2002,-2.8028247683831164e-05,1
od550aer,2003,-0.00013817789506539307,1
od550aer,2004,-6.70929742003501e-05,1
