variable,year,value,unit
clt,2000,-0.015144351808196177,%
clt,2001,-0.005070578551404026,%
clt,2002,0.012895685180865257,%
clt,2003,-0.0074191893447945745,%
clt,2004,0.009400673279841953,%
