variable,year,value,unit
rsut,2000,0.011472750564820444,W m-2
rsut,2001,0.00532735937299833,W m-2
rsut,2002,0.01704339293135604,W m-2
rsut,2003,0.011569859513357983,W m-2
rsut,2004,0.019107964664627275,W m-2
