variable,year,value,unit
rsutcs,2000,0.0003893586796834825,W m-2
rsutcs,2001,0.004747423940315798,W m-2
rsutcs,2002,0.005838907453600939,W m-2
rsutcs,2003,0.004688441440471536,W m-2
rsutcs,2004,0.005399437934833884,W m-2
