variable,year,value,unit
drybc,2001,-9.1202361890244e-18,kg m-2 s-1
drybc,2002,1.935438008124854e-18,kg m-2 s-1
drybc,2003,-2.395801255753918e-17,kg m-2 s-1
drybc,2004,-3.990199158432867e-17,kg m-2 s-1
