variable,year,value,unit
loadbc,2000,-1.2848952031719044e-11,kg m-2
loadbc,2001,-3.0784305094709924e-11,kg m-2
loadbc,2002,1.8440477290679772e-12,kg m-2
loadbc,2003,-5.023928703140591e-11,kg m-2
loadbc,2004,-5.5388172189894154e-11,kg m-2
