variable,year,value,unit
loadbc,2000,-2.7405377338496445e-12,kg m-2
loadbc,2001,-2.767096504611307e-12,kg m-2
loadbc,2002,6.365378468052764e-12,kg m-2
loadbc,2003,2.164795388484009e-12,kg m-2
loadbc,2004,-6.44859774849883e-12,kg m-2
