variable,year,value,unit
loadso2,2000,1.1064087788727484e-08,kg m-2
loadso2,2001,9.81076552776037e-09,kg m-2
loadso2,2002,1.1730898746317436e-08,kg m-2
loadso2,2003,1.3473851724605208e-08,kg m-2
loadso2,2004,1.0957189759496123e-08,kg m-2
