variable,year,value,unit
dryso4,2001,-5.7321232204013195e-15,kg m-2 s-1
dryso4,2002,-7.33272998544036e-15,kg m-2 s-1
dryso4,2003,-5.807308391857991e-15,kg m-2 s-1
dryso4,2004,-6.664198172612114e-15,kg m-2 s-1
