variable,year,value,unit
rlut,2000,0.0002572584423887747,W m-2
rlut,2001,0.005801256611391636,W m-2
rlut,2002,0.016249513314505748,W m-2
rlut,2003,0.012999768232333508,W m-2
rlut,2004,0.002647482033523829,W m-2
