variable,year,value,unit
rlut,2000,0.044425486551631366,W m-2
rlut,2001,0.029864379303205624,W m-2
rlut,2002,0.000438359145874756,W m-2
rlut,2003,-0.002554847510481295,W m-2
rlut,2004,0.0009603962608650818,W m-2
