variable,year,value,unit
wetso4,2000,-1.150145070923319e-14,kg m-2 s-1
wetso4,2001,-1.1987779121453817e-14,kg m-2 s-1
wetso4,2002,-1.2656279696817487e-14,kg m-2 s-1
wetso4,2003,-1.645289404596168e-14,kg m-2 s-1
wetso4,2004,-1.3472817421740346e-14,kg m-2 s-1
