variable,year,value,unit
rlutcs,2000,0.006149773620279575,W m-2
rlutcs,2001,0.013151821001258668,W m-2
rlutcs,2002,6.369821642238094e-05,W m-2
rlutcs,2003,0.02353321697097499,W m-2
rlutcs,2004,0.030997831216325267,W m-2
