variable,year,value,unit
drybc,2001,1.5495941470780174e-17,kg m-2 s-1
drybc,2002,2.8296028328103986e-17,kg m-2 s-1
drybc,2003,2.2336726063186577e-17,kg m-2 s-1
drybc,2004,1.7199660314123254e-17,kg m-2 s-1
