variable,year,value,unit
mmrbc,2000,-3.452804248862362e-14,kg kg-1
mmrbc,2001,8.47615881329376e-15,kg kg-1
mmrbc,2002,3.380833301766869e-14,kg kg-1
mmrbc,2003,-5.663202987538101e-15,kg kg-1
mmrbc,2004,-4.7463929444227897e-14,kg kg-1
