variable,year,value,unit
emibc,2001,-6.981485275521993e-24,kg m-2 s-1
emibc,2002,-1.7468113055768887e-23,kg m-2 s-1
emibc,2003,-2.02794208399157e-23,kg m-2 s-1
emibc,2004,-2.743376131698972e-23,kg m-2 s-1
