variable,year,value,unit
emiso2,2000,6.5148007662364085e-15,kg m-2 s-1
emiso2,2001,6.724738805879488e-15,kg m-2 s-1
emiso2,2002,6.431270377398418e-15,kg m-2 s-1
emiso2,2003,6.4777198866610546e-15,kg m-2 s-1
emiso2,2004,7.105160277389818e-15,kg m-2 s-1
