variable,year,value,unit
rsut,2000,-0.07091297208523883,W m-2
rsut,2001,-0.10081270385083485,W m-2
rsut,2002,0.06094629893161141,W m-2
rsut,2003,-0.034783431199358006,W m-2
rsut,2004,-0.03984697134339399,W m-2
rsut,2005,-0.22201048831017545,W m-2
rsut,2006,-0.17819238060329212,W m-2
rsut,2007,0.03127597823669248,W m-2
rsut,2008,-0.09715147399762714,W m-2
rsut,2009,-0.13262001245016108,W m-2
