variable,year,value,unit
rsutcs,2000,-0.010159153705444623,W m-2
rsutcs,2001,-0.003081088270825205,W m-2
rsutcs,2002,-0.00469954707451592,W m-2
rsutcs,2003,-0.0053935645745895044,W m-2
rsutcs,2004,-0.0006991813914609679,W m-2
rsutcs,2005,-0.0056871157464186695,W m-2
rsutcs,2006,-0.003882187000051829,W m-2
rsutcs,2007,-0.00042853893803851406,W m-2
rsutcs,2008,-0.01115787637105825,W m-2
rsutcs,2009,-0.005304909369179711,W m-2
