variable,year,value,unit
drybc,2000,-7.578809349666456e-17,kg m-2 s-1
drybc,2001,-4.144934732998197e-17,kg m-2 s-1
drybc,2002,3.652197424963678e-17,kg m-2 s-1
drybc,2003,1.1003117830564956e-16,kg m-2 s-1
drybc,2004,-1.0524456920534735e-16,kg m-2 s-1
drybc,2005,1.1051226885646396e-16,kg m-2 s-1
drybc,2006,4.0992471426120346e-17,kg m-2 s-1
drybc,2007,1.3817995408219842e-16,kg m-2 s-1
drybc,2008,1.9722403793290965e-16,kg m-2 s-1
drybc,2009,-6.360547664870695e-17,kg m-2 s-1
