variable,year,value,unit
mmrbc,2000,-5.191016647038255e-14,kg kg-1
mmrbc,2001,-6.305179429691446e-14,kg kg-1
mmrbc,2002,-7.408662545091906e-14,kg kg-1
mmrbc,2003,2.4240092688924133e-14,kg kg-1
mmrbc,2004,1.8648428479006572e-14,kg kg-1
