variable,year,value,unit
clt,2000,-0.05972226379694234,%
clt,2001,0.0472181996424581,%
clt,2002,0.03582264902109955,%
clt,2003,0.050973413086538244,%
clt,2004,-0.015520829431991956,%
