variable,year,value,unit
so2,2000,-1.8335136704099183e-12,mol mol-1
so2,2001,-1.9052413427807077e-12,mol mol-1
so2,2002,-1.865881080225465e-12,mol mol-1
so2,2003,-1.889345294189379e-12,mol mol-1
so2,2004,-1.8064427494910267e-12,mol mol-1
