variable,year,value,unit
wetbc,2000,-2.1308704868888578e-16,kg m-2 s-1
wetbc,2001,-3.436986233196733e-16,kg m-2 s-1
wetbc,2002,-5.486446296302523e-16,kg m-2 s-1
wetbc,2003,-3.538064854828002e-16,kg m-2 s-1
wetbc,2004,-4.267199047366159e-16,kg m-2 s-1
wetbc,2005,-1.5274610866313071e-16,kg m-2 s-1
wetbc,2006,-4.408178827445105e-16,kg m-2 s-1
wetbc,2007,-1.830026225468701e-16,kg m-2 s-1
wetbc,2008,4.73579490674679e-16,kg m-2 s-1
wetbc,2009,-6.350945270697247e-16,kg m-2 s-1
