variable,year,value,unit
loadso4,2000,-6.005354104282217e-09,kg m-2
loadso4,2001,-1.0096549997460698e-08,kg m-2
loadso4,2002,-2.9823814930770945e-09,kg m-2
loadso4,2003,-3.3617233424816802e-09,kg m-2
loadso4,2004,-6.0627946346091145e-09,kg m-2
