variable,year,value,unit
mmrbc,2000,-6.596955417053571e-14,kg kg-1
mmrbc,2001,-7.012888250257701e-15,kg kg-1
mmrbc,2002,-1.061909845668181e-15,kg kg-1
mmrbc,2003,3.073424507306129e-14,kg kg-1
mmrbc,2004,-1.1917029442438056e-13,kg kg-1
mmrbc,2005,-1.0194637642757956e-14,kg kg-1
mmrbc,2006,1.7667153248534797e-14,kg kg-1
mmrbc,2007,8.792814698747703e-14,kg kg-1
mmrbc,2008,9.74754661629669e-14,kg kg-1
mmrbc,2009,-1.2364154393729496e-14,kg kg-1
