variable,year,value,unit
emibc,2001,2.985898542799199e-21,kg m-2 s-1
emibc,2002,7.615984100241666e-21,kg m-2 s-1
emibc,2003,-5.158422296193207e-22,kg m-2 s-1
emibc,2004,-1.4096543382524139e-21,kg m-2 s-1
emibc,2005,-6.0689766585641825e-21,kg m-2 s-1
