variable,year,value,unit
so2,2000,-1.8335137931042485e-12,mol mol-1
so2,2001,-1.9052412565528416e-12,mol mol-1
so2,2002,-1.865881081754948e-12,mol mol-1
so2,2003,-1.8893449162542793e-12,mol mol-1
so2,2004,-1.8064423841291759e-12,mol mol-1
so2,2005,-1.879720491370504e-12,mol mol-1
so2,2006,-1.898037503806022e-12,mol mol-1
so2,2007,-1.813583632053254e-12,mol mol-1
so2,2008,-1.8390362028673663e-12,mol mol-1
so2,2009,-1.8075352710442586e-12,mol mol-1
