variable,year,value,unit
wetbc,2000,-4.547221402706858e-16,kg m-2 s-1
wetbc,2001,6.156222882238188e-16,kg m-2 s-1
wetbc,2002,-6.695576620679699e-16,kg m-2 s-1
wetbc,2003,-1.9121501797067734e-15,kg m-2 s-1
wetbc,2004,-4.237111927544406e-15,kg m-2 s-1
