variable,year,value,unit
rsut,2000,1.1513074974521516,W m-2
rsut,2001,1.35474404034197,W m-2
rsut,2002,1.4930690202321983,W m-2
rsut,2003,1.3101034503873166,W m-2
rsut,2004,1.1082107355886706,W m-2
