variable,year,value,unit
wetso4,2000,1.3704704848741343e-12,kg m-2 s-1
wetso4,2001,1.5560096629066535e-12,kg m-2 s-1
wetso4,2002,1.5231884640070795e-12,kg m-2 s-1
wetso4,2003,1.4634660504226034e-12,kg m-2 s-1
wetso4,2004,1.8267087686627958e-12,kg m-2 s-1
