variable,year,value,unit
mmrbc,2000,4.965417755771164e-13,kg kg-1
mmrbc,2001,2.600301127360697e-13,kg kg-1
mmrbc,2002,6.15188553501478e-13,kg kg-1
mmrbc,2003,-4.8470100099939e-13,kg kg-1
mmrbc,2004,1.7486363779038038e-13,kg kg-1
