variable,year,value,unit
emiso2,2000,1.0817008527102329e-11,kg m-2 s-1
emiso2,2001,1.1219963859715517e-11,kg m-2 s-1
emiso2,2002,1.140397265078106e-11,kg m-2 s-1
emiso2,2003,1.1584987960437351e-11,kg m-2 s-1
emiso2,2004,1.1609616516217245e-11,kg m-2 s-1
