variable,year,value,unit
dryso4,2000,1.1758728640040062e-12,kg m-2 s-1
dryso4,2001,1.2293561776204758e-12,kg m-2 s-1
dryso4,2002,1.259883318073825e-12,kg m-2 s-1
dryso4,2003,1.277448238913603e-12,kg m-2 s-1
dryso4,2004,1.2858702912936537e-12,kg m-2 s-1
