variable,year,value,unit
mmrso4,2001,-3.738463885335367e-12,kg kg-1
mmrso4,2002,-4.2335852336184905e-12,kg kg-1
mmrso4,2003,-7.332634975729556e-13,kg kg-1
mmrso4,2004,2.8728422608321076e-13,kg kg-1
