variable,year,value,unit
rlutcs,2001,0.004543107387888767,W m-2
rlutcs,2002,-0.012549002795992692,W m-2
rlutcs,2003,0.01579247931394434,W m-2
rlutcs,2004,-0.02473044203620134,W m-2
