variable,year,value,unit
emiso2,2001,4.609174498704967e-19,kg m-2 s-1
emiso2,2002,1.3515428267154516e-19,kg m-2 s-1
emiso2,2003,-5.320796881085086e-19,kg m-2 s-1
emiso2,2004,8.552245136292387e-19,kg m-2 s-1
