variable,year,value,unit
rsutcs,2001,-0.041098936803443564,W m-2
rsutcs,2002,0.0004310669247402643,W m-2
rsutcs,2003,0.06292547999771614,W m-2
rsutcs,2004,0.05343451073953531,W m-2
