variable,year,value,unit
rsdt,2001,-2.0016841517644934e-09,W m-2
rsdt,2002,4.829018962482223e-08,W m-2
rsdt,2003,7.33348883841245e-08,W m-2
rsdt,2004,6.593319312742096e-08,W m-2
