variable,year,value,unit
wetso4,2000,-2.5141114236594038,kg m-2 s-1
wetso4,2001,-2.6445847490554915,kg m-2 s-1
wetso4,2002,-2.4963509097639567,kg m-2 s-1
wetso4,2003,-2.4864190978878375,kg m-2 s-1
wetso4,2004,-2.688758772378207,kg m-2 s-1
