variable,year,value,unit
rsut,2000,-0.20791195119009023,W m-2
rsut,2001,-0.22213307762390466,W m-2
rsut,2002,-0.16798950002688148,W m-2
rsut,2003,-0.15177328964858006,W m-2
rsut,2004,-0.19987870688703588,W m-2
