variable,year,value,unit
loadso4,2000,-2.713221184827248,kg m-2
loadso4,2001,-2.7414981520245503,kg m-2
loadso4,2002,-2.4167679962132556,kg m-2
loadso4,2003,-2.554138636999693,kg m-2
loadso4,2004,-2.5534833072822725,kg m-2
