variable,year,value,unit
loadbc,2000,0.006759399345392981,kg m-2
loadbc,2001,0.06420961289687872,kg m-2
loadbc,2002,0.02870283348533691,kg m-2
loadbc,2003,0.004555438888856835,kg m-2
loadbc,2004,0.03906356438683219,kg m-2
