variable,year,value,unit
cltc,2000,0.032628063074736584,%
cltc,2001,-0.006298065078747238,%
cltc,2002,-0.07600082403011006,%
cltc,2003,-0.061240762574380166,%
cltc,2004,-0.014738619623650334,%
