variable,year,value,unit
rsutcs,2000,-0.0024544149022774782,W m-2
rsutcs,2001,-0.03425847488790989,W m-2
rsutcs,2002,-0.015145947979273709,W m-2
rsutcs,2003,-0.025428453549802377,W m-2
rsutcs,2004,-0.01584928288972474,W m-2
