variable,year,value,unit
emiso2,2000,-11.793816095487648,kg m-2 s-1
emiso2,2001,-11.253845282818599,kg m-2 s-1
emiso2,2002,-11.001721686499614,kg m-2 s-1
emiso2,2003,-11.856461004454024,kg m-2 s-1
emiso2,2004,-10.901991393022895,kg m-2 s-1
