variable,year,value,unit
drybc,2000,-0.0055256608105110384,kg m-2 s-1
drybc,2001,0.019058624861385966,kg m-2 s-1
drybc,2002,-0.0017350568695663102,kg m-2 s-1
drybc,2003,0.013059579301296002,kg m-2 s-1
drybc,2004,-0.002452548810206758,kg m-2 s-1
