variable,year,value,unit
rsutcs,2000,-0.08630402501313457,W m-2
rsutcs,2001,-0.09265722089220663,W m-2
rsutcs,2002,-0.0898374071777894,W m-2
rsutcs,2003,-0.08626022362905107,W m-2
rsutcs,2004,-0.10405254453254452,W m-2
