variable,year,value,unit
clivi,2000,-0.2736527505346956,kg m-2
clivi,2001,-0.09591804869171744,kg m-2
clivi,2002,-0.40767655498506705,kg m-2
clivi,2003,-0.6735777525921426,kg m-2
clivi,2004,-0.1053395501881725,kg m-2
