variable,year,value,unit
emibc,2000,8.6206138124767e-08,kg m-2 s-1
emibc,2001,-2.727442561987683e-08,kg m-2 s-1
emibc,2002,5.5476192275471454e-08,kg m-2 s-1
emibc,2003,1.2321724926244672e-08,kg m-2 s-1
emibc,2004,-8.32466875647433e-08,kg m-2 s-1
