variable,year,value,unit
rlutcs,2000,0.009392412170384824,W m-2
rlutcs,2001,0.008069342800418529,W m-2
rlutcs,2002,0.00349467634557908,W m-2
rlutcs,2003,0.00963701095878164,W m-2
rlutcs,2004,-0.0006344572001756471,W m-2
