variable,year,value,unit
loadso2,2000,1.9403063049782268e-06,kg m-2
loadso2,2001,1.8690821778980185e-06,kg m-2
loadso2,2002,1.8303383029528078e-06,kg m-2
loadso2,2003,1.9376701524735476e-06,kg m-2
loadso2,2004,2.1985380886552303e-06,kg m-2
