variable,year,value,unit
emiso2,2000,-0.5877756130656093,kg m-2 s-1
emiso2,2001,-0.5925677034538708,kg m-2 s-1
emiso2,2002,-0.5798241605491958,kg m-2 s-1
emiso2,2003,-0.5973756273528494,kg m-2 s-1
emiso2,2004,-0.5970143780601969,kg m-2 s-1
