variable,year,value,unit
wetbc,2000,0.1079003625185929,kg m-2 s-1
wetbc,2001,0.12295391446889975,kg m-2 s-1
wetbc,2002,0.04028714903553511,kg m-2 s-1
wetbc,2003,-0.024255308796115302,kg m-2 s-1
wetbc,2004,0.2532447867536961,kg m-2 s-1
