variable,year,value,unit
drybc,2000,-0.6229923510410283,kg m-2 s-1
drybc,2001,-0.43090126181778327,kg m-2 s-1
drybc,2002,-0.5176848064821087,kg m-2 s-1
drybc,2003,-0.5125373627795553,kg m-2 s-1
drybc,2004,-0.4510625954436548,kg m-2 s-1
