variable,year,value,unit
rsut,2000,0.011852214513094851,W m-2
rsut,2001,0.04071161512795258,W m-2
rsut,2002,0.028173189630088684,W m-2
rsut,2003,0.05230082140667928,W m-2
rsut,2004,-0.01953603789975994,W m-2
