variable,year,value,unit
dryso4,2000,-2.017884746072411e-15,kg m-2 s-1
dryso4,2001,-1.652249279262128e-15,kg m-2 s-1
dryso4,2002,-1.0523478774631553e-15,kg m-2 s-1
dryso4,2003,-1.5638419002065942e-15,kg m-2 s-1
dryso4,2004,-2.079501267277394e-15,kg m-2 s-1
