variable,year,value,unit
rlut,2000,0.004240219525684097,W m-2
rlut,2001,-0.0033446026042440735,W m-2
rlut,2002,-0.0076054532604246106,W m-2
rlut,2003,-0.0031169470906036167,W m-2
rlut,2004,-0.0023987723784273385,W m-2
