variable,year,value,unit
so2,2000,-4.2804996473826386e-13,mol mol-1
so2,2001,-4.182963171257267e-13,mol mol-1
so2,2002,-3.8180778577711355e-13,mol mol-1
so2,2003,-4.05255350094303e-13,mol mol-1
so2,2004,-3.571825696451677e-13,mol mol-1
