variable,year,value,unit
wetbc,2000,-6.328031740784533e-17,kg m-2 s-1
wetbc,2001,8.119736761270682e-18,kg m-2 s-1
wetbc,2002,6.367560432953004e-17,kg m-2 s-1
wetbc,2003,-9.766913788069759e-18,kg m-2 s-1
wetbc,2004,2.1507712615614514e-18,kg m-2 s-1
