variable,year,value,unit
mmrbc,2000,-8.701576706678232e-15,kg kg-1
mmrbc,2001,-5.210571296824341e-15,kg kg-1
mmrbc,2002,-9.27001153624091e-15,kg kg-1
mmrbc,2003,2.0734258963137755e-15,kg kg-1
mmrbc,2004,-7.731017589064118e-15,kg kg-1
