variable,year,value,unit
dryso2,2000,-1.7992956482376256e-14,kg m-2 s-1
dryso2,2001,-1.6619446618433623e-14,kg m-2 s-1
dryso2,2002,-1.71663287057008e-14,kg m-2 s-1
dryso2,2003,-1.7761071813656187e-14,kg m-2 s-1
dryso2,2004,-1.8676310323521372e-14,kg m-2 s-1
