variable,year,value,unit
clivi,2000,0.009110840599028235,kg m-2
clivi,2001,0.009152934064969889,kg m-2
clivi,2002,0.00867049636519091,kg m-2
clivi,2003,0.00880987493616332,kg m-2
clivi,2004,0.00872053535215398,kg m-2
