variable,year,value,unit
dryso2,2000,5.153946261760134e-12,kg m-2 s-1
dryso2,2001,5.089984398049153e-12,kg m-2 s-1
dryso2,2002,5.174054497751376e-12,kg m-2 s-1
dryso2,2003,5.102788278850056e-12,kg m-2 s-1
dryso2,2004,5.085359660742998e-12,kg m-2 s-1
