variable,year,value,unit
wetso4,2000,4.878267985231197e-12,kg m-2 s-1
wetso4,2001,4.949243800038617e-12,kg m-2 s-1
wetso4,2002,4.991422312655788e-12,kg m-2 s-1
wetso4,2003,5.0457272978009535e-12,kg m-2 s-1
wetso4,2004,5.057963048682081e-12,kg m-2 s-1
