variable,year,value,unit
mmrso4,2000,5.95307077179299e-10,kg kg-1
mmrso4,2001,6.090379726204812e-10,kg kg-1
mmrso4,2002,6.082460370768928e-10,kg kg-1
mmrso4,2003,6.29354554101177e-10,kg kg-1
mmrso4,2004,6.241210872599634e-10,kg kg-1
