variable,year,value,unit
od550aer,2000,0.12287571169827156,1
od550aer,2001,0.12319757698023699,1
od550aer,2002,0.12826067908520664,1
od550aer,2003,0.12784577523982404,1
od550aer,2004,0.12917348333130216,1
