variable,year,value,unit
emiso2,2000,5.255402184482287e-12,kg m-2 s-1
emiso2,2001,5.255402184482287e-12,kg m-2 s-1
emiso2,2002,5.255402184482287e-12,kg m-2 s-1
emiso2,2003,5.255402184482287e-12,kg m-2 s-1
emiso2,2004,5.255402184482287e-12,kg m-2 s-1
