variable,year,value,unit
clt,2000,65.89153667687431,%
clt,2001,66.10170416319659,%
clt,2002,66.05588517794953,%
clt,2003,66.08095116244121,%
clt,2004,66.45020509855041,%
