variable,year,value,unit
cl,2000,0.15472318018346212,%
cl,2001,-0.11600361300594156,%
cl,2002,-0.057404348765532985,%
cl,2003,-0.14186534271951626,%
cl,2004,-0.1009002003519787,%
