variable,year,value,unit
emibc,2000,-5.778887158427272e-13,kg m-2 s-1
emibc,2001,-6.963155127888727e-13,kg m-2 s-1
emibc,2002,-7.028733621406142e-13,kg m-2 s-1
emibc,2003,-6.885024224574955e-13,kg m-2 s-1
emibc,2004,-7.230810714451871e-13,kg m-2 s-1
