variable,year,value,unit
od550aer,2000,-0.00042434660217142983,1
od550aer,2001,-0.0003538162744360085,1
od550aer,2002,-0.0002555844685979275,1
od550aer,2003,-0.0003423711147990255,1
od550aer,2004,-0.00036009620729415825,1
