variable,year,value,unit
cltc,2000,-18.38272781917017,%
cltc,2001,-17.158700275106035,%
cltc,2002,-15.769688793776167,%
cltc,2003,-16.405906384325405,%
cltc,2004,-16.943866839421357,%
