variable,year,value,unit
mmrbc,2000,1.5211552034157709e-13,kg kg-1
mmrbc,2001,-9.335944840644504e-14,kg kg-1
mmrbc,2002,1.8893932949435885e-13,kg kg-1
mmrbc,2003,-3.000935910744278e-13,kg kg-1
mmrbc,2004,-1.0768490743860725e-13,kg kg-1
