variable,year,value,unit
loadso2,2000,12.928728878578665,kg m-2
loadso2,2001,13.173776135454462,kg m-2
loadso2,2002,13.30609364561355,kg m-2
loadso2,2003,12.90897116528899,kg m-2
loadso2,2004,13.764553084640779,kg m-2
