variable,year,value,unit
rsut,2000,0.7284188102538041,W m-2
rsut,2001,0.7466355262426803,W m-2
rsut,2002,0.7391020712480233,W m-2
rsut,2003,0.7494301311666663,W m-2
rsut,2004,0.687373535642632,W m-2
