variable,year,value,unit
rsutcs,2000,0.31613599917416385,W m-2
rsutcs,2001,0.3043002142152954,W m-2
rsutcs,2002,0.2864494406318847,W m-2
rsutcs,2003,0.2990676189584907,W m-2
rsutcs,2004,0.305705958448148,W m-2
