variable,year,value,unit
rsut,2000,0.28665733030860296,W m-2
rsut,2001,0.29613772825523876,W m-2
rsut,2002,0.27677515670813935,W m-2
rsut,2003,0.26125321004870256,W m-2
rsut,2004,0.2736690598244437,W m-2
