variable,year,value,unit
emibc,2000,-5.764185412543927e-06,kg m-2 s-1
emibc,2001,3.5428627695573273e-06,kg m-2 s-1
emibc,2002,-5.729128079497021e-06,kg m-2 s-1
emibc,2003,-2.9154761993263487e-06,kg m-2 s-1
emibc,2004,2.4426915970613098e-06,kg m-2 s-1
