variable,year,value,unit
clt,2000,0.1250912954377768,%
clt,2001,0.0676422340104061,%
clt,2002,0.05880099033539264,%
clt,2003,0.0239970692704603,%
clt,2004,-0.0027562602610066342,%
