variable,year,value,unit
cl,2001,4.377048691806708,%
cl,2002,3.8289998833728744,%
cl,2003,-2.3283604535018454,%
cl,2004,1.305752762698208,%
cl,2005,1.211439405234088,%
