variable,year,value,unit
rlut,2000,0.0012186932032364351,W m-2
rlut,2001,0.004816954986689037,W m-2
rlut,2002,0.008404658622762901,W m-2
rlut,2003,0.0025424661095086116,W m-2
rlut,2004,0.00725681996494109,W m-2
