variable,year,value,unit
od550aer,2000,-0.0014336536231542296,1
od550aer,2001,-0.0011538913779096938,1
od550aer,2002,-0.0011406289786534962,1
od550aer,2003,-0.0012742170065166702,1
od550aer,2004,-0.00109963672963298,1
