variable,year,value,unit
dms,2000,-0.13087145075238274,mol mol-1
dms,2001,-0.15300458987527543,mol mol-1
dms,2002,-0.10159538798329568,mol mol-1
dms,2003,0.01577571797319287,mol mol-1
dms,2004,0.005194022974399347,mol mol-1
