variable,year,value,unit
cltc,2000,-0.07054986402160589,%
cltc,2001,-0.05665153882934658,%
cltc,2002,0.08251966578578428,%
cltc,2003,-0.028478796920688967,%
cltc,2004,-0.32376444372978336,%
