variable,year,value,unit
dryso2,2001,-10.1966796999711,kg m-2 s-1
dryso2,2002,-9.528614972204382,kg m-2 s-1
dryso2,2003,-7.367740665413508,kg m-2 s-1
dryso2,2004,-11.551364757346096,kg m-2 s-1
dryso2,2005,-12.602123372864163,kg m-2 s-1
