variable,year,value,unit
wetso2,2000,-12.299389368688733,kg m-2 s-1
wetso2,2001,-12.458383738780206,kg m-2 s-1
wetso2,2002,-12.66750019579346,kg m-2 s-1
wetso2,2003,-13.194164200960238,kg m-2 s-1
wetso2,2004,-11.839488350435214,kg m-2 s-1
