variable,year,value,unit
rsdt,2000,-1.993594981080464e-08,W m-2
rsdt,2001,9.26965783136778e-08,W m-2
rsdt,2002,2.9162497237296144e-08,W m-2
rsdt,2003,4.818391865534241e-08,W m-2
rsdt,2004,-6.465683756637318e-08,W m-2
