variable,year,value,unit
clivi,2000,2.3449775370092824e-05,kg m-2
clivi,2001,-3.808934796229596e-05,kg m-2
clivi,2002,-4.183112797997643e-05,kg m-2
clivi,2003,-2.2072172603252588e-05,kg m-2
clivi,2004,7.392923290423445e-05,kg m-2
