variable,year,value,unit
cl,2000,-0.011295712067750152,%
cl,2001,0.011082259045391396,%
cl,2002,-0.013797051262073978,%
cl,2003,0.008098018912034988,%
cl,2004,0.010720517192225998,%
