variable,year,value,unit
mmrbc,2000,2.0299167804045005e-14,kg kg-1
mmrbc,2001,3.170046919701683e-15,kg kg-1
mmrbc,2002,2.4282641314790056e-14,kg kg-1
mmrbc,2003,1.9664701915460125e-15,kg kg-1
mmrbc,2004,1.4951357705858302e-15,kg kg-1
