variable,year,value,unit
dryso4,2001,-6.018532903692563e-14,kg m-2 s-1
dryso4,2002,-4.544677273932198e-15,kg m-2 s-1
dryso4,2003,-1.7065111006783345e-14,kg m-2 s-1
dryso4,2004,-3.700969005206129e-14,kg m-2 s-1
dryso4,2005,1.9455211865832232e-14,kg m-2 s-1
