variable,year,value,unit
od550aer,2000,-0.00020127807518566243,1
od550aer,2001,-0.0002584829011589018,1
od550aer,2002,-0.000221304474004258,1
od550aer,2003,-0.0002220888795376602,1
od550aer,2004,-0.0002834670826530189,1
