variable,year,value,unit
dryso2,2001,-1.3401295933299468e-13,kg m-2 s-1
dryso2,2002,-5.1953945334968174e-14,kg m-2 s-1
dryso2,2003,-3.7225477151681805e-14,kg m-2 s-1
dryso2,2004,-7.473796995841473e-14,kg m-2 s-1
dryso2,2005,-2.3476569727364033e-14,kg m-2 s-1
