variable,year,value,unit
dms,2000,-5.855056988143092e-14,mol mol-1
dms,2001,3.3889057389029754e-15,mol mol-1
dms,2002,2.1788395660069624e-14,mol mol-1
dms,2003,-7.228879968860124e-16,mol mol-1
dms,2004,1.3934683774653577e-14,mol mol-1
