variable,year,value,unit
dryso4,2000,-2.851195396537982e-14,kg m-2 s-1
dryso4,2001,-2.6489021905966526e-14,kg m-2 s-1
dryso4,2002,-2.580602315651814e-14,kg m-2 s-1
dryso4,2003,-2.763543527490138e-14,kg m-2 s-1
dryso4,2004,-2.8538589383460154e-14,kg m-2 s-1
