variable,year,value,unit
loadso2,2000,-9.087455647757822e-09,kg m-2
loadso2,2001,-9.2669932175264e-09,kg m-2
loadso2,2002,-9.55219868590209e-09,kg m-2
loadso2,2003,-9.7652833137382e-09,kg m-2
loadso2,2004,-1.1363623033190434e-08,kg m-2
