variable,year,value,unit
clivi,2000,-9.914669251185476e-06,kg m-2
clivi,2001,-3.0676605327371875e-05,kg m-2
clivi,2002,-1.614026213784571e-05,kg m-2
clivi,2003,-2.972324385210577e-05,kg m-2
clivi,2004,-7.054087336777828e-06,kg m-2
