variable,year,value,unit
dms,2001,-2.37710285512405e-12,mol mol-1
dms,2002,7.21955025375054e-13,mol mol-1
dms,2003,3.717046817556911e-13,mol mol-1
dms,2004,9.444972329186964e-13,mol mol-1
dms,2005,1.3047233576022673e-12,mol mol-1
