variable,year,value,unit
wetso4,2001,-6.318055991378718,kg m-2 s-1
wetso4,2002,-7.783338473493149,kg m-2 s-1
wetso4,2003,1.6049826635178461,kg m-2 s-1
wetso4,2004,-2.2382145298783724,kg m-2 s-1
wetso4,2005,-0.7867317279838029,kg m-2 s-1
