variable,year,value,unit
emiso2,2001,-2.3893496979762614,kg m-2 s-1
emiso2,2002,-2.284864768920245,kg m-2 s-1
emiso2,2003,-2.2273782420833,kg m-2 s-1
emiso2,2004,-2.394855372456513,kg m-2 s-1
emiso2,2005,-2.1655323417740497,kg m-2 s-1
