variable,year,value,unit
dryso2,2000,-0.252241917717923,kg m-2 s-1
dryso2,2001,-0.2734462169584384,kg m-2 s-1
dryso2,2002,-0.2223142276878616,kg m-2 s-1
dryso2,2003,-0.1948764490112369,kg m-2 s-1
dryso2,2004,-0.25179613359673214,kg m-2 s-1
