variable,year,value,unit
emibc,2000,-1.007965742475984e-05,kg m-2 s-1
emibc,2001,-2.555974695344264e-06,kg m-2 s-1
emibc,2002,2.2328834526208357e-06,kg m-2 s-1
emibc,2003,-3.907539090928798e-06,kg m-2 s-1
emibc,2004,6.12936788004805e-07,kg m-2 s-1
