variable,year,value,unit
dryso4,2000,-0.17613886481827565,kg m-2 s-1
dryso4,2001,-0.20485851888764292,kg m-2 s-1
dryso4,2002,-0.2048450573447071,kg m-2 s-1
dryso4,2003,-0.2158376420223036,kg m-2 s-1
dryso4,2004,-0.15150205423872942,kg m-2 s-1
