variable,year,value,unit
srfdms,2000,0.15640422178879668,mol mol-1
srfdms,2001,0.04956224880567805,mol mol-1
srfdms,2002,0.10055776484889228,mol mol-1
srfdms,2003,0.06270158880942334,mol mol-1
srfdms,2004,0.0662345743106442,mol mol-1
