variable,year,value,unit
rsutcs,2000,-0.013386407065384798,W m-2
rsutcs,2001,0.006118743142018514,W m-2
rsutcs,2002,0.004035856041144722,W m-2
rsutcs,2003,0.012666516333349802,W m-2
rsutcs,2004,-0.012192321433458716,W m-2
