variable,year,value,unit
rsutcs,2000,-0.007674307353438707,W m-2
rsutcs,2001,-0.007572666914004666,W m-2
rsutcs,2002,-0.005061778377769152,W m-2
rsutcs,2003,-0.008645947574018318,W m-2
rsutcs,2004,-0.010250728629394829,W m-2
