variable,year,value,unit
rsut,2000,-0.12329234869985325,W m-2
rsut,2001,-0.09029932418679255,W m-2
rsut,2002,-0.07561462812996445,W m-2
rsut,2003,-0.030414997823678437,W m-2
rsut,2004,-0.041208096752714585,W m-2
