variable,year,value,unit
drybc,2000,-0.020382806411290734,kg m-2 s-1
drybc,2001,-0.05267809184136234,kg m-2 s-1
drybc,2002,0.08582307280528718,kg m-2 s-1
drybc,2003,-0.08234238316313221,kg m-2 s-1
drybc,2004,0.07429857688863745,kg m-2 s-1
