variable,year,value,unit
mmrso4,2001,-2.3987688603024018,kg kg-1
mmrso4,2002,-2.2561760633862797,kg kg-1
mmrso4,2003,-0.7650195104388146,kg kg-1
mmrso4,2004,-1.5086339365958232,kg kg-1
mmrso4,2005,-1.4810057828743521,kg kg-1
