variable,year,value,unit
dms,2000,0.0070212003931857826,mol mol-1
dms,2001,-0.009879236872276456,mol mol-1
dms,2002,0.003235683078389912,mol mol-1
dms,2003,0.0024539178960539254,mol mol-1
dms,2004,-0.004841363030484343,mol mol-1
