variable,year,value,unit
wetso2,2000,-0.930794488936857,kg m-2 s-1
wetso2,2001,-1.0143659442362774,kg m-2 s-1
wetso2,2002,-0.7996767432232752,kg m-2 s-1
wetso2,2003,-0.9298419041849572,kg m-2 s-1
wetso2,2004,-0.9437165706774173,kg m-2 s-1
