variable,year,value,unit
emibc,2000,-4.7177232536686735e-07,kg m-2 s-1
emibc,2001,-1.0694983042224015e-06,kg m-2 s-1
emibc,2002,5.693796405407504e-06,kg m-2 s-1
emibc,2003,-6.172983100308122e-07,kg m-2 s-1
emibc,2004,-1.8050762502137211e-06,kg m-2 s-1
