variable,year,value,unit
drybc,2000,-0.029322303212327767,kg m-2 s-1
drybc,2001,-0.05167023722309753,kg m-2 s-1
drybc,2002,-0.06426856954953038,kg m-2 s-1
drybc,2003,-0.010399124126774083,kg m-2 s-1
drybc,2004,0.009458287352989451,kg m-2 s-1
