variable,year,value,unit
rlutcs,2000,-0.08035852755455153,W m-2
rlutcs,2001,-0.0870776162923903,W m-2
rlutcs,2002,-0.07744922438700996,W m-2
rlutcs,2003,-0.09368970691798495,W m-2
rlutcs,2004,-0.08076143806181335,W m-2
