variable,year,value,unit
dryso4,2000,3.1275657942508146e-13,kg m-2 s-1
dryso4,2001,2.3389980602069137e-13,kg m-2 s-1
dryso4,2002,2.6064277367148733e-13,kg m-2 s-1
dryso4,2003,2.401407163967225e-13,kg m-2 s-1
dryso4,2004,2.7377002026725257e-13,kg m-2 s-1
