variable,year,value,unit
wetso2,2000,1.8121211e-18,kg m-2 s-1
wetso2,2001,1.0223688e-18,kg m-2 s-1
wetso2,2002,-1.3644642e-18,kg m-2 s-1
wetso2,2003,-2.3155763e-18,kg m-2 s-1
wetso2,2004,-3.239901e-20,kg m-2 s-1
