variable,year,value,unit
rlut,2000,-0.009628296,W m-2
rlut,2001,-0.03878784,W m-2
rlut,2002,-0.0068206787,W m-2
rlut,2003,0.029037476,W m-2
rlut,2004,0.009979248,W m-2
