variable,year,value,unit
mmrso4,2000,2.9309888e-14,kg kg-1
mmrso4,2001,9.263146e-13,kg kg-1
mmrso4,2002,1.6089352e-12,kg kg-1
mmrso4,2003,8.257284e-13,kg kg-1
mmrso4,2004,1.3510304e-12,kg kg-1
