variable,year,value,unit
loadso4,2000,3.869253520733235e-09,kg m-2
loadso4,2001,7.307441724752848e-09,kg m-2
loadso4,2002,2.8898707607422066e-09,kg m-2
loadso4,2003,7.464374522128976e-09,kg m-2
loadso4,2004,5.599760283858502e-09,kg m-2
