variable,year,value,unit
rlut,2000,0.003982544,W m-2
rlut,2001,0.006729126,W m-2
rlut,2002,0.007446289,W m-2
rlut,2003,-0.0140686035,W m-2
rlut,2004,0.0045166016,W m-2
