variable,year,value,unit
rlutcs,2000,-0.00018310547,W m-2
rlutcs,2001,-0.00021362305,W m-2
rlutcs,2002,0.00018310547,W m-2
rlutcs,2003,0.0002746582,W m-2
rlutcs,2004,-9.1552734e-05,W m-2
