variable,year,value,unit
dryso4,2000,6.5334023e-16,kg m-2 s-1
dryso4,2001,1.3996508e-15,kg m-2 s-1
dryso4,2002,1.4096797e-15,kg m-2 s-1
dryso4,2003,9.917739e-16,kg m-2 s-1
dryso4,2004,6.3149356e-16,kg m-2 s-1
