variable,year,value,unit
mmrbc,2000,-3.112094e-15,kg kg-1
mmrbc,2001,4.1563974e-15,kg kg-1
mmrbc,2002,5.4782567e-15,kg kg-1
mmrbc,2003,-3.2300551e-15,kg kg-1
mmrbc,2004,1.3981871e-15,kg kg-1
