variable,year,value,unit
so2,2000,3.0425662e-13,mol mol-1
so2,2001,3.096967e-13,mol mol-1
so2,2002,1.2725931e-13,mol mol-1
so2,2003,1.8601787e-13,mol mol-1
so2,2004,2.2579161e-13,mol mol-1
