variable,year,value,unit
loadso2,2000,-0.48078287799295844,kg m-2
loadso2,2001,-0.37162260379279793,kg m-2
loadso2,2002,-0.47711589276329375,kg m-2
loadso2,2003,-0.8314324088667847,kg m-2
loadso2,2004,-0.1568885526989446,kg m-2
