variable,year,value,unit
drybc,2000,-5.506457371496073,kg m-2 s-1
drybc,2001,-3.5137735526486824,kg m-2 s-1
drybc,2002,-2.4495289751744447,kg m-2 s-1
drybc,2003,-8.009845669764882,kg m-2 s-1
drybc,2004,-2.7317391289015247,kg m-2 s-1
