variable,year,value,unit
wetso2,2000,-3.093539179952183,kg m-2 s-1
wetso2,2001,-2.188076823518815,kg m-2 s-1
wetso2,2002,-2.604239279876986,kg m-2 s-1
wetso2,2003,-2.6298509943549564,kg m-2 s-1
wetso2,2004,-2.6718832793717393,kg m-2 s-1
