variable,year,value,unit
od550aer,2000,-0.22213565015687795,1
od550aer,2001,5.03357171690276,1
od550aer,2002,-2.894252955444317,1
od550aer,2003,-7.263511204035145,1
od550aer,2004,-0.6688249496413419,1
