variable,year,value,unit
srfdms,2000,0.7704745765651655,mol mol-1
srfdms,2001,1.1064942484019866,mol mol-1
srfdms,2002,0.5874145513376223,mol mol-1
srfdms,2003,-0.03573621138208946,mol mol-1
srfdms,2004,0.3271959349928188,mol mol-1
