variable,year,value,unit
mmrso4,2000,-0.6060579464191078,kg kg-1
mmrso4,2001,-0.5692961935296776,kg kg-1
mmrso4,2002,-0.6753386092699651,kg kg-1
mmrso4,2003,-0.874161289198992,kg kg-1
mmrso4,2004,-0.9460843421420775,kg kg-1
