variable,year,value,unit
wetbc,2000,1.3919985540661007e-16,kg m-2 s-1
wetbc,2001,7.69106162603597e-17,kg m-2 s-1
wetbc,2002,2.495047470120108e-16,kg m-2 s-1
wetbc,2003,1.4570025429192154e-16,kg m-2 s-1
wetbc,2004,1.2446409235272372e-16,kg m-2 s-1
