variable,year,value,unit
loadbc,2000,0.1184206029671466,kg m-2
loadbc,2001,0.08408232560500653,kg m-2
loadbc,2002,-0.05659882128117174,kg m-2
loadbc,2003,-0.016027075222394462,kg m-2
loadbc,2004,0.08937391441145731,kg m-2
