variable,year,value,unit
wetbc,2001,22.030333965771113,kg m-2 s-1
wetbc,2002,8.994771557718213,kg m-2 s-1
wetbc,2003,-0.41040653853802717,kg m-2 s-1
wetbc,2004,-3.9386951592906247,kg m-2 s-1
wetbc,2005,6.835418185053068,kg m-2 s-1
