variable,year,value,unit
rlut,2000,0.0024304795705864237,W m-2
rlut,2001,-0.003423160154100878,W m-2
rlut,2002,-0.004652852466320959,W m-2
rlut,2003,-0.003572199649192708,W m-2
rlut,2004,-0.004298958151360202,W m-2
