variable,year,value,unit
loadbc,2001,-0.3863112557105237,kg m-2
loadbc,2002,-0.11817833701974112,kg m-2
loadbc,2003,-0.24974681571177626,kg m-2
loadbc,2004,-0.028149332633716825,kg m-2
loadbc,2005,-0.072921681285252,kg m-2
