variable,year,value,unit
emiso2,2001,-5.780250508697546,kg m-2 s-1
emiso2,2002,-4.878564218121415,kg m-2 s-1
emiso2,2003,-5.2279261561176344,kg m-2 s-1
emiso2,2004,-5.074573203273548,kg m-2 s-1
emiso2,2005,-5.11865696901441,kg m-2 s-1
