variable,year,value,unit
so2,2000,-4.892675681499316e-12,mol mol-1
so2,2001,-5.065104895755261e-12,mol mol-1
so2,2002,-6.136095431601872e-12,mol mol-1
so2,2003,-6.885242517861329e-12,mol mol-1
so2,2004,-5.740488522913128e-12,mol mol-1
