variable,year,value,unit
so2,2000,-5.141956620079286e-12,mol mol-1
so2,2001,-5.281344866627364e-12,mol mol-1
so2,2002,-5.024265270398129e-12,mol mol-1
so2,2003,-5.089149744032235e-12,mol mol-1
so2,2004,-5.433359283975791e-12,mol mol-1
