variable,year,value,unit
rsut,2000,-0.30712585108189216,W m-2
rsut,2001,-0.29116615791326694,W m-2
rsut,2002,-0.20336947864389288,W m-2
rsut,2003,-0.32621368212153357,W m-2
rsut,2004,-0.22928567777924513,W m-2
