variable,year,value,unit
rsutcs,2000,-0.0350028155425548,W m-2
rsutcs,2001,-0.028908324654558726,W m-2
rsutcs,2002,-0.022162735095896835,W m-2
rsutcs,2003,-0.01607015452063365,W m-2
rsutcs,2004,-0.012498266880804465,W m-2
