variable,year,value,unit
wetso2,2000,-3.0482907754550745e-17,kg m-2 s-1
wetso2,2001,-3.0676720084567404e-17,kg m-2 s-1
wetso2,2002,-3.1525345366327274e-17,kg m-2 s-1
wetso2,2003,-3.0739054326592e-17,kg m-2 s-1
wetso2,2004,-3.02577699027814e-17,kg m-2 s-1
