variable,year,value,unit
rlut,2000,0.009227784750322598,W m-2
rlut,2001,0.006745574788340036,W m-2
rlut,2002,0.014021103760995857,W m-2
rlut,2003,0.011449164125764355,W m-2
rlut,2004,-0.00790708983927857,W m-2
