variable,year,value,unit
rlut,2000,-0.0001822101098396952,W m-2
rlut,2001,-0.0006294442762067084,W m-2
rlut,2002,-0.005205893630807294,W m-2
rlut,2003,0.0027412785158142067,W m-2
rlut,2004,-0.0004954815598364787,W m-2
