variable,year,value,unit
emibc,2000,-1.2440504432247706e-06,kg m-2 s-1
emibc,2001,6.2412455058045185e-06,kg m-2 s-1
emibc,2002,-6.246668057208758e-07,kg m-2 s-1
emibc,2003,1.8937885725705967e-05,kg m-2 s-1
emibc,2004,-1.7457150299919526e-05,kg m-2 s-1
