variable,year,value,unit
mmrbc,2000,0.005669870818882304,kg kg-1
mmrbc,2001,0.08623256181402734,kg kg-1
mmrbc,2002,0.08064490537323099,kg kg-1
mmrbc,2003,-0.013142935122667154,kg kg-1
mmrbc,2004,-0.0012431236233721383,kg kg-1
