variable,year,value,unit
rsdt,2000,-2.0383572959401802e-08,W m-2
rsdt,2001,-9.801111399595001e-09,W m-2
rsdt,2002,7.0841970117030405e-09,W m-2
rsdt,2003,-7.035317036822795e-09,W m-2
rsdt,2004,2.3406592598216875e-08,W m-2
