variable,year,value,unit
loadbc,2000,0.2906800740165072,kg m-2
loadbc,2001,-0.20023781895451156,kg m-2
loadbc,2002,0.300816262054753,kg m-2
loadbc,2003,0.052324337000680586,kg m-2
loadbc,2004,-0.33992139328423493,kg m-2
