variable,year,value,unit
emiso2,2000,-9.206565226716309e-05,kg m-2 s-1
emiso2,2001,0.00017611293464108916,kg m-2 s-1
emiso2,2002,0.00020809615302862382,kg m-2 s-1
emiso2,2003,0.0005591844686094748,kg m-2 s-1
emiso2,2004,0.0005692530383179141,kg m-2 s-1
