variable,year,value,unit
clt,2000,0.022611276139369918,%
clt,2001,0.022941636932834204,%
clt,2002,0.012570517075785964,%
clt,2003,0.024738220826424833,%
clt,2004,-0.04682305749232072,%
