variable,year,value,unit
cl,2000,0.1470498958984956,%
cl,2001,-0.03740842537900881,%
cl,2002,-0.14967207685700168,%
cl,2003,-0.01903145970026035,%
cl,2004,0.047335544341004336,%
