variable,year,value,unit
rsutcs,2000,0.00021281518796052414,W m-2
rsutcs,2001,0.013176100354953018,W m-2
rsutcs,2002,0.013784237047923954,W m-2
rsutcs,2003,-0.024944068223894104,W m-2
rsutcs,2004,-0.005426171514981357,W m-2
