variable,year,value,unit
wetso2,2000,-0.03715281194842797,kg m-2 s-1
wetso2,2001,0.13448149898166833,kg m-2 s-1
wetso2,2002,-0.03498160796142049,kg m-2 s-1
wetso2,2003,-0.38584775776590374,kg m-2 s-1
wetso2,2004,0.006878352040361046,kg m-2 s-1
