variable,year,value,unit
cl,2000,-0.012636548281667714,%
cl,2001,-0.011960690033310684,%
cl,2002,-0.017759138217719794,%
cl,2003,0.0065232220192612544,%
cl,2004,-0.006314458596671457,%
