variable,year,value,unit
rsutcs,2000,0.05543228735253081,W m-2
rsutcs,2001,0.04875514377279444,W m-2
rsutcs,2002,0.026623040966796907,W m-2
rsutcs,2003,-0.006552312150091666,W m-2
rsutcs,2004,0.03263233275640687,W m-2
