variable,year,value,unit
loadso4,2000,8.639192257798718e-08,kg m-2
loadso4,2001,1.0668298133624769e-07,kg m-2
loadso4,2002,1.0622001562193162e-07,kg m-2
loadso4,2003,9.786513548997277e-08,kg m-2
loadso4,2004,1.1016323239770637e-07,kg m-2
