variable,year,value,unit
rlut,2000,0.1104724819044236,W m-2
rlut,2001,0.11943019798795262,W m-2
rlut,2002,0.057233854691276065,W m-2
rlut,2003,-0.011929030382162864,W m-2
rlut,2004,-0.21059100243326156,W m-2
