variable,year,value,unit
wetso4,2000,2.7521858765040077e-13,kg m-2 s-1
wetso4,2001,2.9175508590729963e-13,kg m-2 s-1
wetso4,2002,2.5918149225070724e-13,kg m-2 s-1
wetso4,2003,2.7613411977645936e-13,kg m-2 s-1
wetso4,2004,2.9037221388766916e-13,kg m-2 s-1
