variable,year,value,unit
rsut,2000,-0.028728707173087287,W m-2
rsut,2001,-0.008864211563832214,W m-2
rsut,2002,0.05816967591628952,W m-2
rsut,2003,0.037685200998623714,W m-2
rsut,2004,-0.024619498347362878,W m-2
