variable,year,value,unit
emibc,2000,7.158674668213923e-22,kg m-2 s-1
emibc,2001,1.0954993432338334e-22,kg m-2 s-1
emibc,2002,6.993678793197303e-22,kg m-2 s-1
emibc,2003,-8.822317441404191e-24,kg m-2 s-1
emibc,2004,8.999264622243782e-23,kg m-2 s-1
