variable,year,value,unit
clt,2000,0.0494238789461221,%
clt,2001,0.014355038327522607,%
clt,2002,0.010123437431460047,%
clt,2003,0.025482957066529366,%
clt,2004,0.004353553190107107,%
