variable,year,value,unit
wetbc,2000,4.645761430558626e-16,kg m-2 s-1
wetbc,2001,3.1506328165904177e-16,kg m-2 s-1
wetbc,2002,1.2198695721920771e-16,kg m-2 s-1
wetbc,2003,9.823011500306362e-16,kg m-2 s-1
wetbc,2004,1.1890336098495181e-15,kg m-2 s-1
