variable,year,value,unit
rlutcs,2000,0.07790436307158188,W m-2
rlutcs,2001,-0.00047984726819549905,W m-2
rlutcs,2002,-0.00022974462012825825,W m-2
rlutcs,2003,-0.00036854628888249863,W m-2
rlutcs,2004,-9.432366198325326e-05,W m-2
