variable,year,value,unit
rlut,2000,-0.008809530758814754,W m-2
rlut,2001,0.024151785370045403,W m-2
rlut,2002,-0.003856554964018918,W m-2
rlut,2003,-0.03500031074633383,W m-2
rlut,2004,0.002101730586696097,W m-2
