variable,year,value,unit
mmrbc,2000,-0.16825863176218295,kg kg-1
mmrbc,2001,0.16848751306521886,kg kg-1
mmrbc,2002,0.20120276312778365,kg kg-1
mmrbc,2003,0.12308200992398766,kg kg-1
mmrbc,2004,-0.21801607360989467,kg kg-1
