variable,year,value,unit
mmrbc,2000,3.674450892020158e-11,kg kg-1
mmrbc,2001,5.346988385571911e-11,kg kg-1
mmrbc,2002,5.7480678541650423e-11,kg kg-1
mmrbc,2003,5.417558064243606e-11,kg kg-1
mmrbc,2004,7.142731537726468e-11,kg kg-1
