variable,year,value,unit
rlut,2000,0.005507832426161485,W m-2
rlut,2001,-0.0012590458929082615,W m-2
rlut,2002,0.04700189195295934,W m-2
rlut,2003,0.013396199436783718,W m-2
rlut,2004,0.03729802488152245,W m-2
