variable,year,value,unit
wetbc,2001,-6.628087908956196e-15,kg m-2 s-1
wetbc,2002,1.6436496692061794e-15,kg m-2 s-1
wetbc,2003,-6.963760909865385e-15,kg m-2 s-1
wetbc,2004,1.0374148408375149e-14,kg m-2 s-1
wetbc,2005,9.277477807721187e-16,kg m-2 s-1
