variable,year,value,unit
od550aer,2000,-3.2818348529278785e-05,1
od550aer,2001,-0.00013289874656408074,1
od550aer,2002,-0.00012052102488109562,1
od550aer,2003,-0.00014155619422633048,1
od550aer,2004,-0.00015676905257794305,1
