variable,year,value,unit
wetbc,2000,1.515000023874557e-13,kg m-2 s-1
wetbc,2001,1.4391937562625216e-13,kg m-2 s-1
wetbc,2002,1.6050022321450058e-13,kg m-2 s-1
wetbc,2003,1.6888470461312685e-13,kg m-2 s-1
wetbc,2004,1.8993228573483932e-13,kg m-2 s-1
