variable,year,value,unit
clt,2000,-0.026863369613778332,%
clt,2001,-0.013092601593960751,%
clt,2002,-0.08078182729703798,%
clt,2003,-0.005821288119918222,%
clt,2004,-0.0306594835788232,%
