variable,year,value,unit
rsutcs,2000,-0.0014652772435681527,W m-2
rsutcs,2001,-0.007151237549678058,W m-2
rsutcs,2002,-0.006990588210200599,W m-2
rsutcs,2003,0.003592752242624897,W m-2
rsutcs,2004,0.008850039522755537,W m-2
