variable,year,value,unit
wetso2,2001,-4.60431461713835e-16,kg m-2 s-1
wetso2,2002,1.8406460958411146e-15,kg m-2 s-1
wetso2,2003,2.7331993996015334e-15,kg m-2 s-1
wetso2,2004,8.304135865400728e-17,kg m-2 s-1
wetso2,2005,-6.610546523056318e-15,kg m-2 s-1
