variable,year,value,unit
mmrbc,2001,6.638076682645939e-13,kg kg-1
mmrbc,2002,-2.70695011827705e-12,kg kg-1
mmrbc,2003,1.6526727255514254e-12,kg kg-1
mmrbc,2004,1.5329001557334883e-13,kg kg-1
mmrbc,2005,-1.0269751085844777e-12,kg kg-1
