variable,year,value,unit
mmrso4,2000,3.3043079090007846e-12,kg kg-1
mmrso4,2001,4.151093026616356e-12,kg kg-1
mmrso4,2002,4.025075260128468e-12,kg kg-1
mmrso4,2003,5.2977518272389525e-12,kg kg-1
mmrso4,2004,4.76529286199372e-12,kg kg-1
mmrso4,2005,5.715704580616382e-12,kg kg-1
mmrso4,2006,4.61766547342025e-12,kg kg-1
mmrso4,2007,5.883860937445044e-12,kg kg-1
mmrso4,2008,5.55613784676563e-12,kg kg-1
mmrso4,2009,5.050289591235825e-12,kg kg-1
