variable,year,value,unit
dryso4,2001,-4.474878604627803e-14,kg m-2 s-1
dryso4,2002,3.311162385373949e-14,kg m-2 s-1
dryso4,2003,6.27051556389834e-14,kg m-2 s-1
dryso4,2004,2.203690816208474e-14,kg m-2 s-1
dryso4,2005,2.6550062394062477e-15,kg m-2 s-1
