variable,year,value,unit
emiso2,2000,-4.236211031504789e-14,kg m-2 s-1
emiso2,2001,-4.2019066328826115e-14,kg m-2 s-1
emiso2,2002,-4.26242874287596e-14,kg m-2 s-1
emiso2,2003,-4.2504805883397045e-14,kg m-2 s-1
emiso2,2004,-4.2555925987965705e-14,kg m-2 s-1
