variable,year,value,unit
wetso4,2000,3.1641737883262755e-14,kg m-2 s-1
wetso4,2001,3.497164728313451e-14,kg m-2 s-1
wetso4,2002,3.252811457163566e-14,kg m-2 s-1
wetso4,2003,3.5169730332316404e-14,kg m-2 s-1
wetso4,2004,3.1224113626796793e-14,kg m-2 s-1
