variable,year,value,unit
wetso4,2000,2.1133477232736086e-14,kg m-2 s-1
wetso4,2001,1.8973463210671182e-14,kg m-2 s-1
wetso4,2002,2.6267439629112595e-14,kg m-2 s-1
wetso4,2003,4.7333214387109774e-14,kg m-2 s-1
wetso4,2004,2.6718232783750476e-14,kg m-2 s-1
wetso4,2005,3.5998551459146014e-14,kg m-2 s-1
wetso4,2006,1.4047487060763146e-14,kg m-2 s-1
wetso4,2007,3.7227512698327065e-14,kg m-2 s-1
wetso4,2008,2.519905691047019e-14,kg m-2 s-1
wetso4,2009,3.4533121418675536e-14,kg m-2 s-1
