variable,year,value,unit
rsutcs,2000,0.0030304680375934367,W m-2
rsutcs,2001,0.007384278338378181,W m-2
rsutcs,2002,0.004510613319808954,W m-2
rsutcs,2003,0.0015156418274813177,W m-2
rsutcs,2004,-0.008249934472843279,W m-2
