variable,year,value,unit
mmrbc,2000,4.1180038579629485e-14,kg kg-1
mmrbc,2001,-1.1262857640155706e-14,kg kg-1
mmrbc,2002,-6.739131429014863e-15,kg kg-1
mmrbc,2003,-6.780290508924269e-14,kg kg-1
mmrbc,2004,1.721241303880625e-14,kg kg-1
mmrbc,2005,-8.538511467219195e-15,kg kg-1
mmrbc,2006,-1.673112611502928e-14,kg kg-1
mmrbc,2007,3.5421153615783084e-14,kg kg-1
mmrbc,2008,6.577942221043862e-15,kg kg-1
mmrbc,2009,-4.3978813521743854e-14,kg kg-1
