variable,year,value,unit
rsut,2000,-0.03262444272164089,W m-2
rsut,2001,-0.054899113649696574,W m-2
rsut,2002,-0.022356952557984755,W m-2
rsut,2003,0.05331872117787384,W m-2
rsut,2004,0.03002611008525946,W m-2
