variable,year,value,unit
drybc,2000,1.2205892727283196e-14,kg m-2 s-1
drybc,2001,1.566904484171217e-14,kg m-2 s-1
drybc,2002,1.3793637024590298e-14,kg m-2 s-1
drybc,2003,1.4985735931234034e-14,kg m-2 s-1
drybc,2004,1.5662143446310148e-14,kg m-2 s-1
