variable,year,value,unit
drybc,2000,3.579020800791639e-14,kg m-2 s-1
drybc,2001,4.1884353454859494e-14,kg m-2 s-1
drybc,2002,3.766179284867582e-14,kg m-2 s-1
drybc,2003,4.319299245246908e-14,kg m-2 s-1
drybc,2004,4.4196541145324715e-14,kg m-2 s-1
