variable,year,value,unit
drybc,2000,4.340333623199857e-15,kg m-2 s-1
drybc,2001,5.295661889213317e-15,kg m-2 s-1
drybc,2002,5.723569654675761e-15,kg m-2 s-1
drybc,2003,6.356913587450543e-15,kg m-2 s-1
drybc,2004,5.024255260637835e-15,kg m-2 s-1
