variable,year,value,unit
drybc,2000,1.1098805472968959e-14,kg m-2 s-1
drybc,2001,1.3526372430134938e-14,kg m-2 s-1
drybc,2002,1.3277839164222506e-14,kg m-2 s-1
drybc,2003,1.301994584910068e-14,kg m-2 s-1
drybc,2004,1.347632088353126e-14,kg m-2 s-1
