variable,year,value,unit
wetbc,2000,1.2762652955357656e-13,kg m-2 s-1
wetbc,2001,1.5052932488985243e-13,kg m-2 s-1
wetbc,2002,1.7270856695796615e-13,kg m-2 s-1
wetbc,2003,1.5594533094857899e-13,kg m-2 s-1
wetbc,2004,1.5933826292401426e-13,kg m-2 s-1
