variable,year,value,unit
loadso2,2000,2.1525873710468068e-07,kg m-2
loadso2,2001,2.134238272016063e-07,kg m-2
loadso2,2002,2.11818574801984e-07,kg m-2
loadso2,2003,2.1372642022298934e-07,kg m-2
loadso2,2004,2.4624886328091623e-07,kg m-2
