variable,year,value,unit
rsutcs,2000,0.2606221790079246,W m-2
rsutcs,2001,0.26551197640161206,W m-2
rsutcs,2002,0.2500428859663728,W m-2
rsutcs,2003,0.2611566087898183,W m-2
rsutcs,2004,0.28789864113272756,W m-2
