variable,year,value,unit
od550aer,2000,0.006951546092724609,1
od550aer,2001,0.007012762228966046,1
od550aer,2002,0.0067366351859337315,1
od550aer,2003,0.006920359732594805,1
od550aer,2004,0.007779488094912343,1
