variable,year,value,unit
clivi,2000,-7.690084773680217e-05,kg m-2
clivi,2001,7.140957724975638e-05,kg m-2
clivi,2002,-0.00016925985629838436,kg m-2
clivi,2003,-0.0003396636061176461,kg m-2
clivi,2004,-0.00026883201391895983,kg m-2
