variable,year,value,unit
od550aer,2000,0.02673446292013343,1
od550aer,2001,0.02675911454197423,1
od550aer,2002,0.02794500198136933,1
od550aer,2003,0.029635647194973372,1
od550aer,2004,0.030468304823314807,1
