variable,year,value,unit
od550aer,2000,0.6211759998945098,1
od550aer,2001,0.7184630147799033,1
od550aer,2002,1.107366670718277,1
od550aer,2003,1.1897393279957755,1
od550aer,2004,1.5279637326853355,1
