variable,year,value,unit
dryso2,2000,2.89273551975559e-13,kg m-2 s-1
dryso2,2001,2.804079535043208e-13,kg m-2 s-1
dryso2,2002,2.8125431056844876e-13,kg m-2 s-1
dryso2,2003,2.8761417553816036e-13,kg m-2 s-1
dryso2,2004,2.860051784284463e-13,kg m-2 s-1
