variable,year,value,unit
clt,2000,0.2286302935020501,%
clt,2001,0.20936236337585967,%
clt,2002,0.17698062919940583,%
clt,2003,0.22429145954326657,%
clt,2004,0.19048406582028576,%
