variable,year,value,unit
wetso4,2000,2.8063060531970447e-11,kg m-2 s-1
wetso4,2001,2.815011501794279e-11,kg m-2 s-1
wetso4,2002,2.905894598183752e-11,kg m-2 s-1
wetso4,2003,2.9425760131201764e-11,kg m-2 s-1
wetso4,2004,3.1484822312008516e-11,kg m-2 s-1
