variable,year,value,unit
emiso2,2000,2.398425676986154e-11,kg m-2 s-1
emiso2,2001,2.4001951769821614e-11,kg m-2 s-1
emiso2,2002,2.403078082790832e-11,kg m-2 s-1
emiso2,2003,2.5191450074741257e-11,kg m-2 s-1
emiso2,2004,2.635605755744853e-11,kg m-2 s-1
