variable,year,value,unit
emiso2,2000,2.3114182172319573e-11,kg m-2 s-1
emiso2,2001,2.32468601345661e-11,kg m-2 s-1
emiso2,2002,2.313954189774285e-11,kg m-2 s-1
emiso2,2003,2.4264511548436542e-11,kg m-2 s-1
emiso2,2004,2.5430991777079986e-11,kg m-2 s-1
