variable,year,value,unit
wetso4,2000,1.4687798065234916e-11,kg m-2 s-1
wetso4,2001,1.4666209576769468e-11,kg m-2 s-1
wetso4,2002,1.4870765576754275e-11,kg m-2 s-1
wetso4,2003,1.5407730464543307e-11,kg m-2 s-1
wetso4,2004,1.579812421933131e-11,kg m-2 s-1
