variable,year,value,unit
wetso4,2000,1.076124460946514e-11,kg m-2 s-1
wetso4,2001,1.076499407924421e-11,kg m-2 s-1
wetso4,2002,1.0939602819907942e-11,kg m-2 s-1
wetso4,2003,1.1377806489802523e-11,kg m-2 s-1
wetso4,2004,1.1963978214704776e-11,kg m-2 s-1
