variable,year,value,unit
emibc,2000,1.5359563965413258e-21,kg m-2 s-1
emibc,2001,-2.704936530131137e-21,kg m-2 s-1
emibc,2002,-9.312876830472472e-21,kg m-2 s-1
emibc,2003,-5.569040679449827e-22,kg m-2 s-1
emibc,2004,-4.522933533079015e-21,kg m-2 s-1
