variable,year,value,unit
emibc,2000,-4.5651487870223063e-23,kg m-2 s-1
emibc,2001,-6.321911730690739e-23,kg m-2 s-1
emibc,2002,1.6721597572851415e-22,kg m-2 s-1
emibc,2003,1.2677357622918061e-22,kg m-2 s-1
emibc,2004,8.72790656826734e-24,kg m-2 s-1
