variable,year,value,unit
drybc,2000,1.9079021455706806e-17,kg m-2 s-1
drybc,2001,1.671835146739518e-17,kg m-2 s-1
drybc,2002,-7.031784605876998e-17,kg m-2 s-1
drybc,2003,-1.27960033727792e-16,kg m-2 s-1
drybc,2004,1.2016523640860878e-17,kg m-2 s-1
