variable,year,value,unit
clt,2000,-0.01494060604586167,%
clt,2001,-0.03758883214181452,%
clt,2002,-0.020344232888170666,%
clt,2003,-0.023547179020077635,%
clt,2004,-0.03258066980732366,%
