variable,year,value,unit
clivi,2000,-2.948044481996398e-05,kg m-2
clivi,2001,-4.2689559240393846e-05,kg m-2
clivi,2002,-2.4161619053664207e-05,kg m-2
clivi,2003,-7.343598201757333e-05,kg m-2
clivi,2004,-2.3067075061469072e-05,kg m-2
