variable,year,value,unit
wetso2,2000,-6.438846286820625e-14,kg m-2 s-1
wetso2,2001,-6.925699532951282e-14,kg m-2 s-1
wetso2,2002,-6.124886654122008e-14,kg m-2 s-1
wetso2,2003,-6.122728437154898e-14,kg m-2 s-1
wetso2,2004,-6.853018906716922e-14,kg m-2 s-1
