variable,year,value,unit
rlut,2001,-0.009938107846153343,W m-2
rlut,2002,-0.018669483043112223,W m-2
rlut,2003,-0.012880017888249995,W m-2
rlut,2004,-0.009605057810205153,W m-2
