variable,year,value,unit
wetbc,2001,3.14480656804077e-16,kg m-2 s-1
wetbc,2002,4.580540030786422e-16,kg m-2 s-1
wetbc,2003,2.779523085118274e-16,kg m-2 s-1
wetbc,2004,3.849375662878856e-16,kg m-2 s-1
