variable,year,value,unit
so2,2000,-12.099986002962865,mol mol-1
so2,2001,-12.499736909562973,mol mol-1
so2,2002,-11.871685537209846,mol mol-1
so2,2003,-12.03146752030263,mol mol-1
so2,2004,-12.188620091733727,mol mol-1
