variable,year,value,unit
rlutcs,2000,4.9502125084184656e-05,W m-2
rlutcs,2001,5.306301542526538e-05,W m-2
rlutcs,2002,0.00011948854713612392,W m-2
rlutcs,2003,6.900545887200914e-05,W m-2
rlutcs,2004,0.00015716698882373205,W m-2
