variable,year,value,unit
dryso2,2000,-6.7987486757015185,kg m-2 s-1
dryso2,2001,-7.107767853616119,kg m-2 s-1
dryso2,2002,-6.800612904766969,kg m-2 s-1
dryso2,2003,-6.943427520002879,kg m-2 s-1
dryso2,2004,-7.180609448678784,kg m-2 s-1
