variable,year,value,unit
cl,2000,-0.3093386143084221,%
cl,2001,0.27156280717877707,%
cl,2002,0.12398170597105647,%
cl,2003,0.5572129560049568,%
cl,2004,0.262758658520479,%
