variable,year,value,unit
od550aer,2000,-1.0390990643963358,1
od550aer,2001,-0.7902811569565182,1
od550aer,2002,-0.5827065444022903,1
od550aer,2003,-0.6773374890442879,1
od550aer,2004,-0.6955852278898114,1
