variable,year,value,unit
rsut,2000,-1.7955663802145614,W m-2
rsut,2001,-1.8623349489754588,W m-2
rsut,2002,-1.548700359017265,W m-2
rsut,2003,-1.6647602230660714,W m-2
rsut,2004,-1.8417414724460408,W m-2
