variable,year,value,unit
dryso4,2000,-3.9672904584669406,kg m-2 s-1
dryso4,2001,-3.930298299205104,kg m-2 s-1
dryso4,2002,-3.8251711381128444,kg m-2 s-1
dryso4,2003,-3.7870033557144245,kg m-2 s-1
dryso4,2004,-4.221770307561877,kg m-2 s-1
