variable,year,value,unit
so2,2000,-10.452691230479703,mol mol-1
so2,2001,-9.766532018368558,mol mol-1
so2,2002,-9.937722022400008,mol mol-1
so2,2003,-10.212239700142893,mol mol-1
so2,2004,-11.497292145500676,mol mol-1
