variable,year,value,unit
wetso2,2000,-5.190444548579212,kg m-2 s-1
wetso2,2001,-4.748625873143357,kg m-2 s-1
wetso2,2002,-4.910365356802637,kg m-2 s-1
wetso2,2003,-4.877826065216703,kg m-2 s-1
wetso2,2004,-5.331636900608979,kg m-2 s-1
