variable,year,value,unit
mmrbc,2000,0.039944280619034885,kg kg-1
mmrbc,2001,0.024113595814717167,kg kg-1
mmrbc,2002,0.21941738517298393,kg kg-1
mmrbc,2003,-0.1378157152569756,kg kg-1
mmrbc,2004,0.07745171243557873,kg kg-1
