variable,year,value,unit
wetso4,2000,-1.3696091951991534e-12,kg m-2 s-1
wetso4,2001,-1.3296503788117883e-12,kg m-2 s-1
wetso4,2002,-1.2615127210976122e-12,kg m-2 s-1
wetso4,2003,-1.2709472343512711e-12,kg m-2 s-1
wetso4,2004,-1.3771070030305085e-12,kg m-2 s-1
