variable,year,value,unit
dryso4,2000,-1.6642359458794312e-13,kg m-2 s-1
dryso4,2001,-1.530033527958767e-13,kg m-2 s-1
dryso4,2002,-1.3875372239247096e-13,kg m-2 s-1
dryso4,2003,-1.3654623500330467e-13,kg m-2 s-1
dryso4,2004,-1.5818768512351074e-13,kg m-2 s-1
