variable,year,value,unit
clt,2000,-0.013571770460288235,%
clt,2001,0.0020696329340950115,%
clt,2002,0.022622448896193248,%
clt,2003,-0.005615468567064852,%
clt,2004,-0.01009173919227635,%
