variable,year,value,unit
dryso2,2000,7.680172579412088e-14,kg m-2 s-1
dryso2,2001,4.996575698564812e-14,kg m-2 s-1
dryso2,2002,8.851598453054743e-14,kg m-2 s-1
dryso2,2003,5.754944908037789e-14,kg m-2 s-1
dryso2,2004,2.483459718464821e-16,kg m-2 s-1
