variable,year,value,unit
so2,2000,-1.2756448355614517e-11,mol mol-1
so2,2001,-1.2980434224926301e-11,mol mol-1
so2,2002,-1.2227641319405345e-11,mol mol-1
so2,2003,-1.2997135705493311e-11,mol mol-1
so2,2004,-1.076650622915743e-11,mol mol-1
