variable,year,value,unit
mmrbc,2000,3.3037452648407216e-11,kg kg-1
mmrbc,2001,3.366054304894278e-11,kg kg-1
mmrbc,2002,3.4093605290149144e-11,kg kg-1
mmrbc,2003,3.53863074834822e-11,kg kg-1
mmrbc,2004,3.4870059301475506e-11,kg kg-1
