variable,year,value,unit
od550aer,2000,0.1986446839230229,1
od550aer,2001,0.1899407935124953,1
od550aer,2002,0.1926473486460013,1
od550aer,2003,0.18107611178986593,1
od550aer,2004,0.18426780858987798,1
