variable,year,value,unit
loadso2,2000,1.7851430432569007e-06,kg m-2
loadso2,2001,1.845739170396143e-06,kg m-2
loadso2,2002,1.8865738698775774e-06,kg m-2
loadso2,2003,1.9685635229751803e-06,kg m-2
loadso2,2004,2.002017218923461e-06,kg m-2
