variable,year,value,unit
drybc,2000,0.06004422403465344,kg m-2 s-1
drybc,2001,0.0015262287619820028,kg m-2 s-1
drybc,2002,-0.01386779117620113,kg m-2 s-1
drybc,2003,-0.037692843213726526,kg m-2 s-1
drybc,2004,0.07385695867428338,kg m-2 s-1
