variable,year,value,unit
rsdt,2000,3.7554122645800285e-08,W m-2
rsdt,2001,6.993937411597249e-08,W m-2
rsdt,2002,7.907755153331758e-08,W m-2
rsdt,2003,2.358436707651231e-07,W m-2
rsdt,2004,6.39399649215747e-08,W m-2
