variable,year,value,unit
clt,2000,-0.169640246977123,%
clt,2001,-0.16292381287418747,%
clt,2002,-0.041864839448472364,%
clt,2003,-0.09003572556131201,%
clt,2004,-0.043484156998602544,%
