variable,year,value,unit
od550aer,2000,-0.7825519166260915,1
od550aer,2001,-0.8055625002236196,1
od550aer,2002,-0.5464340942783669,1
od550aer,2003,-1.185602670520531,1
od550aer,2004,-0.815047230647105,1
