variable,year,value,unit
drybc,2000,0.02545571109084475,kg m-2 s-1
drybc,2001,0.004036256958572343,kg m-2 s-1
drybc,2002,0.012832838996993876,kg m-2 s-1
drybc,2003,0.06725344336997395,kg m-2 s-1
drybc,2004,-0.011471821664786962,kg m-2 s-1
