variable,year,value,unit
clivi,2000,-0.9798568190316684,kg m-2
clivi,2001,-1.3071062530055069,kg m-2
clivi,2002,-1.4962387890895719,kg m-2
clivi,2003,-1.578236473011001,kg m-2
clivi,2004,-1.0968074991994305,kg m-2
