variable,year,value,unit
od550aer,2000,-0.6026008352947815,1
od550aer,2001,-0.7020141191779598,1
od550aer,2002,-0.6686396298695522,1
od550aer,2003,-0.387770224300454,1
od550aer,2004,-0.44049785494451155,1
