variable,year,value,unit
mmrso4,2000,-0.002899069989670848,kg kg-1
mmrso4,2001,0.24750192827988388,kg kg-1
mmrso4,2002,0.17851129328774773,kg kg-1
mmrso4,2003,0.3044204909304343,kg kg-1
mmrso4,2004,0.37897885710093465,kg kg-1
