variable,year,value,unit
wetso4,2000,0.14763057303259203,kg m-2 s-1
wetso4,2001,0.1462620361559712,kg m-2 s-1
wetso4,2002,0.1795413472071547,kg m-2 s-1
wetso4,2003,0.1784638992192395,kg m-2 s-1
wetso4,2004,0.15579543473684412,kg m-2 s-1
