variable,year,value,unit
wetso2,2000,0.01763276055745681,kg m-2 s-1
wetso2,2001,-0.008125785716268808,kg m-2 s-1
wetso2,2002,0.2716380831248157,kg m-2 s-1
wetso2,2003,0.11629189334620524,kg m-2 s-1
wetso2,2004,-0.018807866540402243,kg m-2 s-1
