variable,year,value,unit
wetso2,2000,0.013566684839859448,kg m-2 s-1
wetso2,2001,0.11471535345660591,kg m-2 s-1
wetso2,2002,0.07374771175987893,kg m-2 s-1
wetso2,2003,0.07572199707076056,kg m-2 s-1
wetso2,2004,0.05580777212341542,kg m-2 s-1
