variable,year,value,unit
cltc,2000,-0.005073748602054287,%
cltc,2001,0.029599006474503555,%
cltc,2002,0.013958832064327414,%
cltc,2003,-0.02487634412626922,%
cltc,2004,-0.01788600240148257,%
