variable,year,value,unit
emibc,2000,-2.8235953425622056e-06,kg m-2 s-1
emibc,2001,-2.801491722458134e-06,kg m-2 s-1
emibc,2002,1.6366887820926015e-05,kg m-2 s-1
emibc,2003,-8.683139823404164e-06,kg m-2 s-1
emibc,2004,-1.1094757827798216e-05,kg m-2 s-1
