variable,year,value,unit
emibc,2001,0.017009234008132222,kg m-2 s-1
emibc,2002,-3.4269362880110355e-08,kg m-2 s-1
emibc,2003,0.006680100748632753,kg m-2 s-1
emibc,2004,0.015323526471509481,kg m-2 s-1
emibc,2005,4.419006202474133e-07,kg m-2 s-1
