variable,year,value,unit
wetbc,2000,-0.0817874656440012,kg m-2 s-1
wetbc,2001,-0.4087762064054699,kg m-2 s-1
wetbc,2002,-0.10542215164683016,kg m-2 s-1
wetbc,2003,-0.12841820560738473,kg m-2 s-1
wetbc,2004,0.17491095272565987,kg m-2 s-1
