variable,year,value,unit
clt,2000,-0.04948124782750141,%
clt,2001,-0.034436776678521505,%
clt,2002,-0.010339538189757762,%
clt,2003,0.0028037993738667497,%
clt,2004,0.00472735582231227,%
