variable,year,value,unit
rlutcs,2000,0.000374700239413141,W m-2
rlutcs,2001,-0.002889721014228371,W m-2
rlutcs,2002,0.006358132197403545,W m-2
rlutcs,2003,-0.0038403958766356962,W m-2
rlutcs,2004,-0.006220207248651569,W m-2
