variable,year,value,unit
loadso2,2000,-0.1298507517918448,kg m-2
loadso2,2001,-0.25709529097254996,kg m-2
loadso2,2002,-0.2778515944064901,kg m-2
loadso2,2003,-0.11762235660622614,kg m-2
loadso2,2004,-0.20642315991862187,kg m-2
