variable,year,value,unit
mmrso4,2000,2.320810005243463e-10,kg kg-1
mmrso4,2001,2.262265383465706e-10,kg kg-1
mmrso4,2002,2.3348990034208e-10,kg kg-1
mmrso4,2003,2.2957738654492816e-10,kg kg-1
mmrso4,2004,2.295281794747288e-10,kg kg-1
