variable,year,value,unit
rlutcs,2000,213.50545512042032,W m-2
rlutcs,2001,213.35159741118267,W m-2
rlutcs,2002,213.90183477526514,W m-2
rlutcs,2003,213.63966376721731,W m-2
rlutcs,2004,213.78996962622801,W m-2
