variable,year,value,unit
wetso4,2000,5.213878737228366e-12,kg m-2 s-1
wetso4,2001,4.9462119366014e-12,kg m-2 s-1
wetso4,2002,4.989888520648023e-12,kg m-2 s-1
wetso4,2003,5.266592361222854e-12,kg m-2 s-1
wetso4,2004,4.941659802625337e-12,kg m-2 s-1
