variable,year,value,unit
so2,2000,2.9466505349187596e-10,mol mol-1
so2,2001,2.952681267643768e-10,mol mol-1
so2,2002,2.824889687573249e-10,mol mol-1
so2,2003,2.7105114402705165e-10,mol mol-1
so2,2004,2.4172382279029266e-10,mol mol-1
