variable,year,value,unit
loadso4,2000,6.834303903444798e-07,kg m-2
loadso4,2001,7.227011837547647e-07,kg m-2
loadso4,2002,7.11415340778176e-07,kg m-2
loadso4,2003,7.000058578216015e-07,kg m-2
loadso4,2004,7.138461638182198e-07,kg m-2
