variable,year,value,unit
loadso4,2000,1.3297337427466855e-06,kg m-2
loadso4,2001,1.3432049430733619e-06,kg m-2
loadso4,2002,1.3616673618972875e-06,kg m-2
loadso4,2003,1.288551603952538e-06,kg m-2
loadso4,2004,1.3994604152839487e-06,kg m-2
