variable,year,value,unit
rlutcs,2000,212.9253610882994,W m-2
rlutcs,2001,213.23010187725166,W m-2
rlutcs,2002,213.89655765255617,W m-2
rlutcs,2003,214.546898709124,W m-2
rlutcs,2004,212.74316244990118,W m-2
