variable,year,value,unit
wetso4,2000,3.771638391610096e-12,kg m-2 s-1
wetso4,2001,3.614378918894477e-12,kg m-2 s-1
wetso4,2002,3.784943680946541e-12,kg m-2 s-1
wetso4,2003,3.79944960090378e-12,kg m-2 s-1
wetso4,2004,3.322747917229726e-12,kg m-2 s-1
