variable,year,value,unit
cl,2000,39.446717550337254,%
cl,2001,39.28790006837081,%
cl,2002,38.839978870044156,%
cl,2003,39.83080784027848,%
cl,2004,40.22371774129727,%
