variable,year,value,unit
wetbc,2000,9.783393991420833e-14,kg m-2 s-1
wetbc,2001,1.2074742845476783e-13,kg m-2 s-1
wetbc,2002,1.1349456060359232e-13,kg m-2 s-1
wetbc,2003,1.0187457091826687e-13,kg m-2 s-1
wetbc,2004,1.0514653767126285e-13,kg m-2 s-1
