variable,year,value,unit
rlut,2000,196.80223868157404,W m-2
rlut,2001,197.31787182513037,W m-2
rlut,2002,198.09109044940564,W m-2
rlut,2003,198.2358531554437,W m-2
rlut,2004,196.84920932406231,W m-2
