variable,year,value,unit
emibc,2000,7.192096460490214e-14,kg m-2 s-1
emibc,2001,3.9019571287215656e-14,kg m-2 s-1
emibc,2002,5.230081247264612e-14,kg m-2 s-1
emibc,2003,6.849169063619338e-14,kg m-2 s-1
emibc,2004,6.438476467432725e-14,kg m-2 s-1
