variable,year,value,unit
wetso4,2001,1.1816239991881705e-12,kg m-2 s-1
wetso4,2002,1.122878520961908e-12,kg m-2 s-1
wetso4,2003,1.0629919369468403e-12,kg m-2 s-1
wetso4,2004,1.3170677448473632e-12,kg m-2 s-1
