variable,year,value,unit
rlutcs,2000,-0.06104146066991234,W m-2
rlutcs,2001,-0.09260108230972719,W m-2
rlutcs,2002,-0.10737589976531581,W m-2
rlutcs,2003,-0.07016185916984341,W m-2
rlutcs,2004,-0.14891354057829176,W m-2
