variable,year,value,unit
mmrso4,2001,4.531657941519826e-10,kg kg-1
mmrso4,2002,4.25099980667407e-10,kg kg-1
mmrso4,2003,4.3992871177957155e-10,kg kg-1
mmrso4,2004,4.764946031759188e-10,kg kg-1
