variable,year,value,unit
mmrso4,2000,2.8546917143040794e-10,kg kg-1
mmrso4,2001,3.322366645134528e-10,kg kg-1
mmrso4,2002,3.947500305721534e-10,kg kg-1
mmrso4,2003,2.9474893565779217e-10,kg kg-1
mmrso4,2004,4.05469266030259e-10,kg kg-1
