variable,year,value,unit
wetbc,2000,-3.110007785001423e-16,kg m-2 s-1
wetbc,2001,7.814358890321776e-16,kg m-2 s-1
wetbc,2002,7.24235243896932e-16,kg m-2 s-1
wetbc,2003,-2.641044673074467e-15,kg m-2 s-1
wetbc,2004,-1.1400247512226514e-15,kg m-2 s-1
