variable,year,value,unit
mmrso4,2001,3.318681014968156e-10,kg kg-1
mmrso4,2002,3.104751386013294e-10,kg kg-1
mmrso4,2003,4.0811038309395244e-10,kg kg-1
mmrso4,2004,4.686672757100812e-10,kg kg-1
