variable,year,value,unit
od550aer,2000,0.005885735828304067,1
od550aer,2001,0.0059042849236628225,1
od550aer,2002,0.007015523111178479,1
od550aer,2003,0.0038070838634652604,1
od550aer,2004,0.006869765499486952,1
