variable,year,value,unit
rsutcs,2001,-0.03257024951771825,W m-2
rsutcs,2002,0.06280570679966502,W m-2
rsutcs,2003,0.05691755006277788,W m-2
rsutcs,2004,0.04084073630107099,W m-2
