variable,year,value,unit
emiso2,2001,1.9786657045312094e-20,kg m-2 s-1
emiso2,2002,4.886451126899453e-21,kg m-2 s-1
emiso2,2003,-1.7101195799613083e-21,kg m-2 s-1
emiso2,2004,3.12323366019563e-21,kg m-2 s-1
