variable,year,value,unit
od550aer,2000,0.00620353225264339,1
od550aer,2001,0.006183397306860738,1
od550aer,2002,0.007646747494885503,1
od550aer,2003,0.00902735531691154,1
od550aer,2004,0.007816814030069508,1
