variable,year,value,unit
loadso2,2000,1.252398638618619e-07,kg m-2
loadso2,2001,1.3760257490412126e-07,kg m-2
loadso2,2002,1.6672668108865866e-07,kg m-2
loadso2,2003,1.549525584681287e-07,kg m-2
loadso2,2004,2.168473055921177e-07,kg m-2
