variable,year,value,unit
cltc,2000,-0.008163320080836423,%
cltc,2001,-0.0012392283398483528,%
cltc,2002,-0.0037199431888911283,%
cltc,2003,0.009833383135511076,%
cltc,2004,0.007167031802440604,%
