variable,year,value,unit
dryso4,2000,7.196702942921396e-13,kg m-2 s-1
dryso4,2001,7.570116760412176e-13,kg m-2 s-1
dryso4,2002,7.341677251679074e-13,kg m-2 s-1
dryso4,2003,7.716376819227638e-13,kg m-2 s-1
dryso4,2004,8.547502802548813e-13,kg m-2 s-1
