variable,year,value,unit
mmrbc,2000,5.534857649123974e-13,kg kg-1
mmrbc,2001,6.011682993395825e-13,kg kg-1
mmrbc,2002,1.078824341995967e-12,kg kg-1
mmrbc,2003,1.8580186954733614e-12,kg kg-1
mmrbc,2004,5.648939939555751e-13,kg kg-1
