variable,year,value,unit
loadso2,2000,3.89717613820994e-07,kg m-2
loadso2,2001,3.9213040807412227e-07,kg m-2
loadso2,2002,3.8093768044933406e-07,kg m-2
loadso2,2003,3.722588558626923e-07,kg m-2
loadso2,2004,4.342460017379346e-07,kg m-2
