variable,year,value,unit
wetso4,2000,2.7831735065666562e-12,kg m-2 s-1
wetso4,2001,3.0685392343026345e-12,kg m-2 s-1
wetso4,2002,2.8976590129329465e-12,kg m-2 s-1
wetso4,2003,2.9973134955214837e-12,kg m-2 s-1
wetso4,2004,3.151941154012139e-12,kg m-2 s-1
