variable,year,value,unit
emibc,2000,-9.594531866912102e-22,kg m-2 s-1
emibc,2001,9.23394127521617e-23,kg m-2 s-1
emibc,2002,-8.391461304940669e-22,kg m-2 s-1
emibc,2003,9.773402984836218e-22,kg m-2 s-1
emibc,2004,-2.3072780460746923e-23,kg m-2 s-1
