variable,year,value,unit
loadbc,2000,-1.7814551235972781e-10,kg m-2
loadbc,2001,-3.9250808739310503e-10,kg m-2
loadbc,2002,4.874327486154629e-11,kg m-2
loadbc,2003,-1.7033502301609386e-10,kg m-2
loadbc,2004,-7.9135452703651e-11,kg m-2
