variable,year,value,unit
loadso2,2000,8.305891374063313e-07,kg m-2
loadso2,2001,8.574932455330139e-07,kg m-2
loadso2,2002,8.593080418846112e-07,kg m-2
loadso2,2003,8.510892594834854e-07,kg m-2
loadso2,2004,8.956820947007707e-07,kg m-2
