variable,year,value,unit
rsut,2000,0.07049811465758182,W m-2
rsut,2001,-1.2854374272122584,W m-2
rsut,2002,0.047630879748354005,W m-2
rsut,2003,-0.11473610386221367,W m-2
rsut,2004,-0.35460098672506035,W m-2
