variable,year,value,unit
wetbc,2001,2.36863176541767e-16,kg m-2 s-1
wetbc,2002,7.54450452589687e-16,kg m-2 s-1
wetbc,2003,-9.088953219440778e-17,kg m-2 s-1
wetbc,2004,4.6376990762456e-16,kg m-2 s-1
