variable,year,value,unit
wetso2,2000,3.868066171878548e-13,kg m-2 s-1
wetso2,2001,4.0520715457156635e-13,kg m-2 s-1
wetso2,2002,4.071260921239694e-13,kg m-2 s-1
wetso2,2003,3.982362955388603e-13,kg m-2 s-1
wetso2,2004,4.3298374987544044e-13,kg m-2 s-1
