variable,year,value,unit
rsut,2000,1.1218330779237817,W m-2
rsut,2001,1.084829903143273,W m-2
rsut,2002,1.3928425321729065,W m-2
rsut,2003,1.2691999571110415,W m-2
rsut,2004,0.9991147042552768,W m-2
