variable,year,value,unit
od550aer,2001,0.0090892643964606,1
od550aer,2002,0.009011888909626425,1
od550aer,2003,0.009311954015420482,1
od550aer,2004,0.010653181845487109,1
