variable,year,value,unit
so2,2000,-3.9852649386605394e-11,mol mol-1
so2,2001,-3.840962426193257e-11,mol mol-1
so2,2002,-4.081290387538561e-11,mol mol-1
so2,2003,-4.5186716219030775e-11,mol mol-1
so2,2004,-4.4959725620852204e-11,mol mol-1
