variable,year,value,unit
loadso2,2000,2.6483298717487345e-07,kg m-2
loadso2,2001,2.524305574258525e-07,kg m-2
loadso2,2002,2.703326356245031e-07,kg m-2
loadso2,2003,2.964635244560532e-07,kg m-2
loadso2,2004,2.877672664264604e-07,kg m-2
