variable,year,value,unit
rsdt,2000,3.2282304118780303e-07,W m-2
rsdt,2001,7.316578489735548e-07,W m-2
rsdt,2002,-1.2294333373574773e-07,W m-2
rsdt,2003,-1.3297861869432381e-06,W m-2
rsdt,2004,2.709979867177026e-07,W m-2
