variable,year,value,unit
rlutcs,2001,-0.026562505816741577,W m-2
rlutcs,2002,-0.05672048364385773,W m-2
rlutcs,2003,-0.04862933211586551,W m-2
rlutcs,2004,-0.015427917075953701,W m-2
