variable,year,value,unit
wetso2,2000,2.281933860335649,kg m-2 s-1
wetso2,2001,2.2973385179213084,kg m-2 s-1
wetso2,2002,3.4613470985455805,kg m-2 s-1
wetso2,2003,2.6634390537944483,kg m-2 s-1
wetso2,2004,4.612286514146192,kg m-2 s-1
