variable,year,value,unit
drybc,2000,-1.5351472535152944,kg m-2 s-1
drybc,2001,-1.1064585130117544,kg m-2 s-1
drybc,2002,-1.1497490198619802,kg m-2 s-1
drybc,2003,-0.33396558703662776,kg m-2 s-1
drybc,2004,-0.04841479054607472,kg m-2 s-1
