variable,year,value,unit
wetbc,2000,0.009955772660559806,kg m-2 s-1
wetbc,2001,0.042997035872783355,kg m-2 s-1
wetbc,2002,0.04306156459028044,kg m-2 s-1
wetbc,2003,0.1234222434895396,kg m-2 s-1
wetbc,2004,-0.009605384232161236,kg m-2 s-1
