variable,year,value,unit
mmrbc,2000,0.023330835793547087,kg kg-1
mmrbc,2001,-0.09955736010906131,kg kg-1
mmrbc,2002,-0.05043572778723193,kg kg-1
mmrbc,2003,-0.06864859291327666,kg kg-1
mmrbc,2004,-0.02685573711374374,kg kg-1
