variable,year,value,unit
rsutcs,2000,0.10166223760184148,W m-2
rsutcs,2001,0.09738224390286274,W m-2
rsutcs,2002,0.027418169483018125,W m-2
rsutcs,2003,-0.0028041946446934344,W m-2
rsutcs,2004,0.16118452584762982,W m-2
