variable,year,value,unit
drybc,2000,-0.022663978279282244,kg m-2 s-1
drybc,2001,0.8992700653878579,kg m-2 s-1
drybc,2002,-0.41268999886080826,kg m-2 s-1
drybc,2003,0.22064415592524017,kg m-2 s-1
drybc,2004,-0.5309448616952368,kg m-2 s-1
