variable,year,value,unit
wetso4,2000,-3.5498229554121e-14,kg m-2 s-1
wetso4,2001,-3.5577767693943056e-14,kg m-2 s-1
wetso4,2002,-3.6298438964297964e-14,kg m-2 s-1
wetso4,2003,-4.461960143485467e-14,kg m-2 s-1
wetso4,2004,-4.2716926763810676e-14,kg m-2 s-1
