variable,year,value,unit
loadbc,2000,2.3382684980605844e-10,kg m-2
loadbc,2001,5.324627686478858e-11,kg m-2
loadbc,2002,6.200204790289431e-10,kg m-2
loadbc,2003,7.137708500517612e-10,kg m-2
loadbc,2004,6.072082115614077e-10,kg m-2
