variable,year,value,unit
dryso4,2001,-1.5728823707821556e-14,kg m-2 s-1
dryso4,2002,-1.539457316451067e-14,kg m-2 s-1
dryso4,2003,-1.5575633641553e-14,kg m-2 s-1
dryso4,2004,-1.5575351118589932e-14,kg m-2 s-1
