variable,year,value,unit
wetbc,2000,5.177560831039664e-17,kg m-2 s-1
wetbc,2001,-4.4211944412401915e-16,kg m-2 s-1
wetbc,2002,3.3781251397722784e-16,kg m-2 s-1
wetbc,2003,-2.4770771919665073e-17,kg m-2 s-1
wetbc,2004,-1.5379932932722193e-16,kg m-2 s-1
