variable,year,value,unit
dms,2000,-2.102058795360535e-14,mol mol-1
dms,2001,-4.6042187516596244e-14,mol mol-1
dms,2002,-2.926297237276847e-14,mol mol-1
dms,2003,-8.501808692523396e-14,mol mol-1
dms,2004,-5.25561255290116e-14,mol mol-1
