variable,year,value,unit
clivi,2000,-5.337838055126387e-06,kg m-2
clivi,2001,-3.081897355955432e-06,kg m-2
clivi,2002,-6.5189364702768204e-06,kg m-2
clivi,2003,-2.7866736501307512e-05,kg m-2
clivi,2004,-1.930316471583128e-05,kg m-2
