variable,year,value,unit
rsut,2000,1.0246492244431948,W m-2
rsut,2001,0.2512743676616367,W m-2
rsut,2002,-0.012191837110819392,W m-2
rsut,2003,-0.019880783972269,W m-2
rsut,2004,0.0011874836485503693,W m-2
