variable,year,value,unit
rsut,2001,-0.027928970966300426,W m-2
rsut,2002,-0.02261338095439669,W m-2
rsut,2003,-0.04238447926503852,W m-2
rsut,2004,-0.027081192376925856,W m-2
