variable,year,value,unit
od550aer,2001,-0.00023961084185375459,1
od550aer,2002,-0.00021410151908067554,1
od550aer,2003,0.00012174930500091774,1
od550aer,2004,0.00011209589807072151,1
