variable,year,value,unit
rlut,2001,0.020033459421910038,W m-2
rlut,2002,0.0046975699016229555,W m-2
rlut,2003,-0.005068647524979042,W m-2
rlut,2004,0.013191635623115872,W m-2
