variable,year,value,unit
dms,2000,-7.695871915519933e-14,mol mol-1
dms,2001,-5.188561062930841e-14,mol mol-1
dms,2002,-8.303738743092933e-16,mol mol-1
dms,2003,6.285144917341464e-15,mol mol-1
dms,2004,-5.814375538643267e-15,mol mol-1
