variable,year,value,unit
loadso2,2000,2.028752370315296e-08,kg m-2
loadso2,2001,2.1424526856834332e-08,kg m-2
loadso2,2002,2.1701870402809638e-08,kg m-2
loadso2,2003,1.9363986175841276e-08,kg m-2
loadso2,2004,1.5002884144089352e-08,kg m-2
