variable,year,value,unit
so2,2001,1.363032563578341e-11,mol mol-1
so2,2002,1.5295244748176808e-11,mol mol-1
so2,2003,1.5011689337960634e-11,mol mol-1
so2,2004,1.5405116300482715e-11,mol mol-1
