variable,year,value,unit
so2,2000,9.319451115286643e-12,mol mol-1
so2,2001,9.421759159552121e-12,mol mol-1
so2,2002,9.034432992984668e-12,mol mol-1
so2,2003,9.432942894971985e-12,mol mol-1
so2,2004,8.676393496424323e-12,mol mol-1
