variable,year,value,unit
mmrbc,2001,-9.270316218026481e-14,kg kg-1
mmrbc,2002,-1.0801063588030849e-13,kg kg-1
mmrbc,2003,-1.2585148837913018e-13,kg kg-1
mmrbc,2004,-1.2305365414116549e-13,kg kg-1
