variable,year,value,unit
wetso4,2001,-2.7227596861003363e-14,kg m-2 s-1
wetso4,2002,-2.5923640129910124e-14,kg m-2 s-1
wetso4,2003,-2.692268276455254e-14,kg m-2 s-1
wetso4,2004,-2.5355606099885594e-14,kg m-2 s-1
