variable,year,value,unit
mmrbc,2001,-2.3178166710616756e-14,kg kg-1
mmrbc,2002,-4.518700990846982e-15,kg kg-1
mmrbc,2003,-4.1498579511327304e-15,kg kg-1
mmrbc,2004,1.8542166234525056e-14,kg kg-1
