variable,year,value,unit
wetbc,2001,-1.5162613403499234e-16,kg m-2 s-1
wetbc,2002,1.0828683894933648e-16,kg m-2 s-1
wetbc,2003,4.728925961878076e-17,kg m-2 s-1
wetbc,2004,2.2367119013405717e-17,kg m-2 s-1
