variable,year,value,unit
rsutcs,2001,0.09084520502425164,W m-2
rsutcs,2002,-0.045898248753317716,W m-2
rsutcs,2003,0.04985240648387901,W m-2
rsutcs,2004,-0.0029368779730845063,W m-2
