variable,year,value,unit
od550aer,2001,-6.407479411687719e-05,1
od550aer,2002,-0.00015574943045981032,1
od550aer,2003,0.0017931351519650043,1
od550aer,2004,0.0008347279385460503,1
