variable,year,value,unit
wetso2,2000,3.942098398409184e-15,kg m-2 s-1
wetso2,2001,4.1105815239540016e-15,kg m-2 s-1
wetso2,2002,3.870329809917431e-15,kg m-2 s-1
wetso2,2003,5.167426236745704e-15,kg m-2 s-1
wetso2,2004,4.842766824634828e-15,kg m-2 s-1
