variable,year,value,unit
mmrbc,2000,-5.980396385456043e-14,kg kg-1
mmrbc,2001,-4.23476631127841e-14,kg kg-1
mmrbc,2002,1.8507583298650138e-13,kg kg-1
mmrbc,2003,3.023921498642983e-14,kg kg-1
mmrbc,2004,-4.083370736655111e-14,kg kg-1
