variable,year,value,unit
rlut,2000,-0.01165013350041022,W m-2
rlut,2001,-0.019619899201188673,W m-2
rlut,2002,0.018856434763648622,W m-2
rlut,2003,-0.029882530322538514,W m-2
rlut,2004,-0.0020108384222794484,W m-2
