variable,year,value,unit
mmrso4,2000,-2.0223428428216873e-11,kg kg-1
mmrso4,2001,-1.7451846660627248e-11,kg kg-1
mmrso4,2002,-1.9620529089811465e-11,kg kg-1
mmrso4,2003,-1.6820148019989654e-11,kg kg-1
mmrso4,2004,-1.4778172830210243e-11,kg kg-1
