variable,year,value,unit
cltc,2000,0.008030801662772369,%
cltc,2001,0.013793107977896568,%
cltc,2002,-0.004465928520163143,%
cltc,2003,0.001816048255245839,%
cltc,2004,-0.01327098428843776,%
