variable,year,value,unit
loadbc,2000,1.6532744067287964e-12,kg m-2
loadbc,2001,-2.0284815641547946e-12,kg m-2
loadbc,2002,-9.496727292815834e-12,kg m-2
loadbc,2003,2.6596491471370437e-13,kg m-2
loadbc,2004,6.846524433913117e-13,kg m-2
