variable,year,value,unit
emiso2,2000,5.4563975676747634e-14,kg m-2 s-1
emiso2,2001,5.76843033120577e-14,kg m-2 s-1
emiso2,2002,5.656752576888883e-14,kg m-2 s-1
emiso2,2003,5.681239805644283e-14,kg m-2 s-1
emiso2,2004,5.5123722754256337e-14,kg m-2 s-1
