variable,year,value,unit
rsut,2000,-0.019744873,W m-2
rsut,2001,-0.030815125,W m-2
rsut,2002,-0.036460876,W m-2
rsut,2003,-0.013671875,W m-2
rsut,2004,0.0129852295,W m-2
