variable,year,value,unit
dms,2000,9.020562e-15,mol mol-1
dms,2001,1.3725132e-14,mol mol-1
dms,2002,-1.844358e-14,mol mol-1
dms,2003,3.5388359e-15,mol mol-1
dms,2004,4.440892e-15,mol mol-1
