variable,year,value,unit
rlut,2000,-0.013942859725915469,W m-2
rlut,2001,-0.012739500906548074,W m-2
rlut,2002,-0.014642955509117428,W m-2
rlut,2003,-0.01776011645085873,W m-2
rlut,2004,-0.024604019196516447,W m-2
