variable,year,value,unit
mmrso4,2005,-1.4726498e-11,kg kg-1
mmrso4,2006,-1.5756396e-11,kg kg-1
mmrso4,2007,-1.6919743e-11,kg kg-1
mmrso4,2008,-1.7664481e-11,kg kg-1
mmrso4,2009,-1.3730239e-11,kg kg-1
