variable,year,value,unit
emibc,2000,-4.6485319703545033e-20,kg m-2 s-1
emibc,2001,5.250380405138221e-21,kg m-2 s-1
emibc,2002,1.0772271284801546e-19,kg m-2 s-1
emibc,2003,-6.608972660519893e-20,kg m-2 s-1
emibc,2004,1.1534700124283018e-20,kg m-2 s-1
