variable,year,value,unit
loadso2,2000,3.8188380023456565e-09,kg m-2
loadso2,2001,1.9082329160305764e-08,kg m-2
loadso2,2002,-4.8395087743397515e-08,kg m-2
loadso2,2003,2.7643555484706643e-08,kg m-2
loadso2,2004,8.753984464541848e-09,kg m-2
