variable,year,value,unit
rlut,2000,241.42373433240968,W m-2
rlut,2001,241.70511630958953,W m-2
rlut,2002,242.15437468267785,W m-2
rlut,2003,242.22619630004834,W m-2
rlut,2004,242.16675630130058,W m-2
