variable,year,value,unit
dms,2000,8.501457170932496e-11,mol mol-1
dms,2001,8.550771007541497e-11,mol mol-1
dms,2002,8.759153009304285e-11,mol mol-1
dms,2003,8.573062896584032e-11,mol mol-1
dms,2004,8.439532645860538e-11,mol mol-1
