variable,year,value,unit
mmrso4,2000,6.489593506043303e-10,kg kg-1
mmrso4,2001,6.524546403729798e-10,kg kg-1
mmrso4,2002,6.683091667236224e-10,kg kg-1
mmrso4,2003,6.692898060261295e-10,kg kg-1
mmrso4,2004,7.04374914186822e-10,kg kg-1
