variable,year,value,unit
loadbc,2000,1.7695325377682617e-07,kg m-2
loadbc,2001,1.7955580435575352e-07,kg m-2
loadbc,2002,1.9201290090551448e-07,kg m-2
loadbc,2003,1.949472911722391e-07,kg m-2
loadbc,2004,2.0536284748784506e-07,kg m-2
