variable,year,value,unit
rsut,2000,102.67947381356592,W m-2
rsut,2001,103.0804448820376,W m-2
rsut,2002,103.24855870936159,W m-2
rsut,2003,103.56164023205805,W m-2
rsut,2004,103.3943150243436,W m-2
