variable,year,value,unit
drybc,2000,8.183006275091062e-14,kg m-2 s-1
drybc,2001,8.614893062124649e-14,kg m-2 s-1
drybc,2002,8.635127847255369e-14,kg m-2 s-1
drybc,2003,8.995576357804591e-14,kg m-2 s-1
drybc,2004,9.405046226074224e-14,kg m-2 s-1
