variable,year,value,unit
rsutcs,2000,51.07935744834379,W m-2
rsutcs,2001,51.009812146443,W m-2
rsutcs,2002,51.155450867799765,W m-2
rsutcs,2003,51.11080824477559,W m-2
rsutcs,2004,51.1083960756266,W m-2
