variable,year,value,unit
loadso2,2000,1.838654923363838e-06,kg m-2
loadso2,2001,1.8139226656855532e-06,kg m-2
loadso2,2002,1.7943708493969221e-06,kg m-2
loadso2,2003,1.84639379339453e-06,kg m-2
loadso2,2004,1.8816999860873165e-06,kg m-2
