variable,year,value,unit
rlut,2000,238.69114780214198,W m-2
rlut,2001,239.13829488986536,W m-2
rlut,2002,239.64245284088662,W m-2
rlut,2003,239.55184142873728,W m-2
rlut,2004,238.93149358283088,W m-2
