variable,year,value,unit
od550aer,2000,0.13199779207968837,1
od550aer,2001,0.1320809324886806,1
od550aer,2002,0.13746740702774357,1
od550aer,2003,0.1368485529133343,1
od550aer,2004,0.13892349074159616,1
