variable,year,value,unit
emiso2,2000,8.181484620447412e-12,kg m-2 s-1
emiso2,2001,8.300481433865978e-12,kg m-2 s-1
emiso2,2002,8.306172869930811e-12,kg m-2 s-1
emiso2,2003,8.428982064331936e-12,kg m-2 s-1
emiso2,2004,8.89723080852247e-12,kg m-2 s-1
