variable,year,value,unit
rlutcs,2000,260.91515231651664,W m-2
rlutcs,2001,260.86879352900866,W m-2
rlutcs,2002,261.1807320595122,W m-2
rlutcs,2003,261.0211494779637,W m-2
rlutcs,2004,260.928048387956,W m-2
