variable,year,value,unit
dryso4,2000,1.2460091120731511e-12,kg m-2 s-1
dryso4,2001,1.2517661411901089e-12,kg m-2 s-1
dryso4,2002,1.259842821633701e-12,kg m-2 s-1
dryso4,2003,1.2934366077306667e-12,kg m-2 s-1
dryso4,2004,1.318226321224178e-12,kg m-2 s-1
