variable,year,value,unit
mmrso4,2000,7.658304600062026e-10,kg kg-1
mmrso4,2001,7.59056444928839e-10,kg kg-1
mmrso4,2002,7.558756255090959e-10,kg kg-1
mmrso4,2003,7.962413437340155e-10,kg kg-1
mmrso4,2004,8.208352122490037e-10,kg kg-1
