variable,year,value,unit
wetso4,2000,9.19954099901365e-12,kg m-2 s-1
wetso4,2001,9.279030538036518e-12,kg m-2 s-1
wetso4,2002,9.174623286374211e-12,kg m-2 s-1
wetso4,2003,9.329321223498788e-12,kg m-2 s-1
wetso4,2004,9.579859518056974e-12,kg m-2 s-1
