variable,year,value,unit
wetso4,2000,5.802680585462391e-12,kg m-2 s-1
wetso4,2001,5.881969423949655e-12,kg m-2 s-1
wetso4,2002,5.970226959273665e-12,kg m-2 s-1
wetso4,2003,5.97829146378082e-12,kg m-2 s-1
wetso4,2004,6.340481562189732e-12,kg m-2 s-1
