variable,year,value,unit
wetso2,2000,1.7553868117301233e-12,kg m-2 s-1
wetso2,2001,1.7514821180205739e-12,kg m-2 s-1
wetso2,2002,1.7434199833730938e-12,kg m-2 s-1
wetso2,2003,1.7550366960678973e-12,kg m-2 s-1
wetso2,2004,1.8427728018294548e-12,kg m-2 s-1
