variable,year,value,unit
emiso2,2000,1.1662650035545938e-11,kg m-2 s-1
emiso2,2001,1.1638026310176625e-11,kg m-2 s-1
emiso2,2002,1.1675373989319827e-11,kg m-2 s-1
emiso2,2003,1.180166609304243e-11,kg m-2 s-1
emiso2,2004,1.2151474038143986e-11,kg m-2 s-1
