variable,year,value,unit
clt,2000,66.48778900950997,%
clt,2001,66.72737939593638,%
clt,2002,66.62541283564022,%
clt,2003,66.76542067513302,%
clt,2004,66.9020809064849,%
