variable,year,value,unit
loadso2,2000,1.4381203976669938e-06,kg m-2
loadso2,2001,1.4376879643464479e-06,kg m-2
loadso2,2002,1.426637894653933e-06,kg m-2
loadso2,2003,1.4761517336215245e-06,kg m-2
loadso2,2004,1.5234466460809214e-06,kg m-2
