variable,year,value,unit
clivi,2000,0.049340538027519656,kg m-2
clivi,2001,0.049385492410801556,kg m-2
clivi,2002,0.04922685720943174,kg m-2
clivi,2003,0.0490066530653674,kg m-2
clivi,2004,0.04895800593161668,kg m-2
