variable,year,value,unit
clivi,2000,0.0529386440168252,kg m-2
clivi,2001,0.05340819024091792,kg m-2
clivi,2002,0.054173186212104346,kg m-2
clivi,2003,0.053852407344465746,kg m-2
clivi,2004,0.05387793133163894,kg m-2
