variable,year,value,unit
mmrbc,2000,7.449136622726237e-11,kg kg-1
mmrbc,2001,7.931007152253049e-11,kg kg-1
mmrbc,2002,8.302031026050457e-11,kg kg-1
mmrbc,2003,8.573591793765086e-11,kg kg-1
mmrbc,2004,8.825137198877994e-11,kg kg-1
