variable,year,value,unit
wetso4,2000,8.574563168526052e-12,kg m-2 s-1
wetso4,2001,8.703623325635089e-12,kg m-2 s-1
wetso4,2002,8.695693428577636e-12,kg m-2 s-1
wetso4,2003,8.915417897123529e-12,kg m-2 s-1
wetso4,2004,9.09655844761089e-12,kg m-2 s-1
