variable,year,value,unit
mmrso4,2000,0.4638872918609273,kg kg-1
mmrso4,2001,-0.12918543607485822,kg kg-1
mmrso4,2002,-0.29474085770611635,kg kg-1
mmrso4,2003,3.3782952955155197,kg kg-1
mmrso4,2004,3.5339430009225605,kg kg-1
