variable,year,value,unit
rsut,2000,0.0245702088283177,W m-2
rsut,2001,0.018034816150056122,W m-2
rsut,2002,0.04849454161260076,W m-2
rsut,2003,0.07776204305630899,W m-2
rsut,2004,0.13720443919752234,W m-2
