variable,year,value,unit
so2,2001,-1.4136925486333947,mol mol-1
so2,2002,-1.5905156646189083,mol mol-1
so2,2003,-1.2203505815307385,mol mol-1
so2,2004,-0.9487455276076522,mol mol-1
