variable,year,value,unit
rlut,2001,-0.007226867282070228,W m-2
rlut,2002,-0.0014687132513914972,W m-2
rlut,2003,-0.00676661399159666,W m-2
rlut,2004,0.009561245157464798,W m-2
