variable,year,value,unit
wetso4,2000,-1.7818050895653258e-13,kg m-2 s-1
wetso4,2001,-1.7121139240932383e-13,kg m-2 s-1
wetso4,2002,-1.7746980016090716e-13,kg m-2 s-1
wetso4,2003,-1.8829261291047635e-13,kg m-2 s-1
wetso4,2004,-2.1493910513117883e-13,kg m-2 s-1
