variable,year,value,unit
emiso2,2000,9.956184294442472e-13,kg m-2 s-1
emiso2,2001,1.0638850782048186e-12,kg m-2 s-1
emiso2,2002,1.0515608979452617e-12,kg m-2 s-1
emiso2,2003,1.0480446402140772e-12,kg m-2 s-1
emiso2,2004,1.1087442985461425e-12,kg m-2 s-1
