variable,year,value,unit
loadso2,2000,-4.685012138083749e-08,kg m-2
loadso2,2001,-4.6519493719265633e-08,kg m-2
loadso2,2002,-4.548810685485623e-08,kg m-2
loadso2,2003,-4.6269318343901694e-08,kg m-2
loadso2,2004,-3.991033161381992e-08,kg m-2
