variable,year,value,unit
loadso2,2000,-3.093236396381324e-08,kg m-2
loadso2,2001,-2.798508615062066e-08,kg m-2
loadso2,2002,-2.8373982820160272e-08,kg m-2
loadso2,2003,-3.054117840747488e-08,kg m-2
loadso2,2004,-3.4071411574746235e-08,kg m-2
