variable,year,value,unit
dms,2000,-4.920393964396055e-15,mol mol-1
dms,2001,2.828736059841372e-15,mol mol-1
dms,2002,1.6918198119458256e-15,mol mol-1
dms,2003,4.881384668039604e-15,mol mol-1
dms,2004,-2.666407359931154e-15,mol mol-1
