variable,year,value,unit
emibc,2000,1.191791888181174e-20,kg m-2 s-1
emibc,2001,1.5073774325953635e-20,kg m-2 s-1
emibc,2002,4.102802307720771e-21,kg m-2 s-1
emibc,2003,-1.5069466792001443e-20,kg m-2 s-1
emibc,2004,4.8556038382278275e-21,kg m-2 s-1
