variable,year,value,unit
od550aer,2000,0.015232641531602531,1
od550aer,2001,0.01290162783804813,1
od550aer,2002,0.013881130718783774,1
od550aer,2003,0.014644571904593007,1
od550aer,2004,0.01295230755798335,1
