variable,year,value,unit
clt,2001,-0.7902569053349353,%
clt,2002,-0.9174478457324113,%
clt,2003,-0.6199535896676807,%
clt,2004,0.08209243832911994,%
clt,2005,0.9325029368377358,%
