variable,year,value,unit
dms,2000,-4.517900738982949e-15,mol mol-1
dms,2001,-1.3731107868808024e-14,mol mol-1
dms,2002,-1.0947323282713412e-14,mol mol-1
dms,2003,9.530053776183186e-15,mol mol-1
dms,2004,-1.3514273168624198e-15,mol mol-1
