variable,year,value,unit
wetbc,2000,2.5871758362530148e-14,kg m-2 s-1
wetbc,2001,2.6050913469050263e-14,kg m-2 s-1
wetbc,2002,3.234597794527619e-14,kg m-2 s-1
wetbc,2003,3.6643749934567234e-14,kg m-2 s-1
wetbc,2004,5.351682563518812e-14,kg m-2 s-1
