variable,year,value,unit
rsutcs,2000,-0.016988043215668824,W m-2
rsutcs,2001,-0.020868683515125497,W m-2
rsutcs,2002,-0.02278656123463918,W m-2
rsutcs,2003,-0.011193708668940872,W m-2
rsutcs,2004,-0.026456526132285774,W m-2
