variable,year,value,unit
mmrbc,2000,0.23627212647764567,kg kg-1
mmrbc,2001,0.23373814504300994,kg kg-1
mmrbc,2002,0.27972836975131354,kg kg-1
mmrbc,2003,0.2962472567600517,kg kg-1
mmrbc,2004,0.3755058839113096,kg kg-1
