variable,year,value,unit
so2,2000,-26.622302174245643,mol mol-1
so2,2001,-25.824563740230065,mol mol-1
so2,2002,-26.056183831854053,mol mol-1
so2,2003,-27.081483650283133,mol mol-1
so2,2004,-26.734675566923947,mol mol-1
