variable,year,value,unit
drybc,2000,-5.102617559521869e-17,kg m-2 s-1
drybc,2001,-5.864320283255646e-17,kg m-2 s-1
drybc,2002,-7.671814601126577e-17,kg m-2 s-1
drybc,2003,-4.986676399404295e-17,kg m-2 s-1
drybc,2004,-6.065714907179648e-17,kg m-2 s-1
