variable,year,value,unit
so2,2000,-9.454422240137702e-13,mol mol-1
so2,2001,-1.194441105829432e-13,mol mol-1
so2,2002,1.0019044688421038e-12,mol mol-1
so2,2003,-5.552646788546197e-13,mol mol-1
so2,2004,-1.6131527119583003e-12,mol mol-1
