variable,year,value,unit
rlut,2000,-0.002663597905240067,W m-2
rlut,2001,0.0026468347804495806,W m-2
rlut,2002,-0.0033863000095379903,W m-2
rlut,2003,-0.0033251640321054765,W m-2
rlut,2004,0.006479517526230438,W m-2
