variable,year,value,unit
rlutcs,2000,0.008797975406650949,W m-2
rlutcs,2001,0.005113385383253899,W m-2
rlutcs,2002,0.009410229289642302,W m-2
rlutcs,2003,0.023768802301390224,W m-2
rlutcs,2004,0.004111908025038247,W m-2
