variable,year,value,unit
mmrso4,2000,-6.7509220787243864e-12,kg kg-1
mmrso4,2001,-7.292417568653507e-12,kg kg-1
mmrso4,2002,-7.229674114011535e-12,kg kg-1
mmrso4,2003,-7.004107778238818e-12,kg kg-1
mmrso4,2004,-8.284071672809453e-12,kg kg-1
