variable,year,value,unit
od550aer,2000,-6.197393e-05,1
od550aer,2001,-0.00026397407,1
od550aer,2002,-0.00016875565,1
od550aer,2003,-0.0009994656,1
od550aer,2004,-0.0021968335,1
