variable,year,value,unit
clt,2000,-0.010400976084689262,%
clt,2001,0.010392383907706915,%
clt,2002,0.013666422880220352,%
clt,2003,-0.011340595943018172,%
clt,2004,-0.0035403325496261573,%
