variable,year,value,unit
emiso2,2000,-1.890398353152513e-13,kg m-2 s-1
emiso2,2001,-2.3568238238832414e-13,kg m-2 s-1
emiso2,2002,-1.9818773556757148e-13,kg m-2 s-1
emiso2,2003,-4.323702744543785e-13,kg m-2 s-1
emiso2,2004,-7.60359719176037e-13,kg m-2 s-1
