variable,year,value,unit
dryso2,2000,-8.106883e-14,kg m-2 s-1
dryso2,2001,-9.7205664e-14,kg m-2 s-1
dryso2,2002,-6.781511e-14,kg m-2 s-1
dryso2,2003,-1.6632746e-13,kg m-2 s-1
dryso2,2004,-2.8995448e-13,kg m-2 s-1
