variable,year,value,unit
clivi,2000,-0.00011017231467366773,kg m-2
clivi,2001,-0.00012831782606101405,kg m-2
clivi,2002,4.967414670611903e-06,kg m-2
clivi,2003,0.00028572838118873234,kg m-2
clivi,2004,3.055290245287945e-06,kg m-2
