variable,year,value,unit
cl,2000,-0.00029468536,%
cl,2001,0.0019865036,%
cl,2002,0.0055503845,%
cl,2003,0.020428658,%
cl,2004,-0.008874893,%
