variable,year,value,unit
mmrbc,2000,-4.5201363707662114e-14,kg kg-1
mmrbc,2001,-7.397750176144701e-14,kg kg-1
mmrbc,2002,-5.668647430709267e-14,kg kg-1
mmrbc,2003,-1.0548410022377903e-13,kg kg-1
mmrbc,2004,-2.1618713327937562e-13,kg kg-1
