variable,year,value,unit
mmrso4,2000,-2.2514657e-11,kg kg-1
mmrso4,2001,-2.6257052e-11,kg kg-1
mmrso4,2002,-2.4730551e-11,kg kg-1
mmrso4,2003,-3.7939485e-11,kg kg-1
mmrso4,2004,-6.435402e-11,kg kg-1
