variable,year,value,unit
mmrso4,2000,-6.526113e-12,kg kg-1
mmrso4,2001,-1.0803192e-11,kg kg-1
mmrso4,2002,-7.841339e-12,kg kg-1
mmrso4,2003,-1.8077484e-11,kg kg-1
mmrso4,2004,-3.3553493e-11,kg kg-1
