variable,year,value,unit
rlut,2000,-0.024398658562830633,W m-2
rlut,2001,-0.0037123118226247698,W m-2
rlut,2002,0.0020140846938545565,W m-2
rlut,2003,-0.016288935572646324,W m-2
rlut,2004,-0.0002820653689354913,W m-2
