variable,year,value,unit
wetso2,2000,0.037047453,kg m-2 s-1
wetso2,2001,0.03690227,kg m-2 s-1
wetso2,2002,0.03667016,kg m-2 s-1
wetso2,2003,0.0365857,kg m-2 s-1
wetso2,2004,0.036518145,kg m-2 s-1
