variable,year,value,unit
od550aer,2000,-0.0068402365,1
od550aer,2001,-0.0063116997,1
od550aer,2002,-0.0061473697,1
od550aer,2003,-0.0056065023,1
od550aer,2004,-0.006022796,1
