variable,year,value,unit
loadbc,2000,1.473293812703238e-09,kg m-2
loadbc,2001,1.6710400970875534e-09,kg m-2
loadbc,2002,1.098605403901942e-09,kg m-2
loadbc,2003,2.7311503621212108e-09,kg m-2
loadbc,2004,3.3009745484156334e-09,kg m-2
