variable,year,value,unit
rlut,2000,-0.0014300611068733815,W m-2
rlut,2001,-0.013063534770481056,W m-2
rlut,2002,-0.005838436476892639,W m-2
rlut,2003,0.00022618944208829816,W m-2
rlut,2004,0.002649110920771136,W m-2
