variable,year,value,unit
emiso2,2000,-1.8903976e-13,kg m-2 s-1
emiso2,2001,-2.3568213e-13,kg m-2 s-1
emiso2,2002,-1.9818782e-13,kg m-2 s-1
emiso2,2003,-4.3237029e-13,kg m-2 s-1
emiso2,2004,-7.6035966e-13,kg m-2 s-1
