variable,year,value,unit
cltc,2000,-0.011305787277711256,%
cltc,2001,0.11495694923657797,%
cltc,2002,-0.009581066400375223,%
cltc,2003,0.02821865936214603,%
cltc,2004,0.05948616638201536,%
