variable,year,value,unit
clt,2000,-0.008807890907200761,%
clt,2001,0.043110068024421154,%
clt,2002,-0.013160493919151773,%
clt,2003,0.027350553148338855,%
clt,2004,-0.03462246832201544,%
