variable,year,value,unit
loadso2,2000,-0.525793161192509,kg m-2
loadso2,2001,-0.19208123261835963,kg m-2
loadso2,2002,-0.8533774323625337,kg m-2
loadso2,2003,-0.4186875264164814,kg m-2
loadso2,2004,-0.5850906407435413,kg m-2
