variable,year,value,unit
clivi,2000,1.0076606152547118,kg m-2
clivi,2001,1.2540499933198177,kg m-2
clivi,2002,1.9213559821367232,kg m-2
clivi,2003,0.6410250526235528,kg m-2
clivi,2004,1.1715722376090512,kg m-2
