variable,year,value,unit
rsdt,2001,0.11484089935633762,W m-2
rsdt,2002,-0.17813860619675206,W m-2
rsdt,2003,-0.20876859280032348,W m-2
rsdt,2004,0.2573844891233905,W m-2
rsdt,2005,-0.34207225333328695,W m-2
