variable,year,value,unit
loadso4,2000,-1.0245177091446946,kg m-2
loadso4,2001,-1.0233665517575685,kg m-2
loadso4,2002,-1.303949087123611,kg m-2
loadso4,2003,-1.319253602914517,kg m-2
loadso4,2004,-0.9439560856776466,kg m-2
