variable,year,value,unit
od550aer,2000,-0.1571610800053727,1
od550aer,2001,-0.012730792430166614,1
od550aer,2002,-0.08578666295473965,1
od550aer,2003,-0.10382531729244099,1
od550aer,2004,0.11789068314104385,1
