variable,year,value,unit
loadso4,2001,-0.8217455326720305,kg m-2
loadso4,2002,-0.9311293206411348,kg m-2
loadso4,2003,-0.960647258704691,kg m-2
loadso4,2004,-0.9201737749161542,kg m-2
loadso4,2005,-1.0112723823013852,kg m-2
