variable,year,value,unit
rlutcs,2001,-0.007384386825530192,W m-2
rlutcs,2002,-0.002239433229391713,W m-2
rlutcs,2003,0.012313284462534305,W m-2
rlutcs,2004,0.003139058353473556,W m-2
rlutcs,2005,0.0023231011796912907,W m-2
