variable,year,value,unit
dms,2000,-0.1006499019011889,mol mol-1
dms,2001,-0.0774289588573168,mol mol-1
dms,2002,0.007262588679454948,mol mol-1
dms,2003,0.02020146825749048,mol mol-1
dms,2004,0.03696913845510882,mol mol-1
