variable,year,value,unit
rsutcs,2000,0.010987921676722578,W m-2
rsutcs,2001,0.011279776021055454,W m-2
rsutcs,2002,0.04342551015609075,W m-2
rsutcs,2003,0.06186435967945414,W m-2
rsutcs,2004,0.07173085385598199,W m-2
