variable,year,value,unit
od550aer,2000,0.0018716900140365866,1
od550aer,2001,0.0018285687048388566,1
od550aer,2002,0.00182060294632172,1
od550aer,2003,0.0018182562378228628,1
od550aer,2004,0.0019041381893424858,1
