variable,year,value,unit
clt,2000,0.060291491113432016,%
clt,2001,-0.014757603957157528,%
clt,2002,0.11992671245685216,%
clt,2003,-0.018477611662092386,%
clt,2004,0.04772380383185748,%
