variable,year,value,unit
cl,2000,-0.021686381576602187,%
cl,2001,-0.03480307253694104,%
cl,2002,-0.05087212041548028,%
cl,2003,-0.021779580275863353,%
cl,2004,-0.015552907626168455,%
