variable,year,value,unit
rsut,2000,-0.0628117140371306,W m-2
rsut,2001,-0.03694904401105643,W m-2
rsut,2002,-0.01455479030306402,W m-2
rsut,2003,-0.014618493928339563,W m-2
rsut,2004,-0.03179608089217929,W m-2
