variable,year,value,unit
rsutcs,2000,3.1642382900543e-05,W m-2
rsutcs,2001,-0.0018465382798140695,W m-2
rsutcs,2002,0.00012083496536519078,W m-2
rsutcs,2003,-0.006303038592228916,W m-2
rsutcs,2004,-0.0050505414271597715,W m-2
