variable,year,value,unit
dryso2,2000,-3.2328724972223004e-15,kg m-2 s-1
dryso2,2001,-1.2862301190457216e-15,kg m-2 s-1
dryso2,2002,-3.652132821936906e-15,kg m-2 s-1
dryso2,2003,-3.2929910194331676e-15,kg m-2 s-1
dryso2,2004,-3.580580843586135e-15,kg m-2 s-1
