variable,year,value,unit
cltc,2000,-0.001652477806883823,%
cltc,2001,0.01663495434609441,%
cltc,2002,-0.0007505000435488185,%
cltc,2003,-0.010212387086570018,%
cltc,2004,-0.001717588610743448,%
