variable,year,value,unit
rlutcs,2000,0.002617509249489558,W m-2
rlutcs,2001,-0.004133524315022896,W m-2
rlutcs,2002,0.005663640549130378,W m-2
rlutcs,2003,0.00024629309194779125,W m-2
rlutcs,2004,-0.0114587563852524,W m-2
