variable,year,value,unit
dryso2,2000,-1.3801566324988464e-14,kg m-2 s-1
dryso2,2001,-1.4833325970393273e-14,kg m-2 s-1
dryso2,2002,-1.3962550678431012e-14,kg m-2 s-1
dryso2,2003,-1.489835071919651e-14,kg m-2 s-1
dryso2,2004,-1.945721691209617e-14,kg m-2 s-1
