variable,year,value,unit
clivi,2000,5.673973917227036e-05,kg m-2
clivi,2001,2.484362911347321e-06,kg m-2
clivi,2002,9.95158482772901e-06,kg m-2
clivi,2003,1.4737484604844878e-05,kg m-2
clivi,2004,3.02279612009234e-05,kg m-2
