variable,year,value,unit
emiso2,2000,-2.909510798769518e-14,kg m-2 s-1
emiso2,2001,-2.8166474347402414e-14,kg m-2 s-1
emiso2,2002,-2.937855830406515e-14,kg m-2 s-1
emiso2,2003,-3.024682516040214e-14,kg m-2 s-1
emiso2,2004,-3.073339633916251e-14,kg m-2 s-1
