variable,year,value,unit
mmrso4,2000,-9.294549723384267e-13,kg kg-1
mmrso4,2001,6.312476533900479e-13,kg kg-1
mmrso4,2002,-1.3807032261051656e-13,kg kg-1
mmrso4,2003,-3.1681493969484516e-13,kg kg-1
mmrso4,2004,-1.7857802713032158e-12,kg kg-1
