variable,year,value,unit
dryso4,2000,-4.5000417924050616e-14,kg m-2 s-1
dryso4,2001,-4.309425911235249e-14,kg m-2 s-1
dryso4,2002,-4.4001828285985947e-14,kg m-2 s-1
dryso4,2003,-4.807378628305554e-14,kg m-2 s-1
dryso4,2004,-5.2971060898714985e-14,kg m-2 s-1
