variable,year,value,unit
cltc,2000,-0.005374928392009259,%
cltc,2001,-0.004280115073396651,%
cltc,2002,0.00626035049511664,%
cltc,2003,-0.0021385330855192564,%
cltc,2004,-0.024625416903754527,%
