variable,year,value,unit
rlut,2000,0.18447492292881407,W m-2
rlut,2001,0.12653918839424705,W m-2
rlut,2002,0.09665190563120518,W m-2
rlut,2003,0.18504125074107947,W m-2
rlut,2004,0.09378537467804904,W m-2
