variable,year,value,unit
dryso4,2000,-8.21517848087156e-14,kg m-2 s-1
dryso4,2001,-8.841106718179302e-14,kg m-2 s-1
dryso4,2002,-8.429048408547569e-14,kg m-2 s-1
dryso4,2003,-9.064357539099455e-14,kg m-2 s-1
dryso4,2004,-9.305869381611282e-14,kg m-2 s-1
