variable,year,value,unit
emiso2,2000,-7.385501901238715e-13,kg m-2 s-1
emiso2,2001,-6.920940545045341e-13,kg m-2 s-1
emiso2,2002,-7.110014996436081e-13,kg m-2 s-1
emiso2,2003,-7.631509982427406e-13,kg m-2 s-1
emiso2,2004,-8.536454701507239e-13,kg m-2 s-1
