variable,year,value,unit
loadbc,2000,-1.3385326147535433e-10,kg m-2
loadbc,2001,-5.799904055869957e-11,kg m-2
loadbc,2002,4.753788237318954e-10,kg m-2
loadbc,2003,3.321224521004724e-10,kg m-2
loadbc,2004,-1.4847893009844677e-10,kg m-2
