variable,year,value,unit
mmrso4,2000,-3.237078128651795e-10,kg kg-1
mmrso4,2001,-3.164902468262453e-10,kg kg-1
mmrso4,2002,-3.1002965374120443e-10,kg kg-1
mmrso4,2003,-3.1823622331342667e-10,kg kg-1
mmrso4,2004,-3.6339634087794204e-10,kg kg-1
