variable,year,value,unit
emiso2,2000,6.186896431452828,kg m-2 s-1
emiso2,2001,6.937082487974002,kg m-2 s-1
emiso2,2002,9.602030917332137,kg m-2 s-1
emiso2,2003,11.780705974781492,kg m-2 s-1
emiso2,2004,14.82268812249656,kg m-2 s-1
