variable,year,value,unit
rsdt,2000,340.4784,W m-2
rsdt,2001,340.46088,W m-2
rsdt,2002,340.46887,W m-2
rsdt,2003,340.35107,W m-2
rsdt,2004,340.29813,W m-2
