variable,year,value,unit
rsutcs,2000,52.148956,W m-2
rsutcs,2001,52.348095,W m-2
rsutcs,2002,52.25288,W m-2
rsutcs,2003,52.233547,W m-2
rsutcs,2004,52.125423,W m-2
