variable,year,value,unit
rsutcs,2000,47.766642252336965,W m-2
rsutcs,2001,47.702562185926205,W m-2
rsutcs,2002,47.76877747547324,W m-2
rsutcs,2003,47.67630232731309,W m-2
rsutcs,2004,47.728514465567294,W m-2
