variable,year,value,unit
emiso2,2000,5.00731e-12,kg m-2 s-1
emiso2,2001,5.152102e-12,kg m-2 s-1
emiso2,2002,5.203488e-12,kg m-2 s-1
emiso2,2003,5.275325e-12,kg m-2 s-1
emiso2,2004,5.3041937e-12,kg m-2 s-1
