variable,year,value,unit
dryso4,2000,5.842254e-13,kg m-2 s-1
dryso4,2001,6.078846e-13,kg m-2 s-1
dryso4,2002,5.9052936e-13,kg m-2 s-1
dryso4,2003,6.048063e-13,kg m-2 s-1
dryso4,2004,6.363137e-13,kg m-2 s-1
