variable,year,value,unit
loadbc,2000,8.066544637771754e-08,kg m-2
loadbc,2001,8.53198043387385e-08,kg m-2
loadbc,2002,8.585663608930466e-08,kg m-2
loadbc,2003,8.671018761520575e-08,kg m-2
loadbc,2004,8.73121469648913e-08,kg m-2
