variable,year,value,unit
emiso2,2000,8.20316e-12,kg m-2 s-1
emiso2,2001,8.249803e-12,kg m-2 s-1
emiso2,2002,8.2130405e-12,kg m-2 s-1
emiso2,2003,8.4485e-12,kg m-2 s-1
emiso2,2004,8.77843e-12,kg m-2 s-1
