variable,year,value,unit
rsut,2000,101.627716,W m-2
rsut,2001,101.595604,W m-2
rsut,2002,101.59607,W m-2
rsut,2003,102.15386,W m-2
rsut,2004,101.812614,W m-2
