variable,year,value,unit
dryso2,2000,1.8965122e-12,kg m-2 s-1
dryso2,2001,1.9674316e-12,kg m-2 s-1
dryso2,2002,2.0046013e-12,kg m-2 s-1
dryso2,2003,2.0404143e-12,kg m-2 s-1
dryso2,2004,2.0179062e-12,kg m-2 s-1
