variable,year,value,unit
wetso2,2000,1.4643825e-12,kg m-2 s-1
wetso2,2001,1.4580941e-12,kg m-2 s-1
wetso2,2002,1.4298247e-12,kg m-2 s-1
wetso2,2003,1.4992866e-12,kg m-2 s-1
wetso2,2004,1.5661841e-12,kg m-2 s-1
