variable,year,value,unit
rlutcs,2000,260.99986564391605,W m-2
rlutcs,2001,260.9435447135714,W m-2
rlutcs,2002,261.28311168374705,W m-2
rlutcs,2003,261.14390281021537,W m-2
rlutcs,2004,260.9984374995828,W m-2
