variable,year,value,unit
clt,2000,61.20262,%
clt,2001,61.114395,%
clt,2002,61.317554,%
clt,2003,61.409218,%
clt,2004,61.573193,%
