variable,year,value,unit
mmrso4,2000,4.984023e-10,kg kg-1
mmrso4,2001,4.9797183e-10,kg kg-1
mmrso4,2002,5.20279e-10,kg kg-1
mmrso4,2003,5.0479587e-10,kg kg-1
mmrso4,2004,5.403751e-10,kg kg-1
