variable,year,value,unit
wetso2,2000,2.5425447e-12,kg m-2 s-1
wetso2,2001,2.4763666e-12,kg m-2 s-1
wetso2,2002,2.4566605e-12,kg m-2 s-1
wetso2,2003,2.5028597e-12,kg m-2 s-1
wetso2,2004,2.5520892e-12,kg m-2 s-1
