variable,year,value,unit
dryso2,2000,-8.095665623394448e-13,kg m-2 s-1
dryso2,2001,-8.054209182068333e-13,kg m-2 s-1
dryso2,2002,-7.71834099452141e-13,kg m-2 s-1
dryso2,2003,-7.621082860348635e-13,kg m-2 s-1
dryso2,2004,-8.059062076924523e-13,kg m-2 s-1
