variable,year,value,unit
cl,2000,0.008039153467784388,%
cl,2001,0.03019925058702455,%
cl,2002,0.03825407735908115,%
cl,2003,0.04936396347721228,%
cl,2004,-0.03100082461573983,%
