variable,year,value,unit
wetso2,2001,1.2485848136326545e-13,kg m-2 s-1
wetso2,2002,1.0893082751697984e-13,kg m-2 s-1
wetso2,2003,1.1136551444006993e-13,kg m-2 s-1
wetso2,2004,1.3522719503064e-13,kg m-2 s-1
