variable,year,value,unit
drybc,2001,-1.4890284668252908e-17,kg m-2 s-1
drybc,2002,2.8868869207559934e-16,kg m-2 s-1
drybc,2003,2.544954710642417e-16,kg m-2 s-1
drybc,2004,1.2142642893854736e-16,kg m-2 s-1
