variable,year,value,unit
dryso4,2000,1.2593018937630378e-14,kg m-2 s-1
dryso4,2001,1.2452768344216509e-14,kg m-2 s-1
dryso4,2002,1.204810691189257e-14,kg m-2 s-1
dryso4,2003,1.4455548386553395e-14,kg m-2 s-1
dryso4,2004,1.0718694949362443e-14,kg m-2 s-1
