variable,year,value,unit
dryso2,2000,-3.8802599352619637e-13,kg m-2 s-1
dryso2,2001,-3.9506154262486293e-13,kg m-2 s-1
dryso2,2002,-3.8260487987536314e-13,kg m-2 s-1
dryso2,2003,-3.9636847567148445e-13,kg m-2 s-1
dryso2,2004,-4.021211929245e-13,kg m-2 s-1
