variable,year,value,unit
loadso2,2000,1.646140863866747e-07,kg m-2
loadso2,2001,1.3111340907090168e-07,kg m-2
loadso2,2002,1.50929169279391e-07,kg m-2
loadso2,2003,2.0563877413414888e-07,kg m-2
loadso2,2004,1.6053784204742245e-07,kg m-2
