variable,year,value,unit
rlut,2000,-0.11225988286267352,W m-2
rlut,2001,0.1745543416874682,W m-2
rlut,2002,0.01573752697865416,W m-2
rlut,2003,0.02429807235256476,W m-2
rlut,2004,0.13740370551548153,W m-2
