variable,year,value,unit
rsutcs,2000,0.08495815953878605,W m-2
rsutcs,2001,0.10195381967409389,W m-2
rsutcs,2002,0.04246006031947047,W m-2
rsutcs,2003,0.128968910695761,W m-2
rsutcs,2004,0.045235005204617096,W m-2
