variable,year,value,unit
wetso2,2000,7.770545617641594e-14,kg m-2 s-1
wetso2,2001,6.635997865621446e-14,kg m-2 s-1
wetso2,2002,5.644009696467434e-14,kg m-2 s-1
wetso2,2003,4.568634017901716e-14,kg m-2 s-1
wetso2,2004,5.829553875691832e-14,kg m-2 s-1
