variable,year,value,unit
emiso2,2000,-5.231784683590359e-14,kg m-2 s-1
emiso2,2001,-5.178880932128369e-14,kg m-2 s-1
emiso2,2002,-5.041364089312402e-14,kg m-2 s-1
emiso2,2003,-5.021279117869962e-14,kg m-2 s-1
emiso2,2004,-5.180536125734259e-14,kg m-2 s-1
