variable,year,value,unit
rlut,2001,-0.0031823742909580233,W m-2
rlut,2002,0.0008244615414412237,W m-2
rlut,2003,-0.0007668173586523608,W m-2
rlut,2004,-0.0006956248097651496,W m-2
