variable,year,value,unit
od550aer,2000,0.003277352111813195,1
od550aer,2001,0.002440950221655247,1
od550aer,2002,0.0023462249436036475,1
od550aer,2003,0.0031549029478001034,1
od550aer,2004,0.002668953995078771,1
