variable,year,value,unit
loadso4,2000,2.2532963438705754e-07,kg m-2
loadso4,2001,1.903947646200967e-07,kg m-2
loadso4,2002,2.2227241930956596e-07,kg m-2
loadso4,2003,2.9419811518932554e-07,kg m-2
loadso4,2004,2.465187384236885e-07,kg m-2
