variable,year,value,unit
mmrso4,2000,8.773153472648671e-11,kg kg-1
mmrso4,2001,9.001728114926887e-11,kg kg-1
mmrso4,2002,8.561131214273054e-11,kg kg-1
mmrso4,2003,8.76970200088778e-11,kg kg-1
mmrso4,2004,9.351811008664682e-11,kg kg-1
