variable,year,value,unit
mmrso4,2000,3.452559615218691e-11,kg kg-1
mmrso4,2001,3.455274233653155e-11,kg kg-1
mmrso4,2002,3.54509287736479e-11,kg kg-1
mmrso4,2003,3.359212609779026e-11,kg kg-1
mmrso4,2004,3.558471301901385e-11,kg kg-1
