variable,year,value,unit
wetbc,2001,1.1221462700157577e-15,kg m-2 s-1
wetbc,2002,-4.117854459386983e-17,kg m-2 s-1
wetbc,2003,1.450020148407057e-15,kg m-2 s-1
wetbc,2004,1.1584131788829004e-16,kg m-2 s-1
