variable,year,value,unit
dryso4,2000,-1.8219429594962724e-14,kg m-2 s-1
dryso4,2001,-1.984076071005414e-14,kg m-2 s-1
dryso4,2002,-2.1367389650270588e-14,kg m-2 s-1
dryso4,2003,-1.598443267206093e-14,kg m-2 s-1
dryso4,2004,-1.683006253879507e-14,kg m-2 s-1
