variable,year,value,unit
wetso4,2001,1.1130621037099875e-13,kg m-2 s-1
wetso4,2002,1.1876040041955305e-13,kg m-2 s-1
wetso4,2003,1.1161065759152372e-13,kg m-2 s-1
wetso4,2004,1.0710791707738481e-13,kg m-2 s-1
