variable,year,value,unit
emibc,2001,1.91071814864752e-21,kg m-2 s-1
emibc,2002,-7.650271579766525e-22,kg m-2 s-1
emibc,2003,-1.0946675178082704e-21,kg m-2 s-1
emibc,2004,1.918445098012145e-22,kg m-2 s-1
