variable,year,value,unit
loadso2,2000,7.50593899281968e-08,kg m-2
loadso2,2001,7.778183346656351e-08,kg m-2
loadso2,2002,7.98130624543379e-08,kg m-2
loadso2,2003,7.546676490371331e-08,kg m-2
loadso2,2004,6.85082331793143e-08,kg m-2
