variable,year,value,unit
clt,2001,0.08006816600775579,%
clt,2002,-0.030685906180842437,%
clt,2003,0.013425773525931106,%
clt,2004,0.004742064922986344,%
