variable,year,value,unit
dms,2000,3.1326964910212345e-15,mol mol-1
dms,2001,-7.476331942954793e-15,mol mol-1
dms,2002,-1.078688885747045e-14,mol mol-1
dms,2003,-2.406339950842545e-15,mol mol-1
dms,2004,-3.579338715359644e-15,mol mol-1
