variable,year,value,unit
emiso2,2000,3.736152932985291e-15,kg m-2 s-1
emiso2,2001,3.683545275078375e-15,kg m-2 s-1
emiso2,2002,3.637843929435932e-15,kg m-2 s-1
emiso2,2003,3.667592245815826e-15,kg m-2 s-1
emiso2,2004,3.633150632446076e-15,kg m-2 s-1
