variable,year,value,unit
wetso4,2000,1.1296581893617497e-12,kg m-2 s-1
wetso4,2001,1.0651275137896122e-12,kg m-2 s-1
wetso4,2002,9.609218445950425e-13,kg m-2 s-1
wetso4,2003,1.026750317650254e-12,kg m-2 s-1
wetso4,2004,1.0945922701942682e-12,kg m-2 s-1
