variable,year,value,unit
dryso2,2001,-1.0961420099118245e-12,kg m-2 s-1
dryso2,2002,-1.057345665000888e-12,kg m-2 s-1
dryso2,2003,-1.0816088952077974e-12,kg m-2 s-1
dryso2,2004,-1.1735191089872373e-12,kg m-2 s-1
