variable,year,value,unit
dryso2,2001,-7.487153594738761e-13,kg m-2 s-1
dryso2,2002,-7.198519896059107e-13,kg m-2 s-1
dryso2,2003,-6.795139072261965e-13,kg m-2 s-1
dryso2,2004,-7.709882135341966e-13,kg m-2 s-1
