variable,year,value,unit
cl,2000,-9.029057665888018e-05,%
cl,2001,0.0005992613985519313,%
cl,2002,0.0005693234209669384,%
cl,2003,1.0460661048483644e-07,%
cl,2004,0.000760839150405701,%
