variable,year,value,unit
emibc,2000,-1.4906387356735306e-21,kg m-2 s-1
emibc,2001,1.0579759184104349e-21,kg m-2 s-1
emibc,2002,5.146748063563699e-21,kg m-2 s-1
emibc,2003,-2.9948411331296567e-21,kg m-2 s-1
emibc,2004,-1.382553230112825e-21,kg m-2 s-1
