variable,year,value,unit
clivi,2000,-2.1867919724395668e-05,kg m-2
clivi,2001,-6.74018395659115e-07,kg m-2
clivi,2002,3.125342062308689e-06,kg m-2
clivi,2003,-5.3777303814110666e-05,kg m-2
clivi,2004,-2.6516827722700143e-05,kg m-2
