variable,year,value,unit
wetbc,2000,-4.570978603912441e-19,kg m-2 s-1
wetbc,2001,-1.6359348638874273e-15,kg m-2 s-1
wetbc,2002,3.519516779345582e-15,kg m-2 s-1
wetbc,2003,-3.825899166068708e-16,kg m-2 s-1
wetbc,2004,-1.564141098241734e-15,kg m-2 s-1
