variable,year,value,unit
dryso2,2001,-1.3710250336235651e-12,kg m-2 s-1
dryso2,2002,-1.347985318307705e-12,kg m-2 s-1
dryso2,2003,-1.3200925960940477e-12,kg m-2 s-1
dryso2,2004,-1.4058495302569756e-12,kg m-2 s-1
