variable,year,value,unit
dms,2000,-1.1067044711015025e-14,mol mol-1
dms,2001,5.0422293979208206e-14,mol mol-1
dms,2002,1.143264341253781e-13,mol mol-1
dms,2003,-1.3231371091095332e-15,mol mol-1
dms,2004,-1.2664900311545774e-13,mol mol-1
