variable,year,value,unit
rlutcs,2000,-0.014785800187127052,W m-2
rlutcs,2001,-0.04289035377698269,W m-2
rlutcs,2002,-0.02894635063375972,W m-2
rlutcs,2003,-0.03917082996574095,W m-2
rlutcs,2004,-0.007465089506581535,W m-2
