variable,year,value,unit
so2,2000,-1.7039668901964892e-10,mol mol-1
so2,2001,-1.664266180534965e-10,mol mol-1
so2,2002,-1.5787530054857804e-10,mol mol-1
so2,2003,-1.573462446230546e-10,mol mol-1
so2,2004,-1.6588708054871386e-10,mol mol-1
