variable,year,value,unit
rlut,2001,0.015264496973799169,W m-2
rlut,2002,-0.03283291630299345,W m-2
rlut,2003,0.04425516838119847,W m-2
rlut,2004,-0.04207381230270357,W m-2
