variable,year,value,unit
clivi,2000,1.7059301902724866e-05,kg m-2
clivi,2001,-3.313754099498745e-05,kg m-2
clivi,2002,1.7326711074516776e-05,kg m-2
clivi,2003,-7.433415239628538e-06,kg m-2
clivi,2004,4.578309684323545e-05,kg m-2
