variable,year,value,unit
rsutcs,2000,0.012917079906358708,W m-2
rsutcs,2001,0.010068413873455029,W m-2
rsutcs,2002,0.009057087993284085,W m-2
rsutcs,2003,0.019818868392121658,W m-2
rsutcs,2004,0.007747707537575366,W m-2
