variable,year,value,unit
rsdt,2000,-8.760821401665453e-09,W m-2
rsdt,2001,-7.355936304520583e-08,W m-2
rsdt,2002,4.875278136751149e-08,W m-2
rsdt,2003,-2.580136992946791e-07,W m-2
rsdt,2004,-1.3406497600954026e-07,W m-2
