variable,year,value,unit
emiso2,2000,1.7225086493130464e-19,kg m-2 s-1
emiso2,2001,1.5013587298403407e-19,kg m-2 s-1
emiso2,2002,3.013213509236927e-20,kg m-2 s-1
emiso2,2003,-2.31351342481279e-20,kg m-2 s-1
emiso2,2004,-5.50361712505316e-20,kg m-2 s-1
