variable,year,value,unit
rsutcs,2000,-0.07105264494405361,W m-2
rsutcs,2001,-0.0301684593113265,W m-2
rsutcs,2002,0.04765388029336748,W m-2
rsutcs,2003,0.010638659797074013,W m-2
rsutcs,2004,-0.0006037943932568623,W m-2
