variable,year,value,unit
rlutcs,2001,-0.5819274702382131,W m-2
rlutcs,2002,0.6647823030655786,W m-2
rlutcs,2003,0.9004587186326489,W m-2
rlutcs,2004,-0.8681595052580064,W m-2
rlutcs,2005,1.0658683225123582,W m-2
