variable,year,value,unit
mmrbc,2000,4.328236315632543e-13,kg kg-1
mmrbc,2001,2.462490023452884e-13,kg kg-1
mmrbc,2002,-5.00272526847359e-13,kg kg-1
mmrbc,2003,4.4642919675768716e-13,kg kg-1
mmrbc,2004,4.4300870290476973e-13,kg kg-1
