variable,year,value,unit
rsutcs,2000,-0.0018073073484217161,W m-2
rsutcs,2001,0.0026111576887188903,W m-2
rsutcs,2002,0.0019055082042882532,W m-2
rsutcs,2003,-0.0033941166381197263,W m-2
rsutcs,2004,0.0016237415431135105,W m-2
