variable,year,value,unit
od550aer,2000,-0.0027221550144281292,1
od550aer,2001,-0.0012891153230008556,1
od550aer,2002,0.0017131287067679302,1
od550aer,2003,0.00021531968598315077,1
od550aer,2004,-3.826197518319585e-06,1
