variable,year,value,unit
loadbc,2000,7.667267301946388e-09,kg m-2
loadbc,2001,4.057227963139086e-09,kg m-2
loadbc,2002,1.5893257425638637e-09,kg m-2
loadbc,2003,6.343639660266796e-09,kg m-2
loadbc,2004,-2.2137922307462892e-09,kg m-2
