variable,year,value,unit
rlutcs,2000,0.031660170966858914,W m-2
rlutcs,2001,0.04325615432219365,W m-2
rlutcs,2002,-0.10650479257873258,W m-2
rlutcs,2003,0.010860360772198874,W m-2
rlutcs,2004,-0.0358538196576319,W m-2
