variable,year,value,unit
cl,2000,-0.21690376072512318,%
cl,2001,-0.15685483005992573,%
cl,2002,-0.12503391456479562,%
cl,2003,-0.15259780079999263,%
cl,2004,-0.22113981604031174,%
