variable,year,value,unit
so2,2000,1.3087700962679202e-11,mol mol-1
so2,2001,1.4219412928612524e-11,mol mol-1
so2,2002,4.647921251727896e-11,mol mol-1
so2,2003,9.220242056872377e-11,mol mol-1
so2,2004,1.2990323973030106e-10,mol mol-1
