variable,year,value,unit
wetso4,2000,1.8718805247434785e-13,kg m-2 s-1
wetso4,2001,4.185386176018024e-13,kg m-2 s-1
wetso4,2002,6.5888745115635e-13,kg m-2 s-1
wetso4,2003,1.022365132216798e-12,kg m-2 s-1
wetso4,2004,1.2942772041120166e-12,kg m-2 s-1
