variable,year,value,unit
mmrbc,2000,-6.900243423554383e-14,kg kg-1
mmrbc,2001,-2.5874874239171306e-14,kg kg-1
mmrbc,2002,-2.333665878776232e-14,kg kg-1
mmrbc,2003,-1.9925712882700932e-14,kg kg-1
mmrbc,2004,2.993546599733576e-14,kg kg-1
