variable,year,value,unit
wetbc,2000,-2.073983339428527e-16,kg m-2 s-1
wetbc,2001,-9.686535598321215e-17,kg m-2 s-1
wetbc,2002,1.2528383723750894e-16,kg m-2 s-1
wetbc,2003,1.8634073016450398e-16,kg m-2 s-1
wetbc,2004,-2.1109974855575884e-16,kg m-2 s-1
