variable,year,value,unit
mmrbc,2000,-3.741630142217423e-14,kg kg-1
mmrbc,2001,-1.002743222822149e-14,kg kg-1
mmrbc,2002,9.127975480055586e-15,kg kg-1
mmrbc,2003,7.998361214948494e-14,kg kg-1
mmrbc,2004,-4.990345846984802e-15,kg kg-1
