variable,year,value,unit
rsut,2000,0.017661827853515888,W m-2
rsut,2001,0.047704569433506094,W m-2
rsut,2002,0.08086354567942067,W m-2
rsut,2003,0.014844000176253758,W m-2
rsut,2004,-0.10929431762841091,W m-2
