variable,year,value,unit
rlut,2000,0.01796160282876258,W m-2
rlut,2001,0.01894770798858758,W m-2
rlut,2002,0.016699233104219502,W m-2
rlut,2003,0.008140501727922356,W m-2
rlut,2004,-0.002784386175221698,W m-2
