variable,year,value,unit
clivi,2000,1.5636559414390974e-05,kg m-2
clivi,2001,-1.3889586484787386e-05,kg m-2
clivi,2002,-1.8392077849679715e-05,kg m-2
clivi,2003,-2.6101335842292073e-05,kg m-2
clivi,2004,-7.235958593728234e-06,kg m-2
