variable,year,value,unit
od550aer,2000,-8.868747036742952e-05,1
od550aer,2001,-8.222938009957992e-05,1
od550aer,2002,-3.660247517450754e-05,1
od550aer,2003,-0.00020603279473353775,1
od550aer,2004,-8.895001915072698e-05,1
