variable,year,value,unit
rlutcs,2000,0.0023592828770802043,W m-2
rlutcs,2001,-0.008695565792550042,W m-2
rlutcs,2002,-0.0009118592275854098,W m-2
rlutcs,2003,0.0019185608182397118,W m-2
rlutcs,2004,-0.003245230017682843,W m-2
