variable,year,value,unit
rsutcs,2000,-0.003096095779632435,W m-2
rsutcs,2001,-0.0049699321291640786,W m-2
rsutcs,2002,-0.0005694593063481079,W m-2
rsutcs,2003,-0.005455783500096345,W m-2
rsutcs,2004,-0.004744232387942304,W m-2
