variable,year,value,unit
mmrso4,2000,-2.8320255336610045e-12,kg kg-1
mmrso4,2001,-3.1048514143632644e-12,kg kg-1
mmrso4,2002,-4.1506395116381896e-12,kg kg-1
mmrso4,2003,-5.307468825400847e-12,kg kg-1
mmrso4,2004,-3.716018750727905e-12,kg kg-1
