variable,year,value,unit
clt,2000,0.002266550126748257,%
clt,2001,0.0008201518649073591,%
clt,2002,0.0005111770485584088,%
clt,2003,0.00040279146053734394,%
clt,2004,0.0006635405508319536,%
