variable,year,value,unit
mmrbc,2000,-2.2311106884222888e-13,kg kg-1
mmrbc,2001,1.646739344644182e-14,kg kg-1
mmrbc,2002,1.746731145766776e-13,kg kg-1
mmrbc,2003,-9.210856998640306e-14,kg kg-1
mmrbc,2004,-9.258859921981168e-14,kg kg-1
