variable,year,value,unit
so2,2000,-3.530600077795946e-13,mol mol-1
so2,2001,1.3214751407606076e-13,mol mol-1
so2,2002,-6.424100393016441e-13,mol mol-1
so2,2003,-1.7022840170112324e-13,mol mol-1
so2,2004,-6.85590393007442e-13,mol mol-1
