variable,year,value,unit
rsutcs,2000,0.01051146600943298,W m-2
rsutcs,2001,-0.021736485088908353,W m-2
rsutcs,2002,0.054005990987946006,W m-2
rsutcs,2003,-0.03156652306846297,W m-2
rsutcs,2004,-0.034962373904932065,W m-2
