variable,year,value,unit
rsut,2000,0.0346117812715363,W m-2
rsut,2001,0.054670288402320466,W m-2
rsut,2002,0.07226876376384439,W m-2
rsut,2003,0.033380079340503244,W m-2
rsut,2004,-0.03730585067961556,W m-2
