variable,year,value,unit
rlut,2000,-0.5334272613947633,W m-2
rlut,2001,-0.5296586868001043,W m-2
rlut,2002,-0.5001928193839262,W m-2
rlut,2003,-0.5099412915577375,W m-2
rlut,2004,-0.47681632227840964,W m-2
