variable,year,value,unit
wetso2,2000,6.124476540326959e-16,kg m-2 s-1
wetso2,2001,6.197596430213113e-16,kg m-2 s-1
wetso2,2002,6.304826981913658e-16,kg m-2 s-1
wetso2,2003,7.694020244566989e-16,kg m-2 s-1
wetso2,2004,7.8803391830320515e-16,kg m-2 s-1
