variable,year,value,unit
emiso2,2000,9.932439117243447e-17,kg m-2 s-1
emiso2,2001,1.0578530024894926e-16,kg m-2 s-1
emiso2,2002,9.69886055687398e-17,kg m-2 s-1
emiso2,2003,1.024847544710143e-16,kg m-2 s-1
emiso2,2004,1.092618232996815e-16,kg m-2 s-1
