variable,year,value,unit
loadbc,2000,2.68001551426713e-09,kg m-2
loadbc,2001,2.3756105155561017e-09,kg m-2
loadbc,2002,1.0393353032613775e-09,kg m-2
loadbc,2003,1.1172324825331275e-09,kg m-2
loadbc,2004,2.1080179768575053e-09,kg m-2
