variable,year,value,unit
rsut,2001,0.14067032583361083,W m-2
rsut,2002,0.04451124290824282,W m-2
rsut,2003,0.15022218983891378,W m-2
rsut,2004,-0.0015624075453075648,W m-2
