variable,year,value,unit
loadso4,2000,-4.6120476826193e-09,kg m-2
loadso4,2001,-3.842774356593477e-09,kg m-2
loadso4,2002,-2.57178927007543e-09,kg m-2
loadso4,2003,-7.523018399900129e-10,kg m-2
loadso4,2004,4.377856443771197e-10,kg m-2
