variable,year,value,unit
dryso2,2001,5.226400771926635e-15,kg m-2 s-1
dryso2,2002,8.718586650275464e-15,kg m-2 s-1
dryso2,2003,-4.909582255678946e-15,kg m-2 s-1
dryso2,2004,9.485057028561907e-15,kg m-2 s-1
