variable,year,value,unit
loadso4,2000,6.704654624740183e-09,kg m-2
loadso4,2001,-1.2087947614606116e-09,kg m-2
loadso4,2002,3.885676920088482e-09,kg m-2
loadso4,2003,1.2971211114131326e-09,kg m-2
loadso4,2004,1.3538564992728206e-08,kg m-2
