variable,year,value,unit
rsut,2000,0.004566110588982042,W m-2
rsut,2001,-0.03526599837768174,W m-2
rsut,2002,0.023871580113677737,W m-2
rsut,2003,0.0993938235754257,W m-2
rsut,2004,-0.024471595049220696,W m-2
