variable,year,value,unit
drybc,2001,-3.8630227181067596e-15,kg m-2 s-1
drybc,2002,-3.994831791928948e-15,kg m-2 s-1
drybc,2003,-5.1164220054730744e-15,kg m-2 s-1
drybc,2004,-4.127534265055932e-15,kg m-2 s-1
