variable,year,value,unit
loadbc,2000,-2.104412493985594e-11,kg m-2
loadbc,2001,-1.8901632134836973e-11,kg m-2
loadbc,2002,-3.180140066236267e-11,kg m-2
loadbc,2003,-3.361255262523659e-11,kg m-2
loadbc,2004,2.642570916539089e-11,kg m-2
