variable,year,value,unit
drybc,2000,-1.030387027381992e-14,kg m-2 s-1
drybc,2001,-1.0601803477952152e-14,kg m-2 s-1
drybc,2002,-1.0193468984430112e-14,kg m-2 s-1
drybc,2003,-1.2201901395187121e-14,kg m-2 s-1
drybc,2004,-1.1271531671371466e-14,kg m-2 s-1
