variable,year,value,unit
wetso2,2000,-8.87162735715422e-15,kg m-2 s-1
wetso2,2001,6.11598136699868e-15,kg m-2 s-1
wetso2,2002,-1.030446461953341e-14,kg m-2 s-1
wetso2,2003,-2.9406133447114856e-15,kg m-2 s-1
wetso2,2004,3.113187375188014e-15,kg m-2 s-1
