variable,year,value,unit
loadso4,2000,9.413664648921132e-10,kg m-2
loadso4,2001,1.746934647414937e-09,kg m-2
loadso4,2002,3.9702475010507017e-08,kg m-2
loadso4,2003,3.522515295266629e-08,kg m-2
loadso4,2004,1.615131213311074e-08,kg m-2
