variable,year,value,unit
mmrso4,2001,2.29422754898446e-12,kg kg-1
mmrso4,2002,-2.356165140020024e-12,kg kg-1
mmrso4,2003,-1.1847014760217458e-12,kg kg-1
mmrso4,2004,-2.9641738653444064e-12,kg kg-1
