variable,year,value,unit
emibc,2001,2.1609380717876128e-17,kg m-2 s-1
emibc,2002,-2.0150094942294948e-17,kg m-2 s-1
emibc,2003,1.6665206702323582e-17,kg m-2 s-1
emibc,2004,2.1988029271855892e-17,kg m-2 s-1
