variable,year,value,unit
mmrbc,2000,-1.4318251045727113e-12,kg kg-1
mmrbc,2001,-1.9117988271013265e-12,kg kg-1
mmrbc,2002,-2.150745042050493e-12,kg kg-1
mmrbc,2003,-2.035641571819331e-12,kg kg-1
mmrbc,2004,-1.9126334102724697e-12,kg kg-1
