variable,year,value,unit
rsut,2000,0.3065165523962605,W m-2
rsut,2001,-0.020932446170135677,W m-2
rsut,2002,-0.04082627589855292,W m-2
rsut,2003,0.42395709597924736,W m-2
rsut,2004,0.09083844171335897,W m-2
