variable,year,value,unit
drybc,2001,-7.6152536294040765e-16,kg m-2 s-1
drybc,2002,-1.421380261218332e-15,kg m-2 s-1
drybc,2003,-1.7779154872309857e-15,kg m-2 s-1
drybc,2004,-1.1376218421643892e-15,kg m-2 s-1
