variable,year,value,unit
wetso4,2000,-1.7330037815195304e-15,kg m-2 s-1
wetso4,2001,9.915144440344266e-16,kg m-2 s-1
wetso4,2002,-4.965053098230933e-15,kg m-2 s-1
wetso4,2003,-7.178301090036441e-15,kg m-2 s-1
wetso4,2004,-1.4850138972621164e-15,kg m-2 s-1
