variable,year,value,unit
mmrbc,2001,-1.3223646236953414e-12,kg kg-1
mmrbc,2002,-1.6803881482466942e-12,kg kg-1
mmrbc,2003,-1.936385500361542e-12,kg kg-1
mmrbc,2004,-1.717679133373884e-12,kg kg-1
