variable,year,value,unit
od550aer,2000,4.451537747079959e-05,1
od550aer,2001,-0.00018550285295579338,1
od550aer,2002,7.42406360898229e-05,1
od550aer,2003,-3.8015763194870766e-05,1
od550aer,2004,5.0972039108865275e-05,1
