variable,year,value,unit
mmrso4,2000,-2.211464039962236e-12,kg kg-1
mmrso4,2001,-1.2423250008977026e-12,kg kg-1
mmrso4,2002,-6.138311734232814e-13,kg kg-1
mmrso4,2003,-2.209008391379144e-12,kg kg-1
mmrso4,2004,-1.4439501390885226e-12,kg kg-1
