variable,year,value,unit
drybc,2000,0.023822913085218188,kg m-2 s-1
drybc,2001,0.013845344571638014,kg m-2 s-1
drybc,2002,-0.003679796816684023,kg m-2 s-1
drybc,2003,-0.015326129453154867,kg m-2 s-1
drybc,2004,-0.030201511325375636,kg m-2 s-1
