variable,year,value,unit
wetbc,2000,-0.08009366865958757,kg m-2 s-1
wetbc,2001,-0.006198166138607705,kg m-2 s-1
wetbc,2002,-0.002234570519754934,kg m-2 s-1
wetbc,2003,-0.0097223171718549,kg m-2 s-1
wetbc,2004,-0.025257777679061944,kg m-2 s-1
