variable,year,value,unit
mmrbc,2000,0.014214713175976357,kg kg-1
mmrbc,2001,-0.03277811316552345,kg kg-1
mmrbc,2002,-0.005497200824195983,kg kg-1
mmrbc,2003,-0.043556894248447595,kg kg-1
mmrbc,2004,-0.0634971950687276,kg kg-1
