variable,year,value,unit
emiso2,2000,-0.055371229399898414,kg m-2 s-1
emiso2,2001,-0.0573129224813622,kg m-2 s-1
emiso2,2002,-0.05376350470711939,kg m-2 s-1
emiso2,2003,-0.05241869818539863,kg m-2 s-1
emiso2,2004,-0.05384859116166105,kg m-2 s-1
