variable,year,value,unit
loadbc,2000,0.1184038893584698,kg m-2
loadbc,2001,0.03992902392672925,kg m-2
loadbc,2002,-0.10142942474766453,kg m-2
loadbc,2003,-0.008368092460030837,kg m-2
loadbc,2004,0.04944750437738994,kg m-2
