variable,year,value,unit
od550aer,2000,-6.955084335946715e-05,1
od550aer,2001,-0.0002905825633065795,1
od550aer,2002,6.851855500686344e-05,1
od550aer,2003,9.15009396942057e-05,1
od550aer,2004,-0.00012519664983393075,1
