variable,year,value,unit
rlutcs,2000,0.023431129388598038,W m-2
rlutcs,2001,-0.02148137604638123,W m-2
rlutcs,2002,0.004657495896481123,W m-2
rlutcs,2003,-0.00010765583823513225,W m-2
rlutcs,2004,-0.023177649718718385,W m-2
