variable,year,value,unit
clt,2000,0.008801743292238484,%
clt,2001,0.0065348241319043154,%
clt,2002,-0.009382114968147448,%
clt,2003,-0.0016715977999197662,%
clt,2004,0.015536988925617834,%
