variable,year,value,unit
dms,2000,1.3119075809696446e-14,mol mol-1
dms,2001,2.5585138316657602e-15,mol mol-1
dms,2002,5.0986076581249974e-15,mol mol-1
dms,2003,8.031809535120287e-15,mol mol-1
dms,2004,4.841827249246309e-16,mol mol-1
