variable,year,value,unit
so2,2000,3.0123024788502768e-12,mol mol-1
so2,2001,2.9918303906470987e-12,mol mol-1
so2,2002,2.8353321083208846e-12,mol mol-1
so2,2003,8.873496406853637e-12,mol mol-1
so2,2004,9.862595229735234e-13,mol mol-1
