variable,year,value,unit
rsut,2000,-0.012460445950225107,W m-2
rsut,2001,-0.03533250443078373,W m-2
rsut,2002,-0.018449545272105183,W m-2
rsut,2003,0.06448544509201781,W m-2
rsut,2004,-0.018899463636444125,W m-2
