variable,year,value,unit
od550aer,2001,7.147438799071093e-05,1
od550aer,2002,-0.000589345961403559,1
od550aer,2003,-0.0004103451004055514,1
od550aer,2004,-0.00017372643380994535,1
