variable,year,value,unit
drybc,2000,-6.812785458566607e-15,kg m-2 s-1
drybc,2001,-5.061207958092745e-15,kg m-2 s-1
drybc,2002,-1.7343569024805863e-15,kg m-2 s-1
drybc,2003,1.390774730799058e-16,kg m-2 s-1
drybc,2004,-3.8583452764439824e-15,kg m-2 s-1
