variable,year,value,unit
rsut,2001,-0.03521229728484343,W m-2
rsut,2002,-0.06019826685256646,W m-2
rsut,2003,0.12999315500077557,W m-2
rsut,2004,-0.012184424073510058,W m-2
