variable,year,value,unit
so2,2000,1.0115762308805944e-13,mol mol-1
so2,2001,-2.560646947367539e-13,mol mol-1
so2,2002,-1.0302606036911614e-12,mol mol-1
so2,2003,-1.3881553999466688e-12,mol mol-1
so2,2004,-7.912136912324452e-13,mol mol-1
