variable,year,value,unit
rlut,2000,0.026944904449635487,W m-2
rlut,2001,-0.08814549715009434,W m-2
rlut,2002,-0.014758278607786224,W m-2
rlut,2003,-0.12267109735870463,W m-2
rlut,2004,-0.07238472439169641,W m-2
