variable,year,value,unit
dryso4,2001,-2.686474503817493e-16,kg m-2 s-1
dryso4,2002,-1.2199718242899034e-15,kg m-2 s-1
dryso4,2003,3.863121357836655e-15,kg m-2 s-1
dryso4,2004,-1.911760505891046e-15,kg m-2 s-1
