variable,year,value,unit
dryso2,2001,6.725204483653315e-15,kg m-2 s-1
dryso2,2002,-1.0619072966099876e-14,kg m-2 s-1
dryso2,2003,-2.078729442064497e-14,kg m-2 s-1
dryso2,2004,-5.970855838214015e-15,kg m-2 s-1
