variable,year,value,unit
rlut,2001,-0.0597454347814903,W m-2
rlut,2002,-0.0753051352165528,W m-2
rlut,2003,-0.06537706618649963,W m-2
rlut,2004,-0.051108952795487994,W m-2
