variable,year,value,unit
rsutcs,2001,0.009308270062931001,W m-2
rsutcs,2002,0.015520065592269816,W m-2
rsutcs,2003,0.013873343861419585,W m-2
rsutcs,2004,0.009371865220657583,W m-2
