variable,year,value,unit
cltc,2001,0.00010834511854890261,%
cltc,2002,7.353234025275768e-05,%
cltc,2003,-0.00028181671240556927,%
cltc,2004,-0.00040581663325384154,%
