variable,year,value,unit
loadbc,2000,-8.193039900430416e-11,kg m-2
loadbc,2001,1.4272979930227638e-10,kg m-2
loadbc,2002,2.0113194072667782e-11,kg m-2
loadbc,2003,3.1246943073461414e-11,kg m-2
loadbc,2004,3.692526288429336e-12,kg m-2
