variable,year,value,unit
cl,2000,-0.06864059470846229,%
cl,2001,-0.023949519354856008,%
cl,2002,-0.021806321284637775,%
cl,2003,-0.0023472538944249166,%
cl,2004,-0.026725637424173776,%
