variable,year,value,unit
rsut,2000,0.7529575315241601,W m-2
rsut,2001,-0.006270014384512024,W m-2
rsut,2002,-1.3054942614891019,W m-2
rsut,2003,-0.03109092231701993,W m-2
rsut,2004,-0.01415913855259987,W m-2
