variable,year,value,unit
rsut,2000,-0.00036362316485849533,W m-2
rsut,2001,-0.020886831989372467,W m-2
rsut,2002,0.004621459853098031,W m-2
rsut,2003,-0.04013661603841001,W m-2
rsut,2004,-0.02693583690316359,W m-2
