variable,year,value,unit
clivi,2000,9.534072701872232e-05,kg m-2
clivi,2001,-7.30650069375588e-06,kg m-2
clivi,2002,6.960349151634987e-05,kg m-2
clivi,2003,7.6138407062859015e-06,kg m-2
clivi,2004,2.3228285868835685e-05,kg m-2
