variable,year,value,unit
loadso4,2000,6.955357493452051e-06,kg m-2
loadso4,2001,7.116248392685397e-06,kg m-2
loadso4,2002,7.2928338425229484e-06,kg m-2
loadso4,2003,7.614808362469917e-06,kg m-2
loadso4,2004,7.913112046184204e-06,kg m-2
