variable,year,value,unit
wetso4,2000,1.3277323760584057e-11,kg m-2 s-1
wetso4,2001,1.3400551274970421e-11,kg m-2 s-1
wetso4,2002,1.3241246705040525e-11,kg m-2 s-1
wetso4,2003,1.3525654258836489e-11,kg m-2 s-1
wetso4,2004,1.3848844052478444e-11,kg m-2 s-1
