variable,year,value,unit
loadso4,2000,3.4043641710277883e-06,kg m-2
loadso4,2001,3.447351356663369e-06,kg m-2
loadso4,2002,3.3928968828200394e-06,kg m-2
loadso4,2003,3.408027605250687e-06,kg m-2
loadso4,2004,3.492255534213796e-06,kg m-2
