variable,year,value,unit
wetso4,2000,1.2571681048493369e-11,kg m-2 s-1
wetso4,2001,1.2771906492027816e-11,kg m-2 s-1
wetso4,2002,1.2765459237317293e-11,kg m-2 s-1
wetso4,2003,1.3140936047125161e-11,kg m-2 s-1
wetso4,2004,1.3424765365422996e-11,kg m-2 s-1
