variable,year,value,unit
wetso4,2000,1.3036414852816515e-11,kg m-2 s-1
wetso4,2001,1.3157468255341931e-11,kg m-2 s-1
wetso4,2002,1.3310557814793642e-11,kg m-2 s-1
wetso4,2003,1.345099846817974e-11,kg m-2 s-1
wetso4,2004,1.3849894011695043e-11,kg m-2 s-1
