variable,year,value,unit
drybc,2000,-0.04026562252544891,kg m-2 s-1
drybc,2001,-0.05443232327122661,kg m-2 s-1
drybc,2002,-0.05096972544722856,kg m-2 s-1
drybc,2003,-0.0799789675405812,kg m-2 s-1
drybc,2004,-0.08485049184724504,kg m-2 s-1
