variable,year,value,unit
mmrso4,2000,-0.2908811011732018,kg kg-1
mmrso4,2001,-0.32706779706758715,kg kg-1
mmrso4,2002,-0.2497097557627132,kg kg-1
mmrso4,2003,-0.3248609142291786,kg kg-1
mmrso4,2004,-0.3744239529452097,kg kg-1
