variable,year,value,unit
cl,2000,-0.15131774124387315,%
cl,2001,-0.04215995117092058,%
cl,2002,0.05243145104780191,%
cl,2003,-0.10638517599173541,%
cl,2004,0.01818653229457089,%
