variable,year,value,unit
dryso4,2000,-0.3705479195920226,kg m-2 s-1
dryso4,2001,-0.3548385785113987,kg m-2 s-1
dryso4,2002,-0.184148188631853,kg m-2 s-1
dryso4,2003,-0.3766575170194599,kg m-2 s-1
dryso4,2004,-0.3542096609416054,kg m-2 s-1
