variable,year,value,unit
emibc,2000,-2.615005743225443e-23,kg m-2 s-1
emibc,2001,5.233416841206544e-24,kg m-2 s-1
emibc,2002,-9.159268333016673e-24,kg m-2 s-1
emibc,2003,1.4864865757652306e-23,kg m-2 s-1
emibc,2004,-2.1879685770674043e-22,kg m-2 s-1
