variable,year,value,unit
dms,2000,-1.806790332162427e-14,mol mol-1
dms,2001,-3.9248734669417365e-14,mol mol-1
dms,2002,-4.083635229222771e-14,mol mol-1
dms,2003,-3.230967764460154e-14,mol mol-1
dms,2004,-3.0123691195194707e-15,mol mol-1
