variable,year,value,unit
rlutcs,2000,0.009893032421757653,W m-2
rlutcs,2001,-0.002137156197591139,W m-2
rlutcs,2002,0.005702198635958666,W m-2
rlutcs,2003,0.005594548336148364,W m-2
rlutcs,2004,6.439841081373743e-05,W m-2
