variable,year,value,unit
loadbc,2000,1.3915355775991758e-11,kg m-2
loadbc,2001,1.961786447638297e-11,kg m-2
loadbc,2002,8.32509821677847e-11,kg m-2
loadbc,2003,5.2030444232737965e-11,kg m-2
loadbc,2004,3.9441452093276976e-11,kg m-2
