variable,year,value,unit
loadbc,2000,-2.9782616908066495e-10,kg m-2
loadbc,2001,-6.304230256226132e-10,kg m-2
loadbc,2002,1.7402891415896607e-10,kg m-2
loadbc,2003,2.4087168266661797e-10,kg m-2
loadbc,2004,-1.1931525489728776e-10,kg m-2
