variable,year,value,unit
mmrso4,2000,-1.1419169403180784e-10,kg kg-1
mmrso4,2001,-7.674773795535824e-11,kg kg-1
mmrso4,2002,-7.199681906448836e-11,kg kg-1
mmrso4,2003,-4.806328505105027e-11,kg kg-1
mmrso4,2004,-5.55241777741662e-11,kg kg-1
