variable,year,value,unit
rsutcs,2000,-0.04928725386499622,W m-2
rsutcs,2001,-0.034649437682283235,W m-2
rsutcs,2002,-0.037658875091473476,W m-2
rsutcs,2003,-0.03967773979184841,W m-2
rsutcs,2004,-0.02425044561511669,W m-2
