variable,year,value,unit
rlut,2000,0.03280140256464392,W m-2
rlut,2001,0.01217088501837793,W m-2
rlut,2002,0.00247047818709234,W m-2
rlut,2003,0.006551775501321799,W m-2
rlut,2004,0.012171062745977679,W m-2
