variable,year,value,unit
dryso4,2000,-7.50153222754116e-14,kg m-2 s-1
dryso4,2001,-8.385059471254382e-14,kg m-2 s-1
dryso4,2002,-7.278313139823336e-14,kg m-2 s-1
dryso4,2003,-7.536796456623492e-14,kg m-2 s-1
dryso4,2004,-7.909291356757865e-14,kg m-2 s-1
