variable,year,value,unit
loadso4,2000,-7.158011949380948e-08,kg m-2
loadso4,2001,-9.018290896123146e-08,kg m-2
loadso4,2002,-7.538656336678328e-08,kg m-2
loadso4,2003,-7.049373552066717e-08,kg m-2
loadso4,2004,-8.745719560078295e-08,kg m-2
