variable,year,value,unit
so2,2000,-1.7830183463490652,mol mol-1
so2,2001,-1.7613926663838189,mol mol-1
so2,2002,-1.448773826036247,mol mol-1
so2,2003,-1.6963039617212066,mol mol-1
so2,2004,-1.936949821149007,mol mol-1
