variable,year,value,unit
emibc,2000,-10.185151970589674,kg m-2 s-1
emibc,2001,-5.0766634684454495,kg m-2 s-1
emibc,2002,-9.806650311564246,kg m-2 s-1
emibc,2003,-8.37557015934256,kg m-2 s-1
emibc,2004,-6.932934525171189,kg m-2 s-1
