variable,year,value,unit
mmrbc,2000,-1.0962286860495333e-13,kg kg-1
mmrbc,2001,5.798764114436359e-14,kg kg-1
mmrbc,2002,-6.264724406455821e-14,kg kg-1
mmrbc,2003,1.749817173146491e-14,kg kg-1
mmrbc,2004,9.727465284029943e-14,kg kg-1
