variable,year,value,unit
loadbc,2000,-8.449146403101602e-11,kg m-2
loadbc,2001,-3.22590563848092e-11,kg m-2
loadbc,2002,5.313483577669688e-11,kg m-2
loadbc,2003,-5.038729907439465e-12,kg m-2
loadbc,2004,-2.809575019265556e-11,kg m-2
