variable,year,value,unit
emibc,2000,3.5362472422550223e-20,kg m-2 s-1
emibc,2001,5.521319981657306e-20,kg m-2 s-1
emibc,2002,2.4169399628007775e-19,kg m-2 s-1
emibc,2003,-1.8722013618994923e-19,kg m-2 s-1
emibc,2004,2.414254123911586e-19,kg m-2 s-1
