variable,year,value,unit
loadso4,2000,-1.565006453690148e-07,kg m-2
loadso4,2001,-1.5326114914057133e-07,kg m-2
loadso4,2002,-1.328400666863187e-07,kg m-2
loadso4,2003,-1.5780025173664397e-07,kg m-2
loadso4,2004,-1.646198677893833e-07,kg m-2
