variable,year,value,unit
loadso4,2000,-2.5993766344037558e-08,kg m-2
loadso4,2001,-2.587901254210673e-08,kg m-2
loadso4,2002,-3.24170527849373e-08,kg m-2
loadso4,2003,-2.946647313144779e-08,kg m-2
loadso4,2004,-2.6269206283801315e-08,kg m-2
