variable,year,value,unit
mmrbc,2000,-1.9136720218370316e-12,kg kg-1
mmrbc,2001,-1.6309095221580232e-12,kg kg-1
mmrbc,2002,-1.618267307484477e-12,kg kg-1
mmrbc,2003,-2.9521040570513284e-12,kg kg-1
mmrbc,2004,-2.0103987476099397e-12,kg kg-1
