variable,year,value,unit
cl,2000,-0.028735674235027098,%
cl,2001,-0.03651794306348122,%
cl,2002,-0.02127129373559744,%
cl,2003,-0.01565623472451283,%
cl,2004,-0.015677578559880834,%
