variable,year,value,unit
cl,2001,-0.0264466433238133,%
cl,2002,-0.13425520395982904,%
cl,2003,0.29519993799722233,%
cl,2004,-0.10120756658203245,%
cl,2005,-0.3191633393368707,%
