variable,year,value,unit
rsut,2000,0.45656480569972757,W m-2
rsut,2001,0.4623147412412152,W m-2
rsut,2002,0.592516760530458,W m-2
rsut,2003,0.5563310439618192,W m-2
rsut,2004,0.5504766033154027,W m-2
