variable,year,value,unit
mmrso4,2000,2.4432903647442614e-10,kg kg-1
mmrso4,2001,2.5867619413590985e-10,kg kg-1
mmrso4,2002,2.7015766891228085e-10,kg kg-1
mmrso4,2003,2.8844541585115284e-10,kg kg-1
mmrso4,2004,3.178193611202332e-10,kg kg-1
