variable,year,value,unit
rsutcs,2000,0.965832568311427,W m-2
rsutcs,2001,0.9678235730695164,W m-2
rsutcs,2002,1.0309795867591092,W m-2
rsutcs,2003,1.2076000582030488,W m-2
rsutcs,2004,1.162568955973498,W m-2
