variable,year,value,unit
rlut,2001,0.2713414726212875,W m-2
rlut,2002,0.26716363276585753,W m-2
rlut,2003,-0.10250637657935613,W m-2
rlut,2004,-0.13141480135882944,W m-2
rlut,2005,1.5622665001451992,W m-2
