variable,year,value,unit
mmrso4,2000,7.43410564063361e-11,kg kg-1
mmrso4,2001,7.37240440533026e-11,kg kg-1
mmrso4,2002,7.384590619208407e-11,kg kg-1
mmrso4,2003,6.752341326648607e-11,kg kg-1
mmrso4,2004,1.1240655820205108e-10,kg kg-1
