variable,year,value,unit
rsdt,2000,-3.0180751764419256e-07,W m-2
rsdt,2001,-1.524406911812548e-07,W m-2
rsdt,2002,-1.2214519529152312e-07,W m-2
rsdt,2003,-6.011424602547777e-08,W m-2
rsdt,2004,-9.042878446052782e-09,W m-2
