variable,year,value,unit
clivi,2000,0.00038125110113903724,kg m-2
clivi,2001,0.0003338703540669563,kg m-2
clivi,2002,0.0003124963179746455,kg m-2
clivi,2003,0.00033059532759586834,kg m-2
clivi,2004,0.0003171612395347634,kg m-2
