variable,year,value,unit
so2,2000,-3.682385405943339e-12,mol mol-1
so2,2001,-3.4823681009379363e-12,mol mol-1
so2,2002,-3.5471415709214296e-12,mol mol-1
so2,2003,-3.903370278774989e-12,mol mol-1
so2,2004,-4.312687537375574e-12,mol mol-1
