variable,year,value,unit
mmrbc,2000,-0.11851967555793186,kg kg-1
mmrbc,2001,-0.1466940178182361,kg kg-1
mmrbc,2002,-0.15127215904787944,kg kg-1
mmrbc,2003,0.04638483718009945,kg kg-1
mmrbc,2004,0.035016706447469036,kg kg-1
