variable,year,value,unit
od550aer,2000,-0.2048166090848404,1
od550aer,2001,-0.07735084728223406,1
od550aer,2002,-0.08195522976084328,1
od550aer,2003,-0.26224287475989,1
od550aer,2004,-0.1288732165842091,1
