variable,year,value,unit
loadso4,2001,-0.46604690723636555,kg m-2
loadso4,2002,-0.44508756469146277,kg m-2
loadso4,2003,-0.3702096241051284,kg m-2
loadso4,2004,-0.4260731723878877,kg m-2
loadso4,2005,-0.45041195925965144,kg m-2
