variable,year,value,unit
rlut,2000,0.007411798818079702,W m-2
rlut,2001,-0.0021164546850581467,W m-2
rlut,2002,0.007518981308097998,W m-2
rlut,2003,-0.007843930429869011,W m-2
rlut,2004,-0.002531277551616421,W m-2
