variable,year,value,unit
dryso2,2001,-4.208087062460096,kg m-2 s-1
dryso2,2002,-4.331780875359394,kg m-2 s-1
dryso2,2003,-4.56114037692275,kg m-2 s-1
dryso2,2004,-4.495234248462598,kg m-2 s-1
dryso2,2005,-4.730674082525326,kg m-2 s-1
