variable,year,value,unit
mmrbc,2000,-0.0144628728973472,kg kg-1
mmrbc,2001,-0.000674433829272795,kg kg-1
mmrbc,2002,0.033825815233308104,kg kg-1
mmrbc,2003,-0.009344735527332348,kg kg-1
mmrbc,2004,-0.016079985819358232,kg kg-1
