variable,year,value,unit
rlutcs,2001,-0.005913554666448121,W m-2
rlutcs,2002,0.0018353395172547888,W m-2
rlutcs,2003,-0.0022254217905518844,W m-2
rlutcs,2004,0.003926509663603807,W m-2
rlutcs,2005,-0.0009428676352138787,W m-2
