variable,year,value,unit
drybc,2000,0.08955694649939318,kg m-2 s-1
drybc,2001,0.09966354937276886,kg m-2 s-1
drybc,2002,-0.06037159188121992,kg m-2 s-1
drybc,2003,0.14064966032655016,kg m-2 s-1
drybc,2004,-0.16263065835145468,kg m-2 s-1
