variable,year,value,unit
mmrso4,2000,-0.6637609724763934,kg kg-1
mmrso4,2001,-0.6994842744719023,kg kg-1
mmrso4,2002,-0.5984740562201541,kg kg-1
mmrso4,2003,-0.699730359355318,kg kg-1
mmrso4,2004,-0.6900729009798375,kg kg-1
