variable,year,value,unit
rsut,2000,-0.036854998514715236,W m-2
rsut,2001,0.002109156655891506,W m-2
rsut,2002,-0.03305160934070153,W m-2
rsut,2003,-0.07481979544213396,W m-2
rsut,2004,-0.04508791733757195,W m-2
