variable,year,value,unit
cl,2001,2.2807962442091316,%
cl,2002,3.37142610961327,%
cl,2003,-0.11273815723370233,%
cl,2004,-8.047442705030631,%
cl,2005,4.642411344650016,%
