variable,year,value,unit
clivi,2000,0.0008022656070899315,kg m-2
clivi,2001,-0.35426171316460625,kg m-2
clivi,2002,-0.778872366975123,kg m-2
clivi,2003,0.1021907354559271,kg m-2
clivi,2004,0.012796262031976967,kg m-2
