variable,year,value,unit
mmrso4,2000,-0.023028542352422153,kg kg-1
mmrso4,2001,-0.052471750016537706,kg kg-1
mmrso4,2002,0.12851236589030365,kg kg-1
mmrso4,2003,0.433629095891993,kg kg-1
mmrso4,2004,0.3812920866542533,kg kg-1
