variable,year,value,unit
emiso2,2001,0.018732104405579132,kg m-2 s-1
emiso2,2002,-0.0006101481930229671,kg m-2 s-1
emiso2,2003,0.013742009832937413,kg m-2 s-1
emiso2,2004,0.021825033351583978,kg m-2 s-1
emiso2,2005,-0.000900242573051617,kg m-2 s-1
