variable,year,value,unit
so2,2000,-0.04065114322380795,mol mol-1
so2,2001,-0.07480468734619558,mol mol-1
so2,2002,-0.0237926728207596,mol mol-1
so2,2003,-0.07526495302452622,mol mol-1
so2,2004,0.062176824684547896,mol mol-1
