variable,year,value,unit
so2,2000,-1.4753058343952323,mol mol-1
so2,2001,-1.308118063681016,mol mol-1
so2,2002,-0.9466255285151302,mol mol-1
so2,2003,-1.426742633584246,mol mol-1
so2,2004,-0.9431485845483195,mol mol-1
