variable,year,value,unit
emibc,2000,2.55397067967966e-07,kg m-2 s-1
emibc,2001,-7.730310763579461e-09,kg m-2 s-1
emibc,2002,1.316080718913273e-07,kg m-2 s-1
emibc,2003,-8.718492224681482e-07,kg m-2 s-1
emibc,2004,-2.3238712543104507e-07,kg m-2 s-1
