variable,year,value,unit
wetso4,2000,0.2694185113758745,kg m-2 s-1
wetso4,2001,0.2047298584101113,kg m-2 s-1
wetso4,2002,0.21008972826284344,kg m-2 s-1
wetso4,2003,0.20190230433516065,kg m-2 s-1
wetso4,2004,0.2395232776051056,kg m-2 s-1
