variable,year,value,unit
dms,2000,0.05730105535883501,mol mol-1
dms,2001,-0.0016259836754285266,mol mol-1
dms,2002,-0.031643971186813905,mol mol-1
dms,2003,0.0058067670448065595,mol mol-1
dms,2004,0.009009699423376292,mol mol-1
