variable,year,value,unit
mmrbc,2000,0.010903944666282972,kg kg-1
mmrbc,2001,-0.009149434205646524,kg kg-1
mmrbc,2002,0.006295082124208654,kg kg-1
mmrbc,2003,-0.011581541958095118,kg kg-1
mmrbc,2004,0.014539730286512896,kg kg-1
