variable,year,value,unit
so2,2000,0.08142133583444806,mol mol-1
so2,2001,0.07060682064538713,mol mol-1
so2,2002,0.11413457024489759,mol mol-1
so2,2003,-0.03074994283281077,mol mol-1
so2,2004,0.04926145128336259,mol mol-1
