variable,year,value,unit
wetbc,2000,0.2804117537238153,kg m-2 s-1
wetbc,2001,0.2536281791440039,kg m-2 s-1
wetbc,2002,0.16586319607298539,kg m-2 s-1
wetbc,2003,-0.03759647410481202,kg m-2 s-1
wetbc,2004,-0.1162975482650119,kg m-2 s-1
