variable,year,value,unit
loadbc,2000,0.01696447967248487,kg m-2
loadbc,2001,-0.008166541956656736,kg m-2
loadbc,2002,0.0012833867938555636,kg m-2
loadbc,2003,-0.012682214148792014,kg m-2
loadbc,2004,0.0033125192767283944,kg m-2
