variable,year,value,unit
od550aer,2000,-0.055157301083218764,1
od550aer,2001,-0.4288496086246912,1
od550aer,2002,0.05082612445709422,1
od550aer,2003,0.22352805207460466,1
od550aer,2004,0.06993877673607472,1
