variable,year,value,unit
mmrbc,2000,-0.14202014906029464,kg kg-1
mmrbc,2001,-0.1434338674129732,kg kg-1
mmrbc,2002,0.00390770221514933,kg kg-1
mmrbc,2003,0.011491679381658206,kg kg-1
mmrbc,2004,0.1328556704881597,kg kg-1
