variable,year,value,unit
mmrbc,2000,-0.06857955367533329,kg kg-1
mmrbc,2001,0.11862271360581293,kg kg-1
mmrbc,2002,0.13526589416060233,kg kg-1
mmrbc,2003,0.041743678559098316,kg kg-1
mmrbc,2004,0.14265350062167484,kg kg-1
