variable,year,value,unit
rlutcs,2000,0.002869292513952243,W m-2
rlutcs,2001,0.00014211851044244062,W m-2
rlutcs,2002,-0.001785820415721452,W m-2
rlutcs,2003,0.0009077576068080695,W m-2
rlutcs,2004,-0.0041157753761583175,W m-2
