variable,year,value,unit
rlutcs,2000,-0.009498474602464241,W m-2
rlutcs,2001,0.009163857719049956,W m-2
rlutcs,2002,0.007565960211225199,W m-2
rlutcs,2003,0.006666914231581962,W m-2
rlutcs,2004,0.02066448981830782,W m-2
