variable,year,value,unit
wetso2,2000,0.9952124502149279,kg m-2 s-1
wetso2,2001,1.736955050940034,kg m-2 s-1
wetso2,2002,1.6309549783965487,kg m-2 s-1
wetso2,2003,1.708628184365462,kg m-2 s-1
wetso2,2004,1.1987204592362453,kg m-2 s-1
