variable,year,value,unit
dms,2000,-0.01686781153079971,mol mol-1
dms,2001,-0.05493400023536474,mol mol-1
dms,2002,-0.10519586987878086,mol mol-1
dms,2003,0.07901839915710188,mol mol-1
dms,2004,0.44078658866314535,mol mol-1
