variable,year,value,unit
dryso4,2000,0.46649359476143387,kg m-2 s-1
dryso4,2001,0.25587444317716734,kg m-2 s-1
dryso4,2002,0.23982110640829316,kg m-2 s-1
dryso4,2003,0.16248433628834255,kg m-2 s-1
dryso4,2004,0.23394794075427094,kg m-2 s-1
