variable,year,value,unit
emiso2,2000,-6.253900667255719e-05,kg m-2 s-1
emiso2,2001,3.883697793372383e-05,kg m-2 s-1
emiso2,2002,1.086092228764045e-05,kg m-2 s-1
emiso2,2003,-1.3981266781236825e-05,kg m-2 s-1
emiso2,2004,-2.1821241940978147e-05,kg m-2 s-1
