variable,year,value,unit
loadso2,2000,-1.2994673850836451,kg m-2
loadso2,2001,-1.1792560672676449,kg m-2
loadso2,2002,-1.1568662715356983,kg m-2
loadso2,2003,-1.1571098681853953,kg m-2
loadso2,2004,-0.9957241098811205,kg m-2
