variable,year,value,unit
rsut,2000,-0.018054048447426547,W m-2
rsut,2001,0.0666314657136001,W m-2
rsut,2002,-0.035825713601919024,W m-2
rsut,2003,-0.019217727671339235,W m-2
rsut,2004,-0.02577839256382164,W m-2
