variable,year,value,unit
rlutcs,2000,0.001993613280072083,W m-2
rlutcs,2001,-0.00767677005707328,W m-2
rlutcs,2002,0.00461467655967074,W m-2
rlutcs,2003,-0.010230873682404471,W m-2
rlutcs,2004,-0.002711290424593594,W m-2
