variable,year,value,unit
wetbc,2000,-0.12493313904683785,kg m-2 s-1
wetbc,2001,0.14282715310712873,kg m-2 s-1
wetbc,2002,-0.1279725666523284,kg m-2 s-1
wetbc,2003,0.1165091339452482,kg m-2 s-1
wetbc,2004,-0.3122631591283841,kg m-2 s-1
