variable,year,value,unit
mmrbc,2000,-0.03985134724891098,kg kg-1
mmrbc,2001,0.05501093077158165,kg kg-1
mmrbc,2002,-0.033372296605287406,kg kg-1
mmrbc,2003,0.08401317082656505,kg kg-1
mmrbc,2004,0.1643809428692353,kg kg-1
