variable,year,value,unit
emibc,2000,-5.385815347310656e-06,kg m-2 s-1
emibc,2001,2.1513911530755975e-07,kg m-2 s-1
emibc,2002,2.96715822152509e-07,kg m-2 s-1
emibc,2003,1.7565065358315728e-06,kg m-2 s-1
emibc,2004,-4.4133272129176714e-07,kg m-2 s-1
