variable,year,value,unit
rlut,2001,0.17495122266100183,W m-2
rlut,2002,0.06925537451671783,W m-2
rlut,2003,-0.32633537528571893,W m-2
rlut,2004,0.06148194241231697,W m-2
rlut,2005,1.0731544921136922,W m-2
