variable,year,value,unit
so2,2000,-2.498638247114616,mol mol-1
so2,2001,-2.6324127580002084,mol mol-1
so2,2002,-2.5713220398500023,mol mol-1
so2,2003,-2.5767422747503193,mol mol-1
so2,2004,-2.7451052301511027,mol mol-1
