variable,year,value,unit
wetso2,2000,-1.6704806526256901,kg m-2 s-1
wetso2,2001,-1.620887049486582,kg m-2 s-1
wetso2,2002,-1.5472816743884996,kg m-2 s-1
wetso2,2003,-1.656691793656207,kg m-2 s-1
wetso2,2004,-1.7515925516273216,kg m-2 s-1
