variable,year,value,unit
wetso2,2000,-5.695584057389599,kg m-2 s-1
wetso2,2001,-5.93725845506807,kg m-2 s-1
wetso2,2002,-6.055929658700895,kg m-2 s-1
wetso2,2003,-6.544079705876235,kg m-2 s-1
wetso2,2004,-5.89830731647644,kg m-2 s-1
