variable,year,value,unit
wetso2,2000,-1.5653208089640172,kg m-2 s-1
wetso2,2001,-1.5643329507390729,kg m-2 s-1
wetso2,2002,-1.5543636220813841,kg m-2 s-1
wetso2,2003,-1.8322607040604202,kg m-2 s-1
wetso2,2004,-1.6281248429046282,kg m-2 s-1
