variable,year,value,unit
od550aer,2001,-4.991663193381142,1
od550aer,2002,0.13679179589309018,1
od550aer,2003,2.5364666709801784,1
od550aer,2004,-1.9077394127769012,1
od550aer,2005,-2.2531081090954728,1
