variable,year,value,unit
rlut,2000,-0.009870294934103185,W m-2
rlut,2001,-0.002280861413225921,W m-2
rlut,2002,0.008754442155037623,W m-2
rlut,2003,0.025631054411945797,W m-2
rlut,2004,0.00645346231490862,W m-2
