variable,year,value,unit
rsut,2000,-0.020423932232134234,W m-2
rsut,2001,0.00382031390039117,W m-2
rsut,2002,-0.01268807048911924,W m-2
rsut,2003,-0.003096959130445498,W m-2
rsut,2004,-0.02559632194805772,W m-2
