variable,year,value,unit
rlut,2000,0.011091672377983992,W m-2
rlut,2001,-0.006520794573694181,W m-2
rlut,2002,0.0007265587410980277,W m-2
rlut,2003,9.111440315638437e-05,W m-2
rlut,2004,-0.006647120523385067,W m-2
