variable,year,value,unit
dryso2,2000,-0.9498336460870125,kg m-2 s-1
dryso2,2001,-1.0550020187189375,kg m-2 s-1
dryso2,2002,-0.9771365417931385,kg m-2 s-1
dryso2,2003,-0.9807982038055688,kg m-2 s-1
dryso2,2004,-1.082708352256011,kg m-2 s-1
