variable,year,value,unit
loadso4,2000,-0.715101837505297,kg m-2
loadso4,2001,-1.0258475913071659,kg m-2
loadso4,2002,-0.8164533409086522,kg m-2
loadso4,2003,-0.4020972020403547,kg m-2
loadso4,2004,-0.37802501889120693,kg m-2
