variable,year,value,unit
dryso4,2000,-0.5323271589912467,kg m-2 s-1
dryso4,2001,-0.32640507689122916,kg m-2 s-1
dryso4,2002,-0.39611360971193493,kg m-2 s-1
dryso4,2003,-0.3832708996468118,kg m-2 s-1
dryso4,2004,-0.4299379844921831,kg m-2 s-1
