variable,year,value,unit
rsut,2000,-0.06893249563304948,W m-2
rsut,2001,0.01306494465978858,W m-2
rsut,2002,0.027024860505576953,W m-2
rsut,2003,-0.036875338209853226,W m-2
rsut,2004,0.04049003312883315,W m-2
