variable,year,value,unit
dryso2,2001,4.034396570795351e-14,kg m-2 s-1
dryso2,2002,3.1480011124400045e-14,kg m-2 s-1
dryso2,2003,1.7690808183731742e-14,kg m-2 s-1
dryso2,2004,1.0870124086430717e-14,kg m-2 s-1
