variable,year,value,unit
rsut,2000,-0.07254199839299247,W m-2
rsut,2001,-0.047080386261797,W m-2
rsut,2002,0.05940405147872241,W m-2
rsut,2003,-0.018831523200560696,W m-2
rsut,2004,-0.019325659627938307,W m-2
