variable,year,value,unit
rlut,2001,-0.0480603128124244,W m-2
rlut,2002,-0.059807033374767116,W m-2
rlut,2003,-0.07752885077064775,W m-2
rlut,2004,-0.05194762590411983,W m-2
