variable,year,value,unit
rsut,2000,0.005362477065091298,W m-2
rsut,2001,0.03872363897336584,W m-2
rsut,2002,0.031531848603052026,W m-2
rsut,2003,-0.03413708109509628,W m-2
rsut,2004,0.10219482590812845,W m-2
