variable,year,value,unit
emibc,2001,2.3242077553148695e-18,kg m-2 s-1
emibc,2002,1.750336793549044e-18,kg m-2 s-1
emibc,2003,3.476253255885034e-18,kg m-2 s-1
emibc,2004,-3.735560679470696e-18,kg m-2 s-1
