variable,year,value,unit
rsutcs,2000,-0.006334058148361521,W m-2
rsutcs,2001,-0.015805554283254253,W m-2
rsutcs,2002,-0.007968212540490072,W m-2
rsutcs,2003,-0.002890465873143455,W m-2
rsutcs,2004,-0.014956051823325822,W m-2
