variable,year,value,unit
clt,2001,0.12423655420641921,%
clt,2002,-0.017538879066933077,%
clt,2003,0.02330811206529404,%
clt,2004,0.021628784829630376,%
