variable,year,value,unit
dms,2000,-1.9301983980055107e-13,mol mol-1
dms,2001,2.0531921495170732e-14,mol mol-1
dms,2002,4.525453196021657e-14,mol mol-1
dms,2003,2.891287573976338e-14,mol mol-1
dms,2004,2.0713985909677033e-13,mol mol-1
