variable,year,value,unit
rsut,2001,0.08804298547003953,W m-2
rsut,2002,-0.062113384582630715,W m-2
rsut,2003,-0.01508394928140433,W m-2
rsut,2004,-0.026212966082766798,W m-2
