variable,year,value,unit
drybc,2000,-3.488784318418022e-15,kg m-2 s-1
drybc,2001,-3.801228213416915e-15,kg m-2 s-1
drybc,2002,-3.775490930381809e-15,kg m-2 s-1
drybc,2003,-4.536617490828759e-15,kg m-2 s-1
drybc,2004,-4.0541645755732e-15,kg m-2 s-1
