variable,year,value,unit
clt,2001,0.02927198234242212,%
clt,2002,0.012625437256417626,%
clt,2003,0.04936783896151553,%
clt,2004,0.0065109516700943,%
