variable,year,value,unit
wetbc,2001,-4.238128516753798e-15,kg m-2 s-1
wetbc,2002,-5.8636414486286116e-15,kg m-2 s-1
wetbc,2003,-7.285909333869144e-15,kg m-2 s-1
wetbc,2004,-5.375783346688749e-15,kg m-2 s-1
