variable,year,value,unit
emibc,2001,-1.1492503328750898e-17,kg m-2 s-1
emibc,2002,-1.3074182465502787e-17,kg m-2 s-1
emibc,2003,-1.0979101226314448e-17,kg m-2 s-1
emibc,2004,-1.0447835828742949e-17,kg m-2 s-1
