variable,year,value,unit
loadbc,2000,3.6153035569031295e-09,kg m-2
loadbc,2001,3.0784322170579382e-09,kg m-2
loadbc,2002,4.436562527415733e-09,kg m-2
loadbc,2003,3.072900732561869e-09,kg m-2
loadbc,2004,4.649132720104167e-09,kg m-2
