variable,year,value,unit
wetso4,2000,7.842334672706997e-15,kg m-2 s-1
wetso4,2001,1.0098717589996316e-14,kg m-2 s-1
wetso4,2002,1.3818626223261236e-14,kg m-2 s-1
wetso4,2003,1.1694972918443981e-14,kg m-2 s-1
wetso4,2004,1.1768935300388469e-14,kg m-2 s-1
