variable,year,value,unit
dryso2,2000,-3.031749651734383e-15,kg m-2 s-1
dryso2,2001,3.93669168601513e-16,kg m-2 s-1
dryso2,2002,-8.172607983412756e-16,kg m-2 s-1
dryso2,2003,7.573466244356349e-16,kg m-2 s-1
dryso2,2004,-6.188331491881306e-15,kg m-2 s-1
