variable,year,value,unit
clt,2001,0.005270620550547278,%
clt,2002,0.0466897534252837,%
clt,2003,-0.00949530392696829,%
clt,2004,0.0048831095807315705,%
