variable,year,value,unit
loadso2,2000,-6.328253672445845e-10,kg m-2
loadso2,2001,-7.937561649948865e-10,kg m-2
loadso2,2002,-1.4877827430342914e-09,kg m-2
loadso2,2003,-8.385393152065762e-12,kg m-2
loadso2,2004,-2.612375954234371e-09,kg m-2
