variable,year,value,unit
rsut,2000,-0.07510477316824904,W m-2
rsut,2001,-0.0042640368180144606,W m-2
rsut,2002,-0.028829240856211413,W m-2
rsut,2003,-0.015356635618147152,W m-2
rsut,2004,0.005575669593397947,W m-2
