variable,year,value,unit
clt,2001,0.05275814966545056,%
clt,2002,0.15173585354540364,%
clt,2003,0.03766282177697633,%
clt,2004,-0.06705258961277138,%
