variable,year,value,unit
cltc,2001,0.0022914055596912064,%
cltc,2002,0.00624219354259381,%
cltc,2003,0.00687310987259071,%
cltc,2004,0.014670053112079806,%
