variable,year,value,unit
cltc,2000,0.00029843662483131084,%
cltc,2001,0.0063535298780479366,%
cltc,2002,-0.07626143431012622,%
cltc,2003,-0.008584163714132842,%
cltc,2004,-0.0015586092165520427,%
