variable,year,value,unit
dms,2000,-8.054749441076389e-16,mol mol-1
dms,2001,1.4656524603903951e-13,mol mol-1
dms,2002,-1.8487205955877574e-14,mol mol-1
dms,2003,-8.203104163488645e-14,mol mol-1
dms,2004,2.0749195353748946e-15,mol mol-1
