variable,year,value,unit
loadso4,2000,4.554403874711034e-06,kg m-2
loadso4,2001,4.65998648875913e-06,kg m-2
loadso4,2002,4.481183862338105e-06,kg m-2
loadso4,2003,4.809697677423597e-06,kg m-2
loadso4,2004,4.673196199961265e-06,kg m-2
