variable,year,value,unit
loadso4,2000,5.097157086142298e-06,kg m-2
loadso4,2001,5.088314866492231e-06,kg m-2
loadso4,2002,5.268852562367543e-06,kg m-2
loadso4,2003,5.412478453543514e-06,kg m-2
loadso4,2004,5.633725027386159e-06,kg m-2
