variable,year,value,unit
rsut,2000,0.7748960754189937,W m-2
rsut,2001,0.8972755045912919,W m-2
rsut,2002,0.8160694785184006,W m-2
rsut,2003,0.9028140637420847,W m-2
rsut,2004,0.7579445776341487,W m-2
