variable,year,value,unit
dryso4,2000,4.954887357943843e-13,kg m-2 s-1
dryso4,2001,4.774960928804703e-13,kg m-2 s-1
dryso4,2002,4.439272833834488e-13,kg m-2 s-1
dryso4,2003,4.625213011757236e-13,kg m-2 s-1
dryso4,2004,4.665382246931737e-13,kg m-2 s-1
