variable,year,value,unit
rsutcs,2000,0.2653861174671661,W m-2
rsutcs,2001,0.24977067688294596,W m-2
rsutcs,2002,0.23821529937526265,W m-2
rsutcs,2003,0.22363124176717974,W m-2
rsutcs,2004,0.2388214276165712,W m-2
