variable,year,value,unit
loadso2,2000,5.706986504946832e-08,kg m-2
loadso2,2001,6.755675982809959e-08,kg m-2
loadso2,2002,9.033558629216954e-08,kg m-2
loadso2,2003,1.0728356981576115e-07,kg m-2
loadso2,2004,1.2098763031653156e-07,kg m-2
