variable,year,value,unit
rsut,2000,-0.06333141065692242,W m-2
rsut,2001,-0.07133855935934526,W m-2
rsut,2002,-0.021163978736004112,W m-2
rsut,2003,-0.013362208738078626,W m-2
rsut,2004,-0.09630373354549107,W m-2
