variable,year,value,unit
loadbc,2000,0.002369485332822119,kg m-2
loadbc,2001,0.012280054765797195,kg m-2
loadbc,2002,-0.009848232336522662,kg m-2
loadbc,2003,0.007626167028018317,kg m-2
loadbc,2004,-0.000983564808548805,kg m-2
