variable,year,value,unit
clt,2000,0.07629118552706153,%
clt,2001,0.05916593869079807,%
clt,2002,0.060257793761912204,%
clt,2003,0.031172731384504743,%
clt,2004,0.010546638971110654,%
