variable,year,value,unit
rlutcs,2000,-0.012702018841381712,W m-2
rlutcs,2001,-0.008475612644307082,W m-2
rlutcs,2002,-0.015188237269475583,W m-2
rlutcs,2003,-0.014838255573482284,W m-2
rlutcs,2004,-0.008123448041007992,W m-2
