variable,year,value,unit
rlut,2000,-0.006123338861476483,W m-2
rlut,2001,0.0027357719232137083,W m-2
rlut,2002,-0.010131432375897406,W m-2
rlut,2003,-0.0134904173418134,W m-2
rlut,2004,-0.0017796915802670856,W m-2
