variable,year,value,unit
so2,2000,2.123956703028691,mol mol-1
so2,2001,2.1138205943468864,mol mol-1
so2,2002,6.587547456129175,mol mol-1
so2,2003,11.304601135185136,mol mol-1
so2,2004,16.40384359382894,mol mol-1
