variable,year,value,unit
emiso2,2000,-5.957486023424044e-13,kg m-2 s-1
emiso2,2001,-6.247047188949727e-13,kg m-2 s-1
emiso2,2002,-5.854243606672701e-13,kg m-2 s-1
emiso2,2003,-6.014112150915636e-13,kg m-2 s-1
emiso2,2004,-6.455188832375432e-13,kg m-2 s-1
