variable,year,value,unit
dryso4,2000,-8.218085041967708e-14,kg m-2 s-1
dryso4,2001,-8.647186138922467e-14,kg m-2 s-1
dryso4,2002,-8.11894916314207e-14,kg m-2 s-1
dryso4,2003,-8.898571226061578e-14,kg m-2 s-1
dryso4,2004,-8.489341450126535e-14,kg m-2 s-1
