variable,year,value,unit
dryso2,2000,-2.8112920641574246e-13,kg m-2 s-1
dryso2,2001,-2.926588941044542e-13,kg m-2 s-1
dryso2,2002,-2.7269524028924204e-13,kg m-2 s-1
dryso2,2003,-2.7875622034343133e-13,kg m-2 s-1
dryso2,2004,-3.0826694126681866e-13,kg m-2 s-1
