variable,year,value,unit
rlut,2000,0.8725857886496442,W m-2
rlut,2001,0.9401527458711314,W m-2
rlut,2002,0.8521899675924374,W m-2
rlut,2003,0.8690407551222563,W m-2
rlut,2004,0.8071805851365923,W m-2
