variable,year,value,unit
cl,2000,-0.015166383181644427,%
cl,2001,-0.003454651189790603,%
cl,2002,-0.009609933587636732,%
cl,2003,-0.003207354275628127,%
cl,2004,-0.006227527178605641,%
