variable,year,value,unit
cltc,2000,0.008204057164793,%
cltc,2001,0.007476603994447828,%
cltc,2002,-0.0015427435927595212,%
cltc,2003,-0.021740532311168792,%
cltc,2004,-0.007185787446353231,%
