variable,year,value,unit
dryso2,2000,-2.1448862790954464e-13,kg m-2 s-1
dryso2,2001,-2.2186753204403152e-13,kg m-2 s-1
dryso2,2002,-2.1142692403535683e-13,kg m-2 s-1
dryso2,2003,-2.1513840746191827e-13,kg m-2 s-1
dryso2,2004,-2.4235184349100576e-13,kg m-2 s-1
