variable,year,value,unit
rlutcs,2001,-0.11706313685050418,W m-2
rlutcs,2002,-0.06147757604793469,W m-2
rlutcs,2003,-0.0787473094061113,W m-2
rlutcs,2004,-0.04903856851018418,W m-2
