variable,year,value,unit
dryso4,2001,4.971821152130497e-15,kg m-2 s-1
dryso4,2002,9.517022219367286e-15,kg m-2 s-1
dryso4,2003,7.832315268127002e-15,kg m-2 s-1
dryso4,2004,6.4953331191166825e-15,kg m-2 s-1
