variable,year,value,unit
so2,2001,-4.813665143671627e-13,mol mol-1
so2,2002,-5.3539730798093054e-14,mol mol-1
so2,2003,-5.879305529104518e-14,mol mol-1
so2,2004,-2.2140943332275734e-13,mol mol-1
