variable,year,value,unit
drybc,2001,1.3112109783542114e-16,kg m-2 s-1
drybc,2002,9.573252942795359e-17,kg m-2 s-1
drybc,2003,8.070614435767433e-17,kg m-2 s-1
drybc,2004,1.2237186214859453e-16,kg m-2 s-1
