variable,year,value,unit
dms,2000,-0.17200052886075387,mol mol-1
dms,2001,0.16416358128742647,mol mol-1
dms,2002,-0.1413551453829133,mol mol-1
dms,2003,-0.006187422478916238,mol mol-1
dms,2004,-0.15164667162402556,mol mol-1
