variable,year,value,unit
emiso2,2001,-0.3499739378917003,kg m-2 s-1
emiso2,2002,-0.32055020516663235,kg m-2 s-1
emiso2,2003,-0.3287498828602896,kg m-2 s-1
emiso2,2004,-0.3308343976069246,kg m-2 s-1
emiso2,2005,-0.3642505812749427,kg m-2 s-1
