variable,year,value,unit
od550aer,2000,-0.12209805603893839,1
od550aer,2001,-0.096260468151744,1
od550aer,2002,0.08553521685553941,1
od550aer,2003,0.027561415235771946,1
od550aer,2004,0.014792806019900647,1
