variable,year,value,unit
rsut,2000,0.03082356583836029,W m-2
rsut,2001,-0.013625994056684814,W m-2
rsut,2002,-0.01319018927304872,W m-2
rsut,2003,-0.012200763107533399,W m-2
rsut,2004,-0.06614126373533974,W m-2
