variable,year,value,unit
loadso2,2000,-1.2173670298869066,kg m-2
loadso2,2001,-1.2561715875346737,kg m-2
loadso2,2002,-1.1910173542345133,kg m-2
loadso2,2003,-1.2142578382219729,kg m-2
loadso2,2004,-1.2221951390804224,kg m-2
