variable,year,value,unit
mmrbc,2001,0.11734272287884466,kg kg-1
mmrbc,2002,0.16353633003853524,kg kg-1
mmrbc,2003,-0.7967590558619342,kg kg-1
mmrbc,2004,-0.4116400569362592,kg kg-1
mmrbc,2005,0.8598202050792455,kg kg-1
