variable,year,value,unit
loadbc,2000,0.0026393174798808473,kg m-2
loadbc,2001,-0.022104527881408587,kg m-2
loadbc,2002,0.06945872107460736,kg m-2
loadbc,2003,0.1194388868046444,kg m-2
loadbc,2004,0.014528728019444308,kg m-2
