variable,year,value,unit
dryso2,2001,-2.136847221007774,kg m-2 s-1
dryso2,2002,-1.7191935961694054,kg m-2 s-1
dryso2,2003,-1.2088517637624068,kg m-2 s-1
dryso2,2004,-0.6654139306609659,kg m-2 s-1
dryso2,2005,1.3192055859897718,kg m-2 s-1
