variable,year,value,unit
dryso4,2000,-2.5275080690825358e-14,kg m-2 s-1
dryso4,2001,-2.268566720284621e-14,kg m-2 s-1
dryso4,2002,-2.191903767048667e-14,kg m-2 s-1
dryso4,2003,-2.430616983133502e-14,kg m-2 s-1
dryso4,2004,-2.388502967036773e-14,kg m-2 s-1
