variable,year,value,unit
wetbc,2000,8.256442402846681e-17,kg m-2 s-1
wetbc,2001,-5.801470673558103e-17,kg m-2 s-1
wetbc,2002,-9.30339492812664e-19,kg m-2 s-1
wetbc,2003,4.268997495042316e-17,kg m-2 s-1
wetbc,2004,-3.1768737362536207e-17,kg m-2 s-1
