variable,year,value,unit
rlutcs,2000,-0.027379310170999815,W m-2
rlutcs,2001,-0.003721384779566961,W m-2
rlutcs,2002,-0.0999181263512412,W m-2
rlutcs,2003,0.015123430454821118,W m-2
rlutcs,2004,-0.012979752475104078,W m-2
