variable,year,value,unit
drybc,2000,5.880380752316706e-17,kg m-2 s-1
drybc,2001,8.320210884933974e-17,kg m-2 s-1
drybc,2002,-8.037654462720225e-17,kg m-2 s-1
drybc,2003,-7.602746227104558e-17,kg m-2 s-1
drybc,2004,9.402189130033579e-17,kg m-2 s-1
