variable,year,value,unit
so2,2000,-2.7409130840979395e-12,mol mol-1
so2,2001,-2.866407998939664e-12,mol mol-1
so2,2002,-2.539610999724898e-12,mol mol-1
so2,2003,-2.8368977701701086e-12,mol mol-1
so2,2004,-2.0994392270092925e-12,mol mol-1
