variable,year,value,unit
loadbc,2000,6.561950410303905e-11,kg m-2
loadbc,2001,4.389804029494301e-12,kg m-2
loadbc,2002,-5.834175502169621e-12,kg m-2
loadbc,2003,1.533456892175096e-10,kg m-2
loadbc,2004,4.783128223575602e-11,kg m-2
