variable,year,value,unit
emiso2,2000,-1.2917587590204177e-13,kg m-2 s-1
emiso2,2001,-1.2103692900002077e-13,kg m-2 s-1
emiso2,2002,-1.2435723262449822e-13,kg m-2 s-1
emiso2,2003,-1.3350951772170164e-13,kg m-2 s-1
emiso2,2004,-1.4932058618019532e-13,kg m-2 s-1
