variable,year,value,unit
mmrso4,2000,-1.0852646917823952e-11,kg kg-1
mmrso4,2001,-9.553845386326794e-12,kg kg-1
mmrso4,2002,-1.187583036122238e-11,kg kg-1
mmrso4,2003,-9.94704673193957e-12,kg kg-1
mmrso4,2004,-1.1162867554502408e-11,kg kg-1
