variable,year,value,unit
dryso2,2000,-4.3564865438568666e-14,kg m-2 s-1
dryso2,2001,-3.9304442149255653e-14,kg m-2 s-1
dryso2,2002,-4.1915814138313894e-14,kg m-2 s-1
dryso2,2003,-4.068072906178699e-14,kg m-2 s-1
dryso2,2004,-4.042542017513934e-14,kg m-2 s-1
