variable,year,value,unit
loadbc,2000,-4.2821791571387456e-10,kg m-2
loadbc,2001,1.6631898793589046e-10,kg m-2
loadbc,2002,5.588998162663576e-10,kg m-2
loadbc,2003,8.566014231318686e-10,kg m-2
loadbc,2004,4.589845699684297e-10,kg m-2
