variable,year,value,unit
cl,2000,0.003188523980561797,%
cl,2001,-0.00039027069540509274,%
cl,2002,-0.10741164973844519,%
cl,2003,-0.01580644191651004,%
cl,2004,0.008290340881103475,%
