variable,year,value,unit
mmrso4,2000,-1.7231006870028646e-12,kg kg-1
mmrso4,2001,-1.623641241772335e-12,kg kg-1
mmrso4,2002,-2.8723523863609676e-12,kg kg-1
mmrso4,2003,-1.7530158367339114e-12,kg kg-1
mmrso4,2004,-1.8092989109127843e-12,kg kg-1
