variable,year,value,unit
emiso2,2000,-6.127135405549809e-14,kg m-2 s-1
emiso2,2001,-5.93248193242923e-14,kg m-2 s-1
emiso2,2002,-6.188336979655741e-14,kg m-2 s-1
emiso2,2003,-6.37075094817984e-14,kg m-2 s-1
emiso2,2004,-6.473959865094532e-14,kg m-2 s-1
