variable,year,value,unit
wetso2,2000,-0.00015071642291623107,kg m-2 s-1
wetso2,2001,-0.000147633452324227,kg m-2 s-1
wetso2,2002,-0.0001396940316108243,kg m-2 s-1
wetso2,2003,-0.000156322240812308,kg m-2 s-1
wetso2,2004,-0.000160415653615735,kg m-2 s-1
