variable,year,value,unit
rsutcs,2000,0.005598200563511568,W m-2
rsutcs,2001,-0.007374855977410277,W m-2
rsutcs,2002,-0.011149523050704602,W m-2
rsutcs,2003,-0.059520773034911656,W m-2
rsutcs,2004,-0.11646836484558776,W m-2
