variable,year,value,unit
clt,2000,-0.026878116257108786,%
clt,2001,0.004396288437888529,%
clt,2002,0.02896659738252083,%
clt,2003,0.013882044820704209,%
clt,2004,0.00011251196104922201,%
