variable,year,value,unit
emiso2,2000,5.874527440662161e-13,kg m-2 s-1
emiso2,2001,5.359306907755037e-13,kg m-2 s-1
emiso2,2002,6.023689434075173e-13,kg m-2 s-1
emiso2,2003,5.186784420857523e-13,kg m-2 s-1
emiso2,2004,2.836801396816702e-13,kg m-2 s-1
