variable,year,value,unit
mmrbc,2000,0.030318523065568117,kg kg-1
mmrbc,2001,-0.14273729241534633,kg kg-1
mmrbc,2002,-0.04842674181641085,kg kg-1
mmrbc,2003,0.04107805925803829,kg kg-1
mmrbc,2004,0.23708745554322386,kg kg-1
