variable,year,value,unit
rlut,2000,0.010772300853571455,W m-2
rlut,2001,0.00503960230332218,W m-2
rlut,2002,0.0009293356919637284,W m-2
rlut,2003,-0.008535117542501736,W m-2
rlut,2004,-0.0019978034580512057,W m-2
