variable,year,value,unit
rlut,2000,0.005002213615179541,W m-2
rlut,2001,-0.006159222208869567,W m-2
rlut,2002,-0.005312921721095242,W m-2
rlut,2003,-0.004672140075440416,W m-2
rlut,2004,-0.0023074087009833737,W m-2
