variable,year,value,unit
dryso2,2000,0.31023872310664374,kg m-2 s-1
dryso2,2001,-0.505084088585587,kg m-2 s-1
dryso2,2002,-0.5954650938749564,kg m-2 s-1
dryso2,2003,-0.5159945451440864,kg m-2 s-1
dryso2,2004,0.29067732354714776,kg m-2 s-1
