variable,year,value,unit
rsutcs,2000,-0.04183887780259759,W m-2
rsutcs,2001,-0.2187289160062022,W m-2
rsutcs,2002,-0.21238380897614473,W m-2
rsutcs,2003,-0.014771131580552595,W m-2
rsutcs,2004,0.06899630701838677,W m-2
