variable,year,value,unit
clivi,2000,-0.1379765924056095,kg m-2
clivi,2001,-0.041746130879357024,kg m-2
clivi,2002,0.10627603841934267,kg m-2
clivi,2003,0.03801723216908107,kg m-2
clivi,2004,0.05446345712027964,kg m-2
