variable,year,value,unit
drybc,2000,0.07865643866655285,kg m-2 s-1
drybc,2001,-0.6331231647822663,kg m-2 s-1
drybc,2002,0.3786789558676549,kg m-2 s-1
drybc,2003,-0.20459836584545435,kg m-2 s-1
drybc,2004,-0.3181862693685036,kg m-2 s-1
