variable,year,value,unit
emiso2,2000,-0.017528828659463466,kg m-2 s-1
emiso2,2001,-0.014735540927048455,kg m-2 s-1
emiso2,2002,-0.015789050053888736,kg m-2 s-1
emiso2,2003,-0.015335744781545438,kg m-2 s-1
emiso2,2004,-0.01544790299266696,kg m-2 s-1
