variable,year,value,unit
clt,2000,-0.16907885629654165,%
clt,2001,0.03494587343750732,%
clt,2002,0.00467398302983156,%
clt,2003,0.005671756066391297,%
clt,2004,-0.006850312902986889,%
