variable,year,value,unit
dryso2,2000,-0.1292656029960064,kg m-2 s-1
dryso2,2001,-0.10156725808028709,kg m-2 s-1
dryso2,2002,-0.11038574030329902,kg m-2 s-1
dryso2,2003,-0.2438742282664799,kg m-2 s-1
dryso2,2004,0.03888482053809375,kg m-2 s-1
