variable,year,value,unit
cl,2000,1.6060587474111543,%
cl,2001,2.4996949635531656,%
cl,2002,1.9405878286330158,%
cl,2003,1.603625826307107,%
cl,2004,1.5171985653850941,%
