variable,year,value,unit
clt,2000,0.054314433466398526,%
clt,2001,-0.04022254127733227,%
clt,2002,0.08251281512967495,%
clt,2003,-0.006725268863909239,%
clt,2004,-0.023248099345432535,%
