variable,year,value,unit
rlutcs,2000,0.03751744102561361,W m-2
rlutcs,2001,0.026496266285619186,W m-2
rlutcs,2002,0.0166436590401986,W m-2
rlutcs,2003,0.005046866467409927,W m-2
rlutcs,2004,0.015098230227351905,W m-2
