variable,year,value,unit
rlutcs,2000,0.0065255575822220635,W m-2
rlutcs,2001,-0.002968491398405604,W m-2
rlutcs,2002,0.0021684163356212593,W m-2
rlutcs,2003,0.007297145156371698,W m-2
rlutcs,2004,0.000629470214732919,W m-2
