variable,year,value,unit
emiso2,2000,-1.150580209087475e-13,kg m-2 s-1
emiso2,2001,-1.2063797218510864e-13,kg m-2 s-1
emiso2,2002,-1.1304261614908585e-13,kg m-2 s-1
emiso2,2003,-1.161545336171656e-13,kg m-2 s-1
emiso2,2004,-1.246760175949737e-13,kg m-2 s-1
