variable,year,value,unit
loadso4,2000,-3.3850230962339426e-08,kg m-2
loadso4,2001,-4.648552205674877e-08,kg m-2
loadso4,2002,-3.6465132833405595e-08,kg m-2
loadso4,2003,-2.784163861038764e-08,kg m-2
loadso4,2004,-1.900046413448018e-08,kg m-2
