variable,year,value,unit
mmrso4,2000,-1.0454893552619102e-11,kg kg-1
mmrso4,2001,-1.3315414153990542e-11,kg kg-1
mmrso4,2002,-8.430281691363234e-12,kg kg-1
mmrso4,2003,-1.0886577855488163e-11,kg kg-1
mmrso4,2004,-1.0390040395625572e-11,kg kg-1
