variable,year,value,unit
so2,2000,-1.8269430852859994e-12,mol mol-1
so2,2001,-1.7625964921282635e-12,mol mol-1
so2,2002,-1.6419600983701029e-12,mol mol-1
so2,2003,-1.892673035316235e-12,mol mol-1
so2,2004,-1.7209457947603454e-12,mol mol-1
