variable,year,value,unit
clivi,2000,-2.744439351704854e-05,kg m-2
clivi,2001,-4.6679406100548146e-05,kg m-2
clivi,2002,-2.3284331397709773e-05,kg m-2
clivi,2003,-7.734129605795406e-06,kg m-2
clivi,2004,-1.78006165238824e-05,kg m-2
