variable,year,value,unit
rsut,2001,0.6590756031951628,W m-2
rsut,2002,2.490885460337779,W m-2
rsut,2003,1.6541904010139774,W m-2
rsut,2004,0.6985605046703114,W m-2
rsut,2005,0.557719822298111,W m-2
