variable,year,value,unit
cltc,2000,-0.01739870083189743,%
cltc,2001,-0.004950671453809452,%
cltc,2002,-0.0015689841358890178,%
cltc,2003,0.010171601765685878,%
cltc,2004,-0.00832434801459181,%
cltc,2005,0.002660127670253587,%
cltc,2006,0.0027241410581209102,%
cltc,2007,0.0014401390729377184,%
cltc,2008,-0.007333466069942229,%
cltc,2009,0.0010641380129570166,%
