variable,year,value,unit
od550aer,2000,4.418872406011798e-05,1
od550aer,2001,2.6434401237757088e-05,1
od550aer,2002,5.899789657097532e-05,1
od550aer,2003,8.449099135009186e-05,1
od550aer,2004,7.643724607750424e-05,1
