variable,year,value,unit
rlutcs,2001,-0.07208511901833958,W m-2
rlutcs,2002,-1.5418925036952658,W m-2
rlutcs,2003,-0.21743252989523398,W m-2
rlutcs,2004,-0.5360619978076215,W m-2
rlutcs,2005,-0.2206699789977904,W m-2
