variable,year,value,unit
clt,2000,0.22594229783585718,%
clt,2001,-0.4495150086404891,%
clt,2002,0.09550972011753345,%
clt,2003,0.01143611642530118,%
clt,2004,0.0479836970880001,%
clt,2005,-0.11708029426874589,%
clt,2006,0.05724280036656637,%
clt,2007,-0.09441816677524173,%
clt,2008,-0.06549047957784637,%
clt,2009,0.15155880388790877,%
