variable,year,value,unit
cl,2000,0.035852786550904625,%
cl,2001,-0.007998988617998748,%
cl,2002,-0.009996303932375383,%
cl,2003,-0.06670199065573712,%
cl,2004,0.036188358919503116,%
cl,2005,-0.008320838654469753,%
cl,2006,0.030251723630783545,%
cl,2007,0.03915543811623223,%
cl,2008,0.008151603053939027,%
cl,2009,-0.039827669841621116,%
