variable,year,value,unit
wetbc,2000,8.626350919343243e-17,kg m-2 s-1
wetbc,2001,-8.482367756567681e-17,kg m-2 s-1
wetbc,2002,-4.085544145444777e-17,kg m-2 s-1
wetbc,2003,-4.082010301702666e-17,kg m-2 s-1
wetbc,2004,2.4021829060220152e-17,kg m-2 s-1
