variable,year,value,unit
loadso4,2000,2.862046164967049e-09,kg m-2
loadso4,2001,-7.271892796006007e-10,kg m-2
loadso4,2002,6.038430226943303e-09,kg m-2
loadso4,2003,3.1858931683120063e-10,kg m-2
loadso4,2004,2.2737103415263226e-09,kg m-2
loadso4,2005,3.8510571642171304e-09,kg m-2
loadso4,2006,3.641448256940519e-10,kg m-2
loadso4,2007,2.901747577691813e-10,kg m-2
loadso4,2008,9.371332925441991e-10,kg m-2
loadso4,2009,-5.08556516233493e-10,kg m-2
