variable,year,value,unit
loadso4,2000,2.862049025265175e-09,kg m-2
loadso4,2001,-7.271861816072423e-10,kg m-2
loadso4,2002,6.038431562800235e-09,kg m-2
loadso4,2003,3.1858668335028696e-10,kg m-2
loadso4,2004,2.2737045364588635e-09,kg m-2
