variable,year,value,unit
rlut,2000,0.006961936596297846,W m-2
rlut,2001,0.0021798770818577395,W m-2
rlut,2002,0.0013849880999714514,W m-2
rlut,2003,-0.01443310262459363,W m-2
rlut,2004,0.0012299471937069484,W m-2
