variable,year,value,unit
emiso2,2000,4.928363783826239e-17,kg m-2 s-1
emiso2,2001,4.7726933408650073e-17,kg m-2 s-1
emiso2,2002,4.9790765674387156e-17,kg m-2 s-1
emiso2,2003,5.124545111863496e-17,kg m-2 s-1
emiso2,2004,5.209619869248996e-17,kg m-2 s-1
