variable,year,value,unit
mmrso4,2001,3.3666486229818174e-11,kg kg-1
mmrso4,2002,3.932419758025607e-11,kg kg-1
mmrso4,2003,-2.565858045370001e-11,kg kg-1
mmrso4,2004,2.9747934723862895e-11,kg kg-1
mmrso4,2005,1.8166704650958686e-11,kg kg-1
