variable,year,value,unit
rsutcs,2001,0.03526792223917141,W m-2
rsutcs,2002,0.6856571843574244,W m-2
rsutcs,2003,0.5825306360060125,W m-2
rsutcs,2004,0.26378856539491835,W m-2
rsutcs,2005,-0.24345047106866957,W m-2
