variable,year,value,unit
clivi,2001,4.4457994713455184e-05,kg m-2
clivi,2002,-1.432916941333795e-05,kg m-2
clivi,2003,4.549854847388929e-05,kg m-2
clivi,2004,2.1802896292479057e-05,kg m-2
clivi,2005,6.0385711722003854e-05,kg m-2
