variable,year,value,unit
dms,2000,3.402235996403917e-14,mol mol-1
dms,2001,-4.042807682528041e-14,mol mol-1
dms,2002,-1.667848363054383e-14,mol mol-1
dms,2003,-2.839437649003031e-14,mol mol-1
dms,2004,-4.601761345840716e-14,mol mol-1
