variable,year,value,unit
wetso4,2000,5.162750597292986e-15,kg m-2 s-1
wetso4,2001,6.872213955908979e-15,kg m-2 s-1
wetso4,2002,1.6071068523045512e-14,kg m-2 s-1
wetso4,2003,1.5297691664914992e-14,kg m-2 s-1
wetso4,2004,1.3433842937130129e-14,kg m-2 s-1
