variable,year,value,unit
wetbc,2001,1.420714579651586e-14,kg m-2 s-1
wetbc,2002,1.6116398486462692e-14,kg m-2 s-1
wetbc,2003,-3.9328695065736785e-15,kg m-2 s-1
wetbc,2004,9.555977374434202e-15,kg m-2 s-1
wetbc,2005,3.3182503231563064e-15,kg m-2 s-1
