variable,year,value,unit
clivi,2000,-0.01124351586184865,kg m-2
clivi,2001,0.04864634326835095,kg m-2
clivi,2002,0.044186638675159026,kg m-2
clivi,2003,-0.03118151164885556,kg m-2
clivi,2004,0.019206986992031803,kg m-2
