variable,year,value,unit
clt,2000,-0.01579147827233904,%
clt,2001,-0.035087875118473125,%
clt,2002,0.009155553315608054,%
clt,2003,-0.04486169111666296,%
clt,2004,0.07122789235708137,%
