variable,year,value,unit
loadso4,2000,-0.05146785793320351,kg m-2
loadso4,2001,-0.13878498334202663,kg m-2
loadso4,2002,0.0667703858530929,kg m-2
loadso4,2003,-0.13586712991264432,kg m-2
loadso4,2004,-0.19877749149682564,kg m-2
