variable,year,value,unit
rlutcs,2000,0.005487775218843333,W m-2
rlutcs,2001,0.0016820148656345253,W m-2
rlutcs,2002,0.0016486977454828657,W m-2
rlutcs,2003,0.005321690928576177,W m-2
rlutcs,2004,0.0007240168713216119,W m-2
