variable,year,value,unit
rlut,2000,0.014745885065882819,W m-2
rlut,2001,0.005141664299293549,W m-2
rlut,2002,0.009352302714380353,W m-2
rlut,2003,-0.006265614465288729,W m-2
rlut,2004,0.0012928880814515506,W m-2
