variable,year,value,unit
mmrso4,2000,-0.25039895495734493,kg kg-1
mmrso4,2001,-0.12645505705111174,kg kg-1
mmrso4,2002,-0.2855956384955456,kg kg-1
mmrso4,2003,-0.24319807182118383,kg kg-1
mmrso4,2004,-0.17299320942579796,kg kg-1
