variable,year,value,unit
mmrbc,2000,-0.06753678349893011,kg kg-1
mmrbc,2001,0.06551179383675315,kg kg-1
mmrbc,2002,0.08171818322917355,kg kg-1
mmrbc,2003,0.01568262586241035,kg kg-1
mmrbc,2004,0.1404704610543755,kg kg-1
