variable,year,value,unit
rsutcs,2000,-0.011950769026921451,W m-2
rsutcs,2001,-0.013779909612849929,W m-2
rsutcs,2002,-0.0074232294683303154,W m-2
rsutcs,2003,-0.009310627792455659,W m-2
rsutcs,2004,-0.008689229511919132,W m-2
