variable,year,value,unit
wetso2,2000,-0.37884759196155143,kg m-2 s-1
wetso2,2001,-0.2299424076959753,kg m-2 s-1
wetso2,2002,-0.15634319421635368,kg m-2 s-1
wetso2,2003,-0.24282555754716137,kg m-2 s-1
wetso2,2004,-0.45535832087397804,kg m-2 s-1
