variable,year,value,unit
drybc,2000,-0.11547367155039288,kg m-2 s-1
drybc,2001,0.07241733602114794,kg m-2 s-1
drybc,2002,0.10405202075541276,kg m-2 s-1
drybc,2003,-0.05332778868151192,kg m-2 s-1
drybc,2004,0.08633667756664173,kg m-2 s-1
