variable,year,value,unit
wetso2,2000,-0.41298477038215814,kg m-2 s-1
wetso2,2001,-0.055623073153213826,kg m-2 s-1
wetso2,2002,-0.022962510439365272,kg m-2 s-1
wetso2,2003,0.1240134754867224,kg m-2 s-1
wetso2,2004,-0.5997620983540819,kg m-2 s-1
