variable,year,value,unit
dms,2000,1.2863382668930417e-13,mol mol-1
dms,2001,1.1990691057749925e-13,mol mol-1
dms,2002,1.4127924347346495e-13,mol mol-1
dms,2003,1.3766007985045593e-13,mol mol-1
dms,2004,1.7354740573366413e-13,mol mol-1
