variable,year,value,unit
so2,2000,-8.33587317934176e-10,mol mol-1
so2,2001,-8.417515315928524e-10,mol mol-1
so2,2002,-8.391776125220523e-10,mol mol-1
so2,2003,-8.734140199391809e-10,mol mol-1
so2,2004,-9.452434443046406e-10,mol mol-1
