variable,year,value,unit
cl,2000,-0.00018465685139368304,%
cl,2001,-0.008462181940570801,%
cl,2002,0.005663780455765988,%
cl,2003,0.003101765920039412,%
cl,2004,0.004741877874252509,%
