variable,year,value,unit
dryso2,2000,-1.5357878631583152e-12,kg m-2 s-1
dryso2,2001,-1.5535578078619422e-12,kg m-2 s-1
dryso2,2002,-1.5488190831103586e-12,kg m-2 s-1
dryso2,2003,-1.5958534037616097e-12,kg m-2 s-1
dryso2,2004,-1.6819225988802956e-12,kg m-2 s-1
