variable,year,value,unit
od550aer,2000,0.0026070451560702423,1
od550aer,2001,0.002599756148762289,1
od550aer,2002,0.0026336326996391213,1
od550aer,2003,0.002743867804539002,1
od550aer,2004,0.002515204402236515,1
