variable,year,value,unit
wetbc,2001,-7.159422873719728e-15,kg m-2 s-1
wetbc,2002,-6.4112191996930915e-15,kg m-2 s-1
wetbc,2003,-6.964578655809453e-15,kg m-2 s-1
wetbc,2004,-7.650930291835565e-15,kg m-2 s-1
