variable,year,value,unit
so2,2000,-8.015381248379642e-10,mol mol-1
so2,2001,-7.991906325527379e-10,mol mol-1
so2,2002,-8.409558015820063e-10,mol mol-1
so2,2003,-8.859805574994973e-10,mol mol-1
so2,2004,-9.092464865918946e-10,mol mol-1
