variable,year,value,unit
so2,2000,-6.60414006903843e-10,mol mol-1
so2,2001,-6.673516791603851e-10,mol mol-1
so2,2002,-6.501514638050956e-10,mol mol-1
so2,2003,-6.87686228960354e-10,mol mol-1
so2,2004,-7.270826624069523e-10,mol mol-1
