variable,year,value,unit
mmrso4,2000,3.7589321609719985e-10,kg kg-1
mmrso4,2001,3.8637658040582073e-10,kg kg-1
mmrso4,2002,3.8802336280452645e-10,kg kg-1
mmrso4,2003,3.9279504063822377e-10,kg kg-1
mmrso4,2004,4.0719988185209925e-10,kg kg-1
