variable,year,value,unit
mmrbc,2001,6.398385532199776e-14,kg kg-1
mmrbc,2002,2.5205989149908017e-14,kg kg-1
mmrbc,2003,4.918103710311021e-14,kg kg-1
mmrbc,2004,9.148595358460953e-14,kg kg-1
