variable,year,value,unit
clivi,2000,-2.3524104776448396e-05,kg m-2
clivi,2001,-3.452937528912979e-05,kg m-2
clivi,2002,-1.326698565629579e-05,kg m-2
clivi,2003,-4.7922502900912475e-05,kg m-2
clivi,2004,-5.29290164777204e-05,kg m-2
