variable,year,value,unit
loadso4,2000,2.011214390744852e-06,kg m-2
loadso4,2001,2.042636051886976e-06,kg m-2
loadso4,2002,1.9835106519368213e-06,kg m-2
loadso4,2003,2.0496941310136678e-06,kg m-2
loadso4,2004,2.1813473451013906e-06,kg m-2
