variable,year,value,unit
dryso2,2000,-1.829254868899897e-12,kg m-2 s-1
dryso2,2001,-1.839447852057144e-12,kg m-2 s-1
dryso2,2002,-1.8311823090044846e-12,kg m-2 s-1
dryso2,2003,-1.9052644150515836e-12,kg m-2 s-1
dryso2,2004,-2.0433608418462735e-12,kg m-2 s-1
