variable,year,value,unit
loadso4,2000,6.448513274349003e-07,kg m-2
loadso4,2001,6.643646741123669e-07,kg m-2
loadso4,2002,6.95947124395482e-07,kg m-2
loadso4,2003,7.45946409677551e-07,kg m-2
loadso4,2004,7.571963236988103e-07,kg m-2
