variable,year,value,unit
loadso2,2000,4.0426086557064727e-07,kg m-2
loadso2,2001,4.0894329363616943e-07,kg m-2
loadso2,2002,4.376573901092112e-07,kg m-2
loadso2,2003,4.7543559055499236e-07,kg m-2
loadso2,2004,4.662016171943205e-07,kg m-2
