variable,year,value,unit
clivi,2000,-1.2286355151845674e-06,kg m-2
clivi,2001,4.020709335798844e-06,kg m-2
clivi,2002,1.3208171351270642e-05,kg m-2
clivi,2003,-1.0265735671085435e-05,kg m-2
clivi,2004,-1.0496212716031017e-06,kg m-2
