variable,year,value,unit
dryso2,2001,-8.320187755839472e-12,kg m-2 s-1
dryso2,2002,-8.292537109960073e-12,kg m-2 s-1
dryso2,2003,-8.731727260874206e-12,kg m-2 s-1
dryso2,2004,-9.293466034901417e-12,kg m-2 s-1
