variable,year,value,unit
wetbc,2000,-4.161840895472719e-15,kg m-2 s-1
wetbc,2001,-4.546972722664525e-15,kg m-2 s-1
wetbc,2002,-3.510357657684855e-15,kg m-2 s-1
wetbc,2003,-4.13519702129765e-15,kg m-2 s-1
wetbc,2004,-4.949620318313516e-15,kg m-2 s-1
