variable,year,value,unit
clt,2000,-0.06567009281833691,%
clt,2001,-0.05880512003962224,%
clt,2002,-0.05836708452395811,%
clt,2003,-0.1674560922892212,%
clt,2004,0.043944921068650444,%
