variable,year,value,unit
mmrbc,2001,-1.6299415984235136e-13,kg kg-1
mmrbc,2002,-2.8980887088203653e-13,kg kg-1
mmrbc,2003,-1.3255925821312756e-13,kg kg-1
mmrbc,2004,-3.605800753086536e-13,kg kg-1
