variable,year,value,unit
loadbc,2000,-1.7475816939813321e-09,kg m-2
loadbc,2001,-1.6976655324163453e-09,kg m-2
loadbc,2002,-1.4452916216874227e-09,kg m-2
loadbc,2003,-1.4202628250042867e-09,kg m-2
loadbc,2004,-6.883190826459891e-10,kg m-2
