variable,year,value,unit
dms,2000,-1.3741970956482095e-14,mol mol-1
dms,2001,-1.5921780170876465e-14,mol mol-1
dms,2002,-1.68684309007232e-14,mol mol-1
dms,2003,-1.4320998397995163e-14,mol mol-1
dms,2004,-1.3056341865496425e-14,mol mol-1
