variable,year,value,unit
wetbc,2000,1.3927437991612317e-16,kg m-2 s-1
wetbc,2001,-6.759415995224948e-17,kg m-2 s-1
wetbc,2002,9.394047586776232e-16,kg m-2 s-1
wetbc,2003,1.4137771187329178e-15,kg m-2 s-1
wetbc,2004,1.4787006045680198e-15,kg m-2 s-1
