variable,year,value,unit
loadbc,2000,-1.215317030678084e-10,kg m-2
loadbc,2001,-4.0641533600301515e-11,kg m-2
loadbc,2002,-3.1978203888502825e-11,kg m-2
loadbc,2003,-8.179340638755883e-11,kg m-2
loadbc,2004,-6.515574267183831e-11,kg m-2
