variable,year,value,unit
rsut,2000,0.2697300171299304,W m-2
rsut,2001,0.2751560101634709,W m-2
rsut,2002,0.26123739522567746,W m-2
rsut,2003,0.2693596475517097,W m-2
rsut,2004,0.28283529140942676,W m-2
