variable,year,value,unit
dryso4,2000,1.1143244973884969e-13,kg m-2 s-1
dryso4,2001,1.1366818196601127e-13,kg m-2 s-1
dryso4,2002,1.2739396046104724e-13,kg m-2 s-1
dryso4,2003,1.301158252160388e-13,kg m-2 s-1
dryso4,2004,1.3594893069985747e-13,kg m-2 s-1
