variable,year,value,unit
cl,2000,-0.0006294298644426988,%
cl,2001,0.0005963099772507974,%
cl,2002,0.000358353374955378,%
cl,2003,0.00033641256545280385,%
cl,2004,0.0008803606527925112,%
