variable,year,value,unit
dryso2,2001,-2.687774174642765e-12,kg m-2 s-1
dryso2,2002,-2.4833997482741785e-12,kg m-2 s-1
dryso2,2003,-2.6085796177723692e-12,kg m-2 s-1
dryso2,2004,-2.8228541937963137e-12,kg m-2 s-1
