variable,year,value,unit
loadso2,2000,7.591420537213303e-07,kg m-2
loadso2,2001,7.127642099604111e-07,kg m-2
loadso2,2002,8.307170932346472e-07,kg m-2
loadso2,2003,9.307912204206484e-07,kg m-2
loadso2,2004,9.567204811128588e-07,kg m-2
