variable,year,value,unit
wetso4,2000,-46.12519138424745,kg m-2 s-1
wetso4,2001,-43.00789400928209,kg m-2 s-1
wetso4,2002,-39.839237302363,kg m-2 s-1
wetso4,2003,-39.840667679414196,kg m-2 s-1
wetso4,2004,-37.957549318031454,kg m-2 s-1
