variable,year,value,unit
mmrso4,2000,-5.428412744277216,kg kg-1
mmrso4,2001,-5.716625418423792,kg kg-1
mmrso4,2002,-5.873596843915376,kg kg-1
mmrso4,2003,-7.643848805243726,kg kg-1
mmrso4,2004,-10.705853391635493,kg kg-1
