variable,year,value,unit
wetbc,2000,-0.37956499023593865,kg m-2 s-1
wetbc,2001,-0.4578252632958832,kg m-2 s-1
wetbc,2002,-0.45262965031568514,kg m-2 s-1
wetbc,2003,-0.7701610124150793,kg m-2 s-1
wetbc,2004,-0.8896181328515536,kg m-2 s-1
