variable,year,value,unit
mmrso4,2000,-3.755622985398864,kg kg-1
mmrso4,2001,-3.122864620237804,kg kg-1
mmrso4,2002,-3.6830716389867644,kg kg-1
mmrso4,2003,-7.0146704951628145,kg kg-1
mmrso4,2004,-9.630849564020846,kg kg-1
