variable,year,value,unit
od550aer,2000,-7.864891052600682,1
od550aer,2001,-6.962448070445084,1
od550aer,2002,-6.872243799843498,1
od550aer,2003,-6.115236074713166,1
od550aer,2004,-5.9148176745497665,1
