variable,year,value,unit
dryso4,2000,-32.51051182590811,kg m-2 s-1
dryso4,2001,-28.298954850427236,kg m-2 s-1
dryso4,2002,-27.243985169191976,kg m-2 s-1
dryso4,2003,-24.645433679012385,kg m-2 s-1
dryso4,2004,-23.994292995281096,kg m-2 s-1
