variable,year,value,unit
so2,2000,-12.11004561923314,mol mol-1
so2,2001,-12.847292515677841,mol mol-1
so2,2002,-12.370881903402141,mol mol-1
so2,2003,-16.196572299812306,mol mol-1
so2,2004,-21.047072410294668,mol mol-1
