variable,year,value,unit
rlutcs,2000,-9.591418322872534e-05,W m-2
rlutcs,2001,-0.003115063661319647,W m-2
rlutcs,2002,0.00278624992149098,W m-2
rlutcs,2003,0.00037630019772283315,W m-2
rlutcs,2004,0.008347806358328002,W m-2
