variable,year,value,unit
cl,2000,-0.7779582262698075,%
cl,2001,-2.129198147649727,%
cl,2002,0.3508786646199387,%
cl,2003,-0.4247723382713852,%
cl,2004,-2.0355883128398604,%
