variable,year,value,unit
clivi,2000,0.3487461123854396,kg m-2
clivi,2001,-0.19246921916205814,kg m-2
clivi,2002,-1.1499995214099816,kg m-2
clivi,2003,-2.0385646463237226,kg m-2
clivi,2004,-0.19167074733576597,kg m-2
