variable,year,value,unit
dryso4,2000,-3.868477739177145,kg m-2 s-1
dryso4,2001,-3.469276364982013,kg m-2 s-1
dryso4,2002,-3.7914093509363664,kg m-2 s-1
dryso4,2003,-3.960926290459727,kg m-2 s-1
dryso4,2004,-3.4986610202543638,kg m-2 s-1
