variable,year,value,unit
wetso4,2000,-1.4894198836002246,kg m-2 s-1
wetso4,2001,-1.5076965572997798,kg m-2 s-1
wetso4,2002,-1.7950861407896215,kg m-2 s-1
wetso4,2003,-1.3955505312840253,kg m-2 s-1
wetso4,2004,-1.6394252538064598,kg m-2 s-1
