variable,year,value,unit
wetbc,2000,-0.1276289027050527,kg m-2 s-1
wetbc,2001,0.26780507998961,kg m-2 s-1
wetbc,2002,0.5661678900235614,kg m-2 s-1
wetbc,2003,-0.2101409539479604,kg m-2 s-1
wetbc,2004,-0.25421530684913624,kg m-2 s-1
