variable,year,value,unit
od550aer,2000,-0.3142190083241244,1
od550aer,2001,-0.40111642385540464,1
od550aer,2002,-0.4919006120801813,1
od550aer,2003,-0.16527117896166074,1
od550aer,2004,-0.24989947017825978,1
