variable,year,value,unit
dryso4,2000,-1.2634875144872164,kg m-2 s-1
dryso4,2001,-1.159195158497512,kg m-2 s-1
dryso4,2002,-0.19981769476924163,kg m-2 s-1
dryso4,2003,-0.6697946186515416,kg m-2 s-1
dryso4,2004,-0.8611642319216692,kg m-2 s-1
