variable,year,value,unit
rlutcs,2000,-0.0013883817612282679,W m-2
rlutcs,2001,-0.004891617613549871,W m-2
rlutcs,2002,0.0005476787568121978,W m-2
rlutcs,2003,-0.006930132599543522,W m-2
rlutcs,2004,4.8406637283814245e-05,W m-2
