variable,year,value,unit
drybc,2000,-4.1706897919374045e-17,kg m-2 s-1
drybc,2001,-3.3247721830198236e-17,kg m-2 s-1
drybc,2002,4.759636905022339e-17,kg m-2 s-1
drybc,2003,-1.0977404121285971e-16,kg m-2 s-1
drybc,2004,3.474824698197613e-16,kg m-2 s-1
