variable,year,value,unit
so2,2000,-3.802553371285236e-14,mol mol-1
so2,2001,-1.1246156200392327e-13,mol mol-1
so2,2002,-1.360259996776636e-14,mol mol-1
so2,2003,-9.445663356345157e-14,mol mol-1
so2,2004,-6.52239586686172e-14,mol mol-1
