variable,year,value,unit
drybc,2000,0.06226346215189065,kg m-2 s-1
drybc,2001,-0.18662858872613464,kg m-2 s-1
drybc,2002,-0.17787017369360916,kg m-2 s-1
drybc,2003,-0.2918727199010694,kg m-2 s-1
drybc,2004,-0.1425370746678998,kg m-2 s-1
