variable,year,value,unit
mmrbc,2000,-0.041889727,kg kg-1
mmrbc,2001,-0.027136153,kg kg-1
mmrbc,2002,-0.07014647,kg kg-1
mmrbc,2003,0.010041538,kg kg-1
mmrbc,2004,-0.16964543,kg kg-1
