variable,year,value,unit
clt,2000,-0.009228238,%
clt,2001,-0.029685773,%
clt,2002,-0.013929191,%
clt,2003,-0.03470586,%
clt,2004,-0.027486403,%
