variable,year,value,unit
wetbc,2000,0.017328285,kg m-2 s-1
wetbc,2001,-0.0022774194,kg m-2 s-1
wetbc,2002,-0.03148178,kg m-2 s-1
wetbc,2003,0.016999794,kg m-2 s-1
wetbc,2004,-0.012617088,kg m-2 s-1
