variable,year,value,unit
mmrbc,2000,0.0048729936,kg kg-1
mmrbc,2001,0.0029251806,kg kg-1
mmrbc,2002,-0.0041734464,kg kg-1
mmrbc,2003,0.0017061908,kg kg-1
mmrbc,2004,0.0041982834,kg kg-1
