variable,year,value,unit
loadso4,2000,8.965109013536221e-09,kg m-2
loadso4,2001,-1.933779827046955e-09,kg m-2
loadso4,2002,1.905204712584852e-09,kg m-2
loadso4,2003,1.5520034497947946e-08,kg m-2
loadso4,2004,2.0754842376904845e-08,kg m-2
