variable,year,value,unit
dryso2,2001,-2.1426467071274127e-15,kg m-2 s-1
dryso2,2002,5.288686115790713e-15,kg m-2 s-1
dryso2,2003,7.752350459258901e-15,kg m-2 s-1
dryso2,2004,4.334926594034251e-15,kg m-2 s-1
