variable,year,value,unit
wetso2,2001,-8.047618362243931e-16,kg m-2 s-1
wetso2,2002,4.335777361517794e-15,kg m-2 s-1
wetso2,2003,-6.849760473674455e-15,kg m-2 s-1
wetso2,2004,1.067312216358009e-15,kg m-2 s-1
