variable,year,value,unit
wetso4,2001,-6.3412105748494524e-15,kg m-2 s-1
wetso4,2002,-1.0835337288018526e-16,kg m-2 s-1
wetso4,2003,-1.0444267994554631e-14,kg m-2 s-1
wetso4,2004,-8.388988442641323e-15,kg m-2 s-1
