variable,year,value,unit
rlut,2001,0.178085691351356,W m-2
rlut,2002,-0.019507642198391295,W m-2
rlut,2003,-0.0057606612649294675,W m-2
rlut,2004,0.023476111890914808,W m-2
