variable,year,value,unit
mmrbc,2001,-6.458392013025508e-12,kg kg-1
mmrbc,2002,-7.939896989251834e-12,kg kg-1
mmrbc,2003,-9.53741115415962e-12,kg kg-1
mmrbc,2004,-7.859476479266373e-12,kg kg-1
