variable,year,value,unit
drybc,2000,-0.08102858105289167,kg m-2 s-1
drybc,2001,-0.01301343946778254,kg m-2 s-1
drybc,2002,0.029847454910493048,kg m-2 s-1
drybc,2003,0.043436862386647915,kg m-2 s-1
drybc,2004,0.015354920353419564,kg m-2 s-1
