variable,year,value,unit
so2,2000,-0.10082237878596423,mol mol-1
so2,2001,-0.020762881945580645,mol mol-1
so2,2002,-0.014831111246747106,mol mol-1
so2,2003,-0.21043222340468953,mol mol-1
so2,2004,-0.08961770642453201,mol mol-1
