variable,year,value,unit
mmrbc,2000,1.7783606582019365e-13,kg kg-1
mmrbc,2001,-1.417561250863731e-13,kg kg-1
mmrbc,2002,5.145300087632268e-13,kg kg-1
mmrbc,2003,-1.2553132118408833e-13,kg kg-1
mmrbc,2004,-7.568660160572489e-13,kg kg-1
