variable,year,value,unit
rsut,2000,0.45904400932622025,W m-2
rsut,2001,0.2957795713324032,W m-2
rsut,2002,0.19027855089706236,W m-2
rsut,2003,0.3956094417833924,W m-2
rsut,2004,0.31212478798734367,W m-2
