variable,year,value,unit
emiso2,2000,1.4170146985583835e-12,kg m-2 s-1
emiso2,2001,1.3719902512222079e-12,kg m-2 s-1
emiso2,2002,1.431143138992764e-12,kg m-2 s-1
emiso2,2003,1.4733389462401554e-12,kg m-2 s-1
emiso2,2004,1.4971765103575074e-12,kg m-2 s-1
