variable,year,value,unit
rlutcs,2000,-0.00664831128528931,W m-2
rlutcs,2001,-0.0015826601492108239,W m-2
rlutcs,2002,-0.011419843949056485,W m-2
rlutcs,2003,-0.009132128212002044,W m-2
rlutcs,2004,-0.026283699681698636,W m-2
