variable,year,value,unit
cl,2000,0.02824145059149208,%
cl,2001,-0.01104884700851727,%
cl,2002,-0.030872023836511886,%
cl,2003,-0.01725407555264802,%
cl,2004,-0.05779321771605073,%
