variable,year,value,unit
wetbc,2000,-3.4822918460574193,kg m-2 s-1
wetbc,2001,-3.568689944778057,kg m-2 s-1
wetbc,2002,-3.376166689840867,kg m-2 s-1
wetbc,2003,-3.270799249715048,kg m-2 s-1
wetbc,2004,-3.456937711951159,kg m-2 s-1
