variable,year,value,unit
wetso4,2000,-3.498332950633084,kg m-2 s-1
wetso4,2001,-3.7151468724531047,kg m-2 s-1
wetso4,2002,-3.400625541311501,kg m-2 s-1
wetso4,2003,-3.485175388049521,kg m-2 s-1
wetso4,2004,-3.5733253910838223,kg m-2 s-1
