variable,year,value,unit
wetso4,2000,-2.7464461112096368,kg m-2 s-1
wetso4,2001,-2.835855884307573,kg m-2 s-1
wetso4,2002,-2.690033962200862,kg m-2 s-1
wetso4,2003,-2.682362613434422,kg m-2 s-1
wetso4,2004,-2.789858535355167,kg m-2 s-1
