variable,year,value,unit
rsut,2000,0.45864307466300147,W m-2
rsut,2001,0.010296473313331944,W m-2
rsut,2002,0.008446893858092608,W m-2
rsut,2003,0.0062035006429823625,W m-2
rsut,2004,0.0066077992769066896,W m-2
