variable,year,value,unit
cltc,2000,-0.0010991950506908932,%
cltc,2001,-0.0004670682985064012,%
cltc,2002,0.0003633150516276773,%
cltc,2003,0.00043238493007646817,%
cltc,2004,-8.071593871983307e-05,%
