variable,year,value,unit
wetso2,2000,-4.73212368457011e-16,kg m-2 s-1
wetso2,2001,4.0925142081684274e-15,kg m-2 s-1
wetso2,2002,7.595571483968194e-15,kg m-2 s-1
wetso2,2003,2.392712067123121e-15,kg m-2 s-1
wetso2,2004,3.712135043149396e-15,kg m-2 s-1
