variable,year,value,unit
emibc,2000,-1.777963193007771e-20,kg m-2 s-1
emibc,2001,3.1090198255658383e-21,kg m-2 s-1
emibc,2002,-1.1071380733360743e-20,kg m-2 s-1
emibc,2003,-5.914730029434045e-21,kg m-2 s-1
emibc,2004,-4.183115022266617e-20,kg m-2 s-1
