variable,year,value,unit
clivi,2000,1.308342617843683e-05,kg m-2
clivi,2001,2.009816459022651e-06,kg m-2
clivi,2002,0.0002517005667469069,kg m-2
clivi,2003,2.917859399764744e-06,kg m-2
clivi,2004,0.0001376379178034265,kg m-2
