variable,year,value,unit
so2,2000,-3.731413114602983e-12,mol mol-1
so2,2001,-3.3830586340518144e-12,mol mol-1
so2,2002,-3.6258022823223375e-12,mol mol-1
so2,2003,-3.7485318626166925e-12,mol mol-1
so2,2004,-3.481805948734337e-12,mol mol-1
