variable,year,value,unit
loadso2,2000,-1.2014912850027993e-08,kg m-2
loadso2,2001,-1.4250995986797216e-08,kg m-2
loadso2,2002,-1.5590314377423187e-08,kg m-2
loadso2,2003,-1.4772455485612225e-08,kg m-2
loadso2,2004,-1.4308673512292545e-08,kg m-2
