variable,year,value,unit
loadbc,2000,-6.034632931022659e-12,kg m-2
loadbc,2001,-1.2474072014399646e-12,kg m-2
loadbc,2002,-1.6150315572996746e-11,kg m-2
loadbc,2003,-1.082376334585621e-11,kg m-2
loadbc,2004,-1.8506930021605487e-12,kg m-2
