variable,year,value,unit
mmrso4,2000,1.4517815496590802e-11,kg kg-1
mmrso4,2001,1.2226512617412594e-11,kg kg-1
mmrso4,2002,1.0994142624909419e-11,kg kg-1
mmrso4,2003,1.3733909901914328e-11,kg kg-1
mmrso4,2004,1.2004456748008672e-11,kg kg-1
