variable,year,value,unit
loadbc,2000,1.2756448245730712e-10,kg m-2
loadbc,2001,-1.2467749436130586e-11,kg m-2
loadbc,2002,-1.0709942773726927e-10,kg m-2
loadbc,2003,2.8091142700492167e-10,kg m-2
loadbc,2004,-1.5916813681270432e-10,kg m-2
