variable,year,value,unit
dryso4,2000,1.5240374570745423e-15,kg m-2 s-1
dryso4,2001,-2.0777004948470814e-15,kg m-2 s-1
dryso4,2002,-3.065890341927583e-15,kg m-2 s-1
dryso4,2003,-1.5218517645661136e-15,kg m-2 s-1
dryso4,2004,-9.46724131174033e-16,kg m-2 s-1
