variable,year,value,unit
rsut,2000,0.0013170598221421415,W m-2
rsut,2001,-0.08559943348568311,W m-2
rsut,2002,0.011355613905692508,W m-2
rsut,2003,-0.007222085096827868,W m-2
rsut,2004,-0.07795788860666164,W m-2
