variable,year,value,unit
rlut,2000,0.0019709760985335834,W m-2
rlut,2001,0.0035578192489538196,W m-2
rlut,2002,-0.0020554509370640517,W m-2
rlut,2003,0.000949987445409306,W m-2
rlut,2004,0.0008384474687659349,W m-2
