variable,year,value,unit
dms,2001,-6.215901149404042e-13,mol mol-1
dms,2002,2.0322467920605166e-12,mol mol-1
dms,2003,5.3476992620521196e-14,mol mol-1
dms,2004,-1.0759389664651603e-12,mol mol-1
dms,2005,-7.927566673922265e-14,mol mol-1
