variable,year,value,unit
loadso2,2000,-3.721267208145371e-08,kg m-2
loadso2,2001,-3.421842352915868e-08,kg m-2
loadso2,2002,-3.418621026074764e-08,kg m-2
loadso2,2003,-3.75747744664037e-08,kg m-2
loadso2,2004,-4.1094174870642674e-08,kg m-2
