variable,year,value,unit
wetbc,2001,-8.131943947381554e-15,kg m-2 s-1
wetbc,2002,-1.1688169942220684e-16,kg m-2 s-1
wetbc,2003,7.85254626909595e-15,kg m-2 s-1
wetbc,2004,-3.751247450131472e-15,kg m-2 s-1
wetbc,2005,-6.556248278801587e-15,kg m-2 s-1
