variable,year,value,unit
dryso2,2000,1.6659782558112273e-13,kg m-2 s-1
dryso2,2001,2.0276245009965107e-13,kg m-2 s-1
dryso2,2002,7.929774903976023e-14,kg m-2 s-1
dryso2,2003,1.6028826880557087e-13,kg m-2 s-1
dryso2,2004,2.57291998053274e-13,kg m-2 s-1
