variable,year,value,unit
dryso4,2001,-8.939531266199949e-14,kg m-2 s-1
dryso4,2002,-7.768018097735052e-14,kg m-2 s-1
dryso4,2003,-5.332212175145982e-14,kg m-2 s-1
dryso4,2004,-8.684521496651672e-14,kg m-2 s-1
dryso4,2005,-8.418580864823739e-14,kg m-2 s-1
