variable,year,value,unit
emibc,2000,7.1584892543467595e-22,kg m-2 s-1
emibc,2001,-3.1138939004874986e-21,kg m-2 s-1
emibc,2002,-6.951257009158138e-21,kg m-2 s-1
emibc,2003,1.1616368609259368e-21,kg m-2 s-1
emibc,2004,-2.4307466548315696e-21,kg m-2 s-1
