variable,year,value,unit
dryso4,2000,-9.425805664452106e-14,kg m-2 s-1
dryso4,2001,-9.838734278636652e-14,kg m-2 s-1
dryso4,2002,-9.587826787112747e-14,kg m-2 s-1
dryso4,2003,-9.831670435446539e-14,kg m-2 s-1
dryso4,2004,-1.0099968467587321e-13,kg m-2 s-1
