variable,year,value,unit
loadso2,2000,-1.7960971236306163e-08,kg m-2
loadso2,2001,-1.667261369034345e-08,kg m-2
loadso2,2002,-1.6432258553298525e-08,kg m-2
loadso2,2003,-2.00842245573557e-08,kg m-2
loadso2,2004,-2.0268854123435498e-08,kg m-2
