variable,year,value,unit
mmrbc,2000,-4.953839301188215e-14,kg kg-1
mmrbc,2001,-9.258074425640843e-14,kg kg-1
mmrbc,2002,-8.115305674726667e-15,kg kg-1
mmrbc,2003,-1.3720115209480311e-13,kg kg-1
mmrbc,2004,-1.0538243977098307e-13,kg kg-1
