variable,year,value,unit
dms,2000,-3.9379160160483977e-11,mol mol-1
dms,2001,-4.000826586397039e-11,mol mol-1
dms,2002,-3.985001191565883e-11,mol mol-1
dms,2003,-3.935879282244934e-11,mol mol-1
dms,2004,-4.2600255908349157e-11,mol mol-1
