variable,year,value,unit
dms,2000,-1.7468138114543154e-15,mol mol-1
dms,2001,6.652854313701866e-15,mol mol-1
dms,2002,8.877995681749167e-16,mol mol-1
dms,2003,-1.537356523369763e-15,mol mol-1
dms,2004,1.2336367663183276e-16,mol mol-1
