variable,year,value,unit
rsut,2000,-0.11526173102325288,W m-2
rsut,2001,-0.13569359673913084,W m-2
rsut,2002,-0.14423280685093687,W m-2
rsut,2003,-0.13921218680428638,W m-2
rsut,2004,-0.21021122940697978,W m-2
