variable,year,value,unit
wetso4,2000,-6.129091975555335e-13,kg m-2 s-1
wetso4,2001,-6.653600626879646e-13,kg m-2 s-1
wetso4,2002,-6.16365342569644e-13,kg m-2 s-1
wetso4,2003,-6.450115964812108e-13,kg m-2 s-1
wetso4,2004,-6.919494743901431e-13,kg m-2 s-1
