variable,year,value,unit
emiso2,2000,-1.4927289438867552e-12,kg m-2 s-1
emiso2,2001,-1.5673058206839175e-12,kg m-2 s-1
emiso2,2002,-1.4644880801428558e-12,kg m-2 s-1
emiso2,2003,-1.5054461849308223e-12,kg m-2 s-1
emiso2,2004,-1.6158099889809265e-12,kg m-2 s-1
