variable,year,value,unit
emiso2,2000,-1.8658265822091064e-12,kg m-2 s-1
emiso2,2001,-1.959519918502088e-12,kg m-2 s-1
emiso2,2002,-1.831105733602815e-12,kg m-2 s-1
emiso2,2003,-1.8830887188838276e-12,kg m-2 s-1
emiso2,2004,-2.0196797627515764e-12,kg m-2 s-1
