variable,year,value,unit
rlut,2000,0.028022146223577238,W m-2
rlut,2001,-0.004312943095925448,W m-2
rlut,2002,-0.012766024032572432,W m-2
rlut,2003,0.008150043335035662,W m-2
rlut,2004,0.009022596729096222,W m-2
