variable,year,value,unit
clt,2000,-0.0357257828871127,%
clt,2001,0.010666759103102663,%
clt,2002,-0.017098137329597307,%
clt,2003,-0.018890233025985026,%
clt,2004,-0.013403038162465464,%
