variable,year,value,unit
dryso2,2000,2.7131044832567278e-14,kg m-2 s-1
dryso2,2001,2.7157498941279526e-14,kg m-2 s-1
dryso2,2002,2.6594280470181373e-14,kg m-2 s-1
dryso2,2003,2.7534390044793986e-14,kg m-2 s-1
dryso2,2004,2.823207454357862e-14,kg m-2 s-1
