variable,year,value,unit
mmrso4,2001,-7.747864111289145e-12,kg kg-1
mmrso4,2002,-8.33838018553797e-12,kg kg-1
mmrso4,2003,-8.769943433466667e-12,kg kg-1
mmrso4,2004,-9.701809327987692e-12,kg kg-1
