variable,year,value,unit
rsut,2001,0.004743893968566226,W m-2
rsut,2002,-0.026239629185127455,W m-2
rsut,2003,-0.06792673052167686,W m-2
rsut,2004,-0.0019510722824946924,W m-2
