variable,year,value,unit
dryso2,2001,3.6541442971244985e-14,kg m-2 s-1
dryso2,2002,3.865200545154916e-14,kg m-2 s-1
dryso2,2003,4.3305380491053815e-14,kg m-2 s-1
dryso2,2004,4.4945909897076464e-14,kg m-2 s-1
