variable,year,value,unit
rlut,2001,0.02704731351252576,W m-2
rlut,2002,0.046245297753500836,W m-2
rlut,2003,-0.02297311084686271,W m-2
rlut,2004,-0.007872910745646777,W m-2
