variable,year,value,unit
rsut,2001,0.018259824605422637,W m-2
rsut,2002,-0.060119785675183834,W m-2
rsut,2003,0.0009537288592866844,W m-2
rsut,2004,-0.010591550507356828,W m-2
