variable,year,value,unit
drybc,2000,-8.07997332904123e-17,kg m-2 s-1
drybc,2001,-4.7338168514582834e-17,kg m-2 s-1
drybc,2002,-9.137499185616726e-18,kg m-2 s-1
drybc,2003,-5.948341796583391e-17,kg m-2 s-1
drybc,2004,-9.429983229699257e-17,kg m-2 s-1
