variable,year,value,unit
loadso2,2000,5.9516737272460286e-09,kg m-2
loadso2,2001,6.831968892615927e-09,kg m-2
loadso2,2002,6.286906008156383e-09,kg m-2
loadso2,2003,8.52280970109261e-09,kg m-2
loadso2,2004,7.500579160964229e-09,kg m-2
