variable,year,value,unit
emibc,2000,3.5385009080518008e-22,kg m-2 s-1
emibc,2001,5.000229513447002e-21,kg m-2 s-1
emibc,2002,4.315572444816466e-22,kg m-2 s-1
emibc,2003,1.6060701581598648e-21,kg m-2 s-1
emibc,2004,1.901897819135597e-21,kg m-2 s-1
