variable,year,value,unit
wetso4,2001,-2.4333895190645487e-14,kg m-2 s-1
wetso4,2002,-2.4244352504442374e-14,kg m-2 s-1
wetso4,2003,-2.4338548353479872e-14,kg m-2 s-1
wetso4,2004,-2.4779842509987935e-14,kg m-2 s-1
