variable,year,value,unit
cltc,2001,-0.002571302558860289,%
cltc,2002,0.0006785817357091162,%
cltc,2003,0.0003045277332258678,%
cltc,2004,-0.00048428362040109363,%
