variable,year,value,unit
mmrbc,2000,-7.706303184299521e-14,kg kg-1
mmrbc,2001,-9.417032732943025e-14,kg kg-1
mmrbc,2002,-1.3879388060537798e-13,kg kg-1
mmrbc,2003,-1.4471085819378234e-13,kg kg-1
mmrbc,2004,-1.0309961166181604e-13,kg kg-1
