variable,year,value,unit
clivi,2000,-8.840260937462152e-05,kg m-2
clivi,2001,-0.0003838971194878166,kg m-2
clivi,2002,0.00016418166626150366,kg m-2
clivi,2003,0.00041795051135014305,kg m-2
clivi,2004,3.4018681643877e-05,kg m-2
