variable,year,value,unit
rlutcs,2000,-0.0011627445658177749,W m-2
rlutcs,2001,0.0057002057146746665,W m-2
rlutcs,2002,-0.0003500954354649366,W m-2
rlutcs,2003,0.012523111025132039,W m-2
rlutcs,2004,0.011213440900348814,W m-2
