variable,year,value,unit
rlut,2001,-0.004149134748189454,W m-2
rlut,2002,-0.004371769311120488,W m-2
rlut,2003,-0.0015250628926253285,W m-2
rlut,2004,0.0005779564660315373,W m-2
