variable,year,value,unit
so2,2001,1.0220902225914898e-12,mol mol-1
so2,2002,9.976795090878113e-13,mol mol-1
so2,2003,1.037846813311819e-12,mol mol-1
so2,2004,1.0594725206084262e-12,mol mol-1
