variable,year,value,unit
emiso2,2000,2.6201154954096858e-14,kg m-2 s-1
emiso2,2001,2.6941575389966368e-14,kg m-2 s-1
emiso2,2002,2.6120791266923907e-14,kg m-2 s-1
emiso2,2003,2.66422391183971e-14,kg m-2 s-1
emiso2,2004,2.8082671741615152e-14,kg m-2 s-1
