variable,year,value,unit
rsdt,2001,4.124154884266318e-08,W m-2
rsdt,2002,-3.8235270949371625e-08,W m-2
rsdt,2003,2.0658603716583457e-08,W m-2
rsdt,2004,-5.845606665388914e-08,W m-2
