variable,year,value,unit
dryso2,2001,4.426996222007262e-14,kg m-2 s-1
dryso2,2002,4.322850902637251e-14,kg m-2 s-1
dryso2,2003,4.24154437970743e-14,kg m-2 s-1
dryso2,2004,4.3653407270723375e-14,kg m-2 s-1
