variable,year,value,unit
cl,2000,-0.017011711363595694,%
cl,2001,-0.019439119909099745,%
cl,2002,-0.007812634611899405,%
cl,2003,-0.024172604754445715,%
cl,2004,-0.01327376477425446,%
