variable,year,value,unit
drybc,2000,-3.631785507960821e-16,kg m-2 s-1
drybc,2001,-2.045161851613839e-16,kg m-2 s-1
drybc,2002,-3.3385949362883073e-16,kg m-2 s-1
drybc,2003,-2.4952459107084803e-16,kg m-2 s-1
drybc,2004,-6.833523485184e-17,kg m-2 s-1
