variable,year,value,unit
emibc,2000,2.2246425943333843e-22,kg m-2 s-1
emibc,2001,-1.0509868632256664e-21,kg m-2 s-1
emibc,2002,2.457381413647541e-21,kg m-2 s-1
emibc,2003,1.2607610706864e-21,kg m-2 s-1
emibc,2004,1.809193870603689e-21,kg m-2 s-1
