variable,year,value,unit
cl,2000,-0.001055613853758075,%
cl,2001,0.005652962809891804,%
cl,2002,0.014275426810222314,%
cl,2003,-0.00042783945805879853,%
cl,2004,0.005234932260249181,%
