variable,year,value,unit
loadso2,2000,8.012865659362362e-09,kg m-2
loadso2,2001,8.178408296016422e-09,kg m-2
loadso2,2002,9.003179686381216e-09,kg m-2
loadso2,2003,8.813586421009755e-09,kg m-2
loadso2,2004,9.254892558531426e-09,kg m-2
