variable,year,value,unit
dryso2,2001,1.605846258783862e-14,kg m-2 s-1
dryso2,2002,1.5808583840991908e-14,kg m-2 s-1
dryso2,2003,1.6099809020503522e-14,kg m-2 s-1
dryso2,2004,1.7004723771061368e-14,kg m-2 s-1
