variable,year,value,unit
wetso2,2001,4.752772519945049e-15,kg m-2 s-1
wetso2,2002,5.039374951122824e-15,kg m-2 s-1
wetso2,2003,-2.874350970078339e-16,kg m-2 s-1
wetso2,2004,4.734100765519574e-15,kg m-2 s-1
