variable,year,value,unit
emibc,2001,-1.2482964625387327e-22,kg m-2 s-1
emibc,2002,3.8079146912650236e-21,kg m-2 s-1
emibc,2003,-2.1012713878101963e-21,kg m-2 s-1
emibc,2004,4.016767143156999e-22,kg m-2 s-1
