variable,year,value,unit
clt,2001,-0.052269630857892935,%
clt,2002,-0.0006941409956198186,%
clt,2003,0.0016544814667156515,%
clt,2004,-0.0036788386334691836,%
