variable,year,value,unit
dryso2,2000,2.36699473785871e-14,kg m-2 s-1
dryso2,2001,2.3535498620918814e-14,kg m-2 s-1
dryso2,2002,2.2447973479956077e-14,kg m-2 s-1
dryso2,2003,2.2992501397026382e-14,kg m-2 s-1
dryso2,2004,2.478910058510106e-14,kg m-2 s-1
