variable,year,value,unit
wetbc,2001,-2.6603505675857604e-17,kg m-2 s-1
wetbc,2002,-9.024229329487167e-17,kg m-2 s-1
wetbc,2003,-1.0671834855584002e-16,kg m-2 s-1
wetbc,2004,-1.2008139305223844e-16,kg m-2 s-1
