variable,year,value,unit
drybc,2001,4.6747816601845e-17,kg m-2 s-1
drybc,2002,2.2087240717559746e-17,kg m-2 s-1
drybc,2003,6.121532556268491e-17,kg m-2 s-1
drybc,2004,-8.704267880814343e-17,kg m-2 s-1
