variable,year,value,unit
mmrso4,2000,-1.0232595529981138e-11,kg kg-1
mmrso4,2001,-7.847585801274944e-12,kg kg-1
mmrso4,2002,-1.0228086467230403e-11,kg kg-1
mmrso4,2003,-1.050530893242689e-11,kg kg-1
mmrso4,2004,-1.1100166894789701e-11,kg kg-1
