variable,year,value,unit
rsut,2001,-0.01304627945575021,W m-2
rsut,2002,-0.003709401331320805,W m-2
rsut,2003,0.003849671363312268,W m-2
rsut,2004,-0.03117151091986159,W m-2
