variable,year,value,unit
loadso2,2000,2.799693925629184e-08,kg m-2
loadso2,2001,2.7670667446946007e-08,kg m-2
loadso2,2002,2.677103009386909e-08,kg m-2
loadso2,2003,2.742415620966554e-08,kg m-2
loadso2,2004,2.842218205270558e-08,kg m-2
