variable,year,value,unit
mmrbc,2001,1.0501077323926187e-14,kg kg-1
mmrbc,2002,-3.3086812929360043e-15,kg kg-1
mmrbc,2003,1.9417767813662704e-14,kg kg-1
mmrbc,2004,-2.2026287085979075e-14,kg kg-1
