variable,year,value,unit
wetbc,2000,0.004375868498399515,kg m-2 s-1
wetbc,2001,-0.0015906500416116459,kg m-2 s-1
wetbc,2002,0.0741709240016174,kg m-2 s-1
wetbc,2003,0.020301795470339955,kg m-2 s-1
wetbc,2004,-0.04499198753036851,kg m-2 s-1
