variable,year,value,unit
od550aer,2000,-0.1746669569307045,1
od550aer,2001,-0.23320450399876277,1
od550aer,2002,-0.19641558102212123,1
od550aer,2003,-0.11358814064574381,1
od550aer,2004,-0.22229414444089857,1
