variable,year,value,unit
emiso2,2000,-0.139757868543879,kg m-2 s-1
emiso2,2001,-0.13119214810850102,kg m-2 s-1
emiso2,2002,-0.12975070865217223,kg m-2 s-1
emiso2,2003,-0.13379938535596098,kg m-2 s-1
emiso2,2004,-0.14520264779367542,kg m-2 s-1
