variable,year,value,unit
emiso2,2000,-0.2571787145866957,kg m-2 s-1
emiso2,2001,-0.2614883823758182,kg m-2 s-1
emiso2,2002,-0.25460776298564397,kg m-2 s-1
emiso2,2003,-0.2696434998052939,kg m-2 s-1
emiso2,2004,-0.2399088998401807,kg m-2 s-1
