variable,year,value,unit
rsutcs,2000,-0.014184233508589248,W m-2
rsutcs,2001,-0.013805624218863399,W m-2
rsutcs,2002,-0.009980760799678677,W m-2
rsutcs,2003,-0.025666807456388933,W m-2
rsutcs,2004,-0.015404508778268643,W m-2
