variable,year,value,unit
loadso4,2000,-0.8250708303771478,kg m-2
loadso4,2001,-0.7932254199002606,kg m-2
loadso4,2002,-0.850259488576629,kg m-2
loadso4,2003,-0.7264793377322457,kg m-2
loadso4,2004,-0.8978379960197594,kg m-2
