variable,year,value,unit
emiso2,2000,-0.18777260238595975,kg m-2 s-1
emiso2,2001,-0.1958431718582481,kg m-2 s-1
emiso2,2002,-0.18341914445699767,kg m-2 s-1
emiso2,2003,-0.18117092281056402,kg m-2 s-1
emiso2,2004,-0.186565599495798,kg m-2 s-1
