variable,year,value,unit
loadso2,2000,17.639623270268313,kg m-2
loadso2,2001,17.500033263100807,kg m-2
loadso2,2002,16.65100672065757,kg m-2
loadso2,2003,16.623621091515258,kg m-2
loadso2,2004,19.82297858353829,kg m-2
