variable,year,value,unit
wetso2,2000,469422671055.11914,kg m-2 s-1
wetso2,2001,482504113863.49255,kg m-2 s-1
wetso2,2002,475233693868.6837,kg m-2 s-1
wetso2,2003,461507306749.3887,kg m-2 s-1
wetso2,2004,466523261696.7392,kg m-2 s-1
