variable,year,value,unit
emiso2,2000,-5.048153010848593,kg m-2 s-1
emiso2,2001,-4.916585318356857,kg m-2 s-1
emiso2,2002,-5.051366335193457,kg m-2 s-1
emiso2,2003,-5.006173754984104,kg m-2 s-1
emiso2,2004,-4.947785651984432,kg m-2 s-1
