variable,year,value,unit
clt,2000,-0.055322693216939355,%
clt,2001,-0.006709180391024016,%
clt,2002,0.04101428571379183,%
clt,2003,-0.019536533853523573,%
clt,2004,-0.005423289178648384,%
