variable,year,value,unit
emiso2,2000,-46.9739831791543,kg m-2 s-1
emiso2,2001,-43.462508998173675,kg m-2 s-1
emiso2,2002,-45.612621358273806,kg m-2 s-1
emiso2,2003,-44.30137737211228,kg m-2 s-1
emiso2,2004,-45.49170584619963,kg m-2 s-1
