variable,year,value,unit
so2,2000,-0.5953176262938836,mol mol-1
so2,2001,-0.5200384412519489,mol mol-1
so2,2002,-0.5329158947935486,mol mol-1
so2,2003,-0.7217936053373175,mol mol-1
so2,2004,-0.49720199826398037,mol mol-1
