variable,year,value,unit
mmrso4,2000,2.1927132661337287,kg kg-1
mmrso4,2001,1.8126860120209718,kg kg-1
mmrso4,2002,2.319516710006513,kg kg-1
mmrso4,2003,1.994356494596812,kg kg-1
mmrso4,2004,2.1227198116887345,kg kg-1
