variable,year,value,unit
mmrbc,2000,-0.06269814361647448,kg kg-1
mmrbc,2001,-0.011734473826798745,kg kg-1
mmrbc,2002,0.03871691334835621,kg kg-1
mmrbc,2003,0.047993428887389174,kg kg-1
mmrbc,2004,0.013869114564451864,kg kg-1
