variable,year,value,unit
dms,2000,-0.23560147473146706,mol mol-1
dms,2001,-0.06823861757089421,mol mol-1
dms,2002,-0.4924292485446419,mol mol-1
dms,2003,-0.1897884628148917,mol mol-1
dms,2004,-0.1278937475133218,mol mol-1
