variable,year,value,unit
drybc,2000,-0.3006651929400186,kg m-2 s-1
drybc,2001,-0.21935600846258613,kg m-2 s-1
drybc,2002,-0.22333660030091868,kg m-2 s-1
drybc,2003,-0.14024039529629417,kg m-2 s-1
drybc,2004,-0.19580668399450493,kg m-2 s-1
