variable,year,value,unit
emibc,2000,-0.03182272963685974,kg m-2 s-1
emibc,2001,-0.02850601703172513,kg m-2 s-1
emibc,2002,-0.027635810869847264,kg m-2 s-1
emibc,2003,-0.030838582052316085,kg m-2 s-1
emibc,2004,-0.029245714129037575,kg m-2 s-1
