variable,year,value,unit
emiso2,2000,-8.312602016947404e-14,kg m-2 s-1
emiso2,2001,-8.048497148074223e-14,kg m-2 s-1
emiso2,2002,-8.395481894039009e-14,kg m-2 s-1
emiso2,2003,-8.643018134561223e-14,kg m-2 s-1
emiso2,2004,-8.782860161763311e-14,kg m-2 s-1
