variable,year,value,unit
emiso2,2000,-7.973325569812328e-14,kg m-2 s-1
emiso2,2001,-8.069117700281631e-14,kg m-2 s-1
emiso2,2002,-8.002851273226121e-14,kg m-2 s-1
emiso2,2003,-8.033747505916583e-14,kg m-2 s-1
emiso2,2004,-8.151234676969196e-14,kg m-2 s-1
