variable,year,value,unit
loadso4,2000,-5.58552049187329e-09,kg m-2
loadso4,2001,-8.969691625339541e-09,kg m-2
loadso4,2002,-5.11354193074273e-09,kg m-2
loadso4,2003,-1.120051870834101e-08,kg m-2
loadso4,2004,-8.319471403921635e-09,kg m-2
