variable,year,value,unit
wetso2,2000,-1.4807318,kg m-2 s-1
wetso2,2001,-1.5442691,kg m-2 s-1
wetso2,2002,-1.5093457,kg m-2 s-1
wetso2,2003,-1.3425974,kg m-2 s-1
wetso2,2004,-1.4532219,kg m-2 s-1
