variable,year,value,unit
rlut,2000,-66.72284,W m-2
rlut,2001,-66.67844,W m-2
rlut,2002,-66.7913,W m-2
rlut,2003,-66.75013,W m-2
rlut,2004,-66.76165,W m-2
