variable,year,value,unit
rsutcs,2001,-0.10320474750685911,W m-2
rsutcs,2002,-0.15581104810833812,W m-2
rsutcs,2003,0.9360666339084646,W m-2
rsutcs,2004,0.47755699889156816,W m-2
rsutcs,2005,0.3565639966484588,W m-2
