variable,year,value,unit
mmrbc,2000,0.06755390125865354,kg kg-1
mmrbc,2001,-0.03220176944887914,kg kg-1
mmrbc,2002,0.05692081110021742,kg kg-1
mmrbc,2003,-0.004186965996093899,kg kg-1
mmrbc,2004,-0.06499153813312768,kg kg-1
