variable,year,value,unit
dryso2,2000,-0.00018722403686371113,kg m-2 s-1
dryso2,2001,-0.0268134645456223,kg m-2 s-1
dryso2,2002,-0.03702612055247981,kg m-2 s-1
dryso2,2003,-0.027873873585145658,kg m-2 s-1
dryso2,2004,-0.016214704184757456,kg m-2 s-1
