variable,year,value,unit
rlut,2000,0.004635721177235909,W m-2
rlut,2001,-0.028590582825180063,W m-2
rlut,2002,-0.001324157185501414,W m-2
rlut,2003,0.002037432805514006,W m-2
rlut,2004,0.0068609394978259575,W m-2
