variable,year,value,unit
od550aer,2000,-0.00015054049227009036,1
od550aer,2001,0.00020370840640815402,1
od550aer,2002,0.0002322967715461255,1
od550aer,2003,0.00040929211517307107,1
od550aer,2004,-0.00030289381916298597,1
od550aer,2005,-6.069539662217904e-05,1
od550aer,2006,-7.121261691805936e-05,1
od550aer,2007,0.0002912090663077793,1
od550aer,2008,0.0004119564854102309,1
od550aer,2009,-9.704651067724002e-05,1
