variable,year,value,unit
wetso2,2001,-0.5516014583247202,kg m-2 s-1
wetso2,2002,2.2180216389997462,kg m-2 s-1
wetso2,2003,3.307308933836485,kg m-2 s-1
wetso2,2004,0.09399458131762084,kg m-2 s-1
wetso2,2005,-6.672674761961639,kg m-2 s-1
