variable,year,value,unit
wetbc,2000,-0.13126245863100325,kg m-2 s-1
wetbc,2001,-0.10060417263603584,kg m-2 s-1
wetbc,2002,0.07483767584484992,kg m-2 s-1
wetbc,2003,-0.1661912925822347,kg m-2 s-1
wetbc,2004,0.05684959356566041,kg m-2 s-1
