variable,year,value,unit
cltc,2001,0.06167398865511574,%
cltc,2002,-0.2053774054947736,%
cltc,2003,-0.1306931317663751,%
cltc,2004,-0.12554400428369528,%
cltc,2005,-0.07784442969462144,%
