variable,year,value,unit
so2,2000,-0.02924690458419354,mol mol-1
so2,2001,-0.02676432864504883,mol mol-1
so2,2002,-0.11781433219678257,mol mol-1
so2,2003,-0.05628237901169893,mol mol-1
so2,2004,-0.02995376410251823,mol mol-1
