variable,year,value,unit
od550aer,2000,0.11883503285126278,1
od550aer,2001,0.08484989866602796,1
od550aer,2002,0.10175656854918048,1
od550aer,2003,0.17460093249874886,1
od550aer,2004,-0.003753091121789663,1
