variable,year,value,unit
cl,2000,-0.07086670858921806,%
cl,2001,-0.08090112471389954,%
cl,2002,-0.0762843568305156,%
cl,2003,-0.05915464684511473,%
cl,2004,-0.06020139877276165,%
cl,2005,-0.08653831362455922,%
cl,2006,-0.05150843922991477,%
cl,2007,-0.05722357595503613,%
cl,2008,-0.07351298041576992,%
cl,2009,-0.04941509611047401,%
