variable,year,value,unit
rsut,2001,-0.030642541077466327,W m-2
rsut,2002,0.003537458993444893,W m-2
rsut,2003,-0.053445615041628335,W m-2
rsut,2004,-0.00829955097999234,W m-2
rsut,2005,-0.013363413289446893,W m-2
