variable,year,value,unit
loadso4,2001,0.6615937798823083,kg m-2
loadso4,2002,0.7292150913011614,kg m-2
loadso4,2003,0.9433144523896722,kg m-2
loadso4,2004,0.8268579126192964,kg m-2
loadso4,2005,0.7541376578862083,kg m-2
