variable,year,value,unit
wetso4,2000,0.16033694775312782,kg m-2 s-1
wetso4,2001,0.08436874469747221,kg m-2 s-1
wetso4,2002,0.24094385163000234,kg m-2 s-1
wetso4,2003,0.1630535666535051,kg m-2 s-1
wetso4,2004,0.23877855853870872,kg m-2 s-1
