variable,year,value,unit
rsutcs,2000,0.0044567130306042875,W m-2
rsutcs,2001,0.01084645757533334,W m-2
rsutcs,2002,0.006610019568985651,W m-2
rsutcs,2003,0.002227741628218607,W m-2
rsutcs,2004,-0.012098668774506095,W m-2
