variable,year,value,unit
loadbc,2001,-0.055987875823291296,kg m-2
loadbc,2002,-0.14336212696980005,kg m-2
loadbc,2003,0.010467406543080857,kg m-2
loadbc,2004,0.20415347129721914,kg m-2
loadbc,2005,0.07833610466109711,kg m-2
