variable,year,value,unit
dryso4,2000,0.2798774165981793,kg m-2 s-1
dryso4,2001,0.32530147754646754,kg m-2 s-1
dryso4,2002,0.3263795828348567,kg m-2 s-1
dryso4,2003,0.41161456298400695,kg m-2 s-1
dryso4,2004,0.3756125417949499,kg m-2 s-1
