variable,year,value,unit
rlut,2000,0.00046692877427290114,W m-2
rlut,2001,0.02369581259495135,W m-2
rlut,2002,0.02608483858875843,W m-2
rlut,2003,-0.007271812270573719,W m-2
rlut,2004,4.911301695642578e-05,W m-2
