variable,year,value,unit
cl,2000,0.005257018141234582,%
cl,2001,-0.0069211987875803516,%
cl,2002,-0.004496842464115858,%
cl,2003,0.00045246448379998583,%
cl,2004,0.015449351302933678,%
