variable,year,value,unit
wetso4,2001,-2.8553732848978744e-14,kg m-2 s-1
wetso4,2002,-2.7337738711520784e-14,kg m-2 s-1
wetso4,2003,-3.1068002273656814e-14,kg m-2 s-1
wetso4,2004,-2.951779715564859e-14,kg m-2 s-1
wetso4,2005,-3.6992171779783725e-14,kg m-2 s-1
