variable,year,value,unit
od550aer,2001,-0.0002274987324688421,1
od550aer,2002,-0.00012982198442693105,1
od550aer,2003,-0.000519010826132621,1
od550aer,2004,-0.0001668784892846359,1
od550aer,2005,2.2467700958123116e-05,1
