variable,year,value,unit
mmrbc,2000,-2.141931676686592e-15,kg kg-1
mmrbc,2001,-2.1379499685936495e-15,kg kg-1
mmrbc,2002,-6.681195293320114e-15,kg kg-1
mmrbc,2003,5.724484580705403e-15,kg kg-1
mmrbc,2004,7.159807895200272e-16,kg kg-1
