variable,year,value,unit
emiso2,2000,-4.652816924156042e-14,kg m-2 s-1
emiso2,2001,-4.652816924156042e-14,kg m-2 s-1
emiso2,2002,-4.652816924156042e-14,kg m-2 s-1
emiso2,2003,-4.652816924156042e-14,kg m-2 s-1
emiso2,2004,-4.652816924156042e-14,kg m-2 s-1
