variable,year,value,unit
mmrso4,2000,-3.3834381049441713e-12,kg kg-1
mmrso4,2001,-3.1868778977520606e-12,kg kg-1
mmrso4,2002,-3.833295656501325e-12,kg kg-1
mmrso4,2003,-3.857765336771926e-12,kg kg-1
mmrso4,2004,-3.4928310765670605e-12,kg kg-1
