variable,year,value,unit
loadso4,2000,-1.4773954420729539e-08,kg m-2
loadso4,2001,-1.3787244718604834e-08,kg m-2
loadso4,2002,-1.3463132273898951e-08,kg m-2
loadso4,2003,-1.3565742884115197e-08,kg m-2
loadso4,2004,-1.7112321912559973e-08,kg m-2
