variable,year,value,unit
dms,2000,-1.7023587516853717e-14,mol mol-1
dms,2001,-4.352020804088411e-15,mol mol-1
dms,2002,1.3064340940422313e-14,mol mol-1
dms,2003,-1.7681941834788593e-14,mol mol-1
dms,2004,-1.7643001571210215e-14,mol mol-1
