variable,year,value,unit
loadso2,2000,-3.3948230841920092e-09,kg m-2
loadso2,2001,-3.203876744386378e-09,kg m-2
loadso2,2002,-2.6949020141057725e-09,kg m-2
loadso2,2003,-2.6009910609513047e-09,kg m-2
loadso2,2004,-3.4219990331274706e-09,kg m-2
