variable,year,value,unit
rlut,2001,-0.07557166203810084,W m-2
rlut,2002,-0.052513160103956125,W m-2
rlut,2003,0.08706617825316698,W m-2
rlut,2004,0.024077393043569373,W m-2
rlut,2005,0.025225477212160285,W m-2
