variable,year,value,unit
rsut,2001,0.08460280088198147,W m-2
rsut,2002,0.056218567547063,W m-2
rsut,2003,-0.03744065299284216,W m-2
rsut,2004,-0.022326426683804357,W m-2
rsut,2005,-0.03016953989950366,W m-2
