variable,year,value,unit
mmrbc,2000,-6.200869438312427e-15,kg kg-1
mmrbc,2001,-1.741071939631264e-14,kg kg-1
mmrbc,2002,-9.734558003830708e-15,kg kg-1
mmrbc,2003,7.214465922318499e-15,kg kg-1
mmrbc,2004,2.334876434111097e-14,kg kg-1
