variable,year,value,unit
clt,2000,-65.97369672860607,%
clt,2001,-66.8915418207659,%
clt,2002,-66.63415882564549,%
clt,2003,-66.61552178677368,%
clt,2004,-67.13127167742265,%
