variable,year,value,unit
so2,2000,-4.481944772861992,mol mol-1
so2,2001,-4.826040911266089,mol mol-1
so2,2002,-4.413710330430737,mol mol-1
so2,2003,-4.537163423070695,mol mol-1
so2,2004,-5.081453472171151,mol mol-1
