variable,year,value,unit
wetso4,2000,-2.1461043962522823,kg m-2 s-1
wetso4,2001,-2.112105259699378,kg m-2 s-1
wetso4,2002,-2.0635567297717756,kg m-2 s-1
wetso4,2003,-2.154196824584541,kg m-2 s-1
wetso4,2004,-2.4559874541234934,kg m-2 s-1
