variable,year,value,unit
emibc,2000,1.0989778710737796e-06,kg m-2 s-1
emibc,2001,-4.711162514803192e-06,kg m-2 s-1
emibc,2002,-1.0254541947373551e-05,kg m-2 s-1
emibc,2003,1.657943038087064e-06,kg m-2 s-1
emibc,2004,-3.296497408115068e-06,kg m-2 s-1
