variable,year,value,unit
wetso4,2000,-4.825584824833584,kg m-2 s-1
wetso4,2001,-5.001990823182152,kg m-2 s-1
wetso4,2002,-4.658390463937161,kg m-2 s-1
wetso4,2003,-4.578723792127176,kg m-2 s-1
wetso4,2004,-4.739278366856139,kg m-2 s-1
