variable,year,value,unit
rsut,2000,-94.29253506720345,W m-2
rsut,2001,-95.40414461540507,W m-2
rsut,2002,-95.01175878267529,W m-2
rsut,2003,-94.73243844983271,W m-2
rsut,2004,-95.98401389844652,W m-2
