variable,year,value,unit
emiso2,2000,-1.2947771031795516e-13,kg m-2 s-1
emiso2,2001,-1.3536331124918723e-13,kg m-2 s-1
emiso2,2002,-1.2721502905191545e-13,kg m-2 s-1
emiso2,2003,-1.304630289557703e-13,kg m-2 s-1
emiso2,2004,-1.3966337548507333e-13,kg m-2 s-1
