variable,year,value,unit
rsutcs,2000,0.0016593095987360584,W m-2
rsutcs,2001,-0.008266016662204834,W m-2
rsutcs,2002,0.012758488716542615,W m-2
rsutcs,2003,-0.013353036516107863,W m-2
rsutcs,2004,-0.02963460521412742,W m-2
