variable,year,value,unit
dryso2,2000,-9.077550768448544e-14,kg m-2 s-1
dryso2,2001,-8.616384538128328e-14,kg m-2 s-1
dryso2,2002,-8.908375909443664e-14,kg m-2 s-1
dryso2,2003,-9.564824580347617e-14,kg m-2 s-1
dryso2,2004,-1.0313663852841752e-13,kg m-2 s-1
