variable,year,value,unit
dryso4,2000,-5.502339531776883e-15,kg m-2 s-1
dryso4,2001,-5.133348341776274e-15,kg m-2 s-1
dryso4,2002,-5.513351612335774e-15,kg m-2 s-1
dryso4,2003,-4.706362709774455e-15,kg m-2 s-1
dryso4,2004,-5.524821564944714e-15,kg m-2 s-1
