variable,year,value,unit
wetbc,2000,8.656403653826026e-17,kg m-2 s-1
wetbc,2001,6.491186966322582e-16,kg m-2 s-1
wetbc,2002,1.1224382719406014e-16,kg m-2 s-1
wetbc,2003,-5.174651994224996e-16,kg m-2 s-1
wetbc,2004,-7.546342684223636e-18,kg m-2 s-1
