variable,year,value,unit
emibc,2000,-2.4991679454665637e-14,kg m-2 s-1
emibc,2001,-5.881534856013182e-14,kg m-2 s-1
emibc,2002,-2.6500455037608383e-14,kg m-2 s-1
emibc,2003,-3.665015193659477e-14,kg m-2 s-1
emibc,2004,-5.320536540605546e-14,kg m-2 s-1
