variable,year,value,unit
loadso2,2000,7.004232714211189e-10,kg m-2
loadso2,2001,1.575237107292365e-10,kg m-2
loadso2,2002,-1.4690473725388114e-10,kg m-2
loadso2,2003,-9.794528828269418e-10,kg m-2
loadso2,2004,-1.8012654435676088e-10,kg m-2
