variable,year,value,unit
loadso2,2000,1.6642146206789725e-09,kg m-2
loadso2,2001,-4.4540178448112627e-10,kg m-2
loadso2,2002,6.502976943477026e-10,kg m-2
loadso2,2003,-1.6197402124012875e-11,kg m-2
loadso2,2004,-6.465412741377615e-10,kg m-2
loadso2,2005,-1.865012881854539e-10,kg m-2
loadso2,2006,1.1915364621800198e-09,kg m-2
loadso2,2007,2.7483453107979083e-09,kg m-2
loadso2,2008,3.078859479572997e-09,kg m-2
loadso2,2009,4.071210945694767e-09,kg m-2
