variable,year,value,unit
loadso2,2000,-7.016674107434931e-10,kg m-2
loadso2,2001,-1.9186959502461197e-10,kg m-2
loadso2,2002,2.621927436046005e-12,kg m-2
loadso2,2003,-5.804194051016138e-10,kg m-2
loadso2,2004,-2.6667570115073647e-11,kg m-2
