variable,year,value,unit
loadso4,2000,-3.48486429010814e-09,kg m-2
loadso4,2001,-3.934276237967034e-09,kg m-2
loadso4,2002,2.5561114075726853e-09,kg m-2
loadso4,2003,-3.000208469754441e-09,kg m-2
loadso4,2004,-5.902017495474706e-10,kg m-2
loadso4,2005,7.392181242906642e-10,kg m-2
loadso4,2006,-5.039856656048304e-09,kg m-2
loadso4,2007,-3.352985569988232e-09,kg m-2
loadso4,2008,-1.9855899744939027e-09,kg m-2
loadso4,2009,-3.946537555907952e-09,kg m-2
