variable,year,value,unit
loadbc,2000,1.479305859257503e-11,kg m-2
loadbc,2001,-1.8580929234386398e-11,kg m-2
loadbc,2002,4.336688842598492e-12,kg m-2
loadbc,2003,-6.868723777259556e-12,kg m-2
loadbc,2004,9.719881202280681e-12,kg m-2
