variable,year,value,unit
wetso4,2000,9.270303764980202e-15,kg m-2 s-1
wetso4,2001,-4.358423733072416e-15,kg m-2 s-1
wetso4,2002,-1.6732303065326358e-15,kg m-2 s-1
wetso4,2003,1.1803133416840408e-14,kg m-2 s-1
wetso4,2004,3.501835811076505e-16,kg m-2 s-1
wetso4,2005,2.6119288496039242e-14,kg m-2 s-1
wetso4,2006,-8.294752698515668e-15,kg m-2 s-1
wetso4,2007,9.1937191416565e-15,kg m-2 s-1
wetso4,2008,5.756236764718847e-15,kg m-2 s-1
wetso4,2009,9.673916543690736e-16,kg m-2 s-1
