variable,year,value,unit
clt,2000,0.13007467016453944,%
clt,2001,0.060228227616327956,%
clt,2002,0.1085525608465403,%
clt,2003,0.049987470863079864,%
clt,2004,0.24220204745039098,%
clt,2005,0.03531168408147778,%
clt,2006,-0.06950257461579668,%
clt,2007,0.009372933441269993,%
clt,2008,-0.2643024607689668,%
clt,2009,0.02511606817280665,%
