variable,year,value,unit
loadso4,2000,-3.48486739720922e-09,kg m-2
loadso4,2001,-3.934273455041556e-09,kg m-2
loadso4,2002,2.5561167008289564e-09,kg m-2
loadso4,2003,-3.000205440358893e-09,kg m-2
loadso4,2004,-5.901991309963597e-10,kg m-2
