variable,year,value,unit
drybc,2000,-4.3203904470521766e-17,kg m-2 s-1
drybc,2001,2.2093267970617193e-17,kg m-2 s-1
drybc,2002,-3.0944484378283384e-17,kg m-2 s-1
drybc,2003,6.559327932952005e-17,kg m-2 s-1
drybc,2004,1.54109212460427e-17,kg m-2 s-1
