variable,year,value,unit
wetso4,2000,5.047808247346344e-15,kg m-2 s-1
wetso4,2001,-2.446933651703056e-15,kg m-2 s-1
wetso4,2002,3.755952277802629e-15,kg m-2 s-1
wetso4,2003,-3.892935238321372e-15,kg m-2 s-1
wetso4,2004,4.684670856589111e-15,kg m-2 s-1
