variable,year,value,unit
od550aer,2000,-1.6348750845399107e-05,1
od550aer,2001,1.0506054657910546e-06,1
od550aer,2002,3.651487015747523e-05,1
od550aer,2003,-6.799546048293081e-05,1
od550aer,2004,3.657025271244785e-05,1
od550aer,2005,5.123829610843844e-05,1
od550aer,2006,-0.0001485574410643592,1
od550aer,2007,-1.481139617856564e-06,1
od550aer,2008,3.9688954236741236e-05,1
od550aer,2009,-3.164046356657346e-05,1
