variable,year,value,unit
rsut,2000,-0.04037119633436248,W m-2
rsut,2001,-0.0324655997074359,W m-2
rsut,2002,-0.019881166948323425,W m-2
rsut,2003,-0.007554931520871833,W m-2
rsut,2004,-0.07207155535679988,W m-2
