variable,year,value,unit
cltc,2000,-0.0029635930080726958,%
cltc,2001,-0.016201523944368024,%
cltc,2002,-0.00355981575097708,%
cltc,2003,0.0010481004933002858,%
cltc,2004,0.017323198860957234,%
cltc,2005,0.0030131430195310394,%
cltc,2006,0.02438381811994761,%
cltc,2007,0.006785832905988887,%
cltc,2008,0.00941217000023764,%
cltc,2009,-0.002222006539266186,%
