variable,year,value,unit
rsutcs,2001,-0.06787493728673155,W m-2
rsutcs,2002,0.12578517458032934,W m-2
rsutcs,2003,0.10997567775278583,W m-2
rsutcs,2004,0.08152142705606025,W m-2
rsutcs,2005,-0.08801933073739576,W m-2
