variable,year,value,unit
wetso2,2000,-8.906432721227395e-19,kg m-2 s-1
wetso2,2001,1.3288780142947796e-18,kg m-2 s-1
wetso2,2002,-1.3009585725660194e-18,kg m-2 s-1
wetso2,2003,1.2859804022011282e-18,kg m-2 s-1
wetso2,2004,-2.679612538555327e-19,kg m-2 s-1
