variable,year,value,unit
od550aer,2000,-0.0003966689,1
od550aer,2001,-0.0007587075,1
od550aer,2002,-0.0006581694,1
od550aer,2003,-0.0005726516,1
od550aer,2004,-0.00059582293,1
