variable,year,value,unit
rlut,2000,0.009694360989300321,W m-2
rlut,2001,-0.012290260047365109,W m-2
rlut,2002,0.004123289992605805,W m-2
rlut,2003,0.010209563996028237,W m-2
rlut,2004,0.0015626058385009856,W m-2
