variable,year,value,unit
wetso4,2000,-1.9537844e-13,kg m-2 s-1
wetso4,2001,-2.0648067e-13,kg m-2 s-1
wetso4,2002,-1.9473052e-13,kg m-2 s-1
wetso4,2003,-1.9640019e-13,kg m-2 s-1
wetso4,2004,-2.1706335e-13,kg m-2 s-1
