variable,year,value,unit
mmrbc,2001,-2.3580443e-13,kg kg-1
mmrbc,2002,7.3636236e-13,kg kg-1
mmrbc,2003,4.359707e-14,kg kg-1
mmrbc,2004,-1.2904261e-13,kg kg-1
mmrbc,2005,1.529818e-13,kg kg-1
