variable,year,value,unit
so2,2000,-6.3274017083329675e-12,mol mol-1
so2,2001,-6.619493921913534e-12,mol mol-1
so2,2002,-6.213735147985986e-12,mol mol-1
so2,2003,-6.65480084551192e-12,mol mol-1
so2,2004,-6.705816338446774e-12,mol mol-1
