variable,year,value,unit
wetso2,2001,-3.668032e-15,kg m-2 s-1
wetso2,2002,-1.8813754e-15,kg m-2 s-1
wetso2,2003,-4.855125e-15,kg m-2 s-1
wetso2,2004,-3.751502e-15,kg m-2 s-1
wetso2,2005,-7.186566e-15,kg m-2 s-1
