variable,year,value,unit
clivi,2000,-0.0004710523205778694,kg m-2
clivi,2001,-0.0004211975236137616,kg m-2
clivi,2002,-0.00045831342943210285,kg m-2
clivi,2003,-0.0005594951474418991,kg m-2
clivi,2004,-0.0007109203318909074,kg m-2
