variable,year,value,unit
wetso4,2000,-1.7750430752962484e-13,kg m-2 s-1
wetso4,2001,-1.8601328093201732e-13,kg m-2 s-1
wetso4,2002,-1.7721580952183105e-13,kg m-2 s-1
wetso4,2003,-1.7942292243687437e-13,kg m-2 s-1
wetso4,2004,-1.9774424320698758e-13,kg m-2 s-1
