variable,year,value,unit
rsut,2000,-0.09477234,W m-2
rsut,2001,-0.10038757,W m-2
rsut,2002,-0.097335815,W m-2
rsut,2003,-0.115852356,W m-2
rsut,2004,-0.111587524,W m-2
