variable,year,value,unit
clivi,2000,-3.5474749289152174e-05,kg m-2
clivi,2001,-0.00023729319142694327,kg m-2
clivi,2002,0.00022688261010458954,kg m-2
clivi,2003,-1.0773854039178299e-05,kg m-2
clivi,2004,9.089534957813783e-05,kg m-2
