variable,year,value,unit
cl,2000,-0.00045361808136235027,%
cl,2001,0.001455528458635058,%
cl,2002,0.0015971546626118993,%
cl,2003,0.005414134308708185,%
cl,2004,-0.007880982640548595,%
