variable,year,value,unit
rlutcs,2001,-0.15982056,W m-2
rlutcs,2002,0.22592163,W m-2
rlutcs,2003,-0.016418457,W m-2
rlutcs,2004,-0.10507202,W m-2
rlutcs,2005,-0.37908936,W m-2
