variable,year,value,unit
emibc,2000,-4.887688868592407e-21,kg m-2 s-1
emibc,2001,2.0026934232058317e-21,kg m-2 s-1
emibc,2002,-9.045622380437893e-21,kg m-2 s-1
emibc,2003,-2.961157888241584e-20,kg m-2 s-1
emibc,2004,-4.3105179315311436e-20,kg m-2 s-1
