variable,year,value,unit
so2,2000,-1.527005736194032,mol mol-1
so2,2001,-1.6506036333446241,mol mol-1
so2,2002,-1.5251222859713207,mol mol-1
so2,2003,-1.594013906656082,mol mol-1
so2,2004,-1.6974202381837438,mol mol-1
