variable,year,value,unit
wetso4,2000,-0.9382944883291494,kg m-2 s-1
wetso4,2001,-0.9889639996184832,kg m-2 s-1
wetso4,2002,-1.0026596612373115,kg m-2 s-1
wetso4,2003,-0.9675856047601865,kg m-2 s-1
wetso4,2004,-1.0576820540175833,kg m-2 s-1
