variable,year,value,unit
rsutcs,2000,-0.049684727605791644,W m-2
rsutcs,2001,-0.04855444008279268,W m-2
rsutcs,2002,-0.06033881530859292,W m-2
rsutcs,2003,-0.05837682081090656,W m-2
rsutcs,2004,-0.0600683456426839,W m-2
