variable,year,value,unit
rlut,2000,0.006360462801935293,W m-2
rlut,2001,0.004588304531657631,W m-2
rlut,2002,-0.006954271288978931,W m-2
rlut,2003,0.0029561959779495716,W m-2
rlut,2004,-0.0006491253282167354,W m-2
