variable,year,value,unit
wetso2,2000,-1.3341094808698677,kg m-2 s-1
wetso2,2001,-1.2186218746049726,kg m-2 s-1
wetso2,2002,-1.1691135478765495,kg m-2 s-1
wetso2,2003,-1.2341793379115047,kg m-2 s-1
wetso2,2004,-1.167292878505485,kg m-2 s-1
