variable,year,value,unit
wetso2,2000,-0.8678290421860161,kg m-2 s-1
wetso2,2001,-0.8901998583268763,kg m-2 s-1
wetso2,2002,-0.8190576412057153,kg m-2 s-1
wetso2,2003,-0.815667432959704,kg m-2 s-1
wetso2,2004,-0.9052186048130179,kg m-2 s-1
