variable,year,value,unit
rsut,2000,-0.025915225116817882,W m-2
rsut,2001,-0.03570116693888034,W m-2
rsut,2002,-0.04737274141489719,W m-2
rsut,2003,0.05458563168532603,W m-2
rsut,2004,0.020371520736445575,W m-2
