variable,year,value,unit
loadbc,2000,0.06519807873504815,kg m-2
loadbc,2001,0.07652198047883817,kg m-2
loadbc,2002,-0.04790155262776174,kg m-2
loadbc,2003,-0.010642168455779047,kg m-2
loadbc,2004,0.04518831311553575,kg m-2
