variable,year,value,unit
rlutcs,2000,-0.0008766916027953145,W m-2
rlutcs,2001,-0.0003496105522910146,W m-2
rlutcs,2002,-0.001824747490041051,W m-2
rlutcs,2003,0.002207627551374289,W m-2
rlutcs,2004,0.0003839345576756634,W m-2
