variable,year,value,unit
loadso4,2000,-0.3785370426383578,kg m-2
loadso4,2001,-0.3767843990232927,kg m-2
loadso4,2002,-0.24482487951189708,kg m-2
loadso4,2003,-0.344217531310475,kg m-2
loadso4,2004,-0.2326182354897368,kg m-2
