variable,year,value,unit
so2,2000,0.2460180218025317,mol mol-1
so2,2001,0.04745946744807663,mol mol-1
so2,2002,0.27510689944539685,mol mol-1
so2,2003,0.06348647466583612,mol mol-1
so2,2004,-0.15740626740131092,mol mol-1
