variable,year,value,unit
dryso2,2000,-0.178136899970418,kg m-2 s-1
dryso2,2001,-0.21164075429644766,kg m-2 s-1
dryso2,2002,-0.15819431804981435,kg m-2 s-1
dryso2,2003,-0.1310151208178862,kg m-2 s-1
dryso2,2004,-0.1772117353461725,kg m-2 s-1
