variable,year,value,unit
dryso2,2000,-5.2948677487937275e-14,kg m-2 s-1
dryso2,2001,-4.786778979255511e-14,kg m-2 s-1
dryso2,2002,-4.978485102574696e-14,kg m-2 s-1
dryso2,2003,-5.3642490230996957e-14,kg m-2 s-1
dryso2,2004,-5.973689019843575e-14,kg m-2 s-1
