variable,year,value,unit
clivi,2000,-4.3085402937612094e-05,kg m-2
clivi,2001,4.2945029785530775e-06,kg m-2
clivi,2002,-2.0294525360613214e-05,kg m-2
clivi,2003,-2.182911850499153e-05,kg m-2
clivi,2004,4.0290797596449074e-05,kg m-2
