variable,year,value,unit
cl,2000,-0.05719377327861341,%
cl,2001,-0.08336164008381441,%
cl,2002,-0.05392837091895153,%
cl,2003,-0.026620651003896434,%
cl,2004,-0.07789071218965571,%
