variable,year,value,unit
emibc,2000,1.0573272662346287e-19,kg m-2 s-1
emibc,2001,4.583228409653238e-19,kg m-2 s-1
emibc,2002,-5.880233588859547e-20,kg m-2 s-1
emibc,2003,1.224093233041207e-20,kg m-2 s-1
emibc,2004,2.9159238839901945e-19,kg m-2 s-1
