variable,year,value,unit
loadbc,2000,0.23590687814673764,kg m-2
loadbc,2001,0.29614234153733476,kg m-2
loadbc,2002,-0.061507833388426685,kg m-2
loadbc,2003,0.04860790295347213,kg m-2
loadbc,2004,0.07555785469656158,kg m-2
