variable,year,value,unit
rsutcs,2000,-0.0746378843621289,W m-2
rsutcs,2001,-0.0675012802691706,W m-2
rsutcs,2002,-0.051223750684555924,W m-2
rsutcs,2003,-0.07305647793346788,W m-2
rsutcs,2004,-0.10440663549739677,W m-2
