variable,year,value,unit
emibc,2001,-0.006900860501874714,kg m-2 s-1
emibc,2002,4.3723202238845436e-08,kg m-2 s-1
emibc,2003,-0.0021274607617874086,kg m-2 s-1
emibc,2004,-0.0052281280000270455,kg m-2 s-1
emibc,2005,-3.609063636616077e-08,kg m-2 s-1
