variable,year,value,unit
loadso2,2000,-3.512410100193366,kg m-2
loadso2,2001,-3.233066615643823,kg m-2
loadso2,2002,-3.2326574445378933,kg m-2
loadso2,2003,-3.8767601435574472,kg m-2
loadso2,2004,-4.158852828116107,kg m-2
