variable,year,value,unit
cl,2000,0.012618397383420854,%
cl,2001,0.007585827520238619,%
cl,2002,0.0022930131424638844,%
cl,2003,0.010629775124237462,%
cl,2004,-0.007989290741956312,%
