variable,year,value,unit
loadso4,2000,3.2480889003605153e-06,kg m-2
loadso4,2001,3.2513342131010375e-06,kg m-2
loadso4,2002,3.3598516691013065e-06,kg m-2
loadso4,2003,3.431866035955525e-06,kg m-2
loadso4,2004,3.52976755982265e-06,kg m-2
