variable,year,value,unit
loadso2,2000,1.5671548704457314e-06,kg m-2
loadso2,2001,1.5948485418530714e-06,kg m-2
loadso2,2002,1.5850270052022466e-06,kg m-2
loadso2,2003,1.6700109434815675e-06,kg m-2
loadso2,2004,1.743614622654998e-06,kg m-2
