variable,year,value,unit
wetbc,2000,3.5180104548180023e-13,kg m-2 s-1
wetbc,2001,3.5686439320759405e-13,kg m-2 s-1
wetbc,2002,3.7588110616421e-13,kg m-2 s-1
wetbc,2003,3.8471001810222443e-13,kg m-2 s-1
wetbc,2004,3.965937134449717e-13,kg m-2 s-1
