variable,year,value,unit
dryso4,2000,9.1342934458646e-13,kg m-2 s-1
dryso4,2001,9.163647118753514e-13,kg m-2 s-1
dryso4,2002,9.540356768810594e-13,kg m-2 s-1
dryso4,2003,9.215523797967311e-13,kg m-2 s-1
dryso4,2004,9.608548457890982e-13,kg m-2 s-1
