variable,year,value,unit
wetbc,2000,3.4956645044150923e-13,kg m-2 s-1
wetbc,2001,3.7209573189237735e-13,kg m-2 s-1
wetbc,2002,3.780555276574171e-13,kg m-2 s-1
wetbc,2003,3.9169767725572866e-13,kg m-2 s-1
wetbc,2004,4.048823927138437e-13,kg m-2 s-1
