variable,year,value,unit
emiso2,2000,8.181484579882932e-12,kg m-2 s-1
emiso2,2001,8.300481399156675e-12,kg m-2 s-1
emiso2,2002,8.306172836611696e-12,kg m-2 s-1
emiso2,2003,8.428982029960274e-12,kg m-2 s-1
emiso2,2004,8.89723076926862e-12,kg m-2 s-1
