variable,year,value,unit
loadbc,2000,1.657554158743436e-07,kg m-2
loadbc,2001,1.7109762640710022e-07,kg m-2
loadbc,2002,1.8208973366128587e-07,kg m-2
loadbc,2003,1.8187546241222416e-07,kg m-2
loadbc,2004,1.8901982462946132e-07,kg m-2
