variable,year,value,unit
loadso4,2000,2.157577967637318e-06,kg m-2
loadso4,2001,2.037591840295185e-06,kg m-2
loadso4,2002,1.984882974632693e-06,kg m-2
loadso4,2003,1.962727143815289e-06,kg m-2
loadso4,2004,1.9462022796935264e-06,kg m-2
