variable,year,value,unit
wetbc,2000,4.1958954552252357e-13,kg m-2 s-1
wetbc,2001,4.2287403286684593e-13,kg m-2 s-1
wetbc,2002,4.514680108699223e-13,kg m-2 s-1
wetbc,2003,4.623363902402018e-13,kg m-2 s-1
wetbc,2004,4.778416019119121e-13,kg m-2 s-1
