variable,year,value,unit
wetso2,2000,-0.089550756,kg m-2 s-1
wetso2,2001,-0.11956822,kg m-2 s-1
wetso2,2002,-0.070285596,kg m-2 s-1
wetso2,2003,-0.09588144,kg m-2 s-1
wetso2,2004,-0.052865572,kg m-2 s-1
