variable,year,value,unit
mmrbc,2000,-0.07570974,kg kg-1
mmrbc,2001,0.07433674,kg kg-1
mmrbc,2002,0.14872779,kg kg-1
mmrbc,2003,0.08324411,kg kg-1
mmrbc,2004,-0.030746363,kg kg-1
