variable,year,value,unit
cltc,2000,-0.017999116,%
cltc,2001,-0.026277164,%
cltc,2002,0.004367695,%
cltc,2003,-0.023597054,%
cltc,2004,-0.023401918,%
