variable,year,value,unit
drybc,2000,-0.05621554,kg m-2 s-1
drybc,2001,-0.008786551,kg m-2 s-1
drybc,2002,-0.24281454,kg m-2 s-1
drybc,2003,0.05741112,kg m-2 s-1
drybc,2004,0.10503471,kg m-2 s-1
