variable,year,value,unit
rsutcs,2000,0.008237293,W m-2
rsutcs,2001,0.006737696,W m-2
rsutcs,2002,0.012243072,W m-2
rsutcs,2003,-0.007731337,W m-2
rsutcs,2004,0.00893962,W m-2
