variable,year,value,unit
mmrso4,2000,0.52657884,kg kg-1
mmrso4,2001,0.43060115,kg kg-1
mmrso4,2002,0.42246315,kg kg-1
mmrso4,2003,0.5035282,kg kg-1
mmrso4,2004,0.40459138,kg kg-1
