variable,year,value,unit
loadbc,2000,-1.1411915475956018e-11,kg m-2
loadbc,2001,-1.942040885959658e-11,kg m-2
loadbc,2002,3.7957679188875114e-12,kg m-2
loadbc,2003,-1.7707903381795675e-11,kg m-2
loadbc,2004,-2.0871511767404614e-11,kg m-2
