variable,year,value,unit
drybc,2000,-0.4695787904073491,kg m-2 s-1
drybc,2001,-0.2615392549735494,kg m-2 s-1
drybc,2002,-0.9037869113864366,kg m-2 s-1
drybc,2003,-0.06349331705569916,kg m-2 s-1
drybc,2004,-0.07566287821035811,kg m-2 s-1
