variable,year,value,unit
dryso2,2000,-0.009743408892202113,kg m-2 s-1
dryso2,2001,-0.001244125567457416,kg m-2 s-1
dryso2,2002,-0.018835371557970725,kg m-2 s-1
dryso2,2003,-0.020963052887502633,kg m-2 s-1
dryso2,2004,-0.011872456559178146,kg m-2 s-1
