variable,year,value,unit
dms,2000,-0.07250804386440167,mol mol-1
dms,2001,0.018244401511761876,mol mol-1
dms,2002,0.0026767147672877105,mol mol-1
dms,2003,-0.015275947732012357,mol mol-1
dms,2004,0.00838402889300424,mol mol-1
