variable,year,value,unit
loadbc,2000,-0.2245918585417883,kg m-2
loadbc,2001,-0.6303589102271081,kg m-2
loadbc,2002,0.4284739761240856,kg m-2
loadbc,2003,-0.003900927661129398,kg m-2
loadbc,2004,-0.46542166475625046,kg m-2
