variable,year,value,unit
rsutcs,2000,-0.23382596059807223,W m-2
rsutcs,2001,-0.24127696673678242,W m-2
rsutcs,2002,-0.211210607668463,W m-2
rsutcs,2003,-0.22633328115706,W m-2
rsutcs,2004,-0.24196388131270452,W m-2
