variable,year,value,unit
od550aer,2000,-2.5530350538168762,1
od550aer,2001,-2.6665615926775312,1
od550aer,2002,-2.1305717952887417,1
od550aer,2003,-2.3551651942953735,1
od550aer,2004,-2.442839160100391,1
