variable,year,value,unit
cltc,2000,-0.1392167573275926,%
cltc,2001,0.08748727282111575,%
cltc,2002,0.04289092529633557,%
cltc,2003,0.0035836138639605227,%
cltc,2004,-0.027930708241666803,%
