variable,year,value,unit
dryso4,2000,-15.897885571413074,kg m-2 s-1
dryso4,2001,-15.550504190912779,kg m-2 s-1
dryso4,2002,-14.18679506493499,kg m-2 s-1
dryso4,2003,-14.88894392234654,kg m-2 s-1
dryso4,2004,-15.181415116548475,kg m-2 s-1
