variable,year,value,unit
clt,2000,0.013589105886779345,%
clt,2001,-0.009306278191482208,%
clt,2002,0.0006733460385499666,%
clt,2003,0.008263571654423783,%
clt,2004,0.01300388706508014,%
