variable,year,value,unit
drybc,2000,-0.08032689871445953,kg m-2 s-1
drybc,2001,-0.24166099550749134,kg m-2 s-1
drybc,2002,0.2372985522594276,kg m-2 s-1
drybc,2003,0.16823927707258568,kg m-2 s-1
drybc,2004,-0.24554257837947116,kg m-2 s-1
