variable,year,value,unit
cl,2000,0.09699159676223618,%
cl,2001,0.010976427712266095,%
cl,2002,-0.13467750859532818,%
cl,2003,-0.08611676911350441,%
cl,2004,-0.1393987594956303,%
