variable,year,value,unit
wetbc,2000,0.02358336551986679,kg m-2 s-1
wetbc,2001,0.03089362560325317,kg m-2 s-1
wetbc,2002,0.026974049140682098,kg m-2 s-1
wetbc,2003,-0.018724053976766894,kg m-2 s-1
wetbc,2004,0.00826862448708086,kg m-2 s-1
