variable,year,value,unit
emiso2,2000,-0.0013541527276282016,kg m-2 s-1
emiso2,2001,0.0053960353655895885,kg m-2 s-1
emiso2,2002,0.006384778539961607,kg m-2 s-1
emiso2,2003,-0.002642909056060656,kg m-2 s-1
emiso2,2004,-0.00081062618970939,kg m-2 s-1
