variable,year,value,unit
emiso2,2000,-3.4022082600997704e-05,kg m-2 s-1
emiso2,2001,-4.49856858016579e-06,kg m-2 s-1
emiso2,2002,2.2440996860969414e-05,kg m-2 s-1
emiso2,2003,-1.5138441864235139e-05,kg m-2 s-1
emiso2,2004,-1.91426810072154e-05,kg m-2 s-1
