variable,year,value,unit
od550aer,2001,0.11761993133914299,1
od550aer,2002,-0.06683241959537474,1
od550aer,2003,-0.056967169903193074,1
od550aer,2004,0.07145614833873726,1
