variable,year,value,unit
dryso2,2001,-0.03787215505899129,kg m-2 s-1
dryso2,2002,-0.03978533636737361,kg m-2 s-1
dryso2,2003,0.026140046836881353,kg m-2 s-1
dryso2,2004,-0.04531644923437805,kg m-2 s-1
