variable,year,value,unit
od550aer,2001,0.2466333181189954,1
od550aer,2002,0.7503535248630113,1
od550aer,2003,0.9029957012380294,1
od550aer,2004,0.6116671690259738,1
