variable,year,value,unit
mmrso4,2000,0.2734462571819991,kg kg-1
mmrso4,2001,-0.32856782666146517,kg kg-1
mmrso4,2002,-0.23483995223928736,kg kg-1
mmrso4,2003,0.31379078905483426,kg kg-1
mmrso4,2004,0.28836207337152475,kg kg-1
