variable,year,value,unit
rlutcs,2000,-0.006133061846427198,W m-2
rlutcs,2001,-0.0371146770772624,W m-2
rlutcs,2002,-0.008496222698903154,W m-2
rlutcs,2003,-0.00429672314479674,W m-2
rlutcs,2004,0.000426308740083406,W m-2
