variable,year,value,unit
so2,2000,-0.030541661548231618,mol mol-1
so2,2001,0.14731121316757362,mol mol-1
so2,2002,0.6642076601357673,mol mol-1
so2,2003,0.027924612269190414,mol mol-1
so2,2004,0.28994851188513,mol mol-1
