variable,year,value,unit
dryso2,2000,-0.0571047011468591,kg m-2 s-1
dryso2,2001,0.0013077330539408365,kg m-2 s-1
dryso2,2002,-0.06055768437567046,kg m-2 s-1
dryso2,2003,-0.05177909841761189,kg m-2 s-1
dryso2,2004,-0.054272981641605794,kg m-2 s-1
