variable,year,value,unit
cl,2000,-0.06778294554965805,%
cl,2001,-0.06939796506316223,%
cl,2002,-0.04898496296463263,%
cl,2003,0.05378662147516546,%
cl,2004,0.08543834364232955,%
