variable,year,value,unit
mmrso4,2000,0.24314326163969507,kg kg-1
mmrso4,2001,0.4768646336839955,kg kg-1
mmrso4,2002,-0.30171015863536677,kg kg-1
mmrso4,2003,-0.708942659792079,kg kg-1
mmrso4,2004,0.07424034184132582,kg kg-1
