variable,year,value,unit
rsut,2000,0.08243796300632573,W m-2
rsut,2001,-0.012987421292028869,W m-2
rsut,2002,0.03694264708963291,W m-2
rsut,2003,0.1554652020137067,W m-2
rsut,2004,0.01854734977013163,W m-2
