variable,year,value,unit
rsutcs,2001,-0.010597130730221964,W m-2
rsutcs,2002,-1.6858477124441602,W m-2
rsutcs,2003,-0.017020106485592403,W m-2
rsutcs,2004,-0.014363346366808331,W m-2
