variable,year,value,unit
dms,2000,-0.8487790385862053,mol mol-1
dms,2001,1.0601886719185347,mol mol-1
dms,2002,0.7112380837596844,mol mol-1
dms,2003,0.4750235488427247,mol mol-1
dms,2004,1.2634349947806616,mol mol-1
