variable,year,value,unit
rlut,2000,-0.005482223222272694,W m-2
rlut,2001,-0.013147830561374897,W m-2
rlut,2002,-0.0034192752657157778,W m-2
rlut,2003,-0.008097725103788854,W m-2
rlut,2004,-0.006533415591860968,W m-2
