variable,year,value,unit
dms,2000,-0.15429104309495,mol mol-1
dms,2001,1.028061626172994,mol mol-1
dms,2002,-0.40166393189084054,mol mol-1
dms,2003,-0.2839092120210363,mol mol-1
dms,2004,-0.264198915244811,mol mol-1
