variable,year,value,unit
loadso4,2000,27.324227902634586,kg m-2
loadso4,2001,4.405812559441534,kg m-2
loadso4,2002,3.21586626792969,kg m-2
loadso4,2003,26.93445804863359,kg m-2
loadso4,2004,14.45347562729275,kg m-2
