variable,year,value,unit
rsut,2001,0.2109371469127617,W m-2
rsut,2002,-0.08419933650093575,W m-2
rsut,2003,0.26150976706694073,W m-2
rsut,2004,-0.2411987390074971,W m-2
