variable,year,value,unit
rlut,2001,-0.0012727909249073174,W m-2
rlut,2002,-0.003799689317991196,W m-2
rlut,2003,-0.020707199318869378,W m-2
rlut,2004,-0.005442272718046421,W m-2
