variable,year,value,unit
rlutcs,2001,0.021948175604948342,W m-2
rlutcs,2002,-0.006797508723926107,W m-2
rlutcs,2003,-0.024378322977562535,W m-2
rlutcs,2004,-0.004441688930487658,W m-2
