variable,year,value,unit
loadbc,2000,4.857188038667678,kg m-2
loadbc,2001,6.502114767723871,kg m-2
loadbc,2002,2.612637066869446,kg m-2
loadbc,2003,3.998499539065757,kg m-2
loadbc,2004,3.9360865212156835,kg m-2
