variable,year,value,unit
clivi,2000,0.0027061233877467917,kg m-2
clivi,2001,-0.08468946386713318,kg m-2
clivi,2002,0.04038013535888347,kg m-2
clivi,2003,-0.17023467439364026,kg m-2
clivi,2004,-0.23131702841394183,kg m-2
