variable,year,value,unit
so2,2000,-0.018863005453234077,mol mol-1
so2,2001,-0.009443326586279676,mol mol-1
so2,2002,-0.09291630674633637,mol mol-1
so2,2003,-0.08633304728751502,mol mol-1
so2,2004,-0.10304755342902898,mol mol-1
