variable,year,value,unit
rlutcs,2000,-0.007076057101196218,W m-2
rlutcs,2001,0.0065886901939267856,W m-2
rlutcs,2002,0.002266818149712803,W m-2
rlutcs,2003,-0.01637153468422394,W m-2
rlutcs,2004,0.015185020860499325,W m-2
