variable,year,value,unit
od550aer,2000,-55.56548840069997,1
od550aer,2001,-58.047098353939894,1
od550aer,2002,-58.840768211438274,1
od550aer,2003,-59.26512418840548,1
od550aer,2004,-57.50377341890861,1
