variable,year,value,unit
mmrbc,2000,-9.37919550980693,kg kg-1
mmrbc,2001,-8.660518015835452,kg kg-1
mmrbc,2002,-8.427327151706,kg kg-1
mmrbc,2003,-8.615323250458667,kg kg-1
mmrbc,2004,-8.882230833394097,kg kg-1
