variable,year,value,unit
cl,2000,-0.02242424324415971,%
cl,2001,-0.053962765563066534,%
cl,2002,-4.772495967241315,%
cl,2003,-0.42424996902668005,%
cl,2004,-0.11503969291910693,%
