variable,year,value,unit
clt,2000,0.11173009476541952,%
clt,2001,-0.012477274424190781,%
clt,2002,-0.023542041002692648,%
clt,2003,-0.12514546957137448,%
clt,2004,-0.05604645697882445,%
