variable,year,value,unit
rsutcs,2000,0.00133604014230202,W m-2
rsutcs,2001,0.003221978107233208,W m-2
rsutcs,2002,-0.0032887421319527286,W m-2
rsutcs,2003,0.03427713532819306,W m-2
rsutcs,2004,-0.004258410232985931,W m-2
