variable,year,value,unit
rlut,2001,-0.0003838143510137891,W m-2
rlut,2002,0.09327850370761424,W m-2
rlut,2003,0.008145646821997699,W m-2
rlut,2004,0.0034657268503907445,W m-2
