variable,year,value,unit
rlutcs,2001,0.0073640542470330365,W m-2
rlutcs,2002,-0.004765615904477369,W m-2
rlutcs,2003,-0.015667517193686063,W m-2
rlutcs,2004,0.0003238693881485623,W m-2
