variable,year,value,unit
cl,2000,-0.01811369132188778,%
cl,2001,-0.020539866178510113,%
cl,2002,-0.016689086305342826,%
cl,2003,-0.011181908539545038,%
cl,2004,-0.013642860900109799,%
