variable,year,value,unit
dryso4,2000,4.4627824297044446e-14,kg m-2 s-1
dryso4,2001,4.398213126114725e-14,kg m-2 s-1
dryso4,2002,4.6430822149806126e-14,kg m-2 s-1
dryso4,2003,4.79163714059907e-14,kg m-2 s-1
dryso4,2004,4.7345359967501175e-14,kg m-2 s-1
