variable,year,value,unit
loadbc,2000,1.5892350870757043e-08,kg m-2
loadbc,2001,2.2969956963614862e-08,kg m-2
loadbc,2002,2.289512063928283e-08,kg m-2
loadbc,2003,1.9012563400087207e-08,kg m-2
loadbc,2004,2.9382807592666982e-08,kg m-2
