variable,year,value,unit
so2,2001,2.7623971099887903e-12,mol mol-1
so2,2002,2.8912617863142198e-12,mol mol-1
so2,2003,2.865235667471767e-12,mol mol-1
so2,2004,2.7319043032084952e-12,mol mol-1
