variable,year,value,unit
wetbc,2001,-8.615962281850207e-17,kg m-2 s-1
wetbc,2002,-7.38282022614735e-17,kg m-2 s-1
wetbc,2003,-4.7947814997982014e-17,kg m-2 s-1
wetbc,2004,1.56180962592641e-16,kg m-2 s-1
