variable,year,value,unit
rsutcs,2001,-0.025662227202481347,W m-2
rsutcs,2002,-0.03279343398602208,W m-2
rsutcs,2003,-0.027582196845848728,W m-2
rsutcs,2004,-0.034202298298609435,W m-2
