variable,year,value,unit
clivi,2000,0.00021590644395179381,kg m-2
clivi,2001,0.0006198213589183876,kg m-2
clivi,2002,0.00023610550386450602,kg m-2
clivi,2003,-0.0006435135667681863,kg m-2
clivi,2004,-0.0007242337123064685,kg m-2
clivi,2005,-9.246244805613535e-05,kg m-2
clivi,2006,0.00012484364225617828,kg m-2
clivi,2007,-0.0008589972277627811,kg m-2
clivi,2008,-0.00029513757949437003,kg m-2
clivi,2009,-2.7047946581496007e-05,kg m-2
