variable,year,value,unit
cl,2000,-0.1510218377538018,%
cl,2001,-0.5562787948866271,%
cl,2002,0.513308635965666,%
cl,2003,0.12352564765367156,%
cl,2004,0.3531329581519639,%
