variable,year,value,unit
emiso2,2000,-7.474894272033838,kg m-2 s-1
emiso2,2001,-7.61077351168731,kg m-2 s-1
emiso2,2002,-7.307912102289453,kg m-2 s-1
emiso2,2003,-7.578251066177115,kg m-2 s-1
emiso2,2004,-7.655600357666714,kg m-2 s-1
