variable,year,value,unit
dms,2000,0.04444517824376225,mol mol-1
dms,2001,-0.017303855961784693,mol mol-1
dms,2002,-0.01792488700541873,mol mol-1
dms,2003,-0.002984315591421133,mol mol-1
dms,2004,0.03480672787629922,mol mol-1
