variable,year,value,unit
loadso4,2000,1.0008644734335999,kg m-2
loadso4,2001,1.0036420647148214,kg m-2
loadso4,2002,1.1243178588854053,kg m-2
loadso4,2003,1.04532707799007,kg m-2
loadso4,2004,1.143536936519249,kg m-2
