variable,year,value,unit
clt,2000,0.25165382568109446,%
clt,2001,0.168444074567336,%
clt,2002,0.01498181330989416,%
clt,2003,-0.15155440085465133,%
clt,2004,-0.009142695447393876,%
