variable,year,value,unit
loadbc,2000,-0.15345499162558593,kg m-2
loadbc,2001,-0.11048210135497344,kg m-2
loadbc,2002,-0.14582575073689324,kg m-2
loadbc,2003,0.061174954816807875,kg m-2
loadbc,2004,-0.025616690724584723,kg m-2
