variable,year,value,unit
rlut,2000,-0.07759804414780547,W m-2
rlut,2001,-0.1361923237741962,W m-2
rlut,2002,-0.15314307826818663,W m-2
rlut,2003,-0.030401010439817355,W m-2
rlut,2004,-0.0927241422110967,W m-2
rlut,2005,0.05973229722170004,W m-2
rlut,2006,-0.005070222011056558,W m-2
rlut,2007,-0.03326404707613051,W m-2
rlut,2008,-0.10939235875162012,W m-2
rlut,2009,-0.09000959331677905,W m-2
