variable,year,value,unit
wetbc,2000,-3.939978995107438e-16,kg m-2 s-1
wetbc,2001,9.056832077305974e-16,kg m-2 s-1
wetbc,2002,1.910980108457837e-15,kg m-2 s-1
wetbc,2003,-1.3045341828134874e-16,kg m-2 s-1
wetbc,2004,2.3242970517869254e-16,kg m-2 s-1
wetbc,2005,-1.1501632482977967e-15,kg m-2 s-1
wetbc,2006,-1.6642009881658088e-17,kg m-2 s-1
wetbc,2007,-3.9528930824911483e-16,kg m-2 s-1
wetbc,2008,2.777067133496463e-16,kg m-2 s-1
wetbc,2009,6.195441239527247e-16,kg m-2 s-1
