variable,year,value,unit
wetso4,2000,2.0820263000014414,kg m-2 s-1
wetso4,2001,2.201577214858266,kg m-2 s-1
wetso4,2002,2.0633666334264515,kg m-2 s-1
wetso4,2003,2.2055988413591567,kg m-2 s-1
wetso4,2004,2.288367389328784,kg m-2 s-1
