variable,year,value,unit
mmrso4,2001,-3.403363008485691,kg kg-1
mmrso4,2002,4.644272361879311,kg kg-1
mmrso4,2003,11.119583922258704,kg kg-1
mmrso4,2004,-0.02768491074345525,kg kg-1
mmrso4,2005,2.8349888661706846,kg kg-1
