variable,year,value,unit
wetbc,2000,-0.10051757886427877,kg m-2 s-1
wetbc,2001,-0.06270951013499104,kg m-2 s-1
wetbc,2002,-0.16889034330868777,kg m-2 s-1
wetbc,2003,0.04639369965699763,kg m-2 s-1
wetbc,2004,0.10450042796805194,kg m-2 s-1
