variable,year,value,unit
wetso2,2001,0.5933464253548886,kg m-2 s-1
wetso2,2002,0.9379932630570015,kg m-2 s-1
wetso2,2003,1.1440118922151157,kg m-2 s-1
wetso2,2004,0.27807550807046866,kg m-2 s-1
wetso2,2005,0.3271825180620229,kg m-2 s-1
