variable,year,value,unit
rlut,2000,0.008886953329955595,W m-2
rlut,2001,0.0005028642251796136,W m-2
rlut,2002,0.0036637838765650505,W m-2
rlut,2003,0.0012767146341303454,W m-2
rlut,2004,0.002648567925021724,W m-2
