variable,year,value,unit
drybc,2000,-0.12221524358910847,kg m-2 s-1
drybc,2001,-0.13184008815680406,kg m-2 s-1
drybc,2002,-0.09626738575895182,kg m-2 s-1
drybc,2003,0.1446280703822423,kg m-2 s-1
drybc,2004,-0.10082861058264284,kg m-2 s-1
