variable,year,value,unit
rsdt,2001,-0.48253324679706083,W m-2
rsdt,2002,-0.7205634550940903,W m-2
rsdt,2003,0.09300931217088748,W m-2
rsdt,2004,-0.7194231701387886,W m-2
rsdt,2005,0.20397822250789865,W m-2
