variable,year,value,unit
mmrbc,2001,-3.250705823760134,kg kg-1
mmrbc,2002,7.553891546619091,kg kg-1
mmrbc,2003,6.186983037206365,kg kg-1
mmrbc,2004,-3.247420610224816,kg kg-1
mmrbc,2005,-0.7185532422980244,kg kg-1
