variable,year,value,unit
mmrbc,2000,1.2195333337838742e-13,kg kg-1
mmrbc,2001,1.548417943338233e-13,kg kg-1
mmrbc,2002,1.7366947075374315e-13,kg kg-1
mmrbc,2003,2.6439702240443837e-13,kg kg-1
mmrbc,2004,2.2859116902258025e-13,kg kg-1
