variable,year,value,unit
emiso2,2000,-3.4787640096476832e-12,kg m-2 s-1
emiso2,2001,-3.5665732421917612e-12,kg m-2 s-1
emiso2,2002,-3.5313132942362993e-12,kg m-2 s-1
emiso2,2003,-3.487186178109758e-12,kg m-2 s-1
emiso2,2004,-3.600726368960041e-12,kg m-2 s-1
