variable,year,value,unit
dryso2,2001,1.505782818486154e-15,kg m-2 s-1
dryso2,2002,-5.838601903636932e-16,kg m-2 s-1
dryso2,2003,-2.373978104566754e-15,kg m-2 s-1
dryso2,2004,4.9118247158142545e-15,kg m-2 s-1
