variable,year,value,unit
rlutcs,2001,0.0029853237734585036,W m-2
rlutcs,2002,-0.013291760343292935,W m-2
rlutcs,2003,-0.0029269629917791917,W m-2
rlutcs,2004,-0.002065447872070081,W m-2
