variable,year,value,unit
mmrbc,2000,-0.08511214383674037,kg kg-1
mmrbc,2001,-0.028880573200743394,kg kg-1
mmrbc,2002,0.04404840443685037,kg kg-1
mmrbc,2003,-0.055362876044751236,kg kg-1
mmrbc,2004,0.03183172835786362,kg kg-1
