variable,year,value,unit
dryso2,2000,2.450451095394654,kg m-2 s-1
dryso2,2001,3.4129854135577906,kg m-2 s-1
dryso2,2002,6.653067217423243,kg m-2 s-1
dryso2,2003,8.167214264337932,kg m-2 s-1
dryso2,2004,4.519009491761385,kg m-2 s-1
