variable,year,value,unit
mmrso4,2000,4.905436485914835,kg kg-1
mmrso4,2001,3.6834926274124595,kg kg-1
mmrso4,2002,3.38336665933649,kg kg-1
mmrso4,2003,6.205241981951208,kg kg-1
mmrso4,2004,3.5891717398237355,kg kg-1
