variable,year,value,unit
drybc,2000,-0.07226477092659929,kg m-2 s-1
drybc,2001,0.0896148624499456,kg m-2 s-1
drybc,2002,0.06058697946838296,kg m-2 s-1
drybc,2003,0.04048448511212745,kg m-2 s-1
drybc,2004,0.07920605958483745,kg m-2 s-1
