variable,year,value,unit
wetbc,2000,0.03226682840142539,kg m-2 s-1
wetbc,2001,-0.0760031046636811,kg m-2 s-1
wetbc,2002,0.14754810516354336,kg m-2 s-1
wetbc,2003,-0.23707862789935844,kg m-2 s-1
wetbc,2004,0.3685555568051069,kg m-2 s-1
