variable,year,value,unit
emiso2,2000,3.5909574328086156,kg m-2 s-1
emiso2,2001,2.6424374202456997,kg m-2 s-1
emiso2,2002,3.9116555862434557,kg m-2 s-1
emiso2,2003,5.257215305705596,kg m-2 s-1
emiso2,2004,2.0337274092547846,kg m-2 s-1
