variable,year,value,unit
emiso2,2000,-40.848621101189536,kg m-2 s-1
emiso2,2001,-40.03121682842016,kg m-2 s-1
emiso2,2002,-37.90468384003309,kg m-2 s-1
emiso2,2003,-35.21348365346128,kg m-2 s-1
emiso2,2004,-36.22168316811437,kg m-2 s-1
