variable,year,value,unit
wetso4,2000,5.870904265450292,kg m-2 s-1
wetso4,2001,7.647326604271915,kg m-2 s-1
wetso4,2002,7.144800032264288,kg m-2 s-1
wetso4,2003,7.549821911749631,kg m-2 s-1
wetso4,2004,7.68714301938927,kg m-2 s-1
