variable,year,value,unit
mmrbc,2000,0.289915609345783,kg kg-1
mmrbc,2001,-0.058653718622103106,kg kg-1
mmrbc,2002,0.019301078575546055,kg kg-1
mmrbc,2003,-0.21452112460191958,kg kg-1
mmrbc,2004,0.018784470337114785,kg kg-1
