variable,year,value,unit
wetso2,2000,16.603227543155835,kg m-2 s-1
wetso2,2001,17.019544042221227,kg m-2 s-1
wetso2,2002,18.879999739605765,kg m-2 s-1
wetso2,2003,18.0670455536379,kg m-2 s-1
wetso2,2004,18.566345788118007,kg m-2 s-1
