variable,year,value,unit
dms,2000,0.00782492279518458,mol mol-1
dms,2001,0.015295050661122243,mol mol-1
dms,2002,0.0024854708201469183,mol mol-1
dms,2003,0.00023474252044893663,mol mol-1
dms,2004,0.0033043008942764554,mol mol-1
