variable,year,value,unit
emibc,2000,-1.7320988299799432e-06,kg m-2 s-1
emibc,2001,-1.1178426373144878e-06,kg m-2 s-1
emibc,2002,1.6535558302039221e-06,kg m-2 s-1
emibc,2003,2.033759112567091e-06,kg m-2 s-1
emibc,2004,-1.4674034351638229e-05,kg m-2 s-1
