variable,year,value,unit
mmrso4,2000,17.447034133495478,kg kg-1
mmrso4,2001,16.556246888517997,kg kg-1
mmrso4,2002,20.070850431496524,kg kg-1
mmrso4,2003,16.196924881018468,kg kg-1
mmrso4,2004,20.758415791939854,kg kg-1
