variable,year,value,unit
rlut,2001,0.12518122025494804,W m-2
rlut,2002,0.22056105719623192,W m-2
rlut,2003,0.09170082460795567,W m-2
rlut,2004,0.14818555957099266,W m-2
rlut,2005,-0.013395224597494438,W m-2
