variable,year,value,unit
dryso2,2000,34.22484601477167,kg m-2 s-1
dryso2,2001,35.40057798597344,kg m-2 s-1
dryso2,2002,35.52321856557621,kg m-2 s-1
dryso2,2003,35.360367509393406,kg m-2 s-1
dryso2,2004,34.59608654590694,kg m-2 s-1
