variable,year,value,unit
loadso4,2000,5.4002369326205475,kg m-2
loadso4,2001,6.435371030265351,kg m-2
loadso4,2002,7.743165316891464,kg m-2
loadso4,2003,7.555416321470309,kg m-2
loadso4,2004,6.6134376372763715,kg m-2
