variable,year,value,unit
clt,2001,-0.10285352682901201,%
clt,2002,0.064559396178534,%
clt,2003,-0.29947006406591326,%
clt,2004,-0.06882963067316447,%
