variable,year,value,unit
rlut,2000,-0.02796022196469965,W m-2
rlut,2001,-0.016310898646921135,W m-2
rlut,2002,-0.0001852840921657468,W m-2
rlut,2003,-0.019732457902298346,W m-2
rlut,2004,0.018609844403929165,W m-2
