variable,year,value,unit
clivi,2000,-0.03157691530084871,kg m-2
clivi,2001,-0.05168807904253602,kg m-2
clivi,2002,0.06267450556425419,kg m-2
clivi,2003,-0.058621579251071726,kg m-2
clivi,2004,0.006178263136386652,kg m-2
