variable,year,value,unit
emiso2,2000,0.02044644837128037,kg m-2 s-1
emiso2,2001,0.023310708565127593,kg m-2 s-1
emiso2,2002,0.016751526760842097,kg m-2 s-1
emiso2,2003,0.02309561852767757,kg m-2 s-1
emiso2,2004,0.02613452118483432,kg m-2 s-1
