variable,year,value,unit
drybc,2000,0.17541496957112107,kg m-2 s-1
drybc,2001,-0.08574437090915199,kg m-2 s-1
drybc,2002,-0.10439087814722187,kg m-2 s-1
drybc,2003,-0.007507616126236418,kg m-2 s-1
drybc,2004,-0.028718068533073248,kg m-2 s-1
