variable,year,value,unit
wetso4,2001,0.4713559795308193,kg m-2 s-1
wetso4,2002,0.3649980679259707,kg m-2 s-1
wetso4,2003,0.4824732422096848,kg m-2 s-1
wetso4,2004,0.5559823989062463,kg m-2 s-1
