variable,year,value,unit
dms,2000,-0.11129917071399482,mol mol-1
dms,2001,-0.23013884924430625,mol mol-1
dms,2002,-0.1373123254875034,mol mol-1
dms,2003,0.09063835935782177,mol mol-1
dms,2004,-0.17435702610368273,mol mol-1
