variable,year,value,unit
dryso2,2001,-1.4570654386133843,kg m-2 s-1
dryso2,2002,-1.1485329539974158,kg m-2 s-1
dryso2,2003,-1.3870593045983577,kg m-2 s-1
dryso2,2004,-1.1479243550085516,kg m-2 s-1
