variable,year,value,unit
od550aer,2000,0.33025402345821014,1
od550aer,2001,0.18217979237120976,1
od550aer,2002,0.14054255652484912,1
od550aer,2003,0.11570008313372115,1
od550aer,2004,0.11549309752628435,1
