variable,year,value,unit
emibc,2000,-2.732379283227352e-07,kg m-2 s-1
emibc,2001,-1.1972442906410525e-05,kg m-2 s-1
emibc,2002,-4.161919503327742e-07,kg m-2 s-1
emibc,2003,-3.409759557128442e-06,kg m-2 s-1
emibc,2004,1.412430676910244e-06,kg m-2 s-1
