variable,year,value,unit
rlutcs,2001,0.003105667617983002,W m-2
rlutcs,2002,0.0058532875271726575,W m-2
rlutcs,2003,0.0029217934478080803,W m-2
rlutcs,2004,0.004010580493282651,W m-2
