variable,year,value,unit
rlutcs,2000,-0.0025900285847197248,W m-2
rlutcs,2001,0.0005265293325398333,W m-2
rlutcs,2002,-0.004653812606725691,W m-2
rlutcs,2003,-0.000555234813622936,W m-2
rlutcs,2004,-1.602201181526563e-05,W m-2
