variable,year,value,unit
cltc,2001,0.044295102555958484,%
cltc,2002,0.1500736201260455,%
cltc,2003,0.1221787444888978,%
cltc,2004,-0.07531135542529052,%
