variable,year,value,unit
wetso2,2001,-1.0651433099714356,kg m-2 s-1
wetso2,2002,-0.8177756154228092,kg m-2 s-1
wetso2,2003,-0.892687413654457,kg m-2 s-1
wetso2,2004,-1.1234782069251148,kg m-2 s-1
