variable,year,value,unit
wetso2,2001,-1.3412092673394018,kg m-2 s-1
wetso2,2002,-0.8742484201687181,kg m-2 s-1
wetso2,2003,-1.1058881891047414,kg m-2 s-1
wetso2,2004,-1.0980702879124644,kg m-2 s-1
