variable,year,value,unit
mmrso4,2001,0.3257465173474812,kg kg-1
mmrso4,2002,0.2549664106782424,kg kg-1
mmrso4,2003,0.20224100211861284,kg kg-1
mmrso4,2004,0.25315901395425733,kg kg-1
