variable,year,value,unit
so2,2000,-1.6939153199616086,mol mol-1
so2,2001,-1.6135072437419085,mol mol-1
so2,2002,-1.321990680812859,mol mol-1
so2,2003,-1.6637320174854995,mol mol-1
so2,2004,-1.4649733366298605,mol mol-1
