variable,year,value,unit
so2,2000,-0.21174133888700106,mol mol-1
so2,2001,-0.6112000585116893,mol mol-1
so2,2002,-0.5263221673215794,mol mol-1
so2,2003,-0.3146794234215413,mol mol-1
so2,2004,-0.5122513604772189,mol mol-1
