variable,year,value,unit
rlut,2000,-0.0019484567336130185,W m-2
rlut,2001,0.0022348578217226004,W m-2
rlut,2002,-0.0033652364013302357,W m-2
rlut,2003,-0.008087752182514164,W m-2
rlut,2004,-0.01021333079095994,W m-2
