variable,year,value,unit
clt,2001,-0.4582199550657786,%
clt,2002,0.17142403441541315,%
clt,2003,0.09292960630664485,%
clt,2004,0.11699202122057983,%
