variable,year,value,unit
dryso2,2001,-0.37649605232346844,kg m-2 s-1
dryso2,2002,-0.10003352287806117,kg m-2 s-1
dryso2,2003,0.05225835257446013,kg m-2 s-1
dryso2,2004,0.20709800340600093,kg m-2 s-1
