variable,year,value,unit
rlut,2001,0.008122154764837975,W m-2
rlut,2002,-0.0010594453883485612,W m-2
rlut,2003,0.02223240143398245,W m-2
rlut,2004,-0.0036217967201867714,W m-2
