variable,year,value,unit
loadso2,2000,0.44783099637902185,kg m-2
loadso2,2001,0.20904767043069772,kg m-2
loadso2,2002,-0.02851187224870556,kg m-2
loadso2,2003,0.3543171688049784,kg m-2
loadso2,2004,0.3205898934440758,kg m-2
