variable,year,value,unit
rsutcs,2000,0.025003873278792207,W m-2
rsutcs,2001,0.004160341347601874,W m-2
rsutcs,2002,0.0001751154256905276,W m-2
rsutcs,2003,0.026741959541575464,W m-2
rsutcs,2004,0.032144077805323225,W m-2
