variable,year,value,unit
loadso2,2000,-0.2312480670724133,kg m-2
loadso2,2001,-0.44635942603608236,kg m-2
loadso2,2002,-0.44503341682495284,kg m-2
loadso2,2003,-0.5129165008691418,kg m-2
loadso2,2004,-0.24480848096121674,kg m-2
