variable,year,value,unit
rlut,2000,0.057262904841850926,W m-2
rlut,2001,0.022640975473629504,W m-2
rlut,2002,-0.015834402996707714,W m-2
rlut,2003,0.046092686509586075,W m-2
rlut,2004,0.022581641393379422,W m-2
