variable,year,value,unit
wetso2,2000,-1.590277335232129,kg m-2 s-1
wetso2,2001,-1.6111660956483433,kg m-2 s-1
wetso2,2002,-1.2450401218987814,kg m-2 s-1
wetso2,2003,-1.8984170918449246,kg m-2 s-1
wetso2,2004,-1.4409304060358952,kg m-2 s-1
