variable,year,value,unit
emiso2,2001,0.011275874079864865,kg m-2 s-1
emiso2,2002,0.013411578474087615,kg m-2 s-1
emiso2,2003,0.011502065451071948,kg m-2 s-1
emiso2,2004,0.010657320111379882,kg m-2 s-1
