variable,year,value,unit
rsut,2000,0.9477936972876824,W m-2
rsut,2001,0.0111869331054564,W m-2
rsut,2002,0.0026249489332352306,W m-2
rsut,2003,0.02138890276341409,W m-2
rsut,2004,0.00621219029604485,W m-2
