variable,year,value,unit
cl,2000,0.07947283863433692,%
cl,2001,-0.03058193416480051,%
cl,2002,-0.13606766961089642,%
cl,2003,-0.09946703865856363,%
cl,2004,0.1647331133351212,%
