variable,year,value,unit
dms,2000,-0.004456984116332206,mol mol-1
dms,2001,0.008404800286271673,mol mol-1
dms,2002,-0.004177904069680693,mol mol-1
dms,2003,0.01945070561672863,mol mol-1
dms,2004,0.011346118513523826,mol mol-1
