variable,year,value,unit
wetso2,2000,-1.2715131346788748,kg m-2 s-1
wetso2,2001,-1.260696482750362,kg m-2 s-1
wetso2,2002,-0.952830445468557,kg m-2 s-1
wetso2,2003,-0.7217864259987385,kg m-2 s-1
wetso2,2004,-0.6965706968999199,kg m-2 s-1
