variable,year,value,unit
clt,2000,-0.02520246828548805,%
clt,2001,-0.07130049776575395,%
clt,2002,0.2016518060874419,%
clt,2003,-0.11429713278947028,%
clt,2004,0.04808702154882222,%
