variable,year,value,unit
loadso2,2000,-1.5758527531382793,kg m-2
loadso2,2001,-1.3415927370935565,kg m-2
loadso2,2002,-1.1010948621458279,kg m-2
loadso2,2003,-1.3698168990263604,kg m-2
loadso2,2004,-1.2505911946662462,kg m-2
