variable,year,value,unit
loadso4,2000,-3.7132374232231815e-08,kg m-2
loadso4,2001,-3.631128801892891e-08,kg m-2
loadso4,2002,-3.906792602114669e-08,kg m-2
loadso4,2003,-3.3616202538366193e-08,kg m-2
loadso4,2004,-4.2526471138255266e-08,kg m-2
