variable,year,value,unit
wetso2,2000,4.86914829498244e-18,kg m-2 s-1
wetso2,2001,4.828472793310121e-18,kg m-2 s-1
wetso2,2002,-1.4915389477645e-17,kg m-2 s-1
wetso2,2003,2.3176187067213562e-18,kg m-2 s-1
wetso2,2004,9.84053311429573e-18,kg m-2 s-1
