variable,year,value,unit
wetso4,2000,1.334951235259213e-12,kg m-2 s-1
wetso4,2001,1.3610115549146255e-12,kg m-2 s-1
wetso4,2002,1.3429729154377258e-12,kg m-2 s-1
wetso4,2003,1.4284608164159827e-12,kg m-2 s-1
wetso4,2004,1.5339779367252649e-12,kg m-2 s-1
