variable,year,value,unit
loadbc,2000,-8.856138768662661e-11,kg m-2
loadbc,2001,6.477569867570755e-11,kg m-2
loadbc,2002,-1.229166863720195e-10,kg m-2
loadbc,2003,-1.0383576970783474e-11,kg m-2
loadbc,2004,-8.393779160538665e-11,kg m-2
