variable,year,value,unit
cltc,2000,-0.03281966824250748,%
cltc,2001,-0.02309327174540421,%
cltc,2002,-0.028252470462932777,%
cltc,2003,-0.039529691155994584,%
cltc,2004,-0.0382854034398914,%
