variable,year,value,unit
drybc,2000,1.0005070087874101e-14,kg m-2 s-1
drybc,2001,1.0254256167815224e-14,kg m-2 s-1
drybc,2002,1.1669177367860834e-14,kg m-2 s-1
drybc,2003,1.1866036777486346e-14,kg m-2 s-1
drybc,2004,1.3103428201469011e-14,kg m-2 s-1
