variable,year,value,unit
rlut,2001,-0.325280935673959,W m-2
rlut,2002,0.3898079383441484,W m-2
rlut,2003,0.06475301049778182,W m-2
rlut,2004,-0.00572956288638693,W m-2
rlut,2005,-0.1064999856356792,W m-2
