variable,year,value,unit
loadso2,2000,-9.263061855415613e-09,kg m-2
loadso2,2001,-8.79497296464474e-09,kg m-2
loadso2,2002,-8.721009239351283e-09,kg m-2
loadso2,2003,-9.654613200797301e-09,kg m-2
loadso2,2004,-1.0584125558784738e-08,kg m-2
