variable,year,value,unit
dms,2001,-1.125065234350557e-12,mol mol-1
dms,2002,5.094071065801477e-13,mol mol-1
dms,2003,1.0439961059124352e-12,mol mol-1
dms,2004,6.858233433171245e-13,mol mol-1
dms,2005,-8.12911890447782e-13,mol mol-1
