variable,year,value,unit
wetbc,2000,7.170189519618868e-14,kg m-2 s-1
wetbc,2001,7.294209481581299e-14,kg m-2 s-1
wetbc,2002,8.404384102658645e-14,kg m-2 s-1
wetbc,2003,8.496271058765037e-14,kg m-2 s-1
wetbc,2004,9.463006107113577e-14,kg m-2 s-1
