variable,year,value,unit
cl,2000,0.0019812846627811354,%
cl,2001,0.015340606576406568,%
cl,2002,0.00045156390132072843,%
cl,2003,0.01956055358766129,%
cl,2004,-0.004519847001175137,%
