variable,year,value,unit
dms,2000,-6.144980270723423e-11,mol mol-1
dms,2001,-6.296761255662708e-11,mol mol-1
dms,2002,-6.873262223611207e-11,mol mol-1
dms,2003,-6.391699971394647e-11,mol mol-1
dms,2004,-7.174614173101691e-11,mol mol-1
