variable,year,value,unit
rlut,2001,1.2496251267560865,W m-2
rlut,2002,0.7979679579040635,W m-2
rlut,2003,-0.5168123987212425,W m-2
rlut,2004,-2.8802247821543574,W m-2
rlut,2005,2.1364497351301566,W m-2
