variable,year,value,unit
emiso2,2000,-2.7472730138231537e-13,kg m-2 s-1
emiso2,2001,-2.659730698151089e-13,kg m-2 s-1
emiso2,2002,-2.77416127770212e-13,kg m-2 s-1
emiso2,2003,-2.856061612766841e-13,kg m-2 s-1
emiso2,2004,-2.902221586268734e-13,kg m-2 s-1
