variable,year,value,unit
rsut,2001,-0.9523484474184585,W m-2
rsut,2002,-0.6912669892357002,W m-2
rsut,2003,0.036376659814408185,W m-2
rsut,2004,2.791047558454636,W m-2
rsut,2005,-1.9092554904779888,W m-2
