variable,year,value,unit
wetso2,2001,-2.3753891529924886e-14,kg m-2 s-1
wetso2,2002,-2.1257740149527315e-14,kg m-2 s-1
wetso2,2003,-1.8225883821971207e-14,kg m-2 s-1
wetso2,2004,-2.2840162809292368e-14,kg m-2 s-1
wetso2,2005,-2.321330718884424e-14,kg m-2 s-1
