variable,year,value,unit
od550aer,2001,-0.00021522064162688218,1
od550aer,2002,0.0020230609990779733,1
od550aer,2003,-0.0006041107220912632,1
od550aer,2004,0.002863337871899449,1
od550aer,2005,-0.0007578801330912453,1
