variable,year,value,unit
wetbc,2000,-4.013278754657692e-15,kg m-2 s-1
wetbc,2001,1.6370424391125905e-15,kg m-2 s-1
wetbc,2002,6.431837893828903e-16,kg m-2 s-1
wetbc,2003,3.1807477849888635e-15,kg m-2 s-1
wetbc,2004,9.492122044827193e-17,kg m-2 s-1
