variable,year,value,unit
rsdt,2000,-9.322338314632361e-07,W m-2
rsdt,2001,-1.4991852026469132e-06,W m-2
rsdt,2002,-4.997082783120277e-07,W m-2
rsdt,2003,3.54077712927392e-07,W m-2
rsdt,2004,-7.286662366823293e-07,W m-2
