variable,year,value,unit
dryso2,2001,-1.2654276287638512e-13,kg m-2 s-1
dryso2,2002,-1.3312594094982918e-13,kg m-2 s-1
dryso2,2003,-1.3681998182538854e-13,kg m-2 s-1
dryso2,2004,-1.3500325794734957e-13,kg m-2 s-1
dryso2,2005,-1.5174203043534693e-13,kg m-2 s-1
