variable,year,value,unit
rsutcs,2000,0.07091889273181816,W m-2
rsutcs,2001,0.055361428894716014,W m-2
rsutcs,2002,0.06728984741496136,W m-2
rsutcs,2003,0.0676437363478858,W m-2
rsutcs,2004,0.0614133074034275,W m-2
