variable,year,value,unit
rlutcs,2000,-0.0007695058487365172,W m-2
rlutcs,2001,-0.0021018785409601913,W m-2
rlutcs,2002,-0.0033913272187458803,W m-2
rlutcs,2003,-0.0050969174894625905,W m-2
rlutcs,2004,-0.0005666997805889422,W m-2
