variable,year,value,unit
mmrso4,2000,7.699309730475498,kg kg-1
mmrso4,2001,7.6215551594056175,kg kg-1
mmrso4,2002,7.592647391441855,kg kg-1
mmrso4,2003,8.021163186873405,kg kg-1
mmrso4,2004,8.277924038237503,kg kg-1
