variable,year,value,unit
loadso4,2000,0.5854046654074551,kg m-2
loadso4,2001,0.49177182797286306,kg m-2
loadso4,2002,0.4450637930421701,kg m-2
loadso4,2003,0.5902133630182951,kg m-2
loadso4,2004,0.6725419451219508,kg m-2
