variable,year,value,unit
clivi,2000,0.003982780685749483,kg m-2
clivi,2001,0.04005699231221023,kg m-2
clivi,2002,-0.07906067176920635,kg m-2
clivi,2003,-0.02367715633542982,kg m-2
clivi,2004,0.03721277139698887,kg m-2
