variable,year,value,unit
emiso2,2000,-3.6750018641426623,kg m-2 s-1
emiso2,2001,-3.6715319724087627,kg m-2 s-1
emiso2,2002,-3.6528489732640383,kg m-2 s-1
emiso2,2003,-3.6899900640774677,kg m-2 s-1
emiso2,2004,-3.735362725686598,kg m-2 s-1
