variable,year,value,unit
rlut,2000,-0.03413078850789059,W m-2
rlut,2001,-0.05470046238663797,W m-2
rlut,2002,-0.05543719929276387,W m-2
rlut,2003,-0.04449722448703692,W m-2
rlut,2004,-0.026753717335338333,W m-2
