variable,year,value,unit
wetso4,2000,2.6563136481483145,kg m-2 s-1
wetso4,2001,2.669355583613426,kg m-2 s-1
wetso4,2002,2.608084431760297,kg m-2 s-1
wetso4,2003,2.6702102058332744,kg m-2 s-1
wetso4,2004,2.81771931516512,kg m-2 s-1
