variable,year,value,unit
mmrbc,2000,0.04852372525369569,kg kg-1
mmrbc,2001,0.2188392269344237,kg kg-1
mmrbc,2002,0.33664993226702794,kg kg-1
mmrbc,2003,0.4425772618784194,kg kg-1
mmrbc,2004,0.4363216977951073,kg kg-1
