variable,year,value,unit
loadbc,2000,-0.020785028121306427,kg m-2
loadbc,2001,-0.06261119898163242,kg m-2
loadbc,2002,0.08527461231178936,kg m-2
loadbc,2003,-0.08966530515461094,kg m-2
loadbc,2004,-0.0314160855863716,kg m-2
