variable,year,value,unit
dryso4,2000,21.053390490929917,kg m-2 s-1
dryso4,2001,21.324398375075713,kg m-2 s-1
dryso4,2002,21.154759728297265,kg m-2 s-1
dryso4,2003,21.596217635401846,kg m-2 s-1
dryso4,2004,22.0663904247097,kg m-2 s-1
