variable,year,value,unit
emibc,2000,-1.041976540919233e-19,kg m-2 s-1
emibc,2001,-4.006051842270813e-20,kg m-2 s-1
emibc,2002,5.709651766801427e-19,kg m-2 s-1
emibc,2003,-1.7149315294992186e-19,kg m-2 s-1
emibc,2004,-1.5308252741335985e-20,kg m-2 s-1
