variable,year,value,unit
rsutcs,2000,-0.7949222063409991,W m-2
rsutcs,2001,-0.7608641708961414,W m-2
rsutcs,2002,-0.8034331546031268,W m-2
rsutcs,2003,-0.7689909116335514,W m-2
rsutcs,2004,-0.7927065671870395,W m-2
