variable,year,value,unit
rsut,2000,-81.08909119147026,W m-2
rsut,2001,-81.66736019373123,W m-2
rsut,2002,-81.26817279304981,W m-2
rsut,2003,-82.00109582740612,W m-2
rsut,2004,-82.6998031150099,W m-2
