variable,year,value,unit
wetbc,2000,7.128843808146526e-16,kg m-2 s-1
wetbc,2001,-2.968229542810616e-16,kg m-2 s-1
wetbc,2002,-3.8549662560210387e-16,kg m-2 s-1
wetbc,2003,2.3627607141485426e-15,kg m-2 s-1
wetbc,2004,1.152151606336564e-15,kg m-2 s-1
