variable,year,value,unit
wetbc,2000,1.310411948451636e-16,kg m-2 s-1
wetbc,2001,-2.4058405239940063e-16,kg m-2 s-1
wetbc,2002,4.489502510913846e-16,kg m-2 s-1
wetbc,2003,1.6288982670560465e-16,kg m-2 s-1
wetbc,2004,-1.108493854152784e-15,kg m-2 s-1
