variable,year,value,unit
rlut,2000,0.001995346082225069,W m-2
rlut,2001,0.007574347309116547,W m-2
rlut,2002,0.0008073559205286074,W m-2
rlut,2003,0.007610244681728773,W m-2
rlut,2004,-0.0009238025597824162,W m-2
