variable,year,value,unit
wetso2,2000,-1.193347292293707e-17,kg m-2 s-1
wetso2,2001,-1.4096407259565676e-19,kg m-2 s-1
wetso2,2002,-1.6273117226411597e-18,kg m-2 s-1
wetso2,2003,-7.773121305674801e-18,kg m-2 s-1
wetso2,2004,-3.4362229568954197e-18,kg m-2 s-1
