variable,year,value,unit
loadso4,2000,-2.199314688408077e-08,kg m-2
loadso4,2001,-2.1809734800985162e-08,kg m-2
loadso4,2002,-1.528337781133372e-08,kg m-2
loadso4,2003,-2.0823479388987193e-08,kg m-2
loadso4,2004,-1.3956033321397609e-08,kg m-2
