variable,year,value,unit
mmrbc,2000,-1.454870890948288e-13,kg kg-1
mmrbc,2001,-2.057964243196352e-13,kg kg-1
mmrbc,2002,-8.579142057124854e-14,kg kg-1
mmrbc,2003,-2.027654546812495e-13,kg kg-1
mmrbc,2004,-1.6644596225684854e-13,kg kg-1
