variable,year,value,unit
mmrbc,2000,-2.3381210783682766e-14,kg kg-1
mmrbc,2001,-1.6539156215623502e-14,kg kg-1
mmrbc,2002,-1.2317490046670048e-14,kg kg-1
mmrbc,2003,-4.647567977768975e-14,kg kg-1
mmrbc,2004,-1.3881473902849103e-14,kg kg-1
