variable,year,value,unit
dryso4,2000,-7.084133534056589,kg m-2 s-1
dryso4,2001,-7.577554850754852,kg m-2 s-1
dryso4,2002,-7.041225862929398,kg m-2 s-1
dryso4,2003,-7.339698974069665,kg m-2 s-1
dryso4,2004,-7.990276691044383,kg m-2 s-1
