variable,year,value,unit
dryso4,2000,-6.697171021318579,kg m-2 s-1
dryso4,2001,-7.237262271099743,kg m-2 s-1
dryso4,2002,-6.926685994816055,kg m-2 s-1
dryso4,2003,-7.023945772102508,kg m-2 s-1
dryso4,2004,-7.63338803752672,kg m-2 s-1
