variable,year,value,unit
mmrso4,2000,-6.735137437184366,kg kg-1
mmrso4,2001,-7.301873812609422,kg kg-1
mmrso4,2002,-6.993092761532608,kg kg-1
mmrso4,2003,-7.075899411010947,kg kg-1
mmrso4,2004,-7.704056722836603,kg kg-1
