variable,year,value,unit
rlut,2000,-67.44706315209432,W m-2
rlut,2001,-67.26115342229642,W m-2
rlut,2002,-67.40030387148865,W m-2
rlut,2003,-67.23953102479895,W m-2
rlut,2004,-67.31550643033538,W m-2
