variable,year,value,unit
dryso4,2000,-0.7922554070981294,kg m-2 s-1
dryso4,2001,-0.8012565434095077,kg m-2 s-1
dryso4,2002,-0.8349761344465934,kg m-2 s-1
dryso4,2003,-0.711154658120719,kg m-2 s-1
dryso4,2004,-0.8079705415365589,kg m-2 s-1
