variable,year,value,unit
rsutcs,2000,-0.0016526750553231414,W m-2
rsutcs,2001,-0.028736592187088177,W m-2
rsutcs,2002,-0.018972283102656324,W m-2
rsutcs,2003,-0.016799490787520924,W m-2
rsutcs,2004,-0.03201918664199369,W m-2
