variable,year,value,unit
rlutcs,2000,-0.004109525969292111,W m-2
rlutcs,2001,-0.0017538023690364354,W m-2
rlutcs,2002,-0.0025278082046330573,W m-2
rlutcs,2003,0.0029596811441324903,W m-2
rlutcs,2004,0.0010158980365594051,W m-2
