variable,year,value,unit
mmrbc,2000,0.4035442600923321,kg kg-1
mmrbc,2001,0.3956420535963994,kg kg-1
mmrbc,2002,0.7628604298973272,kg kg-1
mmrbc,2003,0.8752770608779471,kg kg-1
mmrbc,2004,0.44731903609790785,kg kg-1
