variable,year,value,unit
wetso2,2000,-2.0703266820983592,kg m-2 s-1
wetso2,2001,-1.8581138646315225,kg m-2 s-1
wetso2,2002,-1.920610176727549,kg m-2 s-1
wetso2,2003,-2.067504119214011,kg m-2 s-1
wetso2,2004,-1.997361046609921,kg m-2 s-1
