variable,year,value,unit
rlut,2000,0.010048630890348685,W m-2
rlut,2001,-0.0018511094206017683,W m-2
rlut,2002,-0.0020112290691171424,W m-2
rlut,2003,-0.003902245308240667,W m-2
rlut,2004,0.006483261472124734,W m-2
