variable,year,value,unit
clt,2000,0.0029446313607236103,%
clt,2001,-0.012613742819135576,%
clt,2002,-0.009242959101859837,%
clt,2003,-0.008296577001174983,%
clt,2004,0.0027382946209216588,%
