variable,year,value,unit
emiso2,2000,-1.2534025017077957,kg m-2 s-1
emiso2,2001,-1.2931128712681053,kg m-2 s-1
emiso2,2002,-1.2273479741112285,kg m-2 s-1
emiso2,2003,-1.249310114701365,kg m-2 s-1
emiso2,2004,-1.3012031414045988,kg m-2 s-1
