variable,year,value,unit
emibc,2000,2.7953173279693534e-07,kg m-2 s-1
emibc,2001,-6.8773700240424636e-06,kg m-2 s-1
emibc,2002,-1.4922249100178998e-05,kg m-2 s-1
emibc,2003,3.5865477421990854e-06,kg m-2 s-1
emibc,2004,3.753679940080437e-06,kg m-2 s-1
