variable,year,value,unit
rlutcs,2000,0.00539171422074464,W m-2
rlutcs,2001,0.0007180915555644644,W m-2
rlutcs,2002,0.0008642510555812422,W m-2
rlutcs,2003,-0.00016022285915136497,W m-2
rlutcs,2004,0.0036419244234172847,W m-2
