variable,year,value,unit
mmrso4,2000,1.8339499626209496e-12,kg kg-1
mmrso4,2001,-2.3347008265322893e-12,kg kg-1
mmrso4,2002,-4.64378929910363e-12,kg kg-1
mmrso4,2003,1.7875815843513722e-13,kg kg-1
mmrso4,2004,-4.7434546093957105e-12,kg kg-1
