variable,year,value,unit
rsut,2000,0.015162396550678636,W m-2
rsut,2001,0.06520453293303774,W m-2
rsut,2002,-0.012392833253244362,W m-2
rsut,2003,-0.07263304081985211,W m-2
rsut,2004,0.011422470997914047,W m-2
