variable,year,value,unit
mmrso4,2000,-1.5411380623721062e-13,kg kg-1
mmrso4,2001,-6.147519145721095e-13,kg kg-1
mmrso4,2002,-7.351586687039728e-13,kg kg-1
mmrso4,2003,-1.2309525664851159e-12,kg kg-1
mmrso4,2004,-9.28713534472197e-13,kg kg-1
