variable,year,value,unit
wetso4,2001,-0.043522751091767675,kg m-2 s-1
wetso4,2002,-0.0005751347298671367,kg m-2 s-1
wetso4,2003,-0.027773230082562196,kg m-2 s-1
wetso4,2004,-0.020199020095564863,kg m-2 s-1
