variable,year,value,unit
rlutcs,2000,-0.003074728279500505,W m-2
rlutcs,2001,-0.006356800715963118,W m-2
rlutcs,2002,-0.010177944149461382,W m-2
rlutcs,2003,0.0010604336278845494,W m-2
rlutcs,2004,0.00283179083052687,W m-2
