variable,year,value,unit
rsutcs,2000,0.001649497217030671,W m-2
rsutcs,2001,0.00402302993433068,W m-2
rsutcs,2002,0.007719269824988828,W m-2
rsutcs,2003,-0.001210312682701442,W m-2
rsutcs,2004,0.004887493891089889,W m-2
