variable,year,value,unit
drybc,2000,-6.4666118845272736e-18,kg m-2 s-1
drybc,2001,-4.623794670780666e-17,kg m-2 s-1
drybc,2002,2.1660912584953885e-17,kg m-2 s-1
drybc,2003,-9.055729005286801e-18,kg m-2 s-1
drybc,2004,-3.133776248990992e-17,kg m-2 s-1
