variable,year,value,unit
dryso2,2000,1.0159096452517111e-14,kg m-2 s-1
dryso2,2001,5.364316070277076e-15,kg m-2 s-1
dryso2,2002,1.0174457009493665e-14,kg m-2 s-1
dryso2,2003,4.660764498544432e-15,kg m-2 s-1
dryso2,2004,4.649337273039903e-15,kg m-2 s-1
