variable,year,value,unit
emibc,2000,-1.170058184591999e-22,kg m-2 s-1
emibc,2001,-1.1900993132716415e-20,kg m-2 s-1
emibc,2002,9.281400409451714e-22,kg m-2 s-1
emibc,2003,1.3150326183728157e-21,kg m-2 s-1
emibc,2004,-6.83411086181023e-21,kg m-2 s-1
