variable,year,value,unit
loadbc,2000,9.470343400697318e-13,kg m-2
loadbc,2001,-3.1297488569200333e-12,kg m-2
loadbc,2002,-6.4015952140711066e-12,kg m-2
loadbc,2003,-2.43725313949308e-11,kg m-2
loadbc,2004,-2.7877932095730524e-11,kg m-2
