variable,year,value,unit
loadbc,2000,-2.229849547749058e-10,kg m-2
loadbc,2001,-1.9842260674787994e-10,kg m-2
loadbc,2002,-5.091411958666977e-11,kg m-2
loadbc,2003,-1.1387565657357236e-10,kg m-2
loadbc,2004,-1.9340325812597168e-10,kg m-2
