variable,year,value,unit
rlutcs,2000,-0.08534780726097324,W m-2
rlutcs,2001,-0.005719614466897838,W m-2
rlutcs,2002,-0.02350394658657251,W m-2
rlutcs,2003,0.052585882973858133,W m-2
rlutcs,2004,-0.13002714071927812,W m-2
