variable,year,value,unit
loadbc,2000,1.3774881272118448e-12,kg m-2
loadbc,2001,-6.4531269698688765e-12,kg m-2
loadbc,2002,-4.452868898785705e-12,kg m-2
loadbc,2003,1.0639723091255292e-11,kg m-2
loadbc,2004,-3.733354995473772e-12,kg m-2
