variable,year,value,unit
mmrbc,2000,2.721888785237866e-14,kg kg-1
mmrbc,2001,-8.008101146647415e-15,kg kg-1
mmrbc,2002,-2.5901228751605392e-14,kg kg-1
mmrbc,2003,5.269307734553728e-14,kg kg-1
mmrbc,2004,1.7797336934855365e-14,kg kg-1
