variable,year,value,unit
rlutcs,2000,0.023963875901870324,W m-2
rlutcs,2001,-0.011982982416384402,W m-2
rlutcs,2002,-0.011140577830417442,W m-2
rlutcs,2003,-0.009343345478157516,W m-2
rlutcs,2004,0.0076013750984316175,W m-2
