variable,year,value,unit
rlut,2000,0.037275427235698544,W m-2
rlut,2001,-0.027655776207069493,W m-2
rlut,2002,-0.010697381445027077,W m-2
rlut,2003,-0.07359898610775417,W m-2
rlut,2004,0.010698496131141155,W m-2
