variable,year,value,unit
mmrso4,2000,-5.9539854927163706e-12,kg kg-1
mmrso4,2001,-8.557907859836547e-12,kg kg-1
mmrso4,2002,-6.928507277893336e-12,kg kg-1
mmrso4,2003,-6.157345372246236e-12,kg kg-1
mmrso4,2004,-4.108279866641413e-12,kg kg-1
