variable,year,value,unit
dryso4,2000,-6.198258509507373e-15,kg m-2 s-1
dryso4,2001,-3.6548030691070824e-15,kg m-2 s-1
dryso4,2002,-4.245509238760808e-15,kg m-2 s-1
dryso4,2003,-3.789816251919824e-15,kg m-2 s-1
dryso4,2004,-6.007932602224731e-15,kg m-2 s-1
