variable,year,value,unit
clivi,2000,1.9318107674139355,kg m-2
clivi,2001,1.7846521407334985,kg m-2
clivi,2002,1.741188116303842,kg m-2
clivi,2003,1.8197720332701686,kg m-2
clivi,2004,1.610192884809369,kg m-2
