variable,year,value,unit
so2,2000,81.08736957908546,mol mol-1
so2,2001,71.33807510336493,mol mol-1
so2,2002,69.58030316606906,mol mol-1
so2,2003,64.20503670533049,mol mol-1
so2,2004,66.85463397924369,mol mol-1
