variable,year,value,unit
cl,2000,-0.8963433297060851,%
cl,2001,-1.3479469645134972,%
cl,2002,-0.9091849083030056,%
cl,2003,-0.445706125929445,%
cl,2004,-1.291024809941715,%
