variable,year,value,unit
rsut,2000,0.6136580257064423,W m-2
rsut,2001,0.6990437226622248,W m-2
rsut,2002,0.6306246210928208,W m-2
rsut,2003,0.6602503932965647,W m-2
rsut,2004,0.655269832452646,W m-2
