variable,year,value,unit
rlut,2000,-0.3416143791540378,W m-2
rlut,2001,-0.4202314636106905,W m-2
rlut,2002,-0.4183699096687974,W m-2
rlut,2003,-0.4662249514352652,W m-2
rlut,2004,-0.4130532457313052,W m-2
