variable,year,value,unit
od550aer,2000,0.04166679902720724,1
od550aer,2001,0.039196640260469984,1
od550aer,2002,0.039321173524444336,1
od550aer,2003,0.04124076958781442,1
od550aer,2004,0.039814013328737435,1
