variable,year,value,unit
mmrbc,2000,3.0533199933484102e-12,kg kg-1
mmrbc,2001,1.9890272020869105e-12,kg kg-1
mmrbc,2002,3.1734451821692483e-12,kg kg-1
mmrbc,2003,2.6826211570555857e-12,kg kg-1
mmrbc,2004,4.887485557796416e-12,kg kg-1
