variable,year,value,unit
wetso4,2000,1.5057971859909292e-12,kg m-2 s-1
wetso4,2001,1.3421397191048425e-12,kg m-2 s-1
wetso4,2002,1.3316085844104015e-12,kg m-2 s-1
wetso4,2003,1.2612585506820268e-12,kg m-2 s-1
wetso4,2004,1.3129757925697083e-12,kg m-2 s-1
