variable,year,value,unit
od550aer,2000,0.4008885998753582,1
od550aer,2001,0.507942495191458,1
od550aer,2002,0.6987734563711605,1
od550aer,2003,0.9066892488809039,1
od550aer,2004,1.064263030262149,1
