variable,year,value,unit
wetso4,2000,-3.665419777709547,kg m-2 s-1
wetso4,2001,-3.6364778183496904,kg m-2 s-1
wetso4,2002,-3.7925818477265305,kg m-2 s-1
wetso4,2003,-4.155194519893445,kg m-2 s-1
wetso4,2004,-4.9903499145072265,kg m-2 s-1
