variable,year,value,unit
dms,2000,0.0042797329599575575,mol mol-1
dms,2001,0.020616025504691764,mol mol-1
dms,2002,0.028098865762237676,mol mol-1
dms,2003,0.04546904574788329,mol mol-1
dms,2004,-0.01491592401654506,mol mol-1
