variable,year,value,unit
so2,2000,-1.3575971895100918,mol mol-1
so2,2001,-1.3980664293968947,mol mol-1
so2,2002,-1.1092961503398129,mol mol-1
so2,2003,-1.2107473191182057,mol mol-1
so2,2004,-1.5479235619906078,mol mol-1
