variable,year,value,unit
wetso4,2001,-15.556966105195924,kg m-2 s-1
wetso4,2002,-8.954140558764392,kg m-2 s-1
wetso4,2003,-8.977247088498896,kg m-2 s-1
wetso4,2004,-8.615322053836374,kg m-2 s-1
wetso4,2005,-1.1292673032662244,kg m-2 s-1
