variable,year,value,unit
clt,2000,-0.008441712552502742,%
clt,2001,0.03245586106796605,%
clt,2002,0.010489433516415772,%
clt,2003,0.0264057426494592,%
clt,2004,0.012549828876495488,%
