variable,year,value,unit
emibc,2000,1.1801426259306025e-08,kg m-2 s-1
emibc,2001,-8.268779373447934e-07,kg m-2 s-1
emibc,2002,-6.878518771211175e-06,kg m-2 s-1
emibc,2003,6.965434085536177e-07,kg m-2 s-1
emibc,2004,2.5701477324305952e-06,kg m-2 s-1
