variable,year,value,unit
mmrbc,2000,-0.7222135887937077,kg kg-1
mmrbc,2001,-0.084204188723912,kg kg-1
mmrbc,2002,-0.1757314551280576,kg kg-1
mmrbc,2003,0.5975421918805465,kg kg-1
mmrbc,2004,-0.045683479697348636,kg kg-1
