variable,year,value,unit
rsutcs,2001,0.45982576950853543,W m-2
rsutcs,2002,0.24780326046017603,W m-2
rsutcs,2003,-0.5190850478793979,W m-2
rsutcs,2004,0.3351136890735154,W m-2
rsutcs,2005,0.8755716715255626,W m-2
