variable,year,value,unit
dms,2000,-1.2673664760330783,mol mol-1
dms,2001,-1.1007653006102311,mol mol-1
dms,2002,0.8680481382527172,mol mol-1
dms,2003,-0.37192100463004996,mol mol-1
dms,2004,1.0561371351251287,mol mol-1
