variable,year,value,unit
loadso2,2000,-6.314959530554286,kg m-2
loadso2,2001,-6.629650693814755,kg m-2
loadso2,2002,-6.43631190105076,kg m-2
loadso2,2003,-5.766765805093518,kg m-2
loadso2,2004,-6.6157108798824655,kg m-2
