variable,year,value,unit
drybc,2000,-6.358934841290482e-16,kg m-2 s-1
drybc,2001,-5.462411213856466e-16,kg m-2 s-1
drybc,2002,-5.900771964726424e-16,kg m-2 s-1
drybc,2003,-3.59752497260256e-16,kg m-2 s-1
drybc,2004,-5.53160971231581e-16,kg m-2 s-1
