variable,year,value,unit
rsut,2000,-0.0190699501311542,W m-2
rsut,2001,-0.10016783755121139,W m-2
rsut,2002,0.03747521413946231,W m-2
rsut,2003,-0.007466741964975654,W m-2
rsut,2004,0.020011563170015734,W m-2
