variable,year,value,unit
emiso2,2000,-1.6977780328592213e-14,kg m-2 s-1
emiso2,2001,-1.717919979166729e-14,kg m-2 s-1
emiso2,2002,-1.6322109533660533e-14,kg m-2 s-1
emiso2,2003,-1.7691017062833148e-14,kg m-2 s-1
emiso2,2004,-1.938614621293429e-14,kg m-2 s-1
