variable,year,value,unit
dryso4,2000,-1.8580241281173486e-14,kg m-2 s-1
dryso4,2001,-2.2086061241825682e-14,kg m-2 s-1
dryso4,2002,-1.9808867327379448e-14,kg m-2 s-1
dryso4,2003,-2.1952870338142915e-14,kg m-2 s-1
dryso4,2004,-2.061979787392535e-14,kg m-2 s-1
