variable,year,value,unit
wetso2,2000,-1.0480455499647183e-17,kg m-2 s-1
wetso2,2001,-8.205713123031469e-18,kg m-2 s-1
wetso2,2002,-7.828288961026291e-18,kg m-2 s-1
wetso2,2003,-8.080819843041308e-18,kg m-2 s-1
wetso2,2004,-8.224241128306164e-18,kg m-2 s-1
