variable,year,value,unit
dms,2001,-1.2572800680351571e-12,mol mol-1
dms,2002,3.190850210224079e-13,mol mol-1
dms,2003,-6.721100653830884e-13,mol mol-1
dms,2004,-5.189567721030824e-13,mol mol-1
dms,2005,1.44413159693614e-12,mol mol-1
