variable,year,value,unit
rsut,2000,-0.004122598140895661,W m-2
rsut,2001,0.02805617984914477,W m-2
rsut,2002,-0.029973252990387778,W m-2
rsut,2003,0.07072088060779436,W m-2
rsut,2004,-0.09354579945355113,W m-2
