variable,year,value,unit
emibc,2000,-1.803228693765025e-21,kg m-2 s-1
emibc,2001,7.111972335576411e-22,kg m-2 s-1
emibc,2002,3.4398436534601305e-21,kg m-2 s-1
emibc,2003,3.6242452290661486e-21,kg m-2 s-1
emibc,2004,2.2299952490781368e-21,kg m-2 s-1
