variable,year,value,unit
loadso4,2000,-1.6086356027014207e-09,kg m-2
loadso4,2001,-2.1427139488401525e-09,kg m-2
loadso4,2002,2.9730814630935444e-09,kg m-2
loadso4,2003,-3.4081818902246077e-09,kg m-2
loadso4,2004,-1.791254949623845e-09,kg m-2
