variable,year,value,unit
rsut,2000,-0.006507515859539126,W m-2
rsut,2001,0.013182596321740903,W m-2
rsut,2002,0.03762678117570317,W m-2
rsut,2003,0.01684931193024397,W m-2
rsut,2004,-0.03470189474693086,W m-2
rsut,2005,-0.01380983019504356,W m-2
rsut,2006,-0.0038810466242296116,W m-2
rsut,2007,-0.017057250928488088,W m-2
rsut,2008,-0.024622277665187653,W m-2
rsut,2009,-0.008562603232135757,W m-2
