variable,year,value,unit
cltc,2001,0.0007029979670880593,%
cltc,2002,0.0016382951412090563,%
cltc,2003,-0.0010486820322666013,%
cltc,2004,-0.0009416243331821228,%
cltc,2005,0.0012369372715252958,%
