variable,year,value,unit
srfdms,2000,6.951270651396909e-14,mol mol-1
srfdms,2001,-1.0563153967292825e-14,mol mol-1
srfdms,2002,-3.9868256623358465e-15,mol mol-1
srfdms,2003,-1.0852605330471002e-14,mol mol-1
srfdms,2004,-1.6324049848877566e-14,mol mol-1
