variable,year,value,unit
rlut,2000,0.006252973768226866,W m-2
rlut,2001,0.03809712536474308,W m-2
rlut,2002,0.050971237228253585,W m-2
rlut,2003,0.0522892268204771,W m-2
rlut,2004,-0.005120805338549417,W m-2
rlut,2005,0.007928215213610201,W m-2
rlut,2006,0.09771329658448735,W m-2
rlut,2007,0.02209217827635257,W m-2
rlut,2008,0.0004650798472027873,W m-2
rlut,2009,0.02898063664537176,W m-2
