variable,year,value,unit
rsut,2000,-0.039880843886152206,W m-2
rsut,2001,-0.01142189102516511,W m-2
rsut,2002,-0.04315729445367822,W m-2
rsut,2003,-0.03169337492164459,W m-2
rsut,2004,-0.015203189547264628,W m-2
