variable,year,value,unit
emiso2,2000,7.843493743899415e-12,kg m-2 s-1
emiso2,2001,7.960239594330344e-12,kg m-2 s-1
emiso2,2002,7.969452342745041e-12,kg m-2 s-1
emiso2,2003,8.080121532352352e-12,kg m-2 s-1
emiso2,2004,8.530383992646082e-12,kg m-2 s-1
