variable,year,value,unit
dryso4,2000,1.3614288014375542e-12,kg m-2 s-1
dryso4,2001,1.375482829816402e-12,kg m-2 s-1
dryso4,2002,1.3826184472699127e-12,kg m-2 s-1
dryso4,2003,1.3904866825810505e-12,kg m-2 s-1
dryso4,2004,1.4023826716382851e-12,kg m-2 s-1
