variable,year,value,unit
drybc,2000,1.3680449370586832e-13,kg m-2 s-1
drybc,2001,1.4118492930365601e-13,kg m-2 s-1
drybc,2002,1.4629624377076493e-13,kg m-2 s-1
drybc,2003,1.5281971742505955e-13,kg m-2 s-1
drybc,2004,1.5833704202196204e-13,kg m-2 s-1
