variable,year,value,unit
wetso4,2000,5.58472066879812e-12,kg m-2 s-1
wetso4,2001,5.665575708068791e-12,kg m-2 s-1
wetso4,2002,5.742099154963807e-12,kg m-2 s-1
wetso4,2003,5.751677529895991e-12,kg m-2 s-1
wetso4,2004,6.088335409130714e-12,kg m-2 s-1
