variable,year,value,unit
drybc,2000,1.2009858272155484e-13,kg m-2 s-1
drybc,2001,1.245819502996204e-13,kg m-2 s-1
drybc,2002,1.3218706952758962e-13,kg m-2 s-1
drybc,2003,1.3602078082649653e-13,kg m-2 s-1
drybc,2004,1.4103062644975907e-13,kg m-2 s-1
