variable,year,value,unit
loadso2,2000,1.1870811682790399e-06,kg m-2
loadso2,2001,1.190368458277001e-06,kg m-2
loadso2,2002,1.1812649024415614e-06,kg m-2
loadso2,2003,1.213449288773379e-06,kg m-2
loadso2,2004,1.2590524931399592e-06,kg m-2
