variable,year,value,unit
loadso2,2000,2.4656890008331864e-06,kg m-2
loadso2,2001,2.427925586342315e-06,kg m-2
loadso2,2002,2.4489746413713397e-06,kg m-2
loadso2,2003,2.4659896988655464e-06,kg m-2
loadso2,2004,2.429262621594859e-06,kg m-2
