variable,year,value,unit
loadbc,2000,1.4530729243673177e-07,kg m-2
loadbc,2001,1.5305876920744332e-07,kg m-2
loadbc,2002,1.614234634762901e-07,kg m-2
loadbc,2003,1.6524870168415322e-07,kg m-2
loadbc,2004,1.7532648996876656e-07,kg m-2
