variable,year,value,unit
wetbc,2000,3.4732779854756236e-13,kg m-2 s-1
wetbc,2001,3.5258864776751767e-13,kg m-2 s-1
wetbc,2002,3.713769664949392e-13,kg m-2 s-1
wetbc,2003,3.802512051224188e-13,kg m-2 s-1
wetbc,2004,3.9183528861221474e-13,kg m-2 s-1
