variable,year,value,unit
wetso4,2000,1.3279838681580118e-11,kg m-2 s-1
wetso4,2001,1.3444987513474448e-11,kg m-2 s-1
wetso4,2002,1.3561443411376658e-11,kg m-2 s-1
wetso4,2003,1.350691462630317e-11,kg m-2 s-1
wetso4,2004,1.420048048770169e-11,kg m-2 s-1
