variable,year,value,unit
loadso4,2000,4.68452825304383e-06,kg m-2
loadso4,2001,4.760687392374788e-06,kg m-2
loadso4,2002,4.843834851416982e-06,kg m-2
loadso4,2003,5.001702971753249e-06,kg m-2
loadso4,2004,5.222000177085378e-06,kg m-2
