variable,year,value,unit
loadso2,2000,1.6343884517703978e-06,kg m-2
loadso2,2001,1.640928871136131e-06,kg m-2
loadso2,2002,1.6337684909733135e-06,kg m-2
loadso2,2003,1.6484640323311096e-06,kg m-2
loadso2,2004,1.7087373165981402e-06,kg m-2
