variable,year,value,unit
loadbc,2000,-0.10321879931590705,kg m-2
loadbc,2001,-0.0997295585120102,kg m-2
loadbc,2002,-0.14568066740172392,kg m-2
loadbc,2003,-0.09775165514843383,kg m-2
loadbc,2004,-0.09894864837309135,kg m-2
