variable,year,value,unit
wetso2,2000,-0.02295766106069402,kg m-2 s-1
wetso2,2001,0.1999809580876955,kg m-2 s-1
wetso2,2002,0.3641682417108904,kg m-2 s-1
wetso2,2003,0.11007114660797997,kg m-2 s-1
wetso2,2004,0.16645882937150502,kg m-2 s-1
