variable,year,value,unit
wetbc,2000,0.00947193960018524,kg m-2 s-1
wetbc,2001,-0.012591178532225241,kg m-2 s-1
wetbc,2002,0.014020715128257753,kg m-2 s-1
wetbc,2003,0.02180567804729877,kg m-2 s-1
wetbc,2004,-0.006981152013308315,kg m-2 s-1
