variable,year,value,unit
rsut,2000,0.03851557896565648,W m-2
rsut,2001,0.05412468578612446,W m-2
rsut,2002,0.030055293296728812,W m-2
rsut,2003,0.04681797434253695,W m-2
rsut,2004,0.01167433393471681,W m-2
