variable,year,value,unit
loadso2,2000,-2.280809021005302,kg m-2
loadso2,2001,-2.081896833774809,kg m-2
loadso2,2002,-1.8221846196157174,kg m-2
loadso2,2003,-2.059326156421944,kg m-2
loadso2,2004,-1.9311051994496171,kg m-2
