variable,year,value,unit
loadso2,2000,-0.7426469421923921,kg m-2
loadso2,2001,-0.6859142556083359,kg m-2
loadso2,2002,-0.7161877875070702,kg m-2
loadso2,2003,-0.7506425903572891,kg m-2
loadso2,2004,-0.6835389994694168,kg m-2
