variable,year,value,unit
rsutcs,2001,0.017114334954803252,W m-2
rsutcs,2002,0.024015197036524848,W m-2
rsutcs,2003,0.024670305373969397,W m-2
rsutcs,2004,0.02138041102117111,W m-2
