variable,year,value,unit
dryso2,2000,-0.6097909146684505,kg m-2 s-1
dryso2,2001,-0.6983063055941207,kg m-2 s-1
dryso2,2002,-0.5539377707689916,kg m-2 s-1
dryso2,2003,-0.6838585083706804,kg m-2 s-1
dryso2,2004,-0.5719854508166016,kg m-2 s-1
