variable,year,value,unit
wetbc,2000,0.006812407515421522,kg m-2 s-1
wetbc,2001,0.016505232869754353,kg m-2 s-1
wetbc,2002,-0.027435664334796377,kg m-2 s-1
wetbc,2003,-0.015032430661923968,kg m-2 s-1
wetbc,2004,0.013459376654464608,kg m-2 s-1
