variable,year,value,unit
emibc,2000,-3.829619396341144e-06,kg m-2 s-1
emibc,2001,6.587261722103653e-07,kg m-2 s-1
emibc,2002,-2.209943694000914e-06,kg m-2 s-1
emibc,2003,-1.1550551350964677e-06,kg m-2 s-1
emibc,2004,-7.865934005858073e-06,kg m-2 s-1
