variable,year,value,unit
rsutcs,2001,0.03569628637605606,W m-2
rsutcs,2002,0.027445123646765535,W m-2
rsutcs,2003,0.02357318962178442,W m-2
rsutcs,2004,0.02964677980884335,W m-2
