variable,year,value,unit
dms,2000,-0.007793346869314649,mol mol-1
dms,2001,-0.02935775965545699,mol mol-1
dms,2002,-0.019777881604114596,mol mol-1
dms,2003,-0.06691157279128063,mol mol-1
dms,2004,-0.0578167140455702,mol mol-1
