variable,year,value,unit
rlut,2000,0.012852947556190058,W m-2
rlut,2001,-0.007974831589337717,W m-2
rlut,2002,-0.0067244826343608646,W m-2
rlut,2003,-0.00017920500811259465,W m-2
rlut,2004,0.004181663168214501,W m-2
