variable,year,value,unit
emibc,2000,-2.130440169802129e-22,kg m-2 s-1
emibc,2001,-4.465917645588419e-21,kg m-2 s-1
emibc,2002,-1.5995416147280154e-21,kg m-2 s-1
emibc,2003,2.0461795510000955e-21,kg m-2 s-1
emibc,2004,-2.8825504814513694e-21,kg m-2 s-1
