variable,year,value,unit
clivi,2000,-1.7393762659412282e-05,kg m-2
clivi,2001,-0.0003419776272798186,kg m-2
clivi,2002,0.0005253137237090366,kg m-2
clivi,2003,1.5738764969713825e-05,kg m-2
clivi,2004,0.00042589565780178085,kg m-2
