variable,year,value,unit
loadbc,2000,5.9271244589367285e-12,kg m-2
loadbc,2001,6.282183535802859e-13,kg m-2
loadbc,2002,4.051225433746815e-12,kg m-2
loadbc,2003,-4.897477405393943e-13,kg m-2
loadbc,2004,5.607218099534724e-12,kg m-2
