variable,year,value,unit
mmrso4,2000,-4.822901290948381e-11,kg kg-1
mmrso4,2001,-4.994247367996088e-11,kg kg-1
mmrso4,2002,-4.7481405335930536e-11,kg kg-1
mmrso4,2003,-4.8646322923363795e-11,kg kg-1
mmrso4,2004,-5.231855144434548e-11,kg kg-1
