variable,year,value,unit
mmrso4,2000,-7.831874764476141e-11,kg kg-1
mmrso4,2001,-8.385326117198518e-11,kg kg-1
mmrso4,2002,-7.526388339489722e-11,kg kg-1
mmrso4,2003,-8.057693753123724e-11,kg kg-1
mmrso4,2004,-8.520890929903294e-11,kg kg-1
