variable,year,value,unit
mmrbc,2000,1.1389994415798292e-13,kg kg-1
mmrbc,2001,-7.095116584280375e-14,kg kg-1
mmrbc,2002,-5.338844366776313e-14,kg kg-1
mmrbc,2003,-4.5668399875725434e-14,kg kg-1
mmrbc,2004,-3.266215034715657e-14,kg kg-1
