variable,year,value,unit
emiso2,2000,-5.473984095674793e-14,kg m-2 s-1
emiso2,2001,-5.607496657754141e-14,kg m-2 s-1
emiso2,2002,-5.425328364047298e-14,kg m-2 s-1
emiso2,2003,-5.576301786588416e-14,kg m-2 s-1
emiso2,2004,-4.818594930630617e-14,kg m-2 s-1
