variable,year,value,unit
rsutcs,2000,-0.000978641068570596,W m-2
rsutcs,2001,0.0037578437204501824,W m-2
rsutcs,2002,0.0015142989680754226,W m-2
rsutcs,2003,-0.009402171314292218,W m-2
rsutcs,2004,0.0038462590275685216,W m-2
