variable,year,value,unit
rlut,2000,-0.02518934401106776,W m-2
rlut,2001,-0.05066881318208516,W m-2
rlut,2002,0.04740603365723928,W m-2
rlut,2003,0.039238709499130664,W m-2
rlut,2004,0.012237099334072354,W m-2
