variable,year,value,unit
rlutcs,2000,-0.0034349206390515974,W m-2
rlutcs,2001,-0.00813712267679989,W m-2
rlutcs,2002,-0.004726217686254586,W m-2
rlutcs,2003,0.003047176932000184,W m-2
rlutcs,2004,0.008757670797251649,W m-2
