variable,year,value,unit
emibc,2000,6.403191793179133e-22,kg m-2 s-1
emibc,2001,6.666457775098689e-22,kg m-2 s-1
emibc,2002,-8.608120879708789e-22,kg m-2 s-1
emibc,2003,8.178217182347794e-22,kg m-2 s-1
emibc,2004,3.3139266602671623e-22,kg m-2 s-1
