variable,year,value,unit
cltc,2000,-4.935633275390153,%
cltc,2001,-4.757291396273708,%
cltc,2002,-4.931377485588225,%
cltc,2003,-4.992650686538839,%
cltc,2004,-4.956840014584264,%
