variable,year,value,unit
rlutcs,2000,0.010055082415484853,W m-2
rlutcs,2001,-0.013398574625741592,W m-2
rlutcs,2002,-0.04024237634490355,W m-2
rlutcs,2003,0.014571036427095339,W m-2
rlutcs,2004,-0.016814544055890817,W m-2
