variable,year,value,unit
dryso4,2000,-3.9589356563068847,kg m-2 s-1
dryso4,2001,-3.9919994696914896,kg m-2 s-1
dryso4,2002,-3.8063640038880693,kg m-2 s-1
dryso4,2003,-3.5860750296342343,kg m-2 s-1
dryso4,2004,-7.598515240876426,kg m-2 s-1
