variable,year,value,unit
rlut,2000,1.4095714426563462,W m-2
rlut,2001,1.3455085049392819,W m-2
rlut,2002,1.3061851849912196,W m-2
rlut,2003,1.4383854453609415,W m-2
rlut,2004,1.1040631800471294,W m-2
