variable,year,value,unit
wetbc,2000,-6.770628066202216,kg m-2 s-1
wetbc,2001,-6.942339050463661,kg m-2 s-1
wetbc,2002,-6.189889617076883,kg m-2 s-1
wetbc,2003,-6.789532929075729,kg m-2 s-1
wetbc,2004,-7.345923512100678,kg m-2 s-1
