variable,year,value,unit
rsutcs,2000,-0.16367013743378683,W m-2
rsutcs,2001,-0.25173984831305457,W m-2
rsutcs,2002,-0.3075125541426053,W m-2
rsutcs,2003,-0.385801153079128,W m-2
rsutcs,2004,-0.5634668402615435,W m-2
