variable,year,value,unit
clivi,2000,-1.4229838425625467,kg m-2
clivi,2001,1.0914887962583533,kg m-2
clivi,2002,1.9262890278507239,kg m-2
clivi,2003,-0.8264341468337282,kg m-2
clivi,2004,0.8850560303201034,kg m-2
