variable,year,value,unit
loadso2,2000,-7.478519813616029,kg m-2
loadso2,2001,-9.887238393756464,kg m-2
loadso2,2002,-11.694528154706543,kg m-2
loadso2,2003,-12.895348822172664,kg m-2
loadso2,2004,-18.809896346379993,kg m-2
