variable,year,value,unit
dms,2000,-0.07132804074385721,mol mol-1
dms,2001,-0.07781110148733077,mol mol-1
dms,2002,-0.13817077566436467,mol mol-1
dms,2003,-0.05345358270872935,mol mol-1
dms,2004,-0.15532377006040402,mol mol-1
