variable,year,value,unit
drybc,2000,0.11195637629788265,kg m-2 s-1
drybc,2001,-0.23244448467966394,kg m-2 s-1
drybc,2002,-0.12201623868235731,kg m-2 s-1
drybc,2003,-0.3025977221125646,kg m-2 s-1
drybc,2004,0.15526801764354814,kg m-2 s-1
