variable,year,value,unit
rsut,2001,0.3206285805083411,W m-2
rsut,2002,0.33055963638767594,W m-2
rsut,2003,0.3086552609441213,W m-2
rsut,2004,0.330653553523959,W m-2
