variable,year,value,unit
dryso4,2001,4.389685287289656e-14,kg m-2 s-1
dryso4,2002,4.444886375249213e-14,kg m-2 s-1
dryso4,2003,4.4237453116761783e-14,kg m-2 s-1
dryso4,2004,4.758090963097555e-14,kg m-2 s-1
