variable,year,value,unit
clt,2000,-0.020390175819528622,%
clt,2001,-0.047357650540078566,%
clt,2002,-0.05913990915848899,%
clt,2003,0.02057453119989816,%
clt,2004,-0.028885311451006146,%
