variable,year,value,unit
od550aer,2000,0.004332194934977801,1
od550aer,2001,0.004232685578397011,1
od550aer,2002,0.004396926109870497,1
od550aer,2003,0.004446481027626098,1
od550aer,2004,0.004852594338802141,1
