variable,year,value,unit
rsutcs,2001,-0.7143598886206561,W m-2
rsutcs,2002,-0.7120679827431644,W m-2
rsutcs,2003,-0.7137089795975129,W m-2
rsutcs,2004,-0.746156695225487,W m-2
