variable,year,value,unit
rlut,2000,-0.009702412333922439,W m-2
rlut,2001,-0.03272139234135807,W m-2
rlut,2002,-0.021919131123127045,W m-2
rlut,2003,-0.019541689660826478,W m-2
rlut,2004,-0.028988015591011163,W m-2
