variable,year,value,unit
dryso2,2001,-1.9961402608695763e-14,kg m-2 s-1
dryso2,2002,-2.3247143855118878e-14,kg m-2 s-1
dryso2,2003,-1.9256737494386335e-14,kg m-2 s-1
dryso2,2004,-2.2375396760236687e-14,kg m-2 s-1
