variable,year,value,unit
emiso2,2000,8.834788068549034e-14,kg m-2 s-1
emiso2,2001,2.3265342963278636e-14,kg m-2 s-1
emiso2,2002,6.642155145524104e-14,kg m-2 s-1
emiso2,2003,1.0411406639765724e-13,kg m-2 s-1
emiso2,2004,1.2765452909954382e-13,kg m-2 s-1
