variable,year,value,unit
od550aer,2000,0.000634794302153463,1
od550aer,2001,0.000667215039427238,1
od550aer,2002,0.0006885638596726418,1
od550aer,2003,0.0007373453853879858,1
od550aer,2004,0.000657647101948225,1
