variable,year,value,unit
emiso2,2000,-7.238356577918485e-16,kg m-2 s-1
emiso2,2001,-7.467709834392765e-16,kg m-2 s-1
emiso2,2002,-7.255397806900123e-16,kg m-2 s-1
emiso2,2003,-7.289831915384575e-16,kg m-2 s-1
emiso2,2004,-7.63666778696916e-16,kg m-2 s-1
