variable,year,value,unit
dryso4,2001,1.9886923347175472e-14,kg m-2 s-1
dryso4,2002,2.334928666564425e-14,kg m-2 s-1
dryso4,2003,2.2694880285020072e-14,kg m-2 s-1
dryso4,2004,2.5585620588729798e-14,kg m-2 s-1
