variable,year,value,unit
cltc,2001,0.00010223985817769954,%
cltc,2002,0.0006468120239276898,%
cltc,2003,0.0010544596966046704,%
cltc,2004,8.127226064913451e-06,%
