variable,year,value,unit
wetso4,2000,3.1380255332940963e-13,kg m-2 s-1
wetso4,2001,3.1559028857079867e-13,kg m-2 s-1
wetso4,2002,3.2027464556568715e-13,kg m-2 s-1
wetso4,2003,3.176653009709266e-13,kg m-2 s-1
wetso4,2004,3.4510947432887463e-13,kg m-2 s-1
