variable,year,value,unit
mmrbc,2000,-3.7481917992161654e-14,kg kg-1
mmrbc,2001,-6.63665104850206e-14,kg kg-1
mmrbc,2002,-9.031821857035271e-14,kg kg-1
mmrbc,2003,-9.930872661901781e-14,kg kg-1
mmrbc,2004,-6.869604101385358e-14,kg kg-1
