variable,year,value,unit
cltc,2000,0.0010348706812011166,%
cltc,2001,0.0012282166202921552,%
cltc,2002,0.0009965617084075618,%
cltc,2003,3.638433197750146e-05,%
cltc,2004,0.0008453364237395178,%
