variable,year,value,unit
emibc,2001,-2.3162161556752084e-23,kg m-2 s-1
emibc,2002,-1.2945339983308881e-23,kg m-2 s-1
emibc,2003,1.3295890836927373e-23,kg m-2 s-1
emibc,2004,5.153880729298541e-24,kg m-2 s-1
