variable,year,value,unit
loadso4,2000,1.7330917618328558e-07,kg m-2
loadso4,2001,1.720473919946715e-07,kg m-2
loadso4,2002,1.6860316633820015e-07,kg m-2
loadso4,2003,1.7271549513186825e-07,kg m-2
loadso4,2004,1.8519505231894453e-07,kg m-2
