variable,year,value,unit
loadso4,2000,2.549215750379059e-07,kg m-2
loadso4,2001,2.681188437134773e-07,kg m-2
loadso4,2002,2.8609492331565615e-07,kg m-2
loadso4,2003,3.082018593111706e-07,kg m-2
loadso4,2004,3.1186455458334597e-07,kg m-2
