variable,year,value,unit
cl,2000,-0.018949586889130288,%
cl,2001,-0.020366004000260673,%
cl,2002,-0.014951346218028405,%
cl,2003,-0.014894027482837302,%
cl,2004,-0.02202805312627021,%
