variable,year,value,unit
mmrso4,2000,5.571107239648768e-11,kg kg-1
mmrso4,2001,5.815188692062857e-11,kg kg-1
mmrso4,2002,5.930814953229042e-11,kg kg-1
mmrso4,2003,5.643351910457295e-11,kg kg-1
mmrso4,2004,6.409573042309122e-11,kg kg-1
