variable,year,value,unit
mmrbc,2000,-1.9517735744978213e-14,kg kg-1
mmrbc,2001,-3.6748742234059556e-15,kg kg-1
mmrbc,2002,3.25737996911368e-15,kg kg-1
mmrbc,2003,-7.375312487598789e-16,kg kg-1
mmrbc,2004,-1.5598787680401065e-15,kg kg-1
