variable,year,value,unit
clivi,2000,-1.1300371609714033e-05,kg m-2
clivi,2001,2.7488308149328095e-06,kg m-2
clivi,2002,1.9231081478590997e-05,kg m-2
clivi,2003,3.585169291182161e-06,kg m-2
clivi,2004,-2.3872294207038375e-05,kg m-2
