variable,year,value,unit
od550aer,2000,0.0005087647250753002,1
od550aer,2001,0.000518990423946944,1
od550aer,2002,0.0006953235436759214,1
od550aer,2003,0.0006952302643014885,1
od550aer,2004,0.00046677305509783273,1
