variable,year,value,unit
loadso2,2000,-1.6344585868395868e-09,kg m-2
loadso2,2001,-4.036955461375611e-09,kg m-2
loadso2,2002,-1.2816805638239096e-10,kg m-2
loadso2,2003,1.4036914035231556e-10,kg m-2
loadso2,2004,-5.61301570718303e-09,kg m-2
