variable,year,value,unit
rsutcs,2000,-0.01300773240286901,W m-2
rsutcs,2001,-0.015216352244657116,W m-2
rsutcs,2002,-0.016080491136122532,W m-2
rsutcs,2003,-0.003028730789566225,W m-2
rsutcs,2004,-0.0033732935015322596,W m-2
