variable,year,value,unit
rsdt,2000,-7.064937790346448e-08,W m-2
rsdt,2001,1.6046078599174507e-07,W m-2
rsdt,2002,1.2314910691202385e-07,W m-2
rsdt,2003,2.790693542920053e-08,W m-2
rsdt,2004,2.377119585617038e-07,W m-2
