variable,year,value,unit
emiso2,2000,-3.7818989246251535e-14,kg m-2 s-1
emiso2,2001,-3.7818989246251535e-14,kg m-2 s-1
emiso2,2002,-3.7818989246251535e-14,kg m-2 s-1
emiso2,2003,-3.7818989246251535e-14,kg m-2 s-1
emiso2,2004,-3.7818989246251535e-14,kg m-2 s-1
