variable,year,value,unit
dryso4,2000,-4.927470922159944e-15,kg m-2 s-1
dryso4,2001,-2.9786270067218567e-15,kg m-2 s-1
dryso4,2002,-4.043126707279214e-15,kg m-2 s-1
dryso4,2003,-3.71864062971593e-15,kg m-2 s-1
dryso4,2004,-4.5182773543647155e-15,kg m-2 s-1
