variable,year,value,unit
drybc,2000,-1.245753226995895e-17,kg m-2 s-1
drybc,2001,4.348433579889884e-19,kg m-2 s-1
drybc,2002,1.0643181537047285e-17,kg m-2 s-1
drybc,2003,1.633416508715577e-18,kg m-2 s-1
drybc,2004,-2.4938276038829905e-18,kg m-2 s-1
