variable,year,value,unit
loadso4,2000,-1.4015508794688137e-10,kg m-2
loadso4,2001,8.12539033065113e-10,kg m-2
loadso4,2002,7.403755538202289e-09,kg m-2
loadso4,2003,3.95632278090301e-09,kg m-2
loadso4,2004,3.224437960908745e-09,kg m-2
