variable,year,value,unit
emiso2,2000,-1.3515954772799229e-14,kg m-2 s-1
emiso2,2001,-1.4098703078682802e-14,kg m-2 s-1
emiso2,2002,-1.4514773440105018e-14,kg m-2 s-1
emiso2,2003,-1.4754726788969132e-14,kg m-2 s-1
emiso2,2004,-1.6379592266928114e-14,kg m-2 s-1
