variable,year,value,unit
so2,2000,4.617431864334518e-13,mol mol-1
so2,2001,6.042502333912337e-13,mol mol-1
so2,2002,6.064624791959117e-13,mol mol-1
so2,2003,5.559169708260226e-13,mol mol-1
so2,2004,6.298602977634867e-13,mol mol-1
