variable,year,value,unit
loadso4,2000,6.481696536005361e-09,kg m-2
loadso4,2001,3.443995959008449e-09,kg m-2
loadso4,2002,6.7933258613371246e-09,kg m-2
loadso4,2003,7.349996261988993e-09,kg m-2
loadso4,2004,6.392791047046598e-09,kg m-2
