variable,year,value,unit
so2,2000,-6.451887018900015e-13,mol mol-1
so2,2001,-7.053562692120803e-13,mol mol-1
so2,2002,-8.623370392331595e-13,mol mol-1
so2,2003,-8.214867408423001e-13,mol mol-1
so2,2004,-7.496205225414678e-13,mol mol-1
