variable,year,value,unit
loadbc,2000,1.0581462387419095e-11,kg m-2
loadbc,2001,4.564502606670297e-12,kg m-2
loadbc,2002,6.273606822904705e-13,kg m-2
loadbc,2003,1.0193967191441455e-11,kg m-2
loadbc,2004,-9.665528382698297e-12,kg m-2
