variable,year,value,unit
cl,2000,-0.006665875353306205,%
cl,2001,-0.011658800354995336,%
cl,2002,-0.0018916957607206797,%
cl,2003,0.004088073086771615,%
cl,2004,0.0014844963406943634,%
