variable,year,value,unit
cltc,2000,-0.0005152193460112864,%
cltc,2001,-0.0011342953388361332,%
cltc,2002,0.0007955801980006338,%
cltc,2003,-0.0006672318753331297,%
cltc,2004,-0.0007987264757847168,%
