variable,year,value,unit
loadbc,2000,1.5515112630802667e-10,kg m-2
loadbc,2001,-4.281439037846294e-10,kg m-2
loadbc,2002,1.7449532637845175e-10,kg m-2
loadbc,2003,4.1456042037357056e-10,kg m-2
loadbc,2004,9.184616701538464e-11,kg m-2
