variable,year,value,unit
dryso4,2000,-1.049895243796712e-12,kg m-2 s-1
dryso4,2001,-9.853172449896862e-13,kg m-2 s-1
dryso4,2002,-9.901473997005765e-13,kg m-2 s-1
dryso4,2003,-9.91016087760084e-13,kg m-2 s-1
dryso4,2004,-1.0225634655666053e-12,kg m-2 s-1
