variable,year,value,unit
wetbc,2000,-4.88035151170345e-13,kg m-2 s-1
wetbc,2001,-4.739480763551541e-13,kg m-2 s-1
wetbc,2002,-4.969104683619372e-13,kg m-2 s-1
wetbc,2003,-5.421334715666067e-13,kg m-2 s-1
wetbc,2004,-5.426639848841046e-13,kg m-2 s-1
