variable,year,value,unit
emiso2,2000,-2.8437092966201584e-13,kg m-2 s-1
emiso2,2001,-2.981016236009115e-13,kg m-2 s-1
emiso2,2002,-3.0511570395477773e-13,kg m-2 s-1
emiso2,2003,-2.697730329178634e-13,kg m-2 s-1
emiso2,2004,-2.6200314407691395e-13,kg m-2 s-1
