variable,year,value,unit
wetso2,2000,2.4976833677942922e-18,kg m-2 s-1
wetso2,2001,-7.568859259226528e-18,kg m-2 s-1
wetso2,2002,-1.7490743029670872e-22,kg m-2 s-1
wetso2,2003,-1.756039220687483e-17,kg m-2 s-1
wetso2,2004,-1.7289820295759695e-17,kg m-2 s-1
