variable,year,value,unit
dryso2,2000,-8.846024015252421e-15,kg m-2 s-1
dryso2,2001,-8.936183440850635e-15,kg m-2 s-1
dryso2,2002,-7.589752792890346e-15,kg m-2 s-1
dryso2,2003,-1.0540417718570918e-14,kg m-2 s-1
dryso2,2004,-5.1921297049325574e-15,kg m-2 s-1
