variable,year,value,unit
clivi,2000,-6.188001298042256e-05,kg m-2
clivi,2001,-3.9256854461802194e-05,kg m-2
clivi,2002,-1.3435353958683553e-05,kg m-2
clivi,2003,-3.903450998444472e-05,kg m-2
clivi,2004,-1.9669324234523715e-05,kg m-2
