variable,year,value,unit
emibc,2000,-3.7790757919709925e-21,kg m-2 s-1
emibc,2001,-6.792080352780054e-21,kg m-2 s-1
emibc,2002,2.2754463347239975e-21,kg m-2 s-1
emibc,2003,-1.8004885696335217e-21,kg m-2 s-1
emibc,2004,-1.1768956901305437e-21,kg m-2 s-1
