variable,year,value,unit
so2,2000,-0.24925295870379285,mol mol-1
so2,2001,-0.18498937326882123,mol mol-1
so2,2002,-0.12883406101662048,mol mol-1
so2,2003,-0.33074096648425466,mol mol-1
so2,2004,-0.16946576279609443,mol mol-1
