variable,year,value,unit
rlut,2000,-0.000910060225635701,W m-2
rlut,2001,-0.006312509416035725,W m-2
rlut,2002,0.009839380227651722,W m-2
rlut,2003,0.005600385054970456,W m-2
rlut,2004,0.009656348052320128,W m-2
