variable,year,value,unit
emiso2,2000,-0.01710503430583865,kg m-2 s-1
emiso2,2001,-0.02186836762936368,kg m-2 s-1
emiso2,2002,-0.008390320347693034,kg m-2 s-1
emiso2,2003,-0.02331133600303524,kg m-2 s-1
emiso2,2004,-0.03135162837410929,kg m-2 s-1
