variable,year,value,unit
rsutcs,2000,-0.07315702100912719,W m-2
rsutcs,2001,-0.06528601564399392,W m-2
rsutcs,2002,-0.05902072704863869,W m-2
rsutcs,2003,-0.07162204685644752,W m-2
rsutcs,2004,-0.0585984970640525,W m-2
