variable,year,value,unit
emibc,2000,9.760984528061894e-06,kg m-2 s-1
emibc,2001,3.696543656899378e-06,kg m-2 s-1
emibc,2002,2.976229057266659e-05,kg m-2 s-1
emibc,2003,-3.763295746641858e-06,kg m-2 s-1
emibc,2004,2.3998763194278082e-05,kg m-2 s-1
