variable,year,value,unit
wetbc,2000,7.437909141685712e-15,kg m-2 s-1
wetbc,2001,-4.162169990554525e-15,kg m-2 s-1
wetbc,2002,2.276856703239106e-16,kg m-2 s-1
wetbc,2003,3.1171493790277407e-15,kg m-2 s-1
wetbc,2004,1.0196726347116361e-14,kg m-2 s-1
