variable,year,value,unit
mmrso4,2000,1.7010771862109997e-10,kg kg-1
mmrso4,2001,1.7555322479492236e-10,kg kg-1
mmrso4,2002,1.767644516654931e-10,kg kg-1
mmrso4,2003,1.7794001523984482e-10,kg kg-1
mmrso4,2004,1.9092767407159685e-10,kg kg-1
