variable,year,value,unit
rsdt,2000,-6.270147423492745e-08,W m-2
rsdt,2001,1.8603934108796238e-06,W m-2
rsdt,2002,1.118916486575472e-06,W m-2
rsdt,2003,-2.651586896718072e-07,W m-2
rsdt,2004,-9.509924439043971e-07,W m-2
