variable,year,value,unit
rsut,2000,0.25672625141893946,W m-2
rsut,2001,0.035933066053146945,W m-2
rsut,2002,0.4671961192652958,W m-2
rsut,2003,0.3638462994258589,W m-2
rsut,2004,0.5174284093736787,W m-2
