variable,year,value,unit
wetso2,2000,2.8182041023668343e-13,kg m-2 s-1
wetso2,2001,3.2519501299034283e-13,kg m-2 s-1
wetso2,2002,2.8212561080450484e-13,kg m-2 s-1
wetso2,2003,2.9507703907355077e-13,kg m-2 s-1
wetso2,2004,2.4757282601824504e-13,kg m-2 s-1
