variable,year,value,unit
mmrso4,2000,3.2749466693656844e-10,kg kg-1
mmrso4,2001,3.8150784585233773e-10,kg kg-1
mmrso4,2002,3.5484518110237523e-10,kg kg-1
mmrso4,2003,3.783656575106805e-10,kg kg-1
mmrso4,2004,3.9473106580003216e-10,kg kg-1
