variable,year,value,unit
loadbc,2000,-2.5363542178986262e-08,kg m-2
loadbc,2001,-2.67543219791194e-08,kg m-2
loadbc,2002,-2.7671433314817813e-08,kg m-2
loadbc,2003,-2.9454523912508182e-08,kg m-2
loadbc,2004,-3.0924572773036046e-08,kg m-2
