variable,year,value,unit
emiso2,2000,-3.449559100974585e-13,kg m-2 s-1
emiso2,2001,-4.2923050523424954e-13,kg m-2 s-1
emiso2,2002,-6.505035034656949e-13,kg m-2 s-1
emiso2,2003,-6.175444198905965e-13,kg m-2 s-1
emiso2,2004,-6.760844918907105e-13,kg m-2 s-1
