variable,year,value,unit
dryso4,2000,1.2159262496024645e-15,kg m-2 s-1
dryso4,2001,5.344306056228011e-17,kg m-2 s-1
dryso4,2002,6.289267579774651e-16,kg m-2 s-1
dryso4,2003,-2.9864521030188e-16,kg m-2 s-1
dryso4,2004,1.4798877501581635e-15,kg m-2 s-1
