variable,year,value,unit
wetso4,2001,6.671531374554787e-16,kg m-2 s-1
wetso4,2002,-3.747922371032881e-15,kg m-2 s-1
wetso4,2003,1.0295397498684423e-15,kg m-2 s-1
wetso4,2004,-5.271083990589577e-15,kg m-2 s-1
