variable,year,value,unit
wetbc,2000,-1.7082842642585893e-16,kg m-2 s-1
wetbc,2001,-1.0649542886857831e-16,kg m-2 s-1
wetbc,2002,-1.7193725321643587e-16,kg m-2 s-1
wetbc,2003,-2.4349716219237918e-17,kg m-2 s-1
wetbc,2004,-2.233157063500059e-16,kg m-2 s-1
