variable,year,value,unit
rsut,2000,0.41989473981770686,W m-2
rsut,2001,0.005934824701782304,W m-2
rsut,2002,0.0064501099842004805,W m-2
rsut,2003,0.0015473001997747815,W m-2
rsut,2004,0.0036172035968462524,W m-2
