variable,year,value,unit
rlut,2000,0.02151011330579422,W m-2
rlut,2001,0.01974153727056205,W m-2
rlut,2002,0.005057593864762566,W m-2
rlut,2003,0.003422058637710279,W m-2
rlut,2004,-0.007279260026109569,W m-2
