variable,year,value,unit
mmrso4,2001,-1.4078296065065113e-12,kg kg-1
mmrso4,2002,-2.868777837738252e-13,kg kg-1
mmrso4,2003,-7.28934009084329e-13,kg kg-1
mmrso4,2004,-2.2634843864833087e-12,kg kg-1
