variable,year,value,unit
dryso2,2001,-1.7634686384517335e-14,kg m-2 s-1
dryso2,2002,-1.810026992860681e-14,kg m-2 s-1
dryso2,2003,-1.750835598079578e-14,kg m-2 s-1
dryso2,2004,-1.7806516132842256e-14,kg m-2 s-1
