variable,year,value,unit
emiso2,2001,3.2228047883038664e-15,kg m-2 s-1
emiso2,2002,4.793565988807565e-15,kg m-2 s-1
emiso2,2003,2.128343977045695e-14,kg m-2 s-1
emiso2,2004,1.6723516873200866e-16,kg m-2 s-1
