variable,year,value,unit
emiso2,2000,5.497620127129669e-16,kg m-2 s-1
emiso2,2001,2.207259640040685e-16,kg m-2 s-1
emiso2,2002,1.410112897097742e-16,kg m-2 s-1
emiso2,2003,2.296581634314197e-16,kg m-2 s-1
emiso2,2004,-1.631391022323524e-16,kg m-2 s-1
