variable,year,value,unit
clivi,2000,-8.048587102032004e-06,kg m-2
clivi,2001,-4.176623084883868e-06,kg m-2
clivi,2002,-1.1012221479683032e-06,kg m-2
clivi,2003,1.3281923701476822e-06,kg m-2
clivi,2004,-9.687521315443481e-06,kg m-2
