variable,year,value,unit
wetbc,2000,2.279767493087835e-16,kg m-2 s-1
wetbc,2001,-2.9407829486780244e-16,kg m-2 s-1
wetbc,2002,1.5799307280019694e-16,kg m-2 s-1
wetbc,2003,1.3075922119361037e-16,kg m-2 s-1
wetbc,2004,1.2087224038441934e-17,kg m-2 s-1
