variable,year,value,unit
loadbc,2000,-1.5709295065696838e-10,kg m-2
loadbc,2001,-2.0549034188304952e-10,kg m-2
loadbc,2002,-6.447459640698106e-11,kg m-2
loadbc,2003,-2.7443437581804234e-10,kg m-2
loadbc,2004,-1.7439610756683745e-10,kg m-2
