variable,year,value,unit
cl,2000,-0.00868276253170741,%
cl,2001,-0.005520810531182363,%
cl,2002,-0.00021350297938838025,%
cl,2003,-0.01160944518304774,%
cl,2004,-0.004794302963564867,%
