variable,year,value,unit
dryso4,2001,-2.86225458642805e-16,kg m-2 s-1
dryso4,2002,-6.589868282964658e-16,kg m-2 s-1
dryso4,2003,-1.2715505647661862e-16,kg m-2 s-1
dryso4,2004,-2.692055867857337e-16,kg m-2 s-1
