variable,year,value,unit
cltc,2000,0.0023326256297977466,%
cltc,2001,-0.0007350733299915646,%
cltc,2002,-0.005685067049633119,%
cltc,2003,0.0013492901452849537,%
cltc,2004,-0.0034067524455991816,%
