variable,year,value,unit
mmrso4,2000,-1.7730110980192455e-13,kg kg-1
mmrso4,2001,-3.420107404430538e-13,kg kg-1
mmrso4,2002,-1.0951206643400813e-12,kg kg-1
mmrso4,2003,-8.744027407151783e-13,kg kg-1
mmrso4,2004,-1.141247530094674e-12,kg kg-1
