variable,year,value,unit
loadso2,2000,-3.5076554647090146e-08,kg m-2
loadso2,2001,-3.060272245228986e-08,kg m-2
loadso2,2002,-2.8081548742843846e-08,kg m-2
loadso2,2003,-3.123437793629825e-08,kg m-2
loadso2,2004,-2.7230519979620063e-08,kg m-2
