variable,year,value,unit
emiso2,2000,-5.458286250194799e-15,kg m-2 s-1
emiso2,2001,-6.246872680918083e-15,kg m-2 s-1
emiso2,2002,5.444436240757025e-15,kg m-2 s-1
emiso2,2003,3.713179639950503e-15,kg m-2 s-1
emiso2,2004,4.425271430335096e-15,kg m-2 s-1
