variable,year,value,unit
so2,2000,-5.483080798744403e-13,mol mol-1
so2,2001,-7.409374319471826e-13,mol mol-1
so2,2002,-8.997610137400927e-13,mol mol-1
so2,2003,-8.4963612156378e-13,mol mol-1
so2,2004,-7.700309724138233e-13,mol mol-1
