variable,year,value,unit
wetso2,2000,-3.0570113483450504e-15,kg m-2 s-1
wetso2,2001,-3.358442557886434e-15,kg m-2 s-1
wetso2,2002,-1.8744599612617555e-15,kg m-2 s-1
wetso2,2003,-8.185319490658159e-16,kg m-2 s-1
wetso2,2004,-1.861474748396131e-15,kg m-2 s-1
