variable,year,value,unit
wetso4,2000,6.251388039379811e-15,kg m-2 s-1
wetso4,2001,6.0404974757991176e-15,kg m-2 s-1
wetso4,2002,1.0807340514304827e-14,kg m-2 s-1
wetso4,2003,1.2537105831730964e-14,kg m-2 s-1
wetso4,2004,1.231431514232713e-14,kg m-2 s-1
