variable,year,value,unit
mmrbc,2001,-7.939941901168363e-15,kg kg-1
mmrbc,2002,-2.5589978237652854e-14,kg kg-1
mmrbc,2003,1.668394207362311e-14,kg kg-1
mmrbc,2004,2.7120716266462307e-14,kg kg-1
