variable,year,value,unit
emiso2,2001,-1.9376558713501884e-13,kg m-2 s-1
emiso2,2002,-2.021259191807502e-13,kg m-2 s-1
emiso2,2003,-2.0808307512134535e-13,kg m-2 s-1
emiso2,2004,-2.1151814882245613e-13,kg m-2 s-1
emiso2,2005,-2.347971858706652e-13,kg m-2 s-1
