variable,year,value,unit
od550aer,2000,-1.5991364011036513e-06,1
od550aer,2001,-0.00024814559776487055,1
od550aer,2002,-0.00023365266739799884,1
od550aer,2003,0.00016513705607754114,1
od550aer,2004,-0.00011463903575631429,1
od550aer,2005,0.00014076924361441923,1
od550aer,2006,-0.00018995732862897574,1
od550aer,2007,-0.00018874116707040534,1
od550aer,2008,-0.00046482605031239466,1
od550aer,2009,-0.00030318541229082396,1
