variable,year,value,unit
rlutcs,2000,2.0914889432788186e-05,W m-2
rlutcs,2001,0.0036019868645666975,W m-2
rlutcs,2002,-0.0019985450059039067,W m-2
rlutcs,2003,-0.019630637138902784,W m-2
rlutcs,2004,0.007964756438468612,W m-2
rlutcs,2005,0.00043794122490226073,W m-2
rlutcs,2006,-1.9595799130911473e-05,W m-2
rlutcs,2007,0.004211185689712238,W m-2
rlutcs,2008,-0.006110872561350789,W m-2
rlutcs,2009,-0.0015959911856384679,W m-2
