variable,year,value,unit
drybc,2000,-2.8222063162482545e-18,kg m-2 s-1
drybc,2001,1.2221501034965545e-17,kg m-2 s-1
drybc,2002,8.91838153394363e-18,kg m-2 s-1
drybc,2003,1.6809692331425973e-17,kg m-2 s-1
drybc,2004,3.930537124105756e-18,kg m-2 s-1
