variable,year,value,unit
emiso2,2000,-1.8875076425958867e-13,kg m-2 s-1
emiso2,2001,-1.827552912989112e-13,kg m-2 s-1
emiso2,2002,-1.9063346840417585e-13,kg m-2 s-1
emiso2,2003,-1.9625409578457192e-13,kg m-2 s-1
emiso2,2004,-1.9943095492976121e-13,kg m-2 s-1
