variable,year,value,unit
wetso4,2000,-9.124654369957093e-14,kg m-2 s-1
wetso4,2001,-8.728865244793778e-14,kg m-2 s-1
wetso4,2002,-8.745514907786259e-14,kg m-2 s-1
wetso4,2003,-8.780892294067812e-14,kg m-2 s-1
wetso4,2004,-8.356030342162278e-14,kg m-2 s-1
