variable,year,value,unit
dryso2,2000,-1.3819953810224938e-13,kg m-2 s-1
dryso2,2001,-1.389304403343739e-13,kg m-2 s-1
dryso2,2002,-1.3646025611200942e-13,kg m-2 s-1
dryso2,2003,-1.4138358698995753e-13,kg m-2 s-1
dryso2,2004,-1.404765691888206e-13,kg m-2 s-1
