variable,year,value,unit
emiso2,2000,-1.8875077036626025e-13,kg m-2 s-1
emiso2,2001,-1.8275529230419273e-13,kg m-2 s-1
emiso2,2002,-1.906334678674776e-13,kg m-2 s-1
emiso2,2003,-1.962541036053346e-13,kg m-2 s-1
emiso2,2004,-1.994309563212757e-13,kg m-2 s-1
emiso2,2005,-2.2150108008690735e-13,kg m-2 s-1
emiso2,2006,-2.4299367593462085e-13,kg m-2 s-1
emiso2,2007,-2.6057767935854224e-13,kg m-2 s-1
emiso2,2008,-2.4870013747101134e-13,kg m-2 s-1
emiso2,2009,-2.4824654626388297e-13,kg m-2 s-1
