variable,year,value,unit
emibc,2001,-7.91363045794628e-23,kg m-2 s-1
emibc,2002,1.167407990603691e-22,kg m-2 s-1
emibc,2003,3.076155021973666e-22,kg m-2 s-1
emibc,2004,-6.869210173869869e-23,kg m-2 s-1
emibc,2005,1.0867007042413603e-22,kg m-2 s-1
