variable,year,value,unit
loadbc,2000,8.892542721298588e-12,kg m-2
loadbc,2001,1.560129414905067e-12,kg m-2
loadbc,2002,-1.5331462741947474e-11,kg m-2
loadbc,2003,9.944152280393173e-12,kg m-2
loadbc,2004,-1.3688140817962685e-11,kg m-2
