variable,year,value,unit
drybc,2000,-8.777956825411523e-17,kg m-2 s-1
drybc,2001,2.2980523530608173e-16,kg m-2 s-1
drybc,2002,-2.2983392029172166e-16,kg m-2 s-1
drybc,2003,1.0113755620639744e-16,kg m-2 s-1
drybc,2004,7.171482606800373e-17,kg m-2 s-1
