variable,year,value,unit
loadbc,2000,0.053740445892813224,kg m-2
loadbc,2001,0.038278843574860985,kg m-2
loadbc,2002,0.008111884064054128,kg m-2
loadbc,2003,0.06266832052632763,kg m-2
loadbc,2004,-0.0377031273908404,kg m-2
