variable,year,value,unit
dryso4,2000,0.26497617868121576,kg m-2 s-1
dryso4,2001,0.3381927604514679,kg m-2 s-1
dryso4,2002,0.33737942437593793,kg m-2 s-1
dryso4,2003,0.42647413750124885,kg m-2 s-1
dryso4,2004,0.39346054161953664,kg m-2 s-1
