variable,year,value,unit
loadbc,2000,-0.08123186781416952,kg m-2
loadbc,2001,-0.025377737015848917,kg m-2
loadbc,2002,0.03658176504603332,kg m-2
loadbc,2003,0.00170989331040125,kg m-2
loadbc,2004,-0.08132951328025981,kg m-2
