variable,year,value,unit
rlut,2000,0.006550290454468404,W m-2
rlut,2001,0.002012595859276605,W m-2
rlut,2002,0.0038974669972492207,W m-2
rlut,2003,0.003423525445339242,W m-2
rlut,2004,0.002512733151928496,W m-2
