variable,year,value,unit
rsutcs,2000,-0.015238369369356856,W m-2
rsutcs,2001,-0.0449811406007142,W m-2
rsutcs,2002,-0.03239076123846517,W m-2
rsutcs,2003,-0.024725371281856562,W m-2
rsutcs,2004,0.016259133302648915,W m-2
