variable,year,value,unit
mmrso4,2000,0.36289074751922024,kg kg-1
mmrso4,2001,0.30266331469494306,kg kg-1
mmrso4,2002,0.21699826283821078,kg kg-1
mmrso4,2003,0.5266716363908057,kg kg-1
mmrso4,2004,0.5049246806129157,kg kg-1
