variable,year,value,unit
emibc,2000,-8.982205312902252e-07,kg m-2 s-1
emibc,2001,7.044945969739634e-06,kg m-2 s-1
emibc,2002,-1.7581056650216862e-06,kg m-2 s-1
emibc,2003,-1.744062660855881e-06,kg m-2 s-1
emibc,2004,-4.073045330124614e-06,kg m-2 s-1
