variable,year,value,unit
loadso4,2000,-0.7956553850753575,kg m-2
loadso4,2001,-0.09126363068185597,kg m-2
loadso4,2002,-0.035468188596588096,kg m-2
loadso4,2003,-0.22060169309476302,kg m-2
loadso4,2004,0.15579171669165115,kg m-2
