variable,year,value,unit
emibc,2000,1.4306351043864645e-05,kg m-2 s-1
emibc,2001,5.416141475238564e-05,kg m-2 s-1
emibc,2002,1.847700240269904e-05,kg m-2 s-1
emibc,2003,3.0784510320666674e-05,kg m-2 s-1
emibc,2004,4.2289676613446675e-05,kg m-2 s-1
