variable,year,value,unit
mmrbc,2001,0.003808723249889922,kg kg-1
mmrbc,2002,-0.003363845080916285,kg kg-1
mmrbc,2003,-0.012673727148122984,kg kg-1
mmrbc,2004,-0.008891246282584473,kg kg-1
