variable,year,value,unit
cl,2000,0.21662717489931096,%
cl,2001,0.07784251190184575,%
cl,2002,-0.152578278793543,%
cl,2003,-0.40817433401596526,%
cl,2004,-0.3350240506333082,%
