variable,year,value,unit
mmrso4,2000,-0.09906892650136563,kg kg-1
mmrso4,2001,1.5914480364294266,kg kg-1
mmrso4,2002,0.9332085434409547,kg kg-1
mmrso4,2003,1.2623649617422574,kg kg-1
mmrso4,2004,1.6202021801057307,kg kg-1
