variable,year,value,unit
clivi,2000,-0.23494315878095762,kg m-2
clivi,2001,-1.4747100580181915,kg m-2
clivi,2002,1.925518261627534,kg m-2
clivi,2003,-0.36830845298298887,kg m-2
clivi,2004,0.26408600600723725,kg m-2
