variable,year,value,unit
dryso2,2000,-1.3049364198652067,kg m-2 s-1
dryso2,2001,-1.2506165417242574,kg m-2 s-1
dryso2,2002,-1.0895331397405148,kg m-2 s-1
dryso2,2003,-1.031739522192055,kg m-2 s-1
dryso2,2004,-1.0649888865934376,kg m-2 s-1
