variable,year,value,unit
wetbc,2000,0.03442381035888381,kg m-2 s-1
wetbc,2001,0.10106265997971785,kg m-2 s-1
wetbc,2002,0.017674851988602115,kg m-2 s-1
wetbc,2003,0.07595273630269975,kg m-2 s-1
wetbc,2004,-0.29912565673510116,kg m-2 s-1
