variable,year,value,unit
drybc,2000,-0.12803858300026533,kg m-2 s-1
drybc,2001,-0.86620937782173,kg m-2 s-1
drybc,2002,-0.27954702721572433,kg m-2 s-1
drybc,2003,-0.46175863896834834,kg m-2 s-1
drybc,2004,0.523619905109705,kg m-2 s-1
