variable,year,value,unit
loadso2,2000,-0.7721661468230838,kg m-2
loadso2,2001,-0.8672302789997015,kg m-2
loadso2,2002,-0.7856291313515827,kg m-2
loadso2,2003,-0.8478839279070816,kg m-2
loadso2,2004,-0.835017338648407,kg m-2
