variable,year,value,unit
dryso4,2000,-0.22593646127734157,kg m-2 s-1
dryso4,2001,-0.9076478437222775,kg m-2 s-1
dryso4,2002,-0.5700394078567514,kg m-2 s-1
dryso4,2003,-0.5634500023567725,kg m-2 s-1
dryso4,2004,-0.4848456697926947,kg m-2 s-1
