variable,year,value,unit
emiso2,2000,-0.06120643725309623,kg m-2 s-1
emiso2,2001,-0.005778065022965001,kg m-2 s-1
emiso2,2002,-0.0022521203274239415,kg m-2 s-1
emiso2,2003,0.005647803894746157,kg m-2 s-1
emiso2,2004,-0.09265990446287611,kg m-2 s-1
