variable,year,value,unit
rsut,2000,0.03918456850688525,W m-2
rsut,2001,-0.008647572817028559,W m-2
rsut,2002,0.001311932897112799,W m-2
rsut,2003,-0.03103124360920132,W m-2
rsut,2004,0.08039870195920852,W m-2
