variable,year,value,unit
dryso4,2001,-0.5617153226272389,kg m-2 s-1
dryso4,2002,-0.3834917045931088,kg m-2 s-1
dryso4,2003,-0.28873217461331735,kg m-2 s-1
dryso4,2004,-0.29910901213766145,kg m-2 s-1
