variable,year,value,unit
rlut,2001,-0.0008314629972248704,W m-2
rlut,2002,0.012903468592956728,W m-2
rlut,2003,-0.014969912709870335,W m-2
rlut,2004,0.01017895003063245,W m-2
