variable,year,value,unit
loadso2,2000,-0.42863491731451564,kg m-2
loadso2,2001,-0.30357893563511984,kg m-2
loadso2,2002,-0.5058699674390866,kg m-2
loadso2,2003,-0.13945950396208492,kg m-2
loadso2,2004,-0.5605375608247012,kg m-2
