variable,year,value,unit
loadso4,2000,-0.7217601344572246,kg m-2
loadso4,2001,-1.0026158866269428,kg m-2
loadso4,2002,-0.753256520608915,kg m-2
loadso4,2003,-0.682757275753533,kg m-2
loadso4,2004,-0.9389860370315507,kg m-2
