variable,year,value,unit
so2,2000,-1.4220897351833703,mol mol-1
so2,2001,-1.5198944000879173,mol mol-1
so2,2002,-0.9176856454755768,mol mol-1
so2,2003,-1.186624311086578,mol mol-1
so2,2004,-0.8244645189936317,mol mol-1
