variable,year,value,unit
loadso2,2000,0.06401047965085052,kg m-2
loadso2,2001,0.11872123221875162,kg m-2
loadso2,2002,-0.0041605730646706715,kg m-2
loadso2,2003,0.2719968533454308,kg m-2
loadso2,2004,-0.038156866861396965,kg m-2
