variable,year,value,unit
clt,2000,0.06325958530841895,%
clt,2001,0.008662960129255938,%
clt,2002,-0.0018308630933012203,%
clt,2003,-0.0012197801367859957,%
clt,2004,0.0013182357822449052,%
