variable,year,value,unit
dryso2,2001,-0.7063500222985915,kg m-2 s-1
dryso2,2002,-0.5808491965013771,kg m-2 s-1
dryso2,2003,-0.6171414873208756,kg m-2 s-1
dryso2,2004,-0.5646632840658871,kg m-2 s-1
