variable,year,value,unit
rsutcs,2000,-0.22380709962144038,W m-2
rsutcs,2001,0.003143470931685273,W m-2
rsutcs,2002,0.0027827701069828635,W m-2
rsutcs,2003,0.0027923769829063753,W m-2
rsutcs,2004,0.002237331746564127,W m-2
