variable,year,value,unit
rsut,2001,0.00436738992536549,W m-2
rsut,2002,0.01704420224221737,W m-2
rsut,2003,-0.07573537110107388,W m-2
rsut,2004,-0.039508333532096825,W m-2
