variable,year,value,unit
clt,2001,0.06951246193005034,%
clt,2002,-0.002884816485825365,%
clt,2003,0.02156487131978133,%
clt,2004,-0.07120939798933339,%
