variable,year,value,unit
loadbc,2000,-2.080822286878877e-08,kg m-2
loadbc,2001,-2.0627235411712297e-08,kg m-2
loadbc,2002,-2.3229154618295067e-08,kg m-2
loadbc,2003,-2.4638264329292148e-08,kg m-2
loadbc,2004,-2.491371596976734e-08,kg m-2
