variable,year,value,unit
loadbc,2000,6.477131801496884e-08,kg m-2
loadbc,2001,6.790381511836325e-08,kg m-2
loadbc,2002,7.584431321314786e-08,kg m-2
loadbc,2003,7.87366502239355e-08,kg m-2
loadbc,2004,8.79850779653768e-08,kg m-2
