variable,year,value,unit
rlut,2000,-0.5324947567999914,W m-2
rlut,2001,-0.513351610822042,W m-2
rlut,2002,-0.48663975141042215,W m-2
rlut,2003,-0.5153041329458574,W m-2
rlut,2004,-0.4660000889083449,W m-2
