variable,year,value,unit
wetso2,2001,-0.2972367459700758,kg m-2 s-1
wetso2,2002,-0.41124659097336236,kg m-2 s-1
wetso2,2003,-0.36881241608692883,kg m-2 s-1
wetso2,2004,-0.24979535990101606,kg m-2 s-1
