variable,year,value,unit
mmrbc,2000,0.06865554507826876,kg kg-1
mmrbc,2001,-0.027948824606334535,kg kg-1
mmrbc,2002,0.020716778744276118,kg kg-1
mmrbc,2003,-0.07018732939182085,kg kg-1
mmrbc,2004,-0.02269919209570029,kg kg-1
