variable,year,value,unit
loadso2,2000,0.40814270942497943,kg m-2
loadso2,2001,0.3510467554990002,kg m-2
loadso2,2002,0.04249680565076788,kg m-2
loadso2,2003,0.3002863707551489,kg m-2
loadso2,2004,-0.019054867315087536,kg m-2
