variable,year,value,unit
loadso4,2000,1.4948491143116693,kg m-2
loadso4,2001,1.3979226087601104,kg m-2
loadso4,2002,1.2675865672868896,kg m-2
loadso4,2003,1.293256032327094,kg m-2
loadso4,2004,1.3606161009438156,kg m-2
