variable,year,value,unit
dms,2000,-0.027194114753835298,mol mol-1
dms,2001,-0.07441080774466498,mol mol-1
dms,2002,-0.04692626840140323,mol mol-1
dms,2003,-0.0644337711367704,mol mol-1
dms,2004,-0.023534259044495128,mol mol-1
