variable,year,value,unit
loadbc,2000,0.06143669205661496,kg m-2
loadbc,2001,-0.03307277044477974,kg m-2
loadbc,2002,-0.021016460103465195,kg m-2
loadbc,2003,0.02073727136515647,kg m-2
loadbc,2004,-0.15144115415932893,kg m-2
