variable,year,value,unit
clt,2000,-0.031960627503486445,%
clt,2001,0.018029192481022117,%
clt,2002,0.10855255490517478,%
clt,2003,-0.20711474255908194,%
clt,2004,-0.1529036455094134,%
