variable,year,value,unit
dryso4,2001,-0.10930731928143593,kg m-2 s-1
dryso4,2002,-0.09687688882297542,kg m-2 s-1
dryso4,2003,-0.7065119573709184,kg m-2 s-1
dryso4,2004,-0.4781238172937889,kg m-2 s-1
