variable,year,value,unit
drybc,2000,0.12895251241356295,kg m-2 s-1
drybc,2001,0.3051217523360196,kg m-2 s-1
drybc,2002,0.13804607391683027,kg m-2 s-1
drybc,2003,0.07663677485051876,kg m-2 s-1
drybc,2004,0.26291785142044216,kg m-2 s-1
