variable,year,value,unit
loadso2,2000,-2.447861692171421,kg m-2
loadso2,2001,-2.2024384581507754,kg m-2
loadso2,2002,-2.303766977065531,kg m-2
loadso2,2003,-1.8176247084089054,kg m-2
loadso2,2004,-1.904349793956644,kg m-2
