variable,year,value,unit
emiso2,2001,0.0025001311776804286,kg m-2 s-1
emiso2,2002,0.006403855250019351,kg m-2 s-1
emiso2,2003,0.008208328366541322,kg m-2 s-1
emiso2,2004,0.0036703745265500745,kg m-2 s-1
