variable,year,value,unit
dryso4,2001,-0.7938327308103871,kg m-2 s-1
dryso4,2002,-0.8062899715240454,kg m-2 s-1
dryso4,2003,-0.9831512591323057,kg m-2 s-1
dryso4,2004,-0.7139708917388198,kg m-2 s-1
