variable,year,value,unit
wetso2,2001,-1.2933285405070427,kg m-2 s-1
wetso2,2002,-0.3038689592482864,kg m-2 s-1
wetso2,2003,-0.3866693623862447,kg m-2 s-1
wetso2,2004,-0.7531829990804026,kg m-2 s-1
