variable,year,value,unit
drybc,2000,0.0,kg m-2 s-1
drybc,2001,0.0005986349498205222,kg m-2 s-1
drybc,2002,0.026783249354119774,kg m-2 s-1
drybc,2003,0.0011323840287160985,kg m-2 s-1
drybc,2004,0.004288515476615868,kg m-2 s-1
