variable,year,value,unit
wetbc,2000,-0.023888793352330476,kg m-2 s-1
wetbc,2001,-0.23105612860999966,kg m-2 s-1
wetbc,2002,0.025550631972935996,kg m-2 s-1
wetbc,2003,0.16886614338363434,kg m-2 s-1
wetbc,2004,-0.08156293820510993,kg m-2 s-1
