variable,year,value,unit
mmrbc,2001,0.3723988736280672,kg kg-1
mmrbc,2002,0.09270116726866481,kg kg-1
mmrbc,2003,-0.08367639538619157,kg kg-1
mmrbc,2004,0.07071055758960462,kg kg-1
