variable,year,value,unit
cl,2000,0.12196572380338035,%
cl,2001,-0.05909144919953186,%
cl,2002,-0.31412583233321456,%
cl,2003,-0.21741969747700687,%
cl,2004,0.32382854748438755,%
