variable,year,value,unit
rsdt,2000,-1.5107594539556627e-08,W m-2
rsdt,2001,4.034828009321217e-08,W m-2
rsdt,2002,-5.9296339024415224e-08,W m-2
rsdt,2003,4.8263985338397266e-08,W m-2
rsdt,2004,1.652427913483895e-08,W m-2
