variable,year,value,unit
loadso4,2000,1.4435772316615731,kg m-2
loadso4,2001,1.3447675165029784,kg m-2
loadso4,2002,1.0871637693741294,kg m-2
loadso4,2003,1.6287714860962133,kg m-2
loadso4,2004,1.2937482630538348,kg m-2
