variable,year,value,unit
rsut,2001,0.0065725265085148765,W m-2
rsut,2002,0.007568882304183336,W m-2
rsut,2003,0.0006817673709174773,W m-2
rsut,2004,0.003947954113468377,W m-2
