variable,year,value,unit
rlutcs,2000,0.012496499558008257,W m-2
rlutcs,2001,-0.0010948609811736703,W m-2
rlutcs,2002,0.002211840770590537,W m-2
rlutcs,2003,0.0024164569384922743,W m-2
rlutcs,2004,-0.0004552868596181039,W m-2
