variable,year,value,unit
clivi,2000,0.07887007073424726,kg m-2
clivi,2001,0.03846477418455932,kg m-2
clivi,2002,-0.09782219506737957,kg m-2
clivi,2003,-0.01147052410215279,kg m-2
clivi,2004,-0.05980340636930408,kg m-2
