variable,year,value,unit
mmrbc,2001,0.13110487573353102,kg kg-1
mmrbc,2002,-0.1888251714190406,kg kg-1
mmrbc,2003,0.04575146881172544,kg kg-1
mmrbc,2004,-0.15412224079986847,kg kg-1
