variable,year,value,unit
od550aer,2001,0.4545568346767116,1
od550aer,2002,0.2637567722460411,1
od550aer,2003,0.5601505041877005,1
od550aer,2004,0.5029525852965184,1
