variable,year,value,unit
dms,2000,-0.08267167075832438,mol mol-1
dms,2001,-0.11519857407511981,mol mol-1
dms,2002,-0.037393822957996425,mol mol-1
dms,2003,0.009095781226287136,mol mol-1
dms,2004,0.06248641880338327,mol mol-1
