variable,year,value,unit
loadso2,2000,-0.518290557198158,kg m-2
loadso2,2001,-0.7630046762465839,kg m-2
loadso2,2002,-0.6769244942266686,kg m-2
loadso2,2003,-0.7261478984550616,kg m-2
loadso2,2004,-0.6537153606252804,kg m-2
