variable,year,value,unit
wetso4,2000,0.39129640197124205,kg m-2 s-1
wetso4,2001,0.39810365558315514,kg m-2 s-1
wetso4,2002,0.4311901668852739,kg m-2 s-1
wetso4,2003,0.4158105610564762,kg m-2 s-1
wetso4,2004,0.44581403176692963,kg m-2 s-1
