variable,year,value,unit
so2,2001,-0.16504784422521895,mol mol-1
so2,2002,-0.34646365995726897,mol mol-1
so2,2003,-0.23906805786934016,mol mol-1
so2,2004,-0.2576967107177587,mol mol-1
