variable,year,value,unit
loadso4,2000,-2.9751263610375794e-08,kg m-2
loadso4,2001,-3.892754717513067e-08,kg m-2
loadso4,2002,-3.944702395414196e-08,kg m-2
loadso4,2003,-3.466514302618321e-08,kg m-2
loadso4,2004,-4.2832399303069805e-08,kg m-2
