variable,year,value,unit
dryso2,2000,-7.53272275012672e-15,kg m-2 s-1
dryso2,2001,-1.0083014126667452e-14,kg m-2 s-1
dryso2,2002,-3.023996453715971e-15,kg m-2 s-1
dryso2,2003,-1.4454101910051868e-14,kg m-2 s-1
dryso2,2004,-3.176016237662564e-15,kg m-2 s-1
