variable,year,value,unit
loadbc,2000,-1.3819564263216046e-07,kg m-2
loadbc,2001,-1.623223945152758e-07,kg m-2
loadbc,2002,-1.6978113035391837e-07,kg m-2
loadbc,2003,-1.606645980979655e-07,kg m-2
loadbc,2004,-1.6257494610921746e-07,kg m-2
