variable,year,value,unit
clt,2000,-0.011967134824061532,%
clt,2001,0.006971611568928893,%
clt,2002,-0.009560530919415555,%
clt,2003,-0.004007894841720372,%
clt,2004,-0.0006465200942145088,%
