variable,year,value,unit
mmrbc,2000,-1.9044852275938847e-14,kg kg-1
mmrbc,2001,2.2200415216931552e-15,kg kg-1
mmrbc,2002,3.661462629282557e-15,kg kg-1
mmrbc,2003,-2.0325124376657802e-15,kg kg-1
mmrbc,2004,6.409655160713976e-15,kg kg-1
