variable,year,value,unit
dryso2,2000,-1.258309164146264e-13,kg m-2 s-1
dryso2,2001,-1.3227281904612946e-13,kg m-2 s-1
dryso2,2002,-1.2403176002673485e-13,kg m-2 s-1
dryso2,2003,-1.2673773170431605e-13,kg m-2 s-1
dryso2,2004,-1.3637904635924807e-13,kg m-2 s-1
