variable,year,value,unit
dryso2,2000,-1.7337813820663765e-12,kg m-2 s-1
dryso2,2001,-1.763246488471874e-12,kg m-2 s-1
dryso2,2002,-1.7183863660970495e-12,kg m-2 s-1
dryso2,2003,-1.7430721709651402e-12,kg m-2 s-1
dryso2,2004,-1.7838380005912704e-12,kg m-2 s-1
