variable,year,value,unit
rsutcs,2000,-29.04714031320878,W m-2
rsutcs,2001,-29.216970062034186,W m-2
rsutcs,2002,-29.143790014717297,W m-2
rsutcs,2003,-29.20413889463737,W m-2
rsutcs,2004,-29.13451216175906,W m-2
