variable,year,value,unit
rlut,2000,-0.913899540428389,W m-2
rlut,2001,-0.9486927301433923,W m-2
rlut,2002,-0.8901609419355054,W m-2
rlut,2003,-0.8857221034789973,W m-2
rlut,2004,-0.8269461262878508,W m-2
