variable,year,value,unit
rlutcs,2000,0.00896441876756171,W m-2
rlutcs,2001,-0.009822129806593694,W m-2
rlutcs,2002,0.00042020283234478484,W m-2
rlutcs,2003,0.002730713694688802,W m-2
rlutcs,2004,-0.03407177813915041,W m-2
