variable,year,value,unit
drybc,2000,-3.568141647192724e-17,kg m-2 s-1
drybc,2001,7.874394635161165e-18,kg m-2 s-1
drybc,2002,8.063308850554022e-17,kg m-2 s-1
drybc,2003,-7.08353788855141e-17,kg m-2 s-1
drybc,2004,-6.831727777386607e-17,kg m-2 s-1
