variable,year,value,unit
so2,2001,2.5352483824828977e-11,mol mol-1
so2,2002,2.5065488720309992e-11,mol mol-1
so2,2003,2.6268343388103046e-11,mol mol-1
so2,2004,2.732385459831383e-11,mol mol-1
