variable,year,value,unit
drybc,2001,-2.488380682130611e-17,kg m-2 s-1
drybc,2002,3.2076668963681286e-16,kg m-2 s-1
drybc,2003,-4.642436177212853e-16,kg m-2 s-1
drybc,2004,-5.519465865240892e-16,kg m-2 s-1
