variable,year,value,unit
dryso4,2001,-2.5719331159733586e-13,kg m-2 s-1
dryso4,2002,-2.5999077553217484e-13,kg m-2 s-1
dryso4,2003,-2.721974598947205e-13,kg m-2 s-1
dryso4,2004,-2.8556813824674467e-13,kg m-2 s-1
