variable,year,value,unit
clt,2000,0.020568664532156333,%
clt,2001,0.025783686979615084,%
clt,2002,-0.04237636157346003,%
clt,2003,-0.002317942606019585,%
clt,2004,-0.016268853036109476,%
