variable,year,value,unit
wetso2,2000,0.03547775958401205,kg m-2 s-1
wetso2,2001,0.03501078593481217,kg m-2 s-1
wetso2,2002,0.03311191345945547,kg m-2 s-1
wetso2,2003,0.033598410953895534,kg m-2 s-1
wetso2,2004,0.03309140360824487,kg m-2 s-1
