variable,year,value,unit
mmrso4,2000,5.825543303449168e-11,kg kg-1
mmrso4,2001,6.687471438008749e-11,kg kg-1
mmrso4,2002,7.538512461528231e-11,kg kg-1
mmrso4,2003,7.650536395572305e-11,kg kg-1
mmrso4,2004,5.743394809992053e-11,kg kg-1
