variable,year,value,unit
mmrbc,2000,-9.500975126260868e-14,kg kg-1
mmrbc,2001,-3.8001327786328406e-14,kg kg-1
mmrbc,2002,5.88908570285622e-14,kg kg-1
mmrbc,2003,-7.221792558425395e-14,kg kg-1
mmrbc,2004,4.691273015161927e-14,kg kg-1
