variable,year,value,unit
so2,2000,-3.2902127944301947e-12,mol mol-1
so2,2001,-2.8713722797523305e-12,mol mol-1
so2,2002,1.3344323569420403e-11,mol mol-1
so2,2003,1.9635592929898335e-11,mol mol-1
so2,2004,2.534187265734987e-12,mol mol-1
