variable,year,value,unit
loadbc,2000,4.0207462499102536e-11,kg m-2
loadbc,2001,-8.566149525649096e-11,kg m-2
loadbc,2002,1.6281201214487006e-10,kg m-2
loadbc,2003,1.5249052641450358e-10,kg m-2
loadbc,2004,1.1949133735277196e-10,kg m-2
