variable,year,value,unit
dryso2,2000,2.5530709186057895e-12,kg m-2 s-1
dryso2,2001,2.3826143226492005e-12,kg m-2 s-1
dryso2,2002,2.4722904271188114e-12,kg m-2 s-1
dryso2,2003,2.6424408629713717e-12,kg m-2 s-1
dryso2,2004,2.9673028495578147e-12,kg m-2 s-1
