variable,year,value,unit
od550aer,2000,0.0032060616933443087,1
od550aer,2001,0.003020947502576782,1
od550aer,2002,0.003173154829582303,1
od550aer,2003,0.003034323098223768,1
od550aer,2004,0.003646184759449056,1
