variable,year,value,unit
mmrso4,2000,1.0051413182662809e-10,kg kg-1
mmrso4,2001,9.298654517943483e-11,kg kg-1
mmrso4,2002,9.760459475102861e-11,kg kg-1
mmrso4,2003,1.0370269821192213e-10,kg kg-1
mmrso4,2004,1.1868146530003956e-10,kg kg-1
