variable,year,value,unit
dryso2,2000,1.7495384345202621e-12,kg m-2 s-1
dryso2,2001,1.7796754789646623e-12,kg m-2 s-1
dryso2,2002,1.750513133562494e-12,kg m-2 s-1
dryso2,2003,1.8339650913708968e-12,kg m-2 s-1
dryso2,2004,1.5357165584113059e-12,kg m-2 s-1
