variable,year,value,unit
dryso2,2000,2.063099516558494e-12,kg m-2 s-1
dryso2,2001,1.910413999507474e-12,kg m-2 s-1
dryso2,2002,1.955034456344247e-12,kg m-2 s-1
dryso2,2003,2.0960265918868655e-12,kg m-2 s-1
dryso2,2004,2.314528583928678e-12,kg m-2 s-1
