variable,year,value,unit
loadso2,2000,2.272636535527052e-07,kg m-2
loadso2,2001,2.47220461263766e-07,kg m-2
loadso2,2002,2.4016839728928575e-07,kg m-2
loadso2,2003,2.350936831062871e-07,kg m-2
loadso2,2004,2.747350646986474e-07,kg m-2
