variable,year,value,unit
loadbc,2000,5.289659413592262e-09,kg m-2
loadbc,2001,1.3089383989165346e-09,kg m-2
loadbc,2002,2.0927407965177824e-09,kg m-2
loadbc,2003,8.25842245206089e-09,kg m-2
loadbc,2004,-9.317341239667519e-10,kg m-2
