variable,year,value,unit
emibc,2000,2.6030895259355365e-24,kg m-2 s-1
emibc,2001,-4.815939028389101e-24,kg m-2 s-1
emibc,2002,8.310961394333103e-23,kg m-2 s-1
emibc,2003,9.371170256110969e-23,kg m-2 s-1
emibc,2004,-2.552981081235898e-24,kg m-2 s-1
