variable,year,value,unit
rsutcs,2001,-0.6162167172399009,W m-2
rsutcs,2002,0.26208949822905225,W m-2
rsutcs,2003,0.4272333481808488,W m-2
rsutcs,2004,-0.47222616347979596,W m-2
rsutcs,2005,-0.41611659302616033,W m-2
