variable,year,value,unit
mmrbc,2000,-1.863218244815389e-14,kg kg-1
mmrbc,2001,-1.0522231465230088e-13,kg kg-1
mmrbc,2002,1.377710113059029e-13,kg kg-1
mmrbc,2003,1.1135647409884693e-13,kg kg-1
mmrbc,2004,2.6078798136607346e-13,kg kg-1
