variable,year,value,unit
emiso2,2000,3.630886043320673e-12,kg m-2 s-1
emiso2,2001,3.4021507071988087e-12,kg m-2 s-1
emiso2,2002,3.4953696001483958e-12,kg m-2 s-1
emiso2,2003,3.752974038833268e-12,kg m-2 s-1
emiso2,2004,4.1969698511747535e-12,kg m-2 s-1
