variable,year,value,unit
dryso4,2000,-9.44591307531824e-15,kg m-2 s-1
dryso4,2001,-8.6051708132594e-15,kg m-2 s-1
dryso4,2002,-8.421659056899907e-15,kg m-2 s-1
dryso4,2003,-8.546924249668466e-15,kg m-2 s-1
dryso4,2004,-8.009532264575407e-15,kg m-2 s-1
