variable,year,value,unit
rlut,2000,0.01078171044864007,W m-2
rlut,2001,0.00295988643293299,W m-2
rlut,2002,0.0038067774357557482,W m-2
rlut,2003,0.004477350552491544,W m-2
rlut,2004,-0.0039320152208404124,W m-2
