variable,year,value,unit
wetso2,2000,-6.5487651467035785e-18,kg m-2 s-1
wetso2,2001,-3.914326655099312e-18,kg m-2 s-1
wetso2,2002,-2.9619940357031235e-18,kg m-2 s-1
wetso2,2003,-6.681493425101985e-18,kg m-2 s-1
wetso2,2004,-6.219997202355613e-18,kg m-2 s-1
