variable,year,value,unit
dryso4,2000,-4.032045719613673e-15,kg m-2 s-1
dryso4,2001,-3.929627435226943e-15,kg m-2 s-1
dryso4,2002,-3.5174354616713736e-15,kg m-2 s-1
dryso4,2003,-4.470669630248674e-15,kg m-2 s-1
dryso4,2004,-4.293028040818829e-15,kg m-2 s-1
