variable,year,value,unit
dryso4,2000,-4.163225108728709e-15,kg m-2 s-1
dryso4,2001,-4.43474144183078e-15,kg m-2 s-1
dryso4,2002,-3.9073631466886545e-15,kg m-2 s-1
dryso4,2003,-4.5751433412324135e-15,kg m-2 s-1
dryso4,2004,-4.5109700674215434e-15,kg m-2 s-1
