variable,year,value,unit
mmrso4,2000,-1.1632945182117541e-11,kg kg-1
mmrso4,2001,-1.0441097693184719e-11,kg kg-1
mmrso4,2002,-1.1003701178977222e-11,kg kg-1
mmrso4,2003,-1.1010689504087561e-11,kg kg-1
mmrso4,2004,-1.1230835233230883e-11,kg kg-1
