variable,year,value,unit
emiso2,2000,-8.154943490296932e-13,kg m-2 s-1
emiso2,2001,-8.558128210733702e-13,kg m-2 s-1
emiso2,2002,-8.001138393070581e-13,kg m-2 s-1
emiso2,2003,-8.229380895076322e-13,kg m-2 s-1
emiso2,2004,-8.828486949901928e-13,kg m-2 s-1
