variable,year,value,unit
dryso2,2000,-1.3766564271294802e-13,kg m-2 s-1
dryso2,2001,-1.442213714488429e-13,kg m-2 s-1
dryso2,2002,-1.3505480515261937e-13,kg m-2 s-1
dryso2,2003,-1.3429664123592127e-13,kg m-2 s-1
dryso2,2004,-1.4445919013802024e-13,kg m-2 s-1
