variable,year,value,unit
mmrso4,2000,-0.0038503628922890547,kg kg-1
mmrso4,2001,0.044967022341887444,kg kg-1
mmrso4,2002,-0.05622682502198882,kg kg-1
mmrso4,2003,0.037717570377103396,kg kg-1
mmrso4,2004,0.04562658414493031,kg kg-1
