variable,year,value,unit
mmrbc,2000,-12.321956541432163,kg kg-1
mmrbc,2001,-12.968762577089842,kg kg-1
mmrbc,2002,-14.01347289128068,kg kg-1
mmrbc,2003,-13.711645520952636,kg kg-1
mmrbc,2004,-13.033762662352174,kg kg-1
