variable,year,value,unit
clivi,2000,0.18946230451486526,kg m-2
clivi,2001,-0.03952966985150395,kg m-2
clivi,2002,0.3406941483914393,kg m-2
clivi,2003,0.05332301895985994,kg m-2
clivi,2004,0.07009504001304728,kg m-2
