variable,year,value,unit
dms,2000,-0.009614768042048027,mol mol-1
dms,2001,0.0025562199778234092,mol mol-1
dms,2002,-0.03412321907926978,mol mol-1
dms,2003,-0.0049405636710838936,mol mol-1
dms,2004,-0.014861792021342302,mol mol-1
