variable,year,value,unit
loadso2,2000,-0.062040183759715206,kg m-2
loadso2,2001,0.11264233543062149,kg m-2
loadso2,2002,-0.6275064470928133,kg m-2
loadso2,2003,0.0799457022306076,kg m-2
loadso2,2004,0.0661204685270916,kg m-2
