variable,year,value,unit
od550aer,2000,-0.04162829573190827,1
od550aer,2001,-0.14746890849884467,1
od550aer,2002,0.1375832640682163,1
od550aer,2003,0.12422352008888808,1
od550aer,2004,-0.19824699896565454,1
