variable,year,value,unit
od550aer,2000,-0.0971856392147345,1
od550aer,2001,-0.3375291808462331,1
od550aer,2002,-0.10508307161734391,1
od550aer,2003,-0.3150488079300424,1
od550aer,2004,-0.4345893729462073,1
