variable,year,value,unit
rlutcs,2000,-0.01856206467746783,W m-2
rlutcs,2001,-6.31501466850767e-05,W m-2
rlutcs,2002,0.00028433071469557107,W m-2
rlutcs,2003,-0.0006577387294593666,W m-2
rlutcs,2004,-0.00031229806516161354,W m-2
