variable,year,value,unit
od550aer,2001,0.13892845974217938,1
od550aer,2002,-0.16801434041911195,1
od550aer,2003,0.17291059548110352,1
od550aer,2004,0.3430025944953013,1
