variable,year,value,unit
clivi,2000,0.3933077193869477,kg m-2
clivi,2001,1.3187062358097703,kg m-2
clivi,2002,0.2736724923583175,kg m-2
clivi,2003,0.09768705949275702,kg m-2
clivi,2004,0.2760092814783321,kg m-2
