variable,year,value,unit
dryso2,2000,0.13781710515116494,kg m-2 s-1
dryso2,2001,0.10086218317124844,kg m-2 s-1
dryso2,2002,-0.12918840860757036,kg m-2 s-1
dryso2,2003,-0.11758219307845001,kg m-2 s-1
dryso2,2004,-0.018860667488206237,kg m-2 s-1
