variable,year,value,unit
loadbc,2000,0.7632590559431129,kg m-2
loadbc,2001,0.8015710836170599,kg m-2
loadbc,2002,0.6361724826338852,kg m-2
loadbc,2003,0.6231764783575146,kg m-2
loadbc,2004,0.54455082787705,kg m-2
