variable,year,value,unit
wetso4,2001,0.06593175019403244,kg m-2 s-1
wetso4,2002,-0.07316150484280891,kg m-2 s-1
wetso4,2003,-0.08279245426034908,kg m-2 s-1
wetso4,2004,0.13691283279091837,kg m-2 s-1
