variable,year,value,unit
dryso4,2001,-0.15240535338389122,kg m-2 s-1
dryso4,2002,-0.03421599335540229,kg m-2 s-1
dryso4,2003,-0.04513179944609019,kg m-2 s-1
dryso4,2004,-0.12410640975218723,kg m-2 s-1
