variable,year,value,unit
rlut,2000,-0.02689704551553779,W m-2
rlut,2001,-0.0426624590955395,W m-2
rlut,2002,0.03301306803752832,W m-2
rlut,2003,-0.02340126309531581,W m-2
rlut,2004,-0.023363683831510197,W m-2
