variable,year,value,unit
mmrso4,2001,0.01622716386382613,kg kg-1
mmrso4,2002,0.2506560637688005,kg kg-1
mmrso4,2003,-0.4912030799422319,kg kg-1
mmrso4,2004,0.0747105760725771,kg kg-1
