variable,year,value,unit
dryso4,2001,4.230513847439666,kg m-2 s-1
dryso4,2002,4.241583261501165,kg m-2 s-1
dryso4,2003,4.717840425151714,kg m-2 s-1
dryso4,2004,3.898927621357374,kg m-2 s-1
