variable,year,value,unit
so2,2001,-0.016502013112463704,mol mol-1
so2,2002,0.03905328898500359,mol mol-1
so2,2003,-0.10020213523442925,mol mol-1
so2,2004,0.021690491738898494,mol mol-1
