variable,year,value,unit
loadbc,2000,0.8958257578185649,kg m-2
loadbc,2001,0.9087955917178118,kg m-2
loadbc,2002,0.7824509231157569,kg m-2
loadbc,2003,0.9743731410787162,kg m-2
loadbc,2004,0.8946898636287395,kg m-2
