variable,year,value,unit
loadbc,2000,1.7534785587087973,kg m-2
loadbc,2001,1.9805379316799279,kg m-2
loadbc,2002,1.6273533288499589,kg m-2
loadbc,2003,2.39625948287815,kg m-2
loadbc,2004,2.3187564482676484,kg m-2
