variable,year,value,unit
clt,2000,-0.09240386111558085,%
clt,2001,-0.029519029480364084,%
clt,2002,0.056491470035918624,%
clt,2003,-0.0059272275732185145,%
clt,2004,-0.04647491644299419,%
