variable,year,value,unit
rsut,2000,-0.1895830492309644,W m-2
rsut,2001,-0.04510486754600993,W m-2
rsut,2002,0.20503390635982724,W m-2
rsut,2003,-0.02147225506052753,W m-2
rsut,2004,0.04452427238455532,W m-2
