variable,year,value,unit
dms,2000,-0.04632880744595739,mol mol-1
dms,2001,-0.10495467862167793,mol mol-1
dms,2002,0.06140722241522309,mol mol-1
dms,2003,0.24697936238885715,mol mol-1
dms,2004,0.20453131074869252,mol mol-1
