variable,year,value,unit
wetso4,2000,-0.02390663018048118,kg m-2 s-1
wetso4,2001,-0.08277313197423822,kg m-2 s-1
wetso4,2002,0.06027414441599453,kg m-2 s-1
wetso4,2003,-0.02711456348426776,kg m-2 s-1
wetso4,2004,0.12977195090621355,kg m-2 s-1
