variable,year,value,unit
emibc,2000,-0.011977534024108494,kg m-2 s-1
emibc,2001,-0.009178041397040792,kg m-2 s-1
emibc,2002,-0.012788403179464869,kg m-2 s-1
emibc,2003,-0.0082379388184584,kg m-2 s-1
emibc,2004,-0.006305615721969985,kg m-2 s-1
