variable,year,value,unit
cl,2000,0.6608147656231728,%
cl,2001,-0.8143089921879988,%
cl,2002,-0.753425806231941,%
cl,2003,-0.6215818449372489,%
cl,2004,-0.3656250316529661,%
