variable,year,value,unit
rlut,2000,0.06273255830134872,W m-2
rlut,2001,-0.04235551711411745,W m-2
rlut,2002,0.01119263221406186,W m-2
rlut,2003,-0.060682360835443205,W m-2
rlut,2004,-0.013609427017144071,W m-2
