variable,year,value,unit
cl,2000,-0.015858399976835358,%
cl,2001,0.05496536708916011,%
cl,2002,0.027133732619162743,%
cl,2003,0.033540597875735045,%
cl,2004,-0.008393855751577917,%
