variable,year,value,unit
wetbc,2000,-7.156967393733391e-19,kg m-2 s-1
wetbc,2001,3.308024075838225e-16,kg m-2 s-1
wetbc,2002,-1.2984710019692325e-15,kg m-2 s-1
wetbc,2003,-3.5844568886879094e-16,kg m-2 s-1
wetbc,2004,1.6104490301220606e-16,kg m-2 s-1
