variable,year,value,unit
wetbc,2000,2.2216167758747416e-16,kg m-2 s-1
wetbc,2001,-3.187320033097259e-17,kg m-2 s-1
wetbc,2002,9.899859686524789e-17,kg m-2 s-1
wetbc,2003,2.0919715396118067e-16,kg m-2 s-1
wetbc,2004,2.6164947971612674e-16,kg m-2 s-1
