variable,year,value,unit
emiso2,2000,-3.716099575800697e-14,kg m-2 s-1
emiso2,2001,-3.9315151152005215e-14,kg m-2 s-1
emiso2,2002,-3.604417357245338e-14,kg m-2 s-1
emiso2,2003,-3.797084139167654e-14,kg m-2 s-1
emiso2,2004,-4.115507596259285e-14,kg m-2 s-1
