variable,year,value,unit
wetso2,2000,0.05897155373286632,kg m-2 s-1
wetso2,2001,0.058138593050434076,kg m-2 s-1
wetso2,2002,0.05767604676206149,kg m-2 s-1
wetso2,2003,0.05802669663064326,kg m-2 s-1
wetso2,2004,0.05787472147828211,kg m-2 s-1
