variable,year,value,unit
wetbc,2000,1.7083764939351098e-16,kg m-2 s-1
wetbc,2001,1.7687205797283305e-16,kg m-2 s-1
wetbc,2002,3.462922555047313e-16,kg m-2 s-1
wetbc,2003,7.800080811436426e-16,kg m-2 s-1
wetbc,2004,-4.792255197700965e-16,kg m-2 s-1
