variable,year,value,unit
rsutcs,2000,-0.344872141180673,W m-2
rsutcs,2001,-0.3102714662964843,W m-2
rsutcs,2002,-0.3118671707894407,W m-2
rsutcs,2003,-0.23563065298937147,W m-2
rsutcs,2004,-0.26998301885707576,W m-2
