variable,year,value,unit
rlutcs,2000,0.0005790843191559851,W m-2
rlutcs,2001,-6.993704213998595e-05,W m-2
rlutcs,2002,-0.0011662352804329308,W m-2
rlutcs,2003,-0.0014716584105034648,W m-2
rlutcs,2004,-0.000499081140516601,W m-2
