variable,year,value,unit
loadbc,2000,-0.012777594943141613,kg m-2
loadbc,2001,-0.027750385356187235,kg m-2
loadbc,2002,0.24306053044140197,kg m-2
loadbc,2003,0.0578415327798577,kg m-2
loadbc,2004,0.002324522548006605,kg m-2
