variable,year,value,unit
mmrso4,2000,-0.3003368387706313,kg kg-1
mmrso4,2001,-0.2408785281997482,kg kg-1
mmrso4,2002,-0.16119808871765198,kg kg-1
mmrso4,2003,-0.23477123984097825,kg kg-1
mmrso4,2004,-0.29526127602613816,kg kg-1
