variable,year,value,unit
rsutcs,2001,-0.12353745257227822,W m-2
rsutcs,2002,-0.11832675439139481,W m-2
rsutcs,2003,-0.11980498111164527,W m-2
rsutcs,2004,-0.1334168692159913,W m-2
