variable,year,value,unit
wetso2,2001,2.253350607347749,kg m-2 s-1
wetso2,2002,2.1632174274881883,kg m-2 s-1
wetso2,2003,2.2646247080269206,kg m-2 s-1
wetso2,2004,2.1932666589765555,kg m-2 s-1
