variable,year,value,unit
rsutcs,2001,-0.14712324883638053,W m-2
rsutcs,2002,-0.15675989021480713,W m-2
rsutcs,2003,-0.12750236244701751,W m-2
rsutcs,2004,-0.1087471711276439,W m-2
