variable,year,value,unit
so2,2001,2.5251603655663266,mol mol-1
so2,2002,2.5405224752663833,mol mol-1
so2,2003,2.508301146168044,mol mol-1
so2,2004,2.492863130706701,mol mol-1
