variable,year,value,unit
emibc,2001,7.872153922583768e-06,kg m-2 s-1
emibc,2002,2.0567773414905263e-06,kg m-2 s-1
emibc,2003,7.035370668901026e-06,kg m-2 s-1
emibc,2004,1.1477432056534647e-06,kg m-2 s-1
