variable,year,value,unit
rsut,2000,1.1361428581384416,W m-2
rsut,2001,1.1764617123081962,W m-2
rsut,2002,1.0226649928174396,W m-2
rsut,2003,1.05339625576606,W m-2
rsut,2004,1.0560344440288816,W m-2
