variable,year,value,unit
od550aer,2000,29.725722490010874,1
od550aer,2001,33.31852980934387,1
od550aer,2002,35.63618947671488,1
od550aer,2003,36.364922343382176,1
od550aer,2004,42.99538150688606,1
