variable,year,value,unit
rlutcs,2000,0.00020297719191002242,W m-2
rlutcs,2001,-0.0003136127092070676,W m-2
rlutcs,2002,-0.0008224956168118956,W m-2
rlutcs,2003,-0.0007887383801281779,W m-2
rlutcs,2004,0.004150201586804716,W m-2
