variable,year,value,unit
wetso4,2000,-0.123002215027985,kg m-2 s-1
wetso4,2001,-0.11502343099041101,kg m-2 s-1
wetso4,2002,0.003746228156698094,kg m-2 s-1
wetso4,2003,-0.2706818274228098,kg m-2 s-1
wetso4,2004,-0.08012677420365895,kg m-2 s-1
