variable,year,value,unit
clivi,2000,1.658081355020756,kg m-2
clivi,2001,-0.6399842394172126,kg m-2
clivi,2002,0.5486110278172651,kg m-2
clivi,2003,-0.6595216294887919,kg m-2
clivi,2004,-0.49873793429920144,kg m-2
