variable,year,value,unit
dms,2000,-0.07730596191026126,mol mol-1
dms,2001,0.360230262225027,mol mol-1
dms,2002,-0.018886974778857205,mol mol-1
dms,2003,-0.4032511825110573,mol mol-1
dms,2004,-0.08922441191692647,mol mol-1
