variable,year,value,unit
loadbc,2000,3.932077048259146e-10,kg m-2
loadbc,2001,-9.127260063108868e-10,kg m-2
loadbc,2002,-2.0657265148634436e-09,kg m-2
loadbc,2003,-4.1738232004836076e-09,kg m-2
loadbc,2004,-5.421751048098558e-09,kg m-2
