variable,year,value,unit
od550aer,2000,0.0008783655113175082,1
od550aer,2001,0.001013608800256055,1
od550aer,2002,0.0016253410523482947,1
od550aer,2003,0.0017309162069604755,1
od550aer,2004,0.002214614447560409,1
