variable,year,value,unit
loadbc,2000,2.1055372434761834e-08,kg m-2
loadbc,2001,2.017409283454117e-08,kg m-2
loadbc,2002,2.0797366126994705e-08,kg m-2
loadbc,2003,2.1733993967124212e-08,kg m-2
loadbc,2004,2.2049389305450403e-08,kg m-2
