variable,year,value,unit
emibc,2000,1.628326208516761e-12,kg m-2 s-1
emibc,2001,1.7227581089879867e-12,kg m-2 s-1
emibc,2002,1.8219091313295983e-12,kg m-2 s-1
emibc,2003,1.8433751177203463e-12,kg m-2 s-1
emibc,2004,1.9215504863878604e-12,kg m-2 s-1
