variable,year,value,unit
dryso4,2000,2.0077662150990244e-12,kg m-2 s-1
dryso4,2001,2.079901325740935e-12,kg m-2 s-1
dryso4,2002,2.0779137681561973e-12,kg m-2 s-1
dryso4,2003,2.183725755966235e-12,kg m-2 s-1
dryso4,2004,2.147083325148932e-12,kg m-2 s-1
