variable,year,value,unit
rsdt,2000,322.9764234356074,W m-2
rsdt,2001,323.1489041282473,W m-2
rsdt,2002,323.148904591911,W m-2
rsdt,2003,323.14890466633665,W m-2
rsdt,2004,322.9764239629143,W m-2
