variable,year,value,unit
emiso2,2000,2.6139563084703895e-11,kg m-2 s-1
emiso2,2001,2.62231416456283e-11,kg m-2 s-1
emiso2,2002,2.6209535335867297e-11,kg m-2 s-1
emiso2,2003,2.7331733208424395e-11,kg m-2 s-1
emiso2,2004,2.8466077637746963e-11,kg m-2 s-1
