variable,year,value,unit
loadbc,2000,4.2376896361466e-07,kg m-2
loadbc,2001,4.5042000992046664e-07,kg m-2
loadbc,2002,4.608188617297468e-07,kg m-2
loadbc,2003,4.6948819621847814e-07,kg m-2
loadbc,2004,4.83566684355277e-07,kg m-2
