variable,year,value,unit
wetso2,2000,4.872177038939942e-12,kg m-2 s-1
wetso2,2001,4.799346527404777e-12,kg m-2 s-1
wetso2,2002,4.754180570416079e-12,kg m-2 s-1
wetso2,2003,5.12958168785303e-12,kg m-2 s-1
wetso2,2004,5.304087399932327e-12,kg m-2 s-1
