variable,year,value,unit
drybc,2000,2.968654180249598e-13,kg m-2 s-1
drybc,2001,2.9667559745379125e-13,kg m-2 s-1
drybc,2002,3.147819822361271e-13,kg m-2 s-1
drybc,2003,3.332875400168827e-13,kg m-2 s-1
drybc,2004,3.3464806970218903e-13,kg m-2 s-1
