variable,year,value,unit
rsutcs,2000,71.50067573981902,W m-2
rsutcs,2001,71.59551983293323,W m-2
rsutcs,2002,71.54699627040272,W m-2
rsutcs,2003,71.41241633377197,W m-2
rsutcs,2004,71.75397413922704,W m-2
