variable,year,value,unit
od550aer,2000,0.20562703017201212,1
od550aer,2001,0.20957077291241646,1
od550aer,2002,0.21280945735834106,1
od550aer,2003,0.21200575410560996,1
od550aer,2004,0.21518706046411837,1
