variable,year,value,unit
wetso4,2000,5.691959813110031e-12,kg m-2 s-1
wetso4,2001,5.942772321533957e-12,kg m-2 s-1
wetso4,2002,5.88930513284273e-12,kg m-2 s-1
wetso4,2003,6.3141887168039704e-12,kg m-2 s-1
wetso4,2004,6.381134541953291e-12,kg m-2 s-1
