variable,year,value,unit
dryso2,2000,3.685826375371888e-12,kg m-2 s-1
dryso2,2001,3.693331421909637e-12,kg m-2 s-1
dryso2,2002,3.744328570558299e-12,kg m-2 s-1
dryso2,2003,3.800093782060749e-12,kg m-2 s-1
dryso2,2004,4.1453998036393535e-12,kg m-2 s-1
