variable,year,value,unit
mmrso4,2000,9.537132077041795e-10,kg kg-1
mmrso4,2001,9.63329065436179e-10,kg kg-1
mmrso4,2002,9.47029080819831e-10,kg kg-1
mmrso4,2003,9.70020762510793e-10,kg kg-1
mmrso4,2004,9.33719975822905e-10,kg kg-1
