variable,year,value,unit
dryso2,2000,8.290437504670732e-12,kg m-2 s-1
dryso2,2001,8.105046701330244e-12,kg m-2 s-1
dryso2,2002,8.19650250061841e-12,kg m-2 s-1
dryso2,2003,8.59151990541435e-12,kg m-2 s-1
dryso2,2004,8.890885505732107e-12,kg m-2 s-1
