variable,year,value,unit
od550aer,2000,0.17958442054118556,1
od550aer,2001,0.18070045469024584,1
od550aer,2002,0.1786478452713464,1
od550aer,2003,0.17516566603472714,1
od550aer,2004,0.18407957226404514,1
