variable,year,value,unit
clivi,2000,0.0093953323549352,kg m-2
clivi,2001,0.009382117186323763,kg m-2
clivi,2002,0.00923447149283278,kg m-2
clivi,2003,0.009614802851758267,kg m-2
clivi,2004,0.0094812621522477,kg m-2
