variable,year,value,unit
loadbc,2000,5.825942420072395e-07,kg m-2
loadbc,2001,6.214445317854103e-07,kg m-2
loadbc,2002,6.569632537649364e-07,kg m-2
loadbc,2003,6.722178940764244e-07,kg m-2
loadbc,2004,6.966614009126816e-07,kg m-2
