variable,year,value,unit
rsut,2000,106.8784581241767,W m-2
rsut,2001,106.86909623895656,W m-2
rsut,2002,106.9140636537056,W m-2
rsut,2003,106.29273185217599,W m-2
rsut,2004,107.36298586615385,W m-2
