variable,year,value,unit
cltc,2000,2.9351952773176,%
cltc,2001,2.897851846725994,%
cltc,2002,2.913107281969279,%
cltc,2003,2.926378344776137,%
cltc,2004,2.927643841716925,%
