variable,year,value,unit
dryso4,2000,-7.717973256631677,kg m-2 s-1
dryso4,2001,-8.073808468265907,kg m-2 s-1
dryso4,2002,-7.629260293177385,kg m-2 s-1
dryso4,2003,-7.941063903785714,kg m-2 s-1
dryso4,2004,-8.157986620949192,kg m-2 s-1
