variable,year,value,unit
rlutcs,2000,0.001970026419943089,W m-2
rlutcs,2001,-0.0009786276095577727,W m-2
rlutcs,2002,0.002326992005008019,W m-2
rlutcs,2003,-8.377245477716802e-05,W m-2
rlutcs,2004,-0.0006270031700604839,W m-2
