variable,year,value,unit
emibc,2000,-5.976089349307903e-07,kg m-2 s-1
emibc,2001,-2.0641726560880297e-07,kg m-2 s-1
emibc,2002,6.223589248737222e-06,kg m-2 s-1
emibc,2003,7.433211389228976e-07,kg m-2 s-1
emibc,2004,-4.470799404282203e-06,kg m-2 s-1
