variable,year,value,unit
so2,2000,-3.3305270679707526,mol mol-1
so2,2001,-3.5701676515136573,mol mol-1
so2,2002,-3.2695055728277667,mol mol-1
so2,2003,-3.4222035601034686,mol mol-1
so2,2004,-3.6999158102505847,mol mol-1
