variable,year,value,unit
od550aer,2000,-0.47755309511028265,1
od550aer,2001,-0.5178520799637851,1
od550aer,2002,-0.47434614759201477,1
od550aer,2003,-0.5149355841902643,1
od550aer,2004,-0.61457592558269,1
