variable,year,value,unit
mmrbc,2000,0.00913362845786234,kg kg-1
mmrbc,2001,0.013942644499448048,kg kg-1
mmrbc,2002,-0.007618376577461108,kg kg-1
mmrbc,2003,0.0230560608801891,kg kg-1
mmrbc,2004,-0.0026886698348618796,kg kg-1
