variable,year,value,unit
cltc,2000,-0.010961925496657164,%
cltc,2001,-0.01206656924242257,%
cltc,2002,-0.036581248480239435,%
cltc,2003,-0.030119018410747114,%
cltc,2004,-0.010851620324473656,%
