variable,year,value,unit
rsut,2000,-0.03502284525983382,W m-2
rsut,2001,0.0015656244036949822,W m-2
rsut,2002,-0.04581217352801331,W m-2
rsut,2003,0.008787758910664382,W m-2
rsut,2004,0.004643199561981757,W m-2
