variable,year,value,unit
loadso4,2000,-0.1508275655932505,kg m-2
loadso4,2001,-0.17318629766776972,kg m-2
loadso4,2002,-0.03306952471092156,kg m-2
loadso4,2003,-0.17166433387574898,kg m-2
loadso4,2004,-0.14129858003053075,kg m-2
