variable,year,value,unit
clivi,2000,0.13436666239459216,kg m-2
clivi,2001,-0.24689249668278915,kg m-2
clivi,2002,-0.3646452332244432,kg m-2
clivi,2003,0.18692506274272166,kg m-2
clivi,2004,0.2116339108003799,kg m-2
