variable,year,value,unit
srfdms,2000,2.433989273122353e-13,mol mol-1
srfdms,2001,2.0435662531583458e-13,mol mol-1
srfdms,2002,1.3918667963225226e-13,mol mol-1
srfdms,2003,1.0759040323486283e-13,mol mol-1
srfdms,2004,9.997891465903866e-14,mol mol-1
