variable,year,value,unit
wetso2,2000,1.7060082579237242e-17,kg m-2 s-1
wetso2,2001,9.329547518991016e-18,kg m-2 s-1
wetso2,2002,2.0016143550776513e-17,kg m-2 s-1
wetso2,2003,1.7082431782330073e-17,kg m-2 s-1
wetso2,2004,9.94436960870401e-19,kg m-2 s-1
