variable,year,value,unit
drybc,2000,5.119021680765013e-15,kg m-2 s-1
drybc,2001,5.0293489294066825e-15,kg m-2 s-1
drybc,2002,4.7000822461298334e-15,kg m-2 s-1
drybc,2003,4.9467846827793765e-15,kg m-2 s-1
drybc,2004,4.884222530017679e-15,kg m-2 s-1
