variable,year,value,unit
wetso4,2000,1.9727330300740203e-13,kg m-2 s-1
wetso4,2001,1.1173973968996061e-13,kg m-2 s-1
wetso4,2002,1.4060817691037716e-13,kg m-2 s-1
wetso4,2003,4.123613842320841e-14,kg m-2 s-1
wetso4,2004,-2.729410184274426e-14,kg m-2 s-1
