variable,year,value,unit
mmrbc,2000,0.20422472583021306,kg kg-1
mmrbc,2001,-0.06299011649225973,kg kg-1
mmrbc,2002,-0.18686122924647214,kg kg-1
mmrbc,2003,0.38479802092255977,kg kg-1
mmrbc,2004,0.12611095192475694,kg kg-1
