variable,year,value,unit
mmrso4,2000,-0.5787155978947188,kg kg-1
mmrso4,2001,-0.6228463591711887,kg kg-1
mmrso4,2002,-0.5713631820119218,kg kg-1
mmrso4,2003,-0.6326531521553941,kg kg-1
mmrso4,2004,-0.5384276234785983,kg kg-1
