variable,year,value,unit
emiso2,2000,-1.306812114067432,kg m-2 s-1
emiso2,2001,-1.2735320610567251,kg m-2 s-1
emiso2,2002,-1.2625708879529134,kg m-2 s-1
emiso2,2003,-1.2461700933328386,kg m-2 s-1
emiso2,2004,-1.268602207804529,kg m-2 s-1
