variable,year,value,unit
mmrso4,2000,-0.4088368788624531,kg kg-1
mmrso4,2001,-0.40496494674585437,kg kg-1
mmrso4,2002,-0.2870770687284432,kg kg-1
mmrso4,2003,-0.43876372894658155,kg kg-1
mmrso4,2004,-0.36162629558363507,kg kg-1
