variable,year,value,unit
rlut,2000,0.003007701975180817,W m-2
rlut,2001,0.003202950489848677,W m-2
rlut,2002,0.0011856111580188515,W m-2
rlut,2003,-0.0071465447444122475,W m-2
rlut,2004,0.0014659180444230647,W m-2
