variable,year,value,unit
mmrbc,2000,-1.3613204211960503,kg kg-1
mmrbc,2001,-1.329238588698741,kg kg-1
mmrbc,2002,-1.2377994671824906,kg kg-1
mmrbc,2003,-1.2954929879325137,kg kg-1
mmrbc,2004,-1.245669416934205,kg kg-1
