variable,year,value,unit
wetso4,2000,1.5975995884923459e-12,kg m-2 s-1
wetso4,2001,1.4054447986583264e-12,kg m-2 s-1
wetso4,2002,1.3161011112426752e-12,kg m-2 s-1
wetso4,2003,1.4097277343281176e-12,kg m-2 s-1
wetso4,2004,1.4349877018825989e-12,kg m-2 s-1
