variable,year,value,unit
loadbc,2000,-3.460030478223217e-10,kg m-2
loadbc,2001,-1.7289294095266482e-10,kg m-2
loadbc,2002,-2.4474038163291425e-10,kg m-2
loadbc,2003,-3.6911448854087503e-10,kg m-2
loadbc,2004,-5.635346235054867e-10,kg m-2
