variable,year,value,unit
clt,2000,0.08587091625822296,%
clt,2001,0.12929881606725502,%
clt,2002,0.019844998390539104,%
clt,2003,-0.0007509631465723032,%
clt,2004,-0.09071532945616667,%
