variable,year,value,unit
loadso4,2000,-2.5384934117998027e-08,kg m-2
loadso4,2001,-2.4832869819125616e-08,kg m-2
loadso4,2002,-2.694304015103801e-08,kg m-2
loadso4,2003,-2.7665089244554143e-08,kg m-2
loadso4,2004,-3.0906249201563245e-08,kg m-2
