variable,year,value,unit
emiso2,2000,-4.971590679582764e-13,kg m-2 s-1
emiso2,2001,-5.185485283452065e-13,kg m-2 s-1
emiso2,2002,-5.338576101919003e-13,kg m-2 s-1
emiso2,2003,-5.42483954948543e-13,kg m-2 s-1
emiso2,2004,-6.02409651712605e-13,kg m-2 s-1
