variable,year,value,unit
so2,2000,-2.4007751467373795,mol mol-1
so2,2001,-2.5018541385169644,mol mol-1
so2,2002,-2.4883899703536305,mol mol-1
so2,2003,-2.5538132101182622,mol mol-1
so2,2004,-2.504321849550415,mol mol-1
