variable,year,value,unit
wetbc,2000,-0.3049789755659332,kg m-2 s-1
wetbc,2001,-0.35426116508010347,kg m-2 s-1
wetbc,2002,0.23381254323431652,kg m-2 s-1
wetbc,2003,-0.1299877456493593,kg m-2 s-1
wetbc,2004,0.06976411229507283,kg m-2 s-1
