variable,year,value,unit
so2,2000,-6.203230127904049,mol mol-1
so2,2001,-6.073729108470382,mol mol-1
so2,2002,-6.393463916236759,mol mol-1
so2,2003,-6.977893372652402,mol mol-1
so2,2004,-6.536763354834564,mol mol-1
