variable,year,value,unit
wetso4,2000,3.077167240272611,kg m-2 s-1
wetso4,2001,4.099532036061867,kg m-2 s-1
wetso4,2002,4.015099850461826,kg m-2 s-1
wetso4,2003,6.642388596668937,kg m-2 s-1
wetso4,2004,7.0662455409186515,kg m-2 s-1
