variable,year,value,unit
clt,2001,-0.02587356648338357,%
clt,2002,-0.00804421726362392,%
clt,2003,-0.01832463475236068,%
clt,2004,-0.01759672583457217,%
