variable,year,value,unit
rsutcs,2000,-0.023708487206320683,W m-2
rsutcs,2001,-0.018719948520399043,W m-2
rsutcs,2002,-0.013822605867247262,W m-2
rsutcs,2003,-0.05156714862027911,W m-2
rsutcs,2004,-0.007970424358163086,W m-2
