variable,year,value,unit
clt,2001,0.14741425678511177,%
clt,2002,0.08276225106240531,%
clt,2003,-0.10248435397290478,%
clt,2004,-0.01921239985068013,%
