variable,year,value,unit
mmrso4,2001,-1.6834435512688302e-10,kg kg-1
mmrso4,2002,-1.6587149256935842e-10,kg kg-1
mmrso4,2003,-1.8123835730584464e-10,kg kg-1
mmrso4,2004,-1.989268288517486e-10,kg kg-1
