variable,year,value,unit
dms,2000,-2.695437858960611e-15,mol mol-1
dms,2001,-1.8266598860469585e-15,mol mol-1
dms,2002,-2.85328157905694e-16,mol mol-1
dms,2003,-5.175737259706604e-15,mol mol-1
dms,2004,-1.6849037545348848e-15,mol mol-1
