variable,year,value,unit
mmrso4,2001,-2.0403312907315824e-10,kg kg-1
mmrso4,2002,-1.919143951028548e-10,kg kg-1
mmrso4,2003,-2.1007108977028758e-10,kg kg-1
mmrso4,2004,-2.2851621568463976e-10,kg kg-1
