variable,year,value,unit
rlutcs,2000,0.022648283097339572,W m-2
rlutcs,2001,-0.016064668253704895,W m-2
rlutcs,2002,-0.016796587048588663,W m-2
rlutcs,2003,0.005773120384105823,W m-2
rlutcs,2004,0.027849134776147366,W m-2
