variable,year,value,unit
clivi,2000,2.38161158015171e-05,kg m-2
clivi,2001,1.5134006902756125e-05,kg m-2
clivi,2002,1.0118323023090847e-05,kg m-2
clivi,2003,3.2308550242804435e-06,kg m-2
clivi,2004,2.0131434615211496e-05,kg m-2
