variable,year,value,unit
dryso2,2000,2.2164447235769473e-13,kg m-2 s-1
dryso2,2001,2.41334638166025e-13,kg m-2 s-1
dryso2,2002,2.2397599884418608e-13,kg m-2 s-1
dryso2,2003,2.2473604793606224e-13,kg m-2 s-1
dryso2,2004,2.5583177381191615e-13,kg m-2 s-1
