variable,year,value,unit
loadso2,2000,1.113306532343247e-07,kg m-2
loadso2,2001,1.229754749601183e-07,kg m-2
loadso2,2002,9.252999772232411e-08,kg m-2
loadso2,2003,9.510032617123307e-08,kg m-2
loadso2,2004,1.0280537625635972e-07,kg m-2
