variable,year,value,unit
rsutcs,2001,0.16550038901260677,W m-2
rsutcs,2002,-0.021824788758507907,W m-2
rsutcs,2003,-0.024964729797659402,W m-2
rsutcs,2004,-0.027266945183342273,W m-2
