variable,year,value,unit
rlutcs,2001,-0.009668098198005737,W m-2
rlutcs,2002,-0.03711184999883699,W m-2
rlutcs,2003,0.010540797228827614,W m-2
rlutcs,2004,-0.008540674566404505,W m-2
