variable,year,value,unit
dryso4,2001,-2.275348819947228e-13,kg m-2 s-1
dryso4,2002,-2.2621423484999456e-13,kg m-2 s-1
dryso4,2003,-2.4250464148991303e-13,kg m-2 s-1
dryso4,2004,-2.576229922217416e-13,kg m-2 s-1
