variable,year,value,unit
dryso2,2000,1.4896204168068448e-13,kg m-2 s-1
dryso2,2001,1.5331070358638037e-13,kg m-2 s-1
dryso2,2002,1.499314051890768e-13,kg m-2 s-1
dryso2,2003,1.5702630144075402e-13,kg m-2 s-1
dryso2,2004,1.7006254832888033e-13,kg m-2 s-1
