variable,year,value,unit
mmrbc,2000,-1.9832523973642466e-13,kg kg-1
mmrbc,2001,1.1322325085422358e-13,kg kg-1
mmrbc,2002,-7.388244477638081e-13,kg kg-1
mmrbc,2003,-7.53729230322546e-13,kg kg-1
mmrbc,2004,-1.2432933539048773e-12,kg kg-1
