variable,year,value,unit
rlut,2000,0.036461083310882714,W m-2
rlut,2001,0.017005482406005967,W m-2
rlut,2002,0.01610075541410083,W m-2
rlut,2003,0.0234821131462013,W m-2
rlut,2004,0.004374076312672059,W m-2
