variable,year,value,unit
wetso4,2001,-2.459126571439987e-13,kg m-2 s-1
wetso4,2002,-2.4764739102910647e-13,kg m-2 s-1
wetso4,2003,-2.5377430729346966e-13,kg m-2 s-1
wetso4,2004,-2.8196765473247933e-13,kg m-2 s-1
