variable,year,value,unit
mmrbc,2001,2.079875677567647e-14,kg kg-1
mmrbc,2002,-3.1165483826727076e-13,kg kg-1
mmrbc,2003,-8.337495164938472e-14,kg kg-1
mmrbc,2004,-8.504452652440137e-14,kg kg-1
