variable,year,value,unit
rlut,2000,-0.4387096035718514,W m-2
rlut,2001,-0.09398259452413527,W m-2
rlut,2002,-0.07605398848099298,W m-2
rlut,2003,0.054942601948397396,W m-2
rlut,2004,0.021858951811111638,W m-2
