variable,year,value,unit
loadso4,2000,-1.2480158569509237e-07,kg m-2
loadso4,2001,-7.205160342118248e-08,kg m-2
loadso4,2002,-8.914016031574393e-08,kg m-2
loadso4,2003,-1.1803509095339317e-07,kg m-2
loadso4,2004,-1.4018025681241334e-07,kg m-2
