variable,year,value,unit
dms,2000,6.203131106819099e-15,mol mol-1
dms,2001,-4.14970953619649e-15,mol mol-1
dms,2002,7.778376336776037e-16,mol mol-1
dms,2003,-4.439476752988002e-15,mol mol-1
dms,2004,-9.407226946151277e-16,mol mol-1
