variable,year,value,unit
dms,2000,7.10150818021758e-15,mol mol-1
dms,2001,8.558324371598763e-15,mol mol-1
dms,2002,8.446558210032593e-15,mol mol-1
dms,2003,8.5714644493358e-15,mol mol-1
dms,2004,8.093127300000336e-15,mol mol-1
