variable,year,value,unit
wetso2,2001,1.7503117138989783e-14,kg m-2 s-1
wetso2,2002,1.959019684432599e-14,kg m-2 s-1
wetso2,2003,1.7340336570970147e-14,kg m-2 s-1
wetso2,2004,1.4809342890285036e-14,kg m-2 s-1
