variable,year,value,unit
clivi,2000,0.00022562320890305576,kg m-2
clivi,2001,2.1850173333597817e-05,kg m-2
clivi,2002,2.212007110119485e-05,kg m-2
clivi,2003,-3.401715377052139e-05,kg m-2
clivi,2004,1.4076535063370366e-05,kg m-2
