variable,year,value,unit
loadso4,2000,-1.8569364522580914e-07,kg m-2
loadso4,2001,-1.8173502756445894e-07,kg m-2
loadso4,2002,-1.550665704220173e-07,kg m-2
loadso4,2003,-1.8344886369059075e-07,kg m-2
loadso4,2004,-1.8988204002636786e-07,kg m-2
