variable,year,value,unit
mmrso4,2001,-1.5718464824466805e-10,kg kg-1
mmrso4,2002,-1.548241903516948e-10,kg kg-1
mmrso4,2003,-1.6405038165698101e-10,kg kg-1
mmrso4,2004,-1.7391538064577768e-10,kg kg-1
