variable,year,value,unit
wetso4,2001,3.98648043403313,kg m-2 s-1
wetso4,2002,3.8792274865333183,kg m-2 s-1
wetso4,2003,3.9831363473935193,kg m-2 s-1
wetso4,2004,3.8461574643345915,kg m-2 s-1
