variable,year,value,unit
wetso2,2000,-1.4400824305092863,kg m-2 s-1
wetso2,2001,-1.5229013917700545,kg m-2 s-1
wetso2,2002,-1.3372831923595643,kg m-2 s-1
wetso2,2003,-1.2866570311917744,kg m-2 s-1
wetso2,2004,-1.3773396182142879,kg m-2 s-1
