variable,year,value,unit
od550aer,2000,-0.38408898425988547,1
od550aer,2001,-0.2062151156892242,1
od550aer,2002,-0.169043877505997,1
od550aer,2003,-0.3773031791640121,1
od550aer,2004,-0.34489677328198,1
