variable,year,value,unit
clt,2000,-66.66042788157299,%
clt,2001,-68.0390474339498,%
clt,2002,-67.39732244436786,%
clt,2003,-67.41420055272978,%
clt,2004,-68.47505828064455,%
