variable,year,value,unit
loadso4,2000,-1.234572175504262,kg m-2
loadso4,2001,-1.5980114381414865,kg m-2
loadso4,2002,-1.2378384615392606,kg m-2
loadso4,2003,-1.210024626229345,kg m-2
loadso4,2004,-1.2553678311986183,kg m-2
