variable,year,value,unit
dryso4,2000,-1.1045570534371032,kg m-2 s-1
dryso4,2001,-1.1611216228210428,kg m-2 s-1
dryso4,2002,-1.1395652471230155,kg m-2 s-1
dryso4,2003,-1.2688072536418444,kg m-2 s-1
dryso4,2004,-1.2193866687705504,kg m-2 s-1
