variable,year,value,unit
clivi,2000,-2.5846641208928927,kg m-2
clivi,2001,-2.5417832576526016,kg m-2
clivi,2002,-2.503158849304867,kg m-2
clivi,2003,-2.5140412814482658,kg m-2
clivi,2004,-2.2914671170502525,kg m-2
