variable,year,value,unit
wetbc,2000,0.05051520329440075,kg m-2 s-1
wetbc,2001,-0.09021179239171075,kg m-2 s-1
wetbc,2002,-0.060064920199239064,kg m-2 s-1
wetbc,2003,-0.07021298242268485,kg m-2 s-1
wetbc,2004,0.08534761560921195,kg m-2 s-1
