variable,year,value,unit
emibc,2000,-1.1210449937484982e-06,kg m-2 s-1
emibc,2001,-2.311392492676558e-06,kg m-2 s-1
emibc,2002,-1.0676618713951885e-05,kg m-2 s-1
emibc,2003,1.100012936634267e-06,kg m-2 s-1
emibc,2004,1.353091938775909e-06,kg m-2 s-1
