variable,year,value,unit
emibc,2000,-66.61228480812434,kg m-2 s-1
emibc,2001,-66.25109817222649,kg m-2 s-1
emibc,2002,-66.36273703191884,kg m-2 s-1
emibc,2003,-66.43959243939949,kg m-2 s-1
emibc,2004,-66.26047453617207,kg m-2 s-1
