variable,year,value,unit
mmrso4,2000,-30.11235384755004,kg kg-1
mmrso4,2001,-29.801087476629558,kg kg-1
mmrso4,2002,-28.900780959699134,kg kg-1
mmrso4,2003,-31.008335070063808,kg kg-1
mmrso4,2004,-35.53171509408755,kg kg-1
