variable,year,value,unit
wetbc,2000,-70.85937688545786,kg m-2 s-1
wetbc,2001,-68.34349019233188,kg m-2 s-1
wetbc,2002,-66.17573616088687,kg m-2 s-1
wetbc,2003,-70.82995532466846,kg m-2 s-1
wetbc,2004,-71.28531161876461,kg m-2 s-1
