variable,year,value,unit
mmrbc,2000,-7.938559066158851e-14,kg kg-1
mmrbc,2001,-8.21062938379122e-14,kg kg-1
mmrbc,2002,-1.2879004886538116e-13,kg kg-1
mmrbc,2003,-1.269304583166104e-13,kg kg-1
mmrbc,2004,-9.722867820992165e-14,kg kg-1
