variable,year,value,unit
wetso4,2000,2.0098105201852743,kg m-2 s-1
wetso4,2001,2.0127937661294,kg m-2 s-1
wetso4,2002,2.0754603510705514,kg m-2 s-1
wetso4,2003,2.0611528874903926,kg m-2 s-1
wetso4,2004,1.8463279885056239,kg m-2 s-1
