variable,year,value,unit
cltc,2001,-0.27990494620316914,%
cltc,2002,-0.1038424544952927,%
cltc,2003,-0.21856549675566112,%
cltc,2004,-0.14305169705018375,%
