variable,year,value,unit
loadso2,2000,-0.08715889709849639,kg m-2
loadso2,2001,-0.11590783839863482,kg m-2
loadso2,2002,-0.152147191773768,kg m-2
loadso2,2003,0.19155664709853049,kg m-2
loadso2,2004,0.17530431112175604,kg m-2
