variable,year,value,unit
drybc,2000,-0.23161890721606995,kg m-2 s-1
drybc,2001,-0.1326321363800148,kg m-2 s-1
drybc,2002,-0.3361193200387335,kg m-2 s-1
drybc,2003,-0.07898358419370047,kg m-2 s-1
drybc,2004,-0.1213556136192048,kg m-2 s-1
