variable,year,value,unit
drybc,2000,-0.04951292967202087,kg m-2 s-1
drybc,2001,-0.9185196936081653,kg m-2 s-1
drybc,2002,0.050138156578100675,kg m-2 s-1
drybc,2003,-0.6362749724874919,kg m-2 s-1
drybc,2004,0.10429377001545226,kg m-2 s-1
