variable,year,value,unit
mmrbc,2000,-0.2900364245999395,kg kg-1
mmrbc,2001,-0.22765784686449544,kg kg-1
mmrbc,2002,-0.2114337019964452,kg kg-1
mmrbc,2003,-0.24077405757607198,kg kg-1
mmrbc,2004,-0.08938883076826236,kg kg-1
