variable,year,value,unit
rsut,2000,-0.011406650483160403,W m-2
rsut,2001,-0.06279484450593253,W m-2
rsut,2002,-0.006459635163624199,W m-2
rsut,2003,-0.01046975391618201,W m-2
rsut,2004,0.026659208307723625,W m-2
