variable,year,value,unit
wetbc,2000,0.36051322915700557,kg m-2 s-1
wetbc,2001,0.28857894709580084,kg m-2 s-1
wetbc,2002,-0.01686661613227541,kg m-2 s-1
wetbc,2003,0.056280213846567624,kg m-2 s-1
wetbc,2004,-0.028506495190055856,kg m-2 s-1
