variable,year,value,unit
clt,2001,0.16014258506337556,%
clt,2002,0.1867065104473287,%
clt,2003,0.11116145240912537,%
clt,2004,0.08913877003944241,%
