variable,year,value,unit
rlut,2001,0.04639301266945994,W m-2
rlut,2002,-0.0013174148500492287,W m-2
rlut,2003,-0.022727184361567874,W m-2
rlut,2004,-0.03728084125813408,W m-2
