variable,year,value,unit
mmrso4,2000,-0.105194714326062,kg kg-1
mmrso4,2001,-0.050965614353673167,kg kg-1
mmrso4,2002,0.035379497424870406,kg kg-1
mmrso4,2003,0.06944725828130958,kg kg-1
mmrso4,2004,0.18315390643955295,kg kg-1
