variable,year,value,unit
wetbc,2001,8.779635465644073,kg m-2 s-1
wetbc,2002,3.56778014632632,kg m-2 s-1
wetbc,2003,7.006708647023792,kg m-2 s-1
wetbc,2004,9.88359018053153,kg m-2 s-1
