variable,year,value,unit
rsut,2000,0.05552294025280871,W m-2
rsut,2001,-0.03910084660065481,W m-2
rsut,2002,0.02851172802512605,W m-2
rsut,2003,-0.01266206937310783,W m-2
rsut,2004,-0.12402201758588505,W m-2
