variable,year,value,unit
dms,2000,-0.023577952905709316,mol mol-1
dms,2001,0.04071501259203187,mol mol-1
dms,2002,-1.6523738234573728,mol mol-1
dms,2003,-0.02780921838000614,mol mol-1
dms,2004,-0.05014182562056587,mol mol-1
