variable,year,value,unit
dms,2000,-0.004376255963770221,mol mol-1
dms,2001,-0.0752179770866535,mol mol-1
dms,2002,-0.12525183768444342,mol mol-1
dms,2003,0.01076161717158353,mol mol-1
dms,2004,0.10678399204926615,mol mol-1
