variable,year,value,unit
drybc,2000,0.022478273617727695,kg m-2 s-1
drybc,2001,0.00772774960133391,kg m-2 s-1
drybc,2002,3.341582540757157,kg m-2 s-1
drybc,2003,0.18566297266266935,kg m-2 s-1
drybc,2004,0.05881341548619293,kg m-2 s-1
