variable,year,value,unit
emibc,2001,0.008540613906851874,kg m-2 s-1
emibc,2002,0.008378854730672982,kg m-2 s-1
emibc,2003,0.009051603805593967,kg m-2 s-1
emibc,2004,0.008168333900303939,kg m-2 s-1
