variable,year,value,unit
od550aer,2000,-0.20769479941453117,1
od550aer,2001,0.5799371807751805,1
od550aer,2002,0.7226657670379382,1
od550aer,2003,0.6108822253039664,1
od550aer,2004,-0.22983806748580426,1
