variable,year,value,unit
wetbc,2000,0.2831427871629097,kg m-2 s-1
wetbc,2001,-0.2703961977553162,kg m-2 s-1
wetbc,2002,0.7541206376377925,kg m-2 s-1
wetbc,2003,-0.7527213231783924,kg m-2 s-1
wetbc,2004,-0.2427668702921308,kg m-2 s-1
