variable,year,value,unit
wetso2,2001,0.32459248074778124,kg m-2 s-1
wetso2,2002,0.5281200852790974,kg m-2 s-1
wetso2,2003,-0.5014204219059242,kg m-2 s-1
wetso2,2004,0.1908122874359297,kg m-2 s-1
