variable,year,value,unit
dms,2000,-0.22068935338284001,mol mol-1
dms,2001,-0.0204394816124077,mol mol-1
dms,2002,0.02967693571705482,mol mol-1
dms,2003,-0.1118052217646176,mol mol-1
dms,2004,-0.16582924270085192,mol mol-1
