variable,year,value,unit
wetbc,2001,0.4574190389393383,kg m-2 s-1
wetbc,2002,0.22619886505996892,kg m-2 s-1
wetbc,2003,0.7128089478532849,kg m-2 s-1
wetbc,2004,0.33368085983111345,kg m-2 s-1
