variable,year,value,unit
dryso2,2000,0.037410644611210915,kg m-2 s-1
dryso2,2001,0.03746592359960409,kg m-2 s-1
dryso2,2002,0.26651584270714684,kg m-2 s-1
dryso2,2003,-0.39822334726367664,kg m-2 s-1
dryso2,2004,0.10874425237116422,kg m-2 s-1
