variable,year,value,unit
rlut,2001,-0.0498761794419545,W m-2
rlut,2002,-0.000992261694268972,W m-2
rlut,2003,-0.028098066645238846,W m-2
rlut,2004,-0.026710426098841344,W m-2
