variable,year,value,unit
loadbc,2000,0.005083017264553566,kg m-2
loadbc,2001,-0.15324991464581145,kg m-2
loadbc,2002,0.18506388664152892,kg m-2
loadbc,2003,0.06610168168351815,kg m-2
loadbc,2004,0.25272230954484465,kg m-2
