variable,year,value,unit
drybc,2000,0.02369629163042226,kg m-2 s-1
drybc,2001,0.11855719120567347,kg m-2 s-1
drybc,2002,0.014853987364523875,kg m-2 s-1
drybc,2003,-0.0459702782054747,kg m-2 s-1
drybc,2004,0.046504252625632195,kg m-2 s-1
