variable,year,value,unit
rsut,2000,3.1225258803598055,W m-2
rsut,2001,3.228616866718057,W m-2
rsut,2002,2.7959635181017517,W m-2
rsut,2003,2.5095341623382015,W m-2
rsut,2004,3.163519101686943,W m-2
