variable,year,value,unit
loadbc,2000,-0.23330844101495915,kg m-2
loadbc,2001,0.015112059929981195,kg m-2
loadbc,2002,-0.32535747621394173,kg m-2
loadbc,2003,-0.06287264842497788,kg m-2
loadbc,2004,-0.31553406411560614,kg m-2
