variable,year,value,unit
rlut,2000,0.00031094842800137584,W m-2
rlut,2001,-0.0008629610123236248,W m-2
rlut,2002,-1.67038032266163e-05,W m-2
rlut,2003,0.0017816968198791428,W m-2
rlut,2004,0.0010440723598289206,W m-2
