variable,year,value,unit
cl,2000,-0.08464726069542482,%
cl,2001,-0.10564564345137048,%
cl,2002,-0.023442767352766597,%
cl,2003,0.0015750144220428497,%
cl,2004,0.14916061915450493,%
