variable,year,value,unit
emiso2,2000,-13.270610002870114,kg m-2 s-1
emiso2,2001,-12.943715127039473,kg m-2 s-1
emiso2,2002,-12.981826810046012,kg m-2 s-1
emiso2,2003,-13.71223289008573,kg m-2 s-1
emiso2,2004,-14.0910618408189,kg m-2 s-1
