variable,year,value,unit
wetbc,2000,0.14054440342750332,kg m-2 s-1
wetbc,2001,-0.11719844828353158,kg m-2 s-1
wetbc,2002,0.026328399461059776,kg m-2 s-1
wetbc,2003,-0.1372526855625959,kg m-2 s-1
wetbc,2004,-0.21883886876828407,kg m-2 s-1
