variable,year,value,unit
cl,2000,0.2854059543791278,%
cl,2001,0.06989550200007386,%
cl,2002,-0.5384262258381554,%
cl,2003,-0.2851423547821876,%
cl,2004,-0.21872478233295997,%
