variable,year,value,unit
clt,2000,-0.028363042258878174,%
clt,2001,0.0594902491163764,%
clt,2002,-0.0468304780091667,%
clt,2003,-0.03422446732717763,%
clt,2004,-0.011281214647215938,%
