variable,year,value,unit
loadso2,2000,-2.858979451156702,kg m-2
loadso2,2001,-3.186783271696505,kg m-2
loadso2,2002,-3.1329615387564456,kg m-2
loadso2,2003,-2.9831811889916913,kg m-2
loadso2,2004,-3.3956226855558325,kg m-2
