variable,year,value,unit
cltc,2001,-1.896800169747533,%
cltc,2002,-5.610367846308723,%
cltc,2003,-6.014939174155716,%
cltc,2004,-1.7789507967480207,%
cltc,2005,6.145139640454803,%
