variable,year,value,unit
wetbc,2000,0.07795144199388286,kg m-2 s-1
wetbc,2001,0.054239528957808,kg m-2 s-1
wetbc,2002,0.022876874574418823,kg m-2 s-1
wetbc,2003,-0.07475492332622485,kg m-2 s-1
wetbc,2004,0.06671774558166757,kg m-2 s-1
