variable,year,value,unit
rsutcs,2000,-0.029749105083815838,W m-2
rsutcs,2001,-0.027425105230315758,W m-2
rsutcs,2002,-0.04277373062121281,W m-2
rsutcs,2003,-0.03910019297615725,W m-2
rsutcs,2004,-0.04461691905928484,W m-2
