variable,year,value,unit
dms,2001,0.18470902151290572,mol mol-1
dms,2002,0.8078193834519675,mol mol-1
dms,2003,-0.8471726970084135,mol mol-1
dms,2004,-5.134484729122326,mol mol-1
dms,2005,-1.1110923354146354,mol mol-1
