variable,year,value,unit
rlut,2000,0.000530846278302757,W m-2
rlut,2001,8.730872499597932e-05,W m-2
rlut,2002,-0.00016606604105428546,W m-2
rlut,2003,-0.0002932940056257469,W m-2
rlut,2004,0.0013220046388399563,W m-2
