variable,year,value,unit
rsut,2000,0.021684046730864683,W m-2
rsut,2001,-0.037227100876156126,W m-2
rsut,2002,-0.0023063355038597686,W m-2
rsut,2003,-0.10537465709220863,W m-2
rsut,2004,-0.04599826477604021,W m-2
