variable,year,value,unit
rlutcs,2000,-0.004483869229314985,W m-2
rlutcs,2001,-0.014626252831288052,W m-2
rlutcs,2002,-0.0027868227247652587,W m-2
rlutcs,2003,-0.005554668660372704,W m-2
rlutcs,2004,-0.0036045636123328458,W m-2
