variable,year,value,unit
dryso2,2001,-7.59908288475824,kg m-2 s-1
dryso2,2002,-6.810595455163823,kg m-2 s-1
dryso2,2003,-9.430561499579868,kg m-2 s-1
dryso2,2004,-7.357029158878206,kg m-2 s-1
dryso2,2005,-9.1997826194734,kg m-2 s-1
