variable,year,value,unit
wetbc,2000,0.000671530950627975,kg m-2 s-1
wetbc,2001,0.2850142941360742,kg m-2 s-1
wetbc,2002,0.09961400091020219,kg m-2 s-1
wetbc,2003,0.1325813231129104,kg m-2 s-1
wetbc,2004,-0.01887486989274228,kg m-2 s-1
