variable,year,value,unit
wetso2,2000,-5.659768703925506,kg m-2 s-1
wetso2,2001,-5.176052715245787,kg m-2 s-1
wetso2,2002,-5.471511169457645,kg m-2 s-1
wetso2,2003,-5.672001985155608,kg m-2 s-1
wetso2,2004,-6.052012602229966,kg m-2 s-1
