variable,year,value,unit
rlutcs,2000,0.02448935628841436,W m-2
rlutcs,2001,0.012937452625436167,W m-2
rlutcs,2002,0.0002813111266451516,W m-2
rlutcs,2003,0.009813819848261471,W m-2
rlutcs,2004,0.009435163555531432,W m-2
