variable,year,value,unit
wetso2,2001,-5.707120679074619,kg m-2 s-1
wetso2,2002,-4.483408456760926,kg m-2 s-1
wetso2,2003,-4.199053664186769,kg m-2 s-1
wetso2,2004,-3.243177561319112,kg m-2 s-1
wetso2,2005,-7.041346141698121,kg m-2 s-1
