variable,year,value,unit
wetbc,2000,-0.4907875060982341,kg m-2 s-1
wetbc,2001,-0.21195194164851314,kg m-2 s-1
wetbc,2002,-0.5673467191301294,kg m-2 s-1
wetbc,2003,-0.3770898666287579,kg m-2 s-1
wetbc,2004,0.2664158216230102,kg m-2 s-1
