variable,year,value,unit
rsdt,2001,0.24630250907391027,W m-2
rsdt,2002,0.8633488030293748,W m-2
rsdt,2003,0.7892932417138343,W m-2
rsdt,2004,0.6593429363031224,W m-2
rsdt,2005,-0.5154233762617849,W m-2
