variable,year,value,unit
wetbc,2000,-8.242647e-17,kg m-2 s-1
wetbc,2001,5.57551e-17,kg m-2 s-1
wetbc,2002,-3.716103e-17,kg m-2 s-1
wetbc,2003,-1.5634195e-16,kg m-2 s-1
wetbc,2004,-3.4721575e-17,kg m-2 s-1
