variable,year,value,unit
so2,2000,5.698775e-13,mol mol-1
so2,2001,6.620815e-13,mol mol-1
so2,2002,5.6119e-13,mol mol-1
so2,2003,1.11327614e-13,mol mol-1
so2,2004,4.7173376e-13,mol mol-1
