variable,year,value,unit
rlutcs,2000,-0.0024765132421293856,W m-2
rlutcs,2001,-0.019732688799365405,W m-2
rlutcs,2002,0.005379722292076394,W m-2
rlutcs,2003,0.023623909708135216,W m-2
rlutcs,2004,0.04733070683460028,W m-2
