variable,year,value,unit
wetso4,2000,-4.120599712118256e-15,kg m-2 s-1
wetso4,2001,-3.681106879239556e-15,kg m-2 s-1
wetso4,2002,1.2563919598867183e-16,kg m-2 s-1
wetso4,2003,-9.133076541593385e-15,kg m-2 s-1
wetso4,2004,-2.5266836222880536e-15,kg m-2 s-1
