variable,year,value,unit
wetbc,2000,-1.997243104804187e-16,kg m-2 s-1
wetbc,2001,1.7919221257672033e-16,kg m-2 s-1
wetbc,2002,6.8567515770947355e-18,kg m-2 s-1
wetbc,2003,-1.6511579130166918e-16,kg m-2 s-1
wetbc,2004,-1.0269269937563119e-16,kg m-2 s-1
