variable,year,value,unit
wetso4,2000,8.459754063390932,kg m-2 s-1
wetso4,2001,8.538495146853387,kg m-2 s-1
wetso4,2002,8.42661792454926,kg m-2 s-1
wetso4,2003,8.64740281933801,kg m-2 s-1
wetso4,2004,7.954325983257957,kg m-2 s-1
