variable,year,value,unit
drybc,2000,-0.11846248869390938,kg m-2 s-1
drybc,2001,-0.08115806602074445,kg m-2 s-1
drybc,2002,-0.12003359242475546,kg m-2 s-1
drybc,2003,-0.0780317560101508,kg m-2 s-1
drybc,2004,-0.008605403136886168,kg m-2 s-1
