variable,year,value,unit
emiso2,2000,7.03334762086746,kg m-2 s-1
emiso2,2001,7.528027840076455,kg m-2 s-1
emiso2,2002,11.268378994918987,kg m-2 s-1
emiso2,2003,13.5959968449058,kg m-2 s-1
emiso2,2004,17.958187775755892,kg m-2 s-1
