variable,year,value,unit
dryso4,2000,3.0069326432326346e-13,kg m-2 s-1
dryso4,2001,2.843047052189547e-13,kg m-2 s-1
dryso4,2002,2.787209006204755e-13,kg m-2 s-1
dryso4,2003,2.7531779361999635e-13,kg m-2 s-1
dryso4,2004,2.86752791772135e-13,kg m-2 s-1
