variable,year,value,unit
wetso2,2000,4.7139620939871446e-17,kg m-2 s-1
wetso2,2001,4.614835908587594e-17,kg m-2 s-1
wetso2,2002,2.345532491626384e-17,kg m-2 s-1
wetso2,2003,3.323697115245861e-17,kg m-2 s-1
wetso2,2004,3.064153274763563e-17,kg m-2 s-1
