variable,year,value,unit
rsutcs,2000,-0.014328003,W m-2
rsutcs,2001,-0.008125305,W m-2
rsutcs,2002,-0.013702393,W m-2
rsutcs,2003,-0.006416321,W m-2
rsutcs,2004,-0.02268219,W m-2
