variable,year,value,unit
so2,2000,-6.327411e-12,mol mol-1
so2,2001,-6.6195105e-12,mol mol-1
so2,2002,-6.213724e-12,mol mol-1
so2,2003,-6.6548156e-12,mol mol-1
so2,2004,-6.7058303e-12,mol mol-1
