variable,year,value,unit
wetso2,2000,-4.8980134e-14,kg m-2 s-1
wetso2,2001,-4.634292e-14,kg m-2 s-1
wetso2,2002,-4.5341985e-14,kg m-2 s-1
wetso2,2003,-4.970438e-14,kg m-2 s-1
wetso2,2004,-5.6258167e-14,kg m-2 s-1
