variable,year,value,unit
mmrso4,2000,-2.4439561e-11,kg kg-1
mmrso4,2001,-2.747197e-11,kg kg-1
mmrso4,2002,-2.5244307e-11,kg kg-1
mmrso4,2003,-2.6431968e-11,kg kg-1
mmrso4,2004,-2.8583025e-11,kg kg-1
