variable,year,value,unit
drybc,2000,-3.3620432e-16,kg m-2 s-1
drybc,2001,5.448116e-18,kg m-2 s-1
drybc,2002,1.260385e-17,kg m-2 s-1
drybc,2003,1.1655173e-18,kg m-2 s-1
drybc,2004,4.6620693e-18,kg m-2 s-1
