variable,year,value,unit
loadso4,2000,2.2748732678651067e-07,kg m-2
loadso4,2001,1.517867051688699e-07,kg m-2
loadso4,2002,1.898183689985176e-07,kg m-2
loadso4,2003,5.226139703333409e-07,kg m-2
loadso4,2004,2.7512127182170825e-07,kg m-2
