variable,year,value,unit
dryso4,2000,-2.202569718626275e-16,kg m-2 s-1
dryso4,2001,-7.082249329810929e-17,kg m-2 s-1
dryso4,2002,-7.79104810709785e-17,kg m-2 s-1
dryso4,2003,-2.692869851504987e-16,kg m-2 s-1
dryso4,2004,-6.607974289214919e-16,kg m-2 s-1
