variable,year,value,unit
wetso4,2000,-2.979457487229494e-15,kg m-2 s-1
wetso4,2001,-1.814442390005122e-15,kg m-2 s-1
wetso4,2002,-7.429706041263044e-16,kg m-2 s-1
wetso4,2003,-6.054367223558396e-16,kg m-2 s-1
wetso4,2004,-1.9465667185714867e-15,kg m-2 s-1
