variable,year,value,unit
so2,2000,3.641342718263944e-14,mol mol-1
so2,2001,-1.5844269001710476e-13,mol mol-1
so2,2002,2.1780658085089233e-13,mol mol-1
so2,2003,-8.843372607423901e-14,mol mol-1
so2,2004,-1.630633955696015e-13,mol mol-1
