variable,year,value,unit
od550aer,2000,1.4549998482729642e-05,1
od550aer,2001,-5.893435648141043e-05,1
od550aer,2002,5.934844877157619e-05,1
od550aer,2003,-9.725699406737398e-05,1
od550aer,2004,1.9249504761786884e-05,1
