variable,year,value,unit
rlutcs,2000,0.0037292346216304395,W m-2
rlutcs,2001,0.005652117565375647,W m-2
rlutcs,2002,-0.004865873400490273,W m-2
rlutcs,2003,-0.0019812401519061495,W m-2
rlutcs,2004,-0.0009918527325112336,W m-2
