variable,year,value,unit
so2,2000,7.515081856585579e-13,mol mol-1
so2,2001,7.084958442827854e-13,mol mol-1
so2,2002,6.876568488366829e-13,mol mol-1
so2,2003,1.6187397133517382e-12,mol mol-1
so2,2004,2.669261110094336e-13,mol mol-1
