variable,year,value,unit
dryso4,2000,6.102641454036088e-14,kg m-2 s-1
dryso4,2001,5.5071332978948084e-14,kg m-2 s-1
dryso4,2002,5.607157587466987e-14,kg m-2 s-1
dryso4,2003,6.15987949736806e-14,kg m-2 s-1
dryso4,2004,6.102316339072982e-14,kg m-2 s-1
