variable,year,value,unit
drybc,2000,-2.7445763432575688e-15,kg m-2 s-1
drybc,2001,-3.1357177755961595e-15,kg m-2 s-1
drybc,2002,-3.5436102444633213e-15,kg m-2 s-1
drybc,2003,-3.1739075234815185e-15,kg m-2 s-1
drybc,2004,-3.172490208267578e-15,kg m-2 s-1
