variable,year,value,unit
loadso4,2000,2.4224903478622676e-10,kg m-2
loadso4,2001,7.890148345805231e-10,kg m-2
loadso4,2002,5.801246917658682e-08,kg m-2
loadso4,2003,3.170323167119443e-08,kg m-2
loadso4,2004,1.6078987432636742e-08,kg m-2
