variable,year,value,unit
loadso2,2000,-5.569361327193714e-10,kg m-2
loadso2,2001,1.11117935948743e-10,kg m-2
loadso2,2002,7.96392658199123e-10,kg m-2
loadso2,2003,1.129475717286729e-10,kg m-2
loadso2,2004,-5.937406559423095e-10,kg m-2
