variable,year,value,unit
so2,2000,1.4752709201223168e-14,mol mol-1
so2,2001,5.471623385113781e-13,mol mol-1
so2,2002,-1.205275840817287e-12,mol mol-1
so2,2003,2.3440785859690626e-13,mol mol-1
so2,2004,-3.612220675947507e-13,mol mol-1
