variable,year,value,unit
wetso2,2000,2.2468315100825724e-15,kg m-2 s-1
wetso2,2001,-4.0948533634361346e-16,kg m-2 s-1
wetso2,2002,9.02990753026229e-16,kg m-2 s-1
wetso2,2003,1.9474501682825335e-16,kg m-2 s-1
wetso2,2004,1.814553812394937e-15,kg m-2 s-1
