variable,year,value,unit
wetso4,2000,4.189347246906878e-15,kg m-2 s-1
wetso4,2001,5.4987608221328094e-15,kg m-2 s-1
wetso4,2002,6.222077665519583e-15,kg m-2 s-1
wetso4,2003,7.133297996521379e-15,kg m-2 s-1
wetso4,2004,2.4795344842306936e-15,kg m-2 s-1
