variable,year,value,unit
dms,2000,4.082582676357002e-14,mol mol-1
dms,2001,1.3214357200682547e-14,mol mol-1
dms,2002,9.734572106504058e-15,mol mol-1
dms,2003,5.281001179900367e-15,mol mol-1
dms,2004,1.3810723167895446e-14,mol mol-1
