variable,year,value,unit
rlutcs,2001,-0.004257101685875977,W m-2
rlutcs,2002,-0.006366703833648184,W m-2
rlutcs,2003,-0.004630052135890915,W m-2
rlutcs,2004,-0.00565393101086685,W m-2
