variable,year,value,unit
mmrso4,2001,-1.4654054708929891,kg kg-1
mmrso4,2002,-0.7617473770143991,kg kg-1
mmrso4,2003,-1.0675906903956731,kg kg-1
mmrso4,2004,-1.127517489842261,kg kg-1
