variable,year,value,unit
rsutcs,2001,0.05456100446835421,W m-2
rsutcs,2002,0.06318155365987366,W m-2
rsutcs,2003,0.05922113172297827,W m-2
rsutcs,2004,0.07304322091539461,W m-2
