variable,year,value,unit
wetso4,2001,4.407770380005125e-13,kg m-2 s-1
wetso4,2002,4.653047301565623e-13,kg m-2 s-1
wetso4,2003,4.3364525434726827e-13,kg m-2 s-1
wetso4,2004,4.768711138339636e-13,kg m-2 s-1
