variable,year,value,unit
loadso4,2000,6.655319205347357e-07,kg m-2
loadso4,2001,1.349774926147283e-07,kg m-2
loadso4,2002,8.49958719791705e-08,kg m-2
loadso4,2003,6.542117002601544e-07,kg m-2
loadso4,2004,3.605830981281221e-07,kg m-2
