variable,year,value,unit
wetso2,2001,-2.0089629147845002e-17,kg m-2 s-1
wetso2,2002,-1.9800951456063852e-17,kg m-2 s-1
wetso2,2003,-2.428048879870603e-17,kg m-2 s-1
wetso2,2004,-1.89716351013699e-17,kg m-2 s-1
