variable,year,value,unit
wetso2,2001,-9.410823603118106e-15,kg m-2 s-1
wetso2,2002,-8.433810565087576e-15,kg m-2 s-1
wetso2,2003,-9.017849980257542e-15,kg m-2 s-1
wetso2,2004,-9.880629669358713e-15,kg m-2 s-1
