variable,year,value,unit
wetso4,2000,8.201388375027577e-14,kg m-2 s-1
wetso4,2001,7.348553931212873e-14,kg m-2 s-1
wetso4,2002,8.178524435732877e-14,kg m-2 s-1
wetso4,2003,9.023512593837243e-14,kg m-2 s-1
wetso4,2004,8.109737525451417e-14,kg m-2 s-1
