variable,year,value,unit
loadso2,2000,-1.793329567492479e-07,kg m-2
loadso2,2001,-1.729772729213673e-07,kg m-2
loadso2,2002,-1.722613248885883e-07,kg m-2
loadso2,2003,-1.9358005448857115e-07,kg m-2
loadso2,2004,-1.6722689398991798e-07,kg m-2
