variable,year,value,unit
loadso2,2000,-4.40127813438866e-08,kg m-2
loadso2,2001,-4.217596632360677e-08,kg m-2
loadso2,2002,-3.954659950645588e-08,kg m-2
loadso2,2003,-4.072786308449794e-08,kg m-2
loadso2,2004,-3.8863459930478894e-08,kg m-2
