variable,year,value,unit
rsut,2001,0.05885343227964768,W m-2
rsut,2002,0.12181649300097774,W m-2
rsut,2003,0.1777202534618425,W m-2
rsut,2004,0.21085976102095572,W m-2
