variable,year,value,unit
mmrso4,2000,2.6925909500148516e-11,kg kg-1
mmrso4,2001,2.734072184693542e-11,kg kg-1
mmrso4,2002,2.659833576102107e-11,kg kg-1
mmrso4,2003,2.3799339105688115e-11,kg kg-1
mmrso4,2004,2.601072208721884e-11,kg kg-1
