variable,year,value,unit
rsutcs,2001,0.0015536557964850317,W m-2
rsutcs,2002,0.010989493700506614,W m-2
rsutcs,2003,0.02180092312579518,W m-2
rsutcs,2004,0.007235508069115326,W m-2
