variable,year,value,unit
rlutcs,2000,-0.017478451149088414,W m-2
rlutcs,2001,-0.007838201291320956,W m-2
rlutcs,2002,-0.022599942830368036,W m-2
rlutcs,2003,-0.024305255535153947,W m-2
rlutcs,2004,-0.022648240766557137,W m-2
