variable,year,value,unit
clt,2001,-0.027054747618976194,%
clt,2002,-0.0035269809360727322,%
clt,2003,-0.008211694780015932,%
clt,2004,0.010845395410854053,%
