variable,year,value,unit
cl,2000,-0.011265594699203518,%
cl,2001,0.27941227146735415,%
cl,2002,-0.1197005509833815,%
cl,2003,-0.06240812745947366,%
cl,2004,-0.3928234752628583,%
