variable,year,value,unit
clivi,2000,1.3138004895697775e-06,kg m-2
clivi,2001,5.228472443399856e-07,kg m-2
clivi,2002,1.7193491239460984e-05,kg m-2
clivi,2003,-3.3968552561602916e-06,kg m-2
clivi,2004,-3.203408996604179e-06,kg m-2
