variable,year,value,unit
od550aer,2000,-0.03719916548758501,1
od550aer,2001,-0.0388700393334374,1
od550aer,2002,-0.04084362090078893,1
od550aer,2003,-0.04141578864020019,1
od550aer,2004,-0.036859273336291014,1
