variable,year,value,unit
dms,2000,-8.559077079316124e-14,mol mol-1
dms,2001,1.1009623369697044e-15,mol mol-1
dms,2002,1.0749717079190653e-14,mol mol-1
dms,2003,1.1814980503730389e-14,mol mol-1
dms,2004,-5.493445384929729e-15,mol mol-1
