variable,year,value,unit
loadbc,2000,2.1310518656597517e-12,kg m-2
loadbc,2001,-6.102555951283882e-13,kg m-2
loadbc,2002,-1.036055974754072e-11,kg m-2
loadbc,2003,-7.186076351263061e-12,kg m-2
loadbc,2004,-9.724195318635366e-12,kg m-2
