variable,year,value,unit
dryso2,2001,-9.036425401913071e-14,kg m-2 s-1
dryso2,2002,-8.878843735499699e-14,kg m-2 s-1
dryso2,2003,-9.54094001010008e-14,kg m-2 s-1
dryso2,2004,-8.839043643733549e-14,kg m-2 s-1
