variable,year,value,unit
emiso2,2001,-1.153687544956263e-13,kg m-2 s-1
emiso2,2002,-1.1313513650825617e-13,kg m-2 s-1
emiso2,2003,-1.1362499257147233e-13,kg m-2 s-1
emiso2,2004,-1.1024761742525399e-13,kg m-2 s-1
