variable,year,value,unit
loadso4,2000,7.002911650739679e-08,kg m-2
loadso4,2001,8.15742337287086e-08,kg m-2
loadso4,2002,7.770914234057759e-08,kg m-2
loadso4,2003,7.93132517087397e-08,kg m-2
loadso4,2004,7.271133369102143e-08,kg m-2
