variable,year,value,unit
loadso4,2000,1.001794709787709e-08,kg m-2
loadso4,2001,1.0942966260887607e-08,kg m-2
loadso4,2002,1.4543888663706845e-08,kg m-2
loadso4,2003,1.877323704900757e-09,kg m-2
loadso4,2004,3.334059299873616e-09,kg m-2
