variable,year,value,unit
dryso2,2001,-5.49758899605508e-14,kg m-2 s-1
dryso2,2002,-4.935958646563515e-14,kg m-2 s-1
dryso2,2003,-5.808083023953685e-14,kg m-2 s-1
dryso2,2004,-5.6123066747442106e-14,kg m-2 s-1
