variable,year,value,unit
rsut,2000,-0.16514528640857407,W m-2
rsut,2001,-0.11352667410234574,W m-2
rsut,2002,-0.14649049336789233,W m-2
rsut,2003,-0.16730539170154657,W m-2
rsut,2004,-0.18442089248743798,W m-2
