variable,year,value,unit
so2,2001,-1.7737284142878226e-11,mol mol-1
so2,2002,-1.8311004024572948e-11,mol mol-1
so2,2003,-1.7590464680207676e-11,mol mol-1
so2,2004,-1.734952244657689e-11,mol mol-1
