variable,year,value,unit
mmrso4,2000,1.6892404079927074e-11,kg kg-1
mmrso4,2001,1.5030310944919107e-11,kg kg-1
mmrso4,2002,1.3065788102432423e-11,kg kg-1
mmrso4,2003,1.7598189947055812e-11,kg kg-1
mmrso4,2004,1.4326169847651545e-11,kg kg-1
