variable,year,value,unit
wetso4,2000,1.198139400033958e-14,kg m-2 s-1
wetso4,2001,1.6855080056217402e-14,kg m-2 s-1
wetso4,2002,1.8204489746027027e-14,kg m-2 s-1
wetso4,2003,2.3611067330300533e-14,kg m-2 s-1
wetso4,2004,2.0435418330599076e-14,kg m-2 s-1
