variable,year,value,unit
wetbc,2000,-7.674253054830495e-17,kg m-2 s-1
wetbc,2001,-3.488301337135033e-16,kg m-2 s-1
wetbc,2002,-5.02218948921732e-16,kg m-2 s-1
wetbc,2003,-4.457201292394746e-16,kg m-2 s-1
wetbc,2004,-5.94372747358992e-16,kg m-2 s-1
