variable,year,value,unit
dryso2,2000,-5.693963519789209e-14,kg m-2 s-1
dryso2,2001,-5.681630864249173e-14,kg m-2 s-1
dryso2,2002,-5.399426268245966e-14,kg m-2 s-1
dryso2,2003,-5.2901696022989203e-14,kg m-2 s-1
dryso2,2004,-5.372160285753805e-14,kg m-2 s-1
