variable,year,value,unit
dms,2000,6.308913170451514e-14,mol mol-1
dms,2001,-5.964735238687746e-15,mol mol-1
dms,2002,4.8689071365542204e-14,mol mol-1
dms,2003,3.519824478818648e-14,mol mol-1
dms,2004,1.9059218178938693e-14,mol mol-1
