variable,year,value,unit
loadso4,2000,1.669440336819115e-08,kg m-2
loadso4,2001,8.684986897657119e-09,kg m-2
loadso4,2002,1.1046144756664774e-08,kg m-2
loadso4,2003,1.044055097828183e-08,kg m-2
loadso4,2004,2.4726450408938584e-09,kg m-2
