variable,year,value,unit
drybc,2000,1.8436638450570857e-17,kg m-2 s-1
drybc,2001,-1.467765396650633e-17,kg m-2 s-1
drybc,2002,6.224110552948088e-17,kg m-2 s-1
drybc,2003,5.634711805213198e-17,kg m-2 s-1
drybc,2004,-2.3120248345686327e-17,kg m-2 s-1
