variable,year,value,unit
so2,2000,-3.3582165142856293e-11,mol mol-1
so2,2001,-2.8931576736048628e-11,mol mol-1
so2,2002,-3.2356627297846416e-11,mol mol-1
so2,2003,-3.459315702341724e-11,mol mol-1
so2,2004,-2.820088639428109e-11,mol mol-1
