variable,year,value,unit
dryso2,2000,-7.312449020102032e-14,kg m-2 s-1
dryso2,2001,-6.933725929164774e-14,kg m-2 s-1
dryso2,2002,-6.685244902239173e-14,kg m-2 s-1
dryso2,2003,-6.095907598782576e-14,kg m-2 s-1
dryso2,2004,-6.835538298214961e-14,kg m-2 s-1
