variable,year,value,unit
od550aer,2000,0.0003568755260331402,1
od550aer,2001,0.00032690979589608885,1
od550aer,2002,0.000323884375508475,1
od550aer,2003,0.00037128858040624477,1
od550aer,2004,0.00030868240464334076,1
