variable,year,value,unit
mmrbc,2001,-1.0941396356921243e-14,kg kg-1
mmrbc,2002,1.3266575123852167e-14,kg kg-1
mmrbc,2003,-1.0848435432130062e-14,kg kg-1
mmrbc,2004,-4.199118687267578e-16,kg kg-1
