variable,year,value,unit
loadso4,2000,1.1710271607044923e-08,kg m-2
loadso4,2001,9.389685336618863e-09,kg m-2
loadso4,2002,1.053130716035213e-08,kg m-2
loadso4,2003,1.0868324925643798e-08,kg m-2
loadso4,2004,9.58727355550303e-09,kg m-2
