variable,year,value,unit
mmrso4,2001,2.4645500900654595e-11,kg kg-1
mmrso4,2002,2.447394646483462e-11,kg kg-1
mmrso4,2003,2.3428348161272244e-11,kg kg-1
mmrso4,2004,2.38907825131248e-11,kg kg-1
