variable,year,value,unit
rlut,2000,0.0014248893059516377,W m-2
rlut,2001,0.0041864297652125515,W m-2
rlut,2002,0.0033112997217301654,W m-2
rlut,2003,-0.007608933621582992,W m-2
rlut,2004,-0.00033774562550092924,W m-2
