variable,year,value,unit
rlut,2001,-0.02885060752919344,W m-2
rlut,2002,-0.018715403341076353,W m-2
rlut,2003,0.0017470980185123608,W m-2
rlut,2004,0.015962049856312888,W m-2
