variable,year,value,unit
wetso4,2000,1.6778435138495642e-14,kg m-2 s-1
wetso4,2001,2.4741211766602652e-14,kg m-2 s-1
wetso4,2002,2.4735872550415683e-14,kg m-2 s-1
wetso4,2003,1.9094571090135236e-14,kg m-2 s-1
wetso4,2004,1.4479324366413345e-14,kg m-2 s-1
