variable,year,value,unit
rlut,2000,0.0014827774625985057,W m-2
rlut,2001,-0.004573955267119345,W m-2
rlut,2002,0.0020500406199346344,W m-2
rlut,2003,0.00022297321248743174,W m-2
rlut,2004,-0.0010444673042115937,W m-2
