variable,year,value,unit
dms,2000,-4.432368483132881e-14,mol mol-1
dms,2001,2.280298963157494e-14,mol mol-1
dms,2002,-1.8961689009081245e-13,mol mol-1
dms,2003,7.29484244251526e-14,mol mol-1
dms,2004,2.1514685671133813e-14,mol mol-1
