variable,year,value,unit
dryso2,2000,0.007273603203290299,kg m-2 s-1
dryso2,2001,-0.08055077174484133,kg m-2 s-1
dryso2,2002,-0.047678461502209384,kg m-2 s-1
dryso2,2003,-0.10878929756688216,kg m-2 s-1
dryso2,2004,-0.023455444712052374,kg m-2 s-1
