variable,year,value,unit
wetso4,2000,0.05684324966487871,kg m-2 s-1
wetso4,2001,0.16514732246351913,kg m-2 s-1
wetso4,2002,0.23630815463712498,kg m-2 s-1
wetso4,2003,0.3983691804458969,kg m-2 s-1
wetso4,2004,0.17533140005217948,kg m-2 s-1
