variable,year,value,unit
rlut,2000,0.005167957932828954,W m-2
rlut,2001,0.012369576701470392,W m-2
rlut,2002,0.004840086052675595,W m-2
rlut,2003,-8.57362370641628e-05,W m-2
rlut,2004,-0.0016722474751227337,W m-2
