variable,year,value,unit
rlut,2000,-0.009676670128015648,W m-2
rlut,2001,-0.008001707403018584,W m-2
rlut,2002,0.008819709712995167,W m-2
rlut,2003,-0.01246179649617079,W m-2
rlut,2004,-0.0031117279389351856,W m-2
