variable,year,value,unit
rsutcs,2000,0.060843002106793165,W m-2
rsutcs,2001,0.04637426682818102,W m-2
rsutcs,2002,0.04525801937819551,W m-2
rsutcs,2003,0.06559081590205551,W m-2
rsutcs,2004,0.051715628274294545,W m-2
