variable,year,value,unit
emiso2,2000,-9.81550955607924e-13,kg m-2 s-1
emiso2,2001,-9.782241279355875e-13,kg m-2 s-1
emiso2,2002,-9.784644019309804e-13,kg m-2 s-1
emiso2,2003,-1.0263802051740693e-12,kg m-2 s-1
emiso2,2004,-1.0610671535208018e-12,kg m-2 s-1
