variable,year,value,unit
od550aer,2000,0.0016120591729552047,1
od550aer,2001,0.001377409076605135,1
od550aer,2002,0.001472637037161162,1
od550aer,2003,0.0016049017840619184,1
od550aer,2004,0.0017186465529413775,1
