variable,year,value,unit
rsut,2000,0.014220692618238218,W m-2
rsut,2001,-0.023688061709066233,W m-2
rsut,2002,0.01672520143951317,W m-2
rsut,2003,0.0206765249982368,W m-2
rsut,2004,-0.0003431571786194354,W m-2
