variable,year,value,unit
dryso2,2000,-2.2362355497035527e-13,kg m-2 s-1
dryso2,2001,-2.2741090882582837e-13,kg m-2 s-1
dryso2,2002,-2.235016811891913e-13,kg m-2 s-1
dryso2,2003,-2.361999625241778e-13,kg m-2 s-1
dryso2,2004,-2.489889689264033e-13,kg m-2 s-1
