variable,year,value,unit
emibc,2001,-4.070205514887982e-20,kg m-2 s-1
emibc,2002,-9.377785984450063e-21,kg m-2 s-1
emibc,2003,-8.553664587109257e-20,kg m-2 s-1
emibc,2004,-1.3840239414899697e-19,kg m-2 s-1
