variable,year,value,unit
emibc,2000,-4.694533713728822e-21,kg m-2 s-1
emibc,2001,1.742389727328915e-19,kg m-2 s-1
emibc,2002,2.3422743028602867e-19,kg m-2 s-1
emibc,2003,-6.175769651503741e-20,kg m-2 s-1
emibc,2004,9.250399947973666e-20,kg m-2 s-1
