variable,year,value,unit
wetbc,2001,-2.2729025364247536e-15,kg m-2 s-1
wetbc,2002,-2.1357867116168246e-15,kg m-2 s-1
wetbc,2003,-2.4073561989432818e-15,kg m-2 s-1
wetbc,2004,-2.488668611281207e-15,kg m-2 s-1
