variable,year,value,unit
rsut,2001,0.10162490251960321,W m-2
rsut,2002,0.09932597381620667,W m-2
rsut,2003,0.1255940850270605,W m-2
rsut,2004,0.12372355347686437,W m-2
