variable,year,value,unit
mmrbc,2001,4.428940644995931e-13,kg kg-1
mmrbc,2002,6.940556353318323e-13,kg kg-1
mmrbc,2003,5.893096332770982e-13,kg kg-1
mmrbc,2004,8.562216631782981e-13,kg kg-1
