variable,year,value,unit
cl,2000,0.012803968525163967,%
cl,2001,0.0035054853984721746,%
cl,2002,0.0017647052381271067,%
cl,2003,0.0010154260993600062,%
cl,2004,0.0005291173056356513,%
