variable,year,value,unit
rlutcs,2000,-0.029774238137179054,W m-2
rlutcs,2001,-0.029979813509726227,W m-2
rlutcs,2002,-0.03419768546112323,W m-2
rlutcs,2003,-0.02515479849509461,W m-2
rlutcs,2004,-0.02051557332174525,W m-2
