variable,year,value,unit
loadso2,2000,-1.487967948544057e-07,kg m-2
loadso2,2001,-1.4593310380411936e-07,kg m-2
loadso2,2002,-1.4215053674290785e-07,kg m-2
loadso2,2003,-1.5313856482413679e-07,kg m-2
loadso2,2004,-1.6013648526680824e-07,kg m-2
