variable,year,value,unit
clt,2001,0.025312514639459494,%
clt,2002,0.023426034366480053,%
clt,2003,0.031974242245006224,%
clt,2004,-0.029827356611804134,%
