variable,year,value,unit
loadso2,2000,-1.0579534316965948e-07,kg m-2
loadso2,2001,-1.0402023590381042e-07,kg m-2
loadso2,2002,-1.0352161996407354e-07,kg m-2
loadso2,2003,-1.0722360890710589e-07,kg m-2
loadso2,2004,-1.1421703991991905e-07,kg m-2
