variable,year,value,unit
mmrbc,2000,4.552754374288861e-13,kg kg-1
mmrbc,2001,8.380865502465024e-13,kg kg-1
mmrbc,2002,1.3345617955147684e-12,kg kg-1
mmrbc,2003,1.8182474034677636e-12,kg kg-1
mmrbc,2004,1.991066594861502e-12,kg kg-1
