variable,year,value,unit
loadbc,2000,1.6038721163214775e-09,kg m-2
loadbc,2001,1.8078553675477017e-09,kg m-2
loadbc,2002,1.7373390046056323e-09,kg m-2
loadbc,2003,2.0202806929706483e-09,kg m-2
loadbc,2004,2.1964855771595824e-09,kg m-2
