variable,year,value,unit
cl,2000,0.031592776472454176,%
cl,2001,0.027445236718143917,%
cl,2002,0.027669596101942417,%
cl,2003,0.04778356816887985,%
cl,2004,0.022671307558594478,%
