variable,year,value,unit
rlutcs,2001,-0.0011361613167935047,W m-2
rlutcs,2002,-0.015798894629142524,W m-2
rlutcs,2003,-0.01379214513315219,W m-2
rlutcs,2004,-0.00010267372800853991,W m-2
