variable,year,value,unit
so2,2001,-3.613063530555648e-11,mol mol-1
so2,2002,-3.470714520148463e-11,mol mol-1
so2,2003,-3.701242044748846e-11,mol mol-1
so2,2004,-3.9185296374217564e-11,mol mol-1
