variable,year,value,unit
cl,2000,-0.004925025021031537,%
cl,2001,0.0006140987965617128,%
cl,2002,-0.0332181935258129,%
cl,2003,-0.021919313872587942,%
cl,2004,-0.03860828462132293,%
