variable,year,value,unit
emibc,2001,-2.6681623464628557e-23,kg m-2 s-1
emibc,2002,-4.0134072267894816e-22,kg m-2 s-1
emibc,2003,-2.420000084761278e-22,kg m-2 s-1
emibc,2004,-5.953165958065505e-22,kg m-2 s-1
