variable,year,value,unit
rlutcs,2000,-0.050684699620944684,W m-2
rlutcs,2001,-0.05094909395063496,W m-2
rlutcs,2002,-0.026025682589875032,W m-2
rlutcs,2003,-0.034314365215891485,W m-2
rlutcs,2004,-0.016371879410286283,W m-2
