variable,year,value,unit
dms,2000,-1.0679024223056426e-14,mol mol-1
dms,2001,-1.2689295876469123e-14,mol mol-1
dms,2002,-1.228592988890461e-14,mol mol-1
dms,2003,-1.2662304021038638e-14,mol mol-1
dms,2004,-1.1767891753107499e-14,mol mol-1
