variable,year,value,unit
rsutcs,2001,0.014782436057757309,W m-2
rsutcs,2002,0.03302968334396894,W m-2
rsutcs,2003,0.028993450086659323,W m-2
rsutcs,2004,0.012693274837957347,W m-2
