variable,year,value,unit
rlut,2000,-0.07335396227554725,W m-2
rlut,2001,-0.009180883650117266,W m-2
rlut,2002,-0.013015142379970257,W m-2
rlut,2003,0.018206909708197827,W m-2
rlut,2004,0.020482108923431497,W m-2
