variable,year,value,unit
rsut,2001,0.011943262706893165,W m-2
rsut,2002,0.011273829465267227,W m-2
rsut,2003,0.011243451537737315,W m-2
rsut,2004,0.011993504853933246,W m-2
