variable,year,value,unit
drybc,2001,-2.523467323459943e-16,kg m-2 s-1
drybc,2002,-2.5290646348599157e-16,kg m-2 s-1
drybc,2003,-2.0155502456562654e-16,kg m-2 s-1
drybc,2004,-4.266490211080957e-16,kg m-2 s-1
