variable,year,value,unit
wetso2,2000,-2.4495038663230824e-14,kg m-2 s-1
wetso2,2001,-2.3199881500398208e-14,kg m-2 s-1
wetso2,2002,-2.368707227971649e-14,kg m-2 s-1
wetso2,2003,-2.2203610984701863e-14,kg m-2 s-1
wetso2,2004,-2.5867060383828535e-14,kg m-2 s-1
