variable,year,value,unit
dryso4,2001,3.0423739854817205e-13,kg m-2 s-1
dryso4,2002,3.0416518002381273e-13,kg m-2 s-1
dryso4,2003,3.2482117348295085e-13,kg m-2 s-1
dryso4,2004,3.346940262672544e-13,kg m-2 s-1
