variable,year,value,unit
rlut,2001,0.04702876529032096,W m-2
rlut,2002,-0.017403247971685687,W m-2
rlut,2003,-0.06448109943002578,W m-2
rlut,2004,-0.02785173146438069,W m-2
