variable,year,value,unit
mmrbc,2001,6.78863727909285e-14,kg kg-1
mmrbc,2002,3.822998915685763e-14,kg kg-1
mmrbc,2003,9.873335184446962e-15,kg kg-1
mmrbc,2004,5.708008126058719e-14,kg kg-1
