variable,year,value,unit
wetso4,2001,2.838441670443979e-13,kg m-2 s-1
wetso4,2002,2.8365768402898203e-13,kg m-2 s-1
wetso4,2003,2.9970958534098823e-13,kg m-2 s-1
wetso4,2004,3.146980923859006e-13,kg m-2 s-1
