variable,year,value,unit
loadso4,2000,7.513179341154107e-08,kg m-2
loadso4,2001,7.314917198326967e-08,kg m-2
loadso4,2002,5.967666906224125e-08,kg m-2
loadso4,2003,5.795075102353723e-08,kg m-2
loadso4,2004,6.86324257012652e-08,kg m-2
