variable,year,value,unit
rlut,2000,-0.14906323883056416,W m-2
rlut,2001,-0.12506735703144045,W m-2
rlut,2002,-0.06527996928755897,W m-2
rlut,2003,0.03514694267076379,W m-2
rlut,2004,-0.10343373387701149,W m-2
