variable,year,value,unit
so2,2000,-4.2044099779709117e-11,mol mol-1
so2,2001,-4.081850559283557e-11,mol mol-1
so2,2002,-4.073288874648158e-11,mol mol-1
so2,2003,-4.313307379410553e-11,mol mol-1
so2,2004,-4.4084983736589684e-11,mol mol-1
