variable,year,value,unit
clivi,2000,0.00031384113694363225,kg m-2
clivi,2001,4.719962798327426e-06,kg m-2
clivi,2002,0.0003563053887484374,kg m-2
clivi,2003,0.00010370068571195767,kg m-2
clivi,2004,0.00026666461125930685,kg m-2
