variable,year,value,unit
wetbc,2000,-2.656478070118654e-16,kg m-2 s-1
wetbc,2001,-1.9547865562139759e-16,kg m-2 s-1
wetbc,2002,-3.3722348915179915e-16,kg m-2 s-1
wetbc,2003,-3.1883259686152716e-16,kg m-2 s-1
wetbc,2004,-2.9694357919435903e-16,kg m-2 s-1
