variable,year,value,unit
loadbc,2000,-4.2705531718208373e-10,kg m-2
loadbc,2001,-5.091941559622811e-10,kg m-2
loadbc,2002,-3.850770579330711e-10,kg m-2
loadbc,2003,-4.6146417256056524e-10,kg m-2
loadbc,2004,-5.029838655604885e-10,kg m-2
