variable,year,value,unit
cl,2000,-0.018596592694551717,%
cl,2001,-0.021571757122087476,%
cl,2002,-0.021243947964633136,%
cl,2003,-0.024314041392724306,%
cl,2004,-0.028434994209851183,%
