variable,year,value,unit
mmrso4,2000,1.2247881682472235e-10,kg kg-1
mmrso4,2001,1.2367038006046161e-10,kg kg-1
mmrso4,2002,1.2729003173677707e-10,kg kg-1
mmrso4,2003,1.2708870388098908e-10,kg kg-1
mmrso4,2004,1.3874113107455698e-10,kg kg-1
