variable,year,value,unit
clivi,2000,1.2334472687886358e-05,kg m-2
clivi,2001,9.61602547095916e-06,kg m-2
clivi,2002,9.388998119357062e-06,kg m-2
clivi,2003,2.525094542776135e-06,kg m-2
clivi,2004,3.5583535334896693e-06,kg m-2
