variable,year,value,unit
emiso2,2000,-0.09799701751689333,kg m-2 s-1
emiso2,2001,-0.09106306689899564,kg m-2 s-1
emiso2,2002,-0.093646853051044,kg m-2 s-1
emiso2,2003,-0.09448101337363624,kg m-2 s-1
emiso2,2004,-0.09605218632714861,kg m-2 s-1
