variable,year,value,unit
rlut,2000,0.005550418027488965,W m-2
rlut,2001,0.017383531559090594,W m-2
rlut,2002,-0.005428490106453081,W m-2
rlut,2003,-0.011449250614377451,W m-2
rlut,2004,0.0017865692621838259,W m-2
