variable,year,value,unit
wetbc,2000,-0.02279367714997979,kg m-2 s-1
wetbc,2001,0.0528004794112989,kg m-2 s-1
wetbc,2002,0.07808377014850404,kg m-2 s-1
wetbc,2003,0.004325017347485113,kg m-2 s-1
wetbc,2004,0.019423460940231698,kg m-2 s-1
