variable,year,value,unit
emiso2,2000,-0.0780368492602081,kg m-2 s-1
emiso2,2001,-0.0768821446682582,kg m-2 s-1
emiso2,2002,-0.07782983466826247,kg m-2 s-1
emiso2,2003,-0.0784775737769213,kg m-2 s-1
emiso2,2004,-0.07749151526018708,kg m-2 s-1
