variable,year,value,unit
rsutcs,2000,-0.01966039225772462,W m-2
rsutcs,2001,0.022680129700922612,W m-2
rsutcs,2002,-0.015818720096055713,W m-2
rsutcs,2003,0.0186180091430963,W m-2
rsutcs,2004,-0.0067183894932977195,W m-2
