variable,year,value,unit
loadbc,2000,-0.00011394719380633696,kg m-2
loadbc,2001,-0.03218332514908339,kg m-2
loadbc,2002,-0.08396702833414754,kg m-2
loadbc,2003,0.026048816383664165,kg m-2
loadbc,2004,0.04660557847221311,kg m-2
