variable,year,value,unit
clivi,2000,-1.3557651906678791e-05,kg m-2
clivi,2001,0.0011117323879474006,kg m-2
clivi,2002,0.00022135124236896675,kg m-2
clivi,2003,-0.00010140287182172636,kg m-2
clivi,2004,-0.0005454755406736206,kg m-2
