variable,year,value,unit
od550aer,2000,-0.0007098950425699635,1
od550aer,2001,-0.0012628775483253252,1
od550aer,2002,-0.0009628010962260958,1
od550aer,2003,-0.001091204127669887,1
od550aer,2004,-0.0013442001359860734,1
