variable,year,value,unit
wetso2,2000,-1.054704938277433e-13,kg m-2 s-1
wetso2,2001,-1.154319714829209e-13,kg m-2 s-1
wetso2,2002,-1.0388159503109524e-13,kg m-2 s-1
wetso2,2003,-1.0714487559628481e-13,kg m-2 s-1
wetso2,2004,-1.155316512113157e-13,kg m-2 s-1
