variable,year,value,unit
dryso4,2000,-3.520810853210177e-14,kg m-2 s-1
dryso4,2001,-2.6707609336824007e-14,kg m-2 s-1
dryso4,2002,-3.7288108176087686e-14,kg m-2 s-1
dryso4,2003,-2.887378716034201e-14,kg m-2 s-1
dryso4,2004,-3.95283146915732e-14,kg m-2 s-1
