variable,year,value,unit
loadbc,2000,1.4554674401706588e-10,kg m-2
loadbc,2001,-1.588790129020384e-11,kg m-2
loadbc,2002,6.009240350090451e-10,kg m-2
loadbc,2003,8.350237774487121e-10,kg m-2
loadbc,2004,-2.8258809565571294e-10,kg m-2
