variable,year,value,unit
od550aer,2000,-0.0006584439896800687,1
od550aer,2001,-0.0009910138097895538,1
od550aer,2002,-0.0008877903058449599,1
od550aer,2003,-0.0007421169280113771,1
od550aer,2004,-0.0009724051568182068,1
