variable,year,value,unit
loadso4,2000,4.3590572469706765e-06,kg m-2
loadso4,2001,4.45796080067034e-06,kg m-2
loadso4,2002,4.283098272935015e-06,kg m-2
loadso4,2003,4.605346104630576e-06,kg m-2
loadso4,2004,4.457887401125763e-06,kg m-2
