variable,year,value,unit
dryso4,2000,2.448590968740369e-12,kg m-2 s-1
dryso4,2001,2.449535216782633e-12,kg m-2 s-1
dryso4,2002,2.4292668212873646e-12,kg m-2 s-1
dryso4,2003,2.5129891924161675e-12,kg m-2 s-1
dryso4,2004,2.566886188310034e-12,kg m-2 s-1
