variable,year,value,unit
dryso4,2000,2.0151928077071164e-12,kg m-2 s-1
dryso4,2001,2.0161147428519606e-12,kg m-2 s-1
dryso4,2002,2.0413359282198295e-12,kg m-2 s-1
dryso4,2003,2.12454391921026e-12,kg m-2 s-1
dryso4,2004,2.2136804199749276e-12,kg m-2 s-1
