variable,year,value,unit
loadso4,2000,2.9352976790354803e-06,kg m-2
loadso4,2001,2.875573481175356e-06,kg m-2
loadso4,2002,2.7366455331681624e-06,kg m-2
loadso4,2003,2.808704841173338e-06,kg m-2
loadso4,2004,2.7516151488760247e-06,kg m-2
