variable,year,value,unit
drybc,2000,-7.81584819031455e-16,kg m-2 s-1
drybc,2001,-6.136841251301922e-16,kg m-2 s-1
drybc,2002,-3.2659564512048767e-16,kg m-2 s-1
drybc,2003,-8.269233306754083e-16,kg m-2 s-1
drybc,2004,-4.860384575020023e-16,kg m-2 s-1
