variable,year,value,unit
emibc,2000,1.9279886741346364e-23,kg m-2 s-1
emibc,2001,7.687291749197716e-25,kg m-2 s-1
emibc,2002,9.551351135573241e-24,kg m-2 s-1
emibc,2003,-2.5493296018778108e-23,kg m-2 s-1
emibc,2004,1.280245518526801e-23,kg m-2 s-1
