variable,year,value,unit
so2,2000,-6.374092168911247e-12,mol mol-1
so2,2001,-6.228168963532874e-12,mol mol-1
so2,2002,-7.15065066153066e-12,mol mol-1
so2,2003,-8.311411656107993e-12,mol mol-1
so2,2004,-8.015380931838642e-12,mol mol-1
