variable,year,value,unit
rlutcs,2001,0.08892801397615813,W m-2
rlutcs,2002,0.08150079025705281,W m-2
rlutcs,2003,0.08253533915348044,W m-2
rlutcs,2004,0.08578697437724259,W m-2
