variable,year,value,unit
od550aer,2000,0.00820199501607502,1
od550aer,2001,0.00829263760821014,1
od550aer,2002,0.00851184865838106,1
od550aer,2003,0.008593912973965306,1
od550aer,2004,0.0096746624136759,1
