variable,year,value,unit
mmrso4,2000,1.1623811588076939e-10,kg kg-1
mmrso4,2001,1.2024564622865646e-10,kg kg-1
mmrso4,2002,1.2511016206727664e-10,kg kg-1
mmrso4,2003,1.4005851428836135e-10,kg kg-1
mmrso4,2004,1.326557180285e-10,kg kg-1
