variable,year,value,unit
loadso4,2000,1.291804231130763e-06,kg m-2
loadso4,2001,1.302599154160834e-06,kg m-2
loadso4,2002,1.3280645105250514e-06,kg m-2
loadso4,2003,1.3928522812374359e-06,kg m-2
loadso4,2004,1.4844260661904562e-06,kg m-2
