variable,year,value,unit
rsut,2000,0.5684434463949373,W m-2
rsut,2001,0.5925671235887506,W m-2
rsut,2002,0.5825233546350717,W m-2
rsut,2003,0.5825185260424206,W m-2
rsut,2004,0.6506845989327132,W m-2
