variable,year,value,unit
dms,2000,-9.161987760972444e-14,mol mol-1
dms,2001,-4.487137897674751e-14,mol mol-1
dms,2002,-8.558595263297034e-14,mol mol-1
dms,2003,-6.57703760314149e-14,mol mol-1
dms,2004,-8.301270640692623e-14,mol mol-1
