variable,year,value,unit
cltc,2001,0.0008806509997567602,%
cltc,2002,0.0005706224129583548,%
cltc,2003,0.0015521821861138596,%
cltc,2004,0.0014863536233233887,%
