variable,year,value,unit
wetbc,2001,4.909918203815509e-16,kg m-2 s-1
wetbc,2002,8.496552299318595e-16,kg m-2 s-1
wetbc,2003,7.991049685737353e-16,kg m-2 s-1
wetbc,2004,7.47859127604181e-16,kg m-2 s-1
