variable,year,value,unit
loadbc,2000,-2.9335388693546146e-11,kg m-2
loadbc,2001,-2.3544194351320287e-11,kg m-2
loadbc,2002,-2.090549492472116e-11,kg m-2
loadbc,2003,-4.201236242775453e-11,kg m-2
loadbc,2004,-3.4346236404442117e-11,kg m-2
