variable,year,value,unit
wetso2,2000,8.002137185239024e-14,kg m-2 s-1
wetso2,2001,8.1877394538377e-14,kg m-2 s-1
wetso2,2002,7.608165741138578e-14,kg m-2 s-1
wetso2,2003,8.27923851632433e-14,kg m-2 s-1
wetso2,2004,8.498207637720452e-14,kg m-2 s-1
