variable,year,value,unit
rsutcs,2000,0.15505136042546752,W m-2
rsutcs,2001,0.16358183829829898,W m-2
rsutcs,2002,0.18122351124592484,W m-2
rsutcs,2003,0.19863615304471693,W m-2
rsutcs,2004,0.1809233611434209,W m-2
