variable,year,value,unit
rsut,2001,0.19551927880340259,W m-2
rsut,2002,0.14036005010321162,W m-2
rsut,2003,0.3085800852402798,W m-2
rsut,2004,0.2491728966519986,W m-2
