variable,year,value,unit
rsut,2001,0.24318892866452302,W m-2
rsut,2002,0.2416991317287085,W m-2
rsut,2003,0.24918198050460205,W m-2
rsut,2004,0.27933948320624324,W m-2
