variable,year,value,unit
clivi,2000,-7.457063851932372e-05,kg m-2
clivi,2001,5.6400526601609394e-05,kg m-2
clivi,2002,-4.074411918240581e-06,kg m-2
clivi,2003,4.880528048610035e-05,kg m-2
clivi,2004,5.700422946063738e-05,kg m-2
