variable,year,value,unit
rsut,2000,0.32316148186170324,W m-2
rsut,2001,0.4029685625130668,W m-2
rsut,2002,0.2953170397260436,W m-2
rsut,2003,0.3861434696472088,W m-2
rsut,2004,0.4139915020025171,W m-2
