variable,year,value,unit
loadso2,2000,5.150064043554799e-08,kg m-2
loadso2,2001,4.8941167320108374e-08,kg m-2
loadso2,2002,5.106211292282018e-08,kg m-2
loadso2,2003,4.446527835683867e-08,kg m-2
loadso2,2004,5.453321778564738e-08,kg m-2
