variable,year,value,unit
clivi,2000,-8.093969119223055e-06,kg m-2
clivi,2001,8.695123165463475e-05,kg m-2
clivi,2002,2.4155313293326708e-05,kg m-2
clivi,2003,0.00020614408843408483,kg m-2
clivi,2004,2.0550927889786963e-06,kg m-2
