variable,year,value,unit
mmrbc,2000,-1.8567667079964245e-13,kg kg-1
mmrbc,2001,6.524383354704686e-14,kg kg-1
mmrbc,2002,2.4702423407145987e-13,kg kg-1
mmrbc,2003,-2.1399511146559015e-13,kg kg-1
mmrbc,2004,1.5796651312836604e-13,kg kg-1
