variable,year,value,unit
loadso2,2000,6.771062727957732e-07,kg m-2
loadso2,2001,6.68513506626342e-07,kg m-2
loadso2,2002,6.779853384652558e-07,kg m-2
loadso2,2003,7.19191810457214e-07,kg m-2
loadso2,2004,7.608198563359536e-07,kg m-2
