variable,year,value,unit
so2,2001,-1.18506332588896e-10,mol mol-1
so2,2002,-1.1674224619528464e-10,mol mol-1
so2,2003,-1.2317066288972315e-10,mol mol-1
so2,2004,-1.1019004964992168e-10,mol mol-1
