variable,year,value,unit
clt,2000,-0.12931606804301765,%
clt,2001,0.0521154591363171,%
clt,2002,-0.029052072188768818,%
clt,2003,-0.01999157183751521,%
clt,2004,0.008387862830169013,%
