variable,year,value,unit
mmrbc,2000,-5.996904296503332e-14,kg kg-1
mmrbc,2001,-1.5825273997445832e-13,kg kg-1
mmrbc,2002,-2.1045815216518366e-13,kg kg-1
mmrbc,2003,-1.9123927015885467e-13,kg kg-1
mmrbc,2004,-1.3780399475562763e-13,kg kg-1
