variable,year,value,unit
mmrso4,2000,3.983353663346156e-11,kg kg-1
mmrso4,2001,4.2284668589483764e-11,kg kg-1
mmrso4,2002,4.3148471560083634e-11,kg kg-1
mmrso4,2003,4.3325315288563725e-11,kg kg-1
mmrso4,2004,4.8109248484284814e-11,kg kg-1
