variable,year,value,unit
drybc,2000,-4.149918628001554e-16,kg m-2 s-1
drybc,2001,-5.348857354648634e-16,kg m-2 s-1
drybc,2002,-7.795606196646058e-16,kg m-2 s-1
drybc,2003,-6.429339187245315e-16,kg m-2 s-1
drybc,2004,-5.276014605430249e-16,kg m-2 s-1
