variable,year,value,unit
mmrso4,2000,9.601738458052976e-11,kg kg-1
mmrso4,2001,1.0118174645662357e-10,kg kg-1
mmrso4,2002,9.802480814878381e-11,kg kg-1
mmrso4,2003,1.0088121984977162e-10,kg kg-1
mmrso4,2004,1.1322557901950517e-10,kg kg-1
