variable,year,value,unit
loadso2,2000,5.686125639482482e-08,kg m-2
loadso2,2001,5.381171432606973e-08,kg m-2
loadso2,2002,5.5307751821463754e-08,kg m-2
loadso2,2003,5.305870063444639e-08,kg m-2
loadso2,2004,6.188357553308973e-08,kg m-2
