variable,year,value,unit
dryso2,2000,9.111569711926765e-14,kg m-2 s-1
dryso2,2001,9.358933292113549e-14,kg m-2 s-1
dryso2,2002,1.0356724636022129e-13,kg m-2 s-1
dryso2,2003,8.155499571481896e-14,kg m-2 s-1
dryso2,2004,1.0080708513997312e-13,kg m-2 s-1
