variable,year,value,unit
so2,2001,-8.104523047923003e-12,mol mol-1
so2,2002,-3.1454112029652073e-12,mol mol-1
so2,2003,-8.553415628547405e-13,mol mol-1
so2,2004,-5.928160351729782e-13,mol mol-1
