variable,year,value,unit
mmrbc,2000,-1.1844087233859904e-14,kg kg-1
mmrbc,2001,-4.238673913128329e-15,kg kg-1
mmrbc,2002,9.559545258963786e-15,kg kg-1
mmrbc,2003,3.8804441965872935e-15,kg kg-1
mmrbc,2004,3.455383105706222e-15,kg kg-1
