variable,year,value,unit
rsutcs,2000,0.44723958702227407,W m-2
rsutcs,2001,0.4603208334534159,W m-2
rsutcs,2002,0.4544827921412704,W m-2
rsutcs,2003,0.4680769710305981,W m-2
rsutcs,2004,0.5203291671706083,W m-2
