variable,year,value,unit
rlut,2000,-0.022369821014677882,W m-2
rlut,2001,0.01319877024724292,W m-2
rlut,2002,-0.022953566306483708,W m-2
rlut,2003,0.007380860226248842,W m-2
rlut,2004,-0.024220489392973832,W m-2
