variable,year,value,unit
emiso2,2001,1.0655136017423243e-20,kg m-2 s-1
emiso2,2002,1.1878092664720918e-20,kg m-2 s-1
emiso2,2003,1.1741416820471085e-20,kg m-2 s-1
emiso2,2004,6.5885065036819366e-21,kg m-2 s-1
