variable,year,value,unit
loadso4,2000,7.220116978853803e-07,kg m-2
loadso4,2001,6.92944660341685e-07,kg m-2
loadso4,2002,8.029997913202873e-07,kg m-2
loadso4,2003,8.991512605913836e-07,kg m-2
loadso4,2004,9.508994986557688e-07,kg m-2
