variable,year,value,unit
mmrbc,2000,0.03140942844151704,kg kg-1
mmrbc,2001,-0.09543278556393352,kg kg-1
mmrbc,2002,-0.11022561315038362,kg kg-1
mmrbc,2003,0.2691574163530316,kg kg-1
mmrbc,2004,0.012118240609596839,kg kg-1
