variable,year,value,unit
rlut,2000,0.0053973256276908166,W m-2
rlut,2001,0.0011597869648174812,W m-2
rlut,2002,0.002347559215837734,W m-2
rlut,2003,-0.002120591174831105,W m-2
rlut,2004,-0.0005705934177390615,W m-2
