variable,year,value,unit
loadbc,2000,0.0961154671654612,kg m-2
loadbc,2001,0.043070368605441764,kg m-2
loadbc,2002,-0.11361695486086387,kg m-2
loadbc,2003,-0.16049797435623722,kg m-2
loadbc,2004,-0.08376704127534672,kg m-2
