variable,year,value,unit
dms,2000,0.003222049167860889,mol mol-1
dms,2001,-0.007719137901375434,mol mol-1
dms,2002,0.015502890812705611,mol mol-1
dms,2003,-0.02812353880961389,mol mol-1
dms,2004,-0.03097359664374908,mol mol-1
