variable,year,value,unit
wetbc,2000,0.10796654112984741,kg m-2 s-1
wetbc,2001,0.00011327043760000761,kg m-2 s-1
wetbc,2002,0.03447449890517425,kg m-2 s-1
wetbc,2003,0.003005197568074084,kg m-2 s-1
wetbc,2004,-0.07520492545436304,kg m-2 s-1
