variable,year,value,unit
cl,2001,-0.08862032367908139,%
cl,2002,0.3368837615342256,%
cl,2003,-4.2842002578946605,%
cl,2004,1.6689540581429327,%
cl,2005,0.5976433417967871,%
