variable,year,value,unit
rlutcs,2001,-0.0027936259064938996,W m-2
rlutcs,2002,-0.002653142669415775,W m-2
rlutcs,2003,0.0021521523367776015,W m-2
rlutcs,2004,0.0013396507223781902,W m-2
rlutcs,2005,-0.00402438822593881,W m-2
