variable,year,value,unit
so2,2001,-0.5863470985147405,mol mol-1
so2,2002,1.815642733829496,mol mol-1
so2,2003,0.9391731207685775,mol mol-1
so2,2004,0.17981063929153654,mol mol-1
so2,2005,1.0084364519662707,mol mol-1
