variable,year,value,unit
loadso4,2000,-0.08072012600337919,kg m-2
loadso4,2001,-0.13450853812503202,kg m-2
loadso4,2002,0.06988348097942453,kg m-2
loadso4,2003,-0.09150601381429262,kg m-2
loadso4,2004,-0.08273039743993268,kg m-2
