variable,year,value,unit
loadbc,2000,0.012549957115353462,kg m-2
loadbc,2001,-0.07128312337623749,kg m-2
loadbc,2002,-0.015710441888234096,kg m-2
loadbc,2003,0.027354922929132625,kg m-2
loadbc,2004,0.12923203091580873,kg m-2
