variable,year,value,unit
clivi,2000,-0.011160576778778707,kg m-2
clivi,2001,-0.05625292316516416,kg m-2
clivi,2002,0.1292006231090939,kg m-2
clivi,2003,-0.3003795610647782,kg m-2
clivi,2004,-0.06986037815131674,kg m-2
