variable,year,value,unit
emibc,2000,9.79979162023685e-07,kg m-2 s-1
emibc,2001,-2.2382447107688897e-06,kg m-2 s-1
emibc,2002,4.754502063683803e-06,kg m-2 s-1
emibc,2003,1.883808721521342e-07,kg m-2 s-1
emibc,2004,1.5202634912005858e-06,kg m-2 s-1
