variable,year,value,unit
rlutcs,2000,0.0007450321353140913,W m-2
rlutcs,2001,-0.00046575593350040213,W m-2
rlutcs,2002,0.0009745540804517324,W m-2
rlutcs,2003,-4.0541188096479205e-05,W m-2
rlutcs,2004,0.0004536962117605416,W m-2
