variable,year,value,unit
emibc,2000,3.967098807640602e-06,kg m-2 s-1
emibc,2001,-2.9824168334509976e-06,kg m-2 s-1
emibc,2002,6.06658800564598e-06,kg m-2 s-1
emibc,2003,-4.63382118788269e-06,kg m-2 s-1
emibc,2004,-1.5398665410786446e-05,kg m-2 s-1
