variable,year,value,unit
drybc,2000,-1.0178202089152196e-17,kg m-2 s-1
drybc,2001,-6.8469300975295e-18,kg m-2 s-1
drybc,2002,9.996008860913738e-18,kg m-2 s-1
drybc,2003,6.204732676243673e-18,kg m-2 s-1
drybc,2004,-8.5489953302186485e-19,kg m-2 s-1
drybc,2005,-1.4236994433853224e-18,kg m-2 s-1
drybc,2006,-1.2565968030301154e-18,kg m-2 s-1
drybc,2007,7.91287421549759e-18,kg m-2 s-1
drybc,2008,1.4501788347475452e-18,kg m-2 s-1
drybc,2009,1.4115384863130625e-19,kg m-2 s-1
