variable,year,value,unit
so2,2000,-0.06875149525488011,mol mol-1
so2,2001,-0.08662709510899771,mol mol-1
so2,2002,-0.09596041335034326,mol mol-1
so2,2003,-0.13066627424343696,mol mol-1
so2,2004,-0.13904431210431978,mol mol-1
