variable,year,value,unit
loadbc,2000,0.2234957091830649,kg m-2
loadbc,2001,0.04795203999454012,kg m-2
loadbc,2002,0.05678897091012062,kg m-2
loadbc,2003,-0.156809474677596,kg m-2
loadbc,2004,-0.2641743147947508,kg m-2
