variable,year,value,unit
dms,2000,-0.04455966796771267,mol mol-1
dms,2001,-0.007272599710158669,mol mol-1
dms,2002,-0.0035061066779019587,mol mol-1
dms,2003,-0.006134138366164678,mol mol-1
dms,2004,0.01766424283241792,mol mol-1
