variable,year,value,unit
mmrso4,2000,-0.04396973333925749,kg kg-1
mmrso4,2001,-0.060483515666861914,kg kg-1
mmrso4,2002,-0.09759577958112864,kg kg-1
mmrso4,2003,-0.1123660839394961,kg kg-1
mmrso4,2004,-0.0277846002082409,kg kg-1
