variable,year,value,unit
rlut,2000,0.010791711334810461,W m-2
rlut,2001,0.0077523566939391615,W m-2
rlut,2002,0.016482433356186238,W m-2
rlut,2003,-0.012103131419612181,W m-2
rlut,2004,0.007057612391900937,W m-2
