variable,year,value,unit
rsutcs,2001,-0.01469733851829803,W m-2
rsutcs,2002,-0.008392269418508094,W m-2
rsutcs,2003,-0.008733992435296987,W m-2
rsutcs,2004,0.003565093534667726,W m-2
rsutcs,2005,-0.0031096859792931896,W m-2
