variable,year,value,unit
wetbc,2000,-0.002035599723418384,kg m-2 s-1
wetbc,2001,0.0034601403239448033,kg m-2 s-1
wetbc,2002,-0.005501202835750493,kg m-2 s-1
wetbc,2003,0.011632658027284854,kg m-2 s-1
wetbc,2004,-0.015008360848192591,kg m-2 s-1
