variable,year,value,unit
dryso4,2000,-0.36818216225772604,kg m-2 s-1
dryso4,2001,-0.34861846759787907,kg m-2 s-1
dryso4,2002,-0.23981586322471435,kg m-2 s-1
dryso4,2003,-0.30446604834711816,kg m-2 s-1
dryso4,2004,-0.2366230386011076,kg m-2 s-1
