variable,year,value,unit
cl,2000,0.10513315058313132,%
cl,2001,1.320826618820442,%
cl,2002,-0.3098201448878741,%
cl,2003,0.13805277578628822,%
cl,2004,-1.2203149623010605,%
