variable,year,value,unit
rsut,2000,0.3222282253192895,W m-2
rsut,2001,0.39935697911521395,W m-2
rsut,2002,0.5309765740190915,W m-2
rsut,2003,0.4547949845875427,W m-2
rsut,2004,0.4934924862622214,W m-2
