variable,year,value,unit
dryso2,2001,-3.53185913409647,kg m-2 s-1
dryso2,2002,-3.4260986392397386,kg m-2 s-1
dryso2,2003,-3.567318411938822,kg m-2 s-1
dryso2,2004,-3.560096953375464,kg m-2 s-1
