variable,year,value,unit
mmrso4,2000,2.6335796573922474,kg kg-1
mmrso4,2001,2.6510663086857,kg kg-1
mmrso4,2002,2.5883860362449322,kg kg-1
mmrso4,2003,2.6930912400132003,kg kg-1
mmrso4,2004,2.8431468652788805,kg kg-1
