variable,year,value,unit
rsutcs,2000,0.8094282627242653,W m-2
rsutcs,2001,0.06017016239302237,W m-2
rsutcs,2002,0.043861281173425394,W m-2
rsutcs,2003,0.04074446240652145,W m-2
rsutcs,2004,0.04204908708318309,W m-2
