variable,year,value,unit
dryso4,2000,8.122872653470345,kg m-2 s-1
dryso4,2001,7.542188144686397,kg m-2 s-1
dryso4,2002,8.006253443910817,kg m-2 s-1
dryso4,2003,8.376680088755148,kg m-2 s-1
dryso4,2004,8.13146678677301,kg m-2 s-1
