variable,year,value,unit
clivi,2000,-0.003439469329544123,kg m-2
clivi,2001,-0.19388167189584934,kg m-2
clivi,2002,-0.07196305639550464,kg m-2
clivi,2003,-0.1451198628711403,kg m-2
clivi,2004,-0.2090979036562489,kg m-2
