variable,year,value,unit
mmrbc,2000,0.882692004163881,kg kg-1
mmrbc,2001,0.7523284041404825,kg kg-1
mmrbc,2002,0.9671815979053273,kg kg-1
mmrbc,2003,0.7092304182427808,kg kg-1
mmrbc,2004,0.7097775201400296,kg kg-1
