variable,year,value,unit
clt,2000,-0.02258325955564639,%
clt,2001,0.00967477594325416,%
clt,2002,-0.0006411167782010361,%
clt,2003,0.012417958706144533,%
clt,2004,-0.0221310942333899,%
