variable,year,value,unit
dms,2000,-0.06571018232031778,mol mol-1
dms,2001,-0.0054122052146822475,mol mol-1
dms,2002,0.004596878616219794,mol mol-1
dms,2003,0.11254598714585888,mol mol-1
dms,2004,0.14191943035690274,mol mol-1
