variable,year,value,unit
mmrso4,2000,6.838179025207655,kg kg-1
mmrso4,2001,6.9578383047589,kg kg-1
mmrso4,2002,6.6953207648375725,kg kg-1
mmrso4,2003,6.717569115071948,kg kg-1
mmrso4,2004,7.012977882679938,kg kg-1
