variable,year,value,unit
rsut,2001,0.002179666389975506,W m-2
rsut,2002,0.002043289925110677,W m-2
rsut,2003,0.0016480972046387272,W m-2
rsut,2004,0.002342960843755266,W m-2
