variable,year,value,unit
loadso2,2000,-4.423091689105918,kg m-2
loadso2,2001,-4.296681400400663,kg m-2
loadso2,2002,-4.372219906602267,kg m-2
loadso2,2003,-4.377183124537148,kg m-2
loadso2,2004,-4.467086777224702,kg m-2
