variable,year,value,unit
rlutcs,2000,-0.0038580717150779867,W m-2
rlutcs,2001,-0.0008371768684421459,W m-2
rlutcs,2002,0.002404772369280838,W m-2
rlutcs,2003,-0.002045385686875949,W m-2
rlutcs,2004,-0.002402574069650629,W m-2
