variable,year,value,unit
rsutcs,2001,0.07797141693319692,W m-2
rsutcs,2002,0.09274897278173087,W m-2
rsutcs,2003,0.07319091786682896,W m-2
rsutcs,2004,0.10176163676711286,W m-2
