variable,year,value,unit
od550aer,2000,1.0745420133160657,1
od550aer,2001,0.5189645958811684,1
od550aer,2002,0.9124464880221953,1
od550aer,2003,1.7498580019737031,1
od550aer,2004,1.348524849431176,1
