variable,year,value,unit
clt,2001,0.023785923729547773,%
clt,2002,0.019399056390475147,%
clt,2003,-0.0038715880375731508,%
clt,2004,-0.037665272965671424,%
