variable,year,value,unit
loadbc,2000,1.525946594038732,kg m-2
loadbc,2001,1.4751033513685798,kg m-2
loadbc,2002,1.5392495649059554,kg m-2
loadbc,2003,1.6589095931295743,kg m-2
loadbc,2004,1.870927365820179,kg m-2
