variable,year,value,unit
wetso2,2001,-3.3216405762084684,kg m-2 s-1
wetso2,2002,-3.0548745079131514,kg m-2 s-1
wetso2,2003,-3.284103742954674,kg m-2 s-1
wetso2,2004,-3.447911498182623,kg m-2 s-1
