variable,year,value,unit
wetso4,2001,3.1733008679244876,kg m-2 s-1
wetso4,2002,2.9478482092787255,kg m-2 s-1
wetso4,2003,2.811672585539084,kg m-2 s-1
wetso4,2004,2.7825373088166336,kg m-2 s-1
