variable,year,value,unit
cltc,2000,0.0022546276248398517,%
cltc,2001,0.15529460077791377,%
cltc,2002,0.13419092333852012,%
cltc,2003,-0.08050129547923018,%
cltc,2004,-0.014928167649568358,%
