variable,year,value,unit
loadso4,2000,3.493783762318066e-06,kg m-2
loadso4,2001,3.551826000533283e-06,kg m-2
loadso4,2002,3.4600498753815474e-06,kg m-2
loadso4,2003,3.530368666979891e-06,kg m-2
loadso4,2004,3.6402446129034466e-06,kg m-2
