variable,year,value,unit
loadbc,2000,1.58492656429561e-07,kg m-2
loadbc,2001,1.711668833860581e-07,kg m-2
loadbc,2002,1.77504845521755e-07,kg m-2
loadbc,2003,1.8234107831122386e-07,kg m-2
loadbc,2004,1.869662100936466e-07,kg m-2
