variable,year,value,unit
wetbc,2000,2.858329478006268e-13,kg m-2 s-1
wetbc,2001,2.8876613734337557e-13,kg m-2 s-1
wetbc,2002,3.0833531107878425e-13,kg m-2 s-1
wetbc,2003,3.1370500418072417e-13,kg m-2 s-1
wetbc,2004,3.2574779163691395e-13,kg m-2 s-1
