variable,year,value,unit
wetso4,2000,5.242828286392842e-12,kg m-2 s-1
wetso4,2001,5.339364396357673e-12,kg m-2 s-1
wetso4,2002,5.404828095536843e-12,kg m-2 s-1
wetso4,2003,5.4016399411997155e-12,kg m-2 s-1
wetso4,2004,5.720883965097212e-12,kg m-2 s-1
