variable,year,value,unit
loadbc,2000,1.7613864488986922e-07,kg m-2
loadbc,2001,1.8446441852717124e-07,kg m-2
loadbc,2002,1.8957826911317673e-07,kg m-2
loadbc,2003,1.9230008655991375e-07,kg m-2
loadbc,2004,2.0092931744373287e-07,kg m-2
