variable,year,value,unit
wetso4,2000,-6.390308927352802e-12,kg m-2 s-1
wetso4,2001,-6.384757984328705e-12,kg m-2 s-1
wetso4,2002,-6.40419841494588e-12,kg m-2 s-1
wetso4,2003,-6.504133445163525e-12,kg m-2 s-1
wetso4,2004,-6.685065030342771e-12,kg m-2 s-1
