variable,year,value,unit
wetbc,2000,3.948224434455673e-13,kg m-2 s-1
wetbc,2001,4.0813188502566866e-13,kg m-2 s-1
wetbc,2002,4.2377141606753504e-13,kg m-2 s-1
wetbc,2003,4.298932356146403e-13,kg m-2 s-1
wetbc,2004,4.540426291373069e-13,kg m-2 s-1
