variable,year,value,unit
drybc,2000,1.3639018583898124e-13,kg m-2 s-1
drybc,2001,1.4083027307036406e-13,kg m-2 s-1
drybc,2002,1.4595215048971756e-13,kg m-2 s-1
drybc,2003,1.5240471506509246e-13,kg m-2 s-1
drybc,2004,1.5803105878451564e-13,kg m-2 s-1
