variable,year,value,unit
loadso2,2000,-5.151303273190349e-08,kg m-2
loadso2,2001,-5.4455811078282544e-08,kg m-2
loadso2,2002,-5.560822627726218e-08,kg m-2
loadso2,2003,-5.935607636937469e-08,kg m-2
loadso2,2004,-6.145463447819852e-08,kg m-2
