variable,year,value,unit
mmrso4,2000,3.482252924928623e-11,kg kg-1
mmrso4,2001,3.676564031366315e-11,kg kg-1
mmrso4,2002,3.68539885863741e-11,kg kg-1
mmrso4,2003,3.761891359998125e-11,kg kg-1
mmrso4,2004,3.7838345855259895e-11,kg kg-1
