variable,year,value,unit
dryso4,2000,3.2066384932767843e-14,kg m-2 s-1
dryso4,2001,3.2878164964211744e-14,kg m-2 s-1
dryso4,2002,3.2532948392689267e-14,kg m-2 s-1
dryso4,2003,3.322162509627997e-14,kg m-2 s-1
dryso4,2004,3.648151385665873e-14,kg m-2 s-1
