variable,year,value,unit
cltc,2001,0.011732757403270178,%
cltc,2002,0.010180387976161498,%
cltc,2003,-0.0060450125154138945,%
cltc,2004,-0.0011354315123206504,%
