variable,year,value,unit
clt,2000,0.03073289042406202,%
clt,2001,0.016004384428427443,%
clt,2002,0.013008936707336716,%
clt,2003,-0.002596482565920155,%
clt,2004,-0.025302005387970894,%
