variable,year,value,unit
dryso4,2001,3.9418279569999675e-14,kg m-2 s-1
dryso4,2002,3.9409655055890806e-14,kg m-2 s-1
dryso4,2003,4.057833782490453e-14,kg m-2 s-1
dryso4,2004,4.353205701428085e-14,kg m-2 s-1
