variable,year,value,unit
wetso4,2001,9.541216824018344e-14,kg m-2 s-1
wetso4,2002,7.453478611790441e-14,kg m-2 s-1
wetso4,2003,8.206631831878401e-14,kg m-2 s-1
wetso4,2004,9.873584506103428e-14,kg m-2 s-1
