variable,year,value,unit
cltc,2001,0.004988286722204194,%
cltc,2002,-0.0005416865996519249,%
cltc,2003,0.0017177935717800352,%
cltc,2004,0.010095829149435076,%
