variable,year,value,unit
cltc,2001,-0.000574026504751135,%
cltc,2002,0.0016110365575714436,%
cltc,2003,0.0009692040121587198,%
cltc,2004,0.0011064147907886568,%
