variable,year,value,unit
clt,2000,-0.0006001521731349158,%
clt,2001,0.07942923457780182,%
clt,2002,0.1299629989953459,%
clt,2003,0.09834354163476178,%
clt,2004,0.08687034093627943,%
