variable,year,value,unit
mmrbc,2000,2.8114432413772745e-13,kg kg-1
mmrbc,2001,2.5059406209352713e-13,kg kg-1
mmrbc,2002,3.569601163293456e-13,kg kg-1
mmrbc,2003,2.700077371805252e-13,kg kg-1
mmrbc,2004,2.775376373856151e-13,kg kg-1
