variable,year,value,unit
wetso4,2001,1.908092700724706e-13,kg m-2 s-1
wetso4,2002,1.8119014866047394e-13,kg m-2 s-1
wetso4,2003,1.7098333010485715e-13,kg m-2 s-1
wetso4,2004,1.7943421816014226e-13,kg m-2 s-1
