variable,year,value,unit
loadbc,2000,3.103987058849141e-11,kg m-2
loadbc,2001,4.717537415994971e-11,kg m-2
loadbc,2002,5.205700252990316e-11,kg m-2
loadbc,2003,-6.588952885700787e-12,kg m-2
loadbc,2004,5.7998842561035765e-11,kg m-2
