variable,year,value,unit
od550aer,2000,0.001402167279618477,1
od550aer,2001,0.0006878392599563576,1
od550aer,2002,0.0012371998335577172,1
od550aer,2003,0.0023322434508201983,1
od550aer,2004,0.0017882574635040005,1
