variable,year,value,unit
rsut,2000,0.23189749122903436,W m-2
rsut,2001,0.19278853053147316,W m-2
rsut,2002,0.23684502854024458,W m-2
rsut,2003,0.27085900316096456,W m-2
rsut,2004,0.2943131529164731,W m-2
