variable,year,value,unit
mmrso4,2001,4.3474569746762424e-11,kg kg-1
mmrso4,2002,4.2618390366001434e-11,kg kg-1
mmrso4,2003,4.31991531547114e-11,kg kg-1
mmrso4,2004,4.55102731562364e-11,kg kg-1
