variable,year,value,unit
loadso2,2000,-9.477669791191524e-08,kg m-2
loadso2,2001,-9.229566680136739e-08,kg m-2
loadso2,2002,-9.317366012110112e-08,kg m-2
loadso2,2003,-9.649853172138801e-08,kg m-2
loadso2,2004,-9.457760533800033e-08,kg m-2
