variable,year,value,unit
rlutcs,2000,0.11373074659934446,W m-2
rlutcs,2001,0.0030758835082451697,W m-2
rlutcs,2002,-0.00037924222863239265,W m-2
rlutcs,2003,-0.000516381259217269,W m-2
rlutcs,2004,-0.00021881326648554023,W m-2
