variable,year,value,unit
rsut,2001,0.01586795420419662,W m-2
rsut,2002,0.16171465701221166,W m-2
rsut,2003,0.1862098005745736,W m-2
rsut,2004,0.2227143545196526,W m-2
