variable,year,value,unit
drybc,2000,2.1031829184287783e-18,kg m-2 s-1
drybc,2001,6.681589025656017e-17,kg m-2 s-1
drybc,2002,5.221703687292582e-17,kg m-2 s-1
drybc,2003,1.695094690661551e-17,kg m-2 s-1
drybc,2004,-2.1560716573124495e-17,kg m-2 s-1
