variable,year,value,unit
dryso2,2000,-1.7966043700857748e-13,kg m-2 s-1
dryso2,2001,-1.7965273583066623e-13,kg m-2 s-1
dryso2,2002,-1.7453216100627065e-13,kg m-2 s-1
dryso2,2003,-1.779530319965915e-13,kg m-2 s-1
dryso2,2004,-1.8226222613409062e-13,kg m-2 s-1
