variable,year,value,unit
so2,2000,-2.9844862703332907e-12,mol mol-1
so2,2001,-3.022732256221812e-12,mol mol-1
so2,2002,-3.1290412193819747e-12,mol mol-1
so2,2003,-3.239921352739365e-12,mol mol-1
so2,2004,-3.3617996526572647e-12,mol mol-1
