variable,year,value,unit
so2,2000,-5.069175484397778e-12,mol mol-1
so2,2001,-4.93114125358347e-12,mol mol-1
so2,2002,-5.073747076639563e-12,mol mol-1
so2,2003,-5.176046799688936e-12,mol mol-1
so2,2004,-5.47362910163098e-12,mol mol-1
