variable,year,value,unit
emibc,2001,-6.087608051154339e-25,kg m-2 s-1
emibc,2002,-2.5643174794495797e-21,kg m-2 s-1
emibc,2003,-2.844943298532498e-22,kg m-2 s-1
emibc,2004,4.281537514377248e-23,kg m-2 s-1
