variable,year,value,unit
rlut,2000,0.005385072644685351,W m-2
rlut,2001,0.033532902423530686,W m-2
rlut,2002,-0.005795569286561886,W m-2
rlut,2003,0.03940116406838001,W m-2
rlut,2004,0.04737668460592204,W m-2
