variable,year,value,unit
mmrbc,2000,-8.757556177562786e-14,kg kg-1
mmrbc,2001,-4.4193978847174124e-14,kg kg-1
mmrbc,2002,-3.143916297590362e-13,kg kg-1
mmrbc,2003,-3.4331244378508174e-13,kg kg-1
mmrbc,2004,-5.0903174214887187e-14,kg kg-1
