variable,year,value,unit
loadso4,2000,2.1781003281211103e-06,kg m-2
loadso4,2001,2.192320043426371e-06,kg m-2
loadso4,2002,2.169604548958299e-06,kg m-2
loadso4,2003,2.252335816979321e-06,kg m-2
loadso4,2004,2.474104173284373e-06,kg m-2
