variable,year,value,unit
dms,2000,-3.898877164800212e-11,mol mol-1
dms,2001,-3.959026669180639e-11,mol mol-1
dms,2002,-3.943115071221714e-11,mol mol-1
dms,2003,-3.8993260450688356e-11,mol mol-1
dms,2004,-4.223223244904194e-11,mol mol-1
