variable,year,value,unit
cltc,2000,-0.030972030877346235,%
cltc,2001,-0.009823547567786584,%
cltc,2002,-0.03216257827254232,%
cltc,2003,-0.0567158397959755,%
cltc,2004,-0.055925452688324384,%
