variable,year,value,unit
drybc,2000,-4.835348258603738e-15,kg m-2 s-1
drybc,2001,-4.478504832784341e-15,kg m-2 s-1
drybc,2002,-5.562804232991296e-15,kg m-2 s-1
drybc,2003,-6.029171994239067e-15,kg m-2 s-1
drybc,2004,-6.229889459372843e-15,kg m-2 s-1
