variable,year,value,unit
wetbc,2000,1.206831064270823e-13,kg m-2 s-1
wetbc,2001,1.1799164502466606e-13,kg m-2 s-1
wetbc,2002,1.3387860596056603e-13,kg m-2 s-1
wetbc,2003,1.4543872932863693e-13,kg m-2 s-1
wetbc,2004,1.5937849544992746e-13,kg m-2 s-1
