variable,year,value,unit
so2,2000,0.14933638373005972,mol mol-1
so2,2001,0.07898301963013332,mol mol-1
so2,2002,0.33122709005500006,mol mol-1
so2,2003,0.13663335763722234,mol mol-1
so2,2004,0.007876569559350642,mol mol-1
