variable,year,value,unit
loadso4,2000,0.2718529073339053,kg m-2
loadso4,2001,0.282915742362229,kg m-2
loadso4,2002,0.29627176412468686,kg m-2
loadso4,2003,0.29405249248109533,kg m-2
loadso4,2004,0.42960481962072466,kg m-2
