variable,year,value,unit
rsut,2000,0.008513406634670645,W m-2
rsut,2001,0.0564216237245057,W m-2
rsut,2002,0.034817281935937555,W m-2
rsut,2003,0.000258989318190875,W m-2
rsut,2004,0.05472799174044722,W m-2
