variable,year,value,unit
clivi,2000,0.41129616830210297,kg m-2
clivi,2001,-0.045237857181137715,kg m-2
clivi,2002,0.1631934937370635,kg m-2
clivi,2003,0.028368726244925625,kg m-2
clivi,2004,0.13974823822900878,kg m-2
