variable,year,value,unit
mmrbc,2000,3.071859224142723e-14,kg kg-1
mmrbc,2001,3.186459194292081e-14,kg kg-1
mmrbc,2002,2.058055735488067e-14,kg kg-1
mmrbc,2003,-1.8725558820808198e-14,kg kg-1
mmrbc,2004,-2.0650609406062456e-14,kg kg-1
