variable,year,value,unit
rsutcs,2000,0.0011304828128544386,W m-2
rsutcs,2001,0.0010563448522020735,W m-2
rsutcs,2002,0.0010088563902144188,W m-2
rsutcs,2003,2.3012255098819878e-05,W m-2
rsutcs,2004,0.0007372113067276587,W m-2
