variable,year,value,unit
rlut,2000,0.002789236969107378,W m-2
rlut,2001,0.021801602409908583,W m-2
rlut,2002,0.027506078706522885,W m-2
rlut,2003,-0.026522139102780784,W m-2
rlut,2004,0.004185584413050947,W m-2
