variable,year,value,unit
rsutcs,2000,-0.004578199730730148,W m-2
rsutcs,2001,-0.03732582222947656,W m-2
rsutcs,2002,-0.011035876369305697,W m-2
rsutcs,2003,0.005487580398039427,W m-2
rsutcs,2004,0.01894786571295981,W m-2
rsutcs,2005,-0.005121718510991968,W m-2
rsutcs,2006,-0.012225269198026467,W m-2
rsutcs,2007,0.014273376459044584,W m-2
rsutcs,2008,0.008621720600700655,W m-2
rsutcs,2009,-0.004590219022730935,W m-2
