variable,year,value,unit
rlutcs,2000,-0.0009481076305064562,W m-2
rlutcs,2001,0.011190474047424459,W m-2
rlutcs,2002,0.0047689010185081315,W m-2
rlutcs,2003,-0.0010908223974581688,W m-2
rlutcs,2004,-0.027298051736636353,W m-2
