variable,year,value,unit
dryso4,2000,2.957758488224254e-15,kg m-2 s-1
dryso4,2001,2.4949279198206762e-15,kg m-2 s-1
dryso4,2002,2.3573540664846027e-15,kg m-2 s-1
dryso4,2003,2.952210858627053e-15,kg m-2 s-1
dryso4,2004,2.5894056825597065e-15,kg m-2 s-1
