variable,year,value,unit
drybc,2000,-1.0199345244515965e-16,kg m-2 s-1
drybc,2001,-1.250528337032959e-16,kg m-2 s-1
drybc,2002,3.4311259398355637e-17,kg m-2 s-1
drybc,2003,2.0249929302287532e-17,kg m-2 s-1
drybc,2004,-1.1615466295363256e-16,kg m-2 s-1
