variable,year,value,unit
dryso4,2000,3.803939804799932e-15,kg m-2 s-1
dryso4,2001,5.034757622223922e-15,kg m-2 s-1
dryso4,2002,5.376990053824621e-15,kg m-2 s-1
dryso4,2003,4.453704446733103e-15,kg m-2 s-1
dryso4,2004,4.725163784812789e-15,kg m-2 s-1
