variable,year,value,unit
loadso2,2000,3.5441373864924145e-09,kg m-2
loadso2,2001,4.197246525880048e-09,kg m-2
loadso2,2002,4.0333783817992955e-09,kg m-2
loadso2,2003,4.125320443033425e-09,kg m-2
loadso2,2004,4.902616974424278e-09,kg m-2
