variable,year,value,unit
emiso2,2000,-4.1888302906480194e-14,kg m-2 s-1
emiso2,2001,-4.1609342074187096e-14,kg m-2 s-1
emiso2,2002,-4.1921692957369784e-14,kg m-2 s-1
emiso2,2003,-4.2430015948214524e-14,kg m-2 s-1
emiso2,2004,-4.258972697384395e-14,kg m-2 s-1
