variable,year,value,unit
od550aer,2000,-6.939926061171053e-05,1
od550aer,2001,-2.752562862168295e-05,1
od550aer,2002,-3.772276744481995e-05,1
od550aer,2003,-4.5426457359054595e-05,1
od550aer,2004,-9.796774192594171e-05,1
