variable,year,value,unit
loadso2,2000,4.086449513356985e-09,kg m-2
loadso2,2001,-4.233078157987554e-09,kg m-2
loadso2,2002,5.982458008132496e-10,kg m-2
loadso2,2003,1.8894990230812853e-09,kg m-2
loadso2,2004,-1.8171070100598265e-09,kg m-2
