variable,year,value,unit
rlutcs,2001,-0.033740339568254285,W m-2
rlutcs,2002,0.15977762389786676,W m-2
rlutcs,2003,-0.8506106019667072,W m-2
rlutcs,2004,0.658374923479613,W m-2
rlutcs,2005,0.012884508644589232,W m-2
