variable,year,value,unit
mmrso4,2001,6.849482550906714e-12,kg kg-1
mmrso4,2002,1.3597429549110427e-11,kg kg-1
mmrso4,2003,4.273828849597454e-12,kg kg-1
mmrso4,2004,1.7166482583104612e-12,kg kg-1
mmrso4,2005,-2.1240604171095675e-11,kg kg-1
