variable,year,value,unit
drybc,2000,-3.610003128911461e-17,kg m-2 s-1
drybc,2001,-1.352102972128795e-16,kg m-2 s-1
drybc,2002,9.406499350604307e-18,kg m-2 s-1
drybc,2003,-1.208406303856951e-16,kg m-2 s-1
drybc,2004,-2.414560786734867e-17,kg m-2 s-1
