variable,year,value,unit
dryso2,2000,1.0200444536453025e-14,kg m-2 s-1
dryso2,2001,7.815579737163334e-15,kg m-2 s-1
dryso2,2002,6.426319610872571e-15,kg m-2 s-1
dryso2,2003,3.299703327817907e-15,kg m-2 s-1
dryso2,2004,8.332297272327038e-15,kg m-2 s-1
