variable,year,value,unit
dms,2001,-2.6669143081119903e-14,mol mol-1
dms,2002,1.2285484486791824e-14,mol mol-1
dms,2003,6.991693720300583e-14,mol mol-1
dms,2004,1.6619712540903616e-13,mol mol-1
dms,2005,1.6467502312636767e-13,mol mol-1
