variable,year,value,unit
cltc,2001,0.0018781796934607131,%
cltc,2002,-0.0009719439770382587,%
cltc,2003,0.00011798676418894871,%
cltc,2004,-0.0005183548041240993,%
cltc,2005,-0.0007698735898047371,%
