variable,year,value,unit
drybc,2000,-0.3586794399935847,kg m-2 s-1
drybc,2001,0.4550312025178092,kg m-2 s-1
drybc,2002,0.9345664868552126,kg m-2 s-1
drybc,2003,-0.3225449201906975,kg m-2 s-1
drybc,2004,0.3425440266632793,kg m-2 s-1
