variable,year,value,unit
mmrbc,2000,0.012780803718029126,kg kg-1
mmrbc,2001,0.017516932815149988,kg kg-1
mmrbc,2002,-0.0011767490260313818,kg kg-1
mmrbc,2003,0.016254011476411253,kg kg-1
mmrbc,2004,-0.04733862555380672,kg kg-1
