variable,year,value,unit
rlut,2000,0.001148577915612459,W m-2
rlut,2001,-0.02152734129006523,W m-2
rlut,2002,-0.016631582485385932,W m-2
rlut,2003,-0.008149045661016667,W m-2
rlut,2004,0.016363456802804516,W m-2
