variable,year,value,unit
cltc,2000,0.07097146579255421,%
cltc,2001,0.12583291508518388,%
cltc,2002,0.36192826455173227,%
cltc,2003,0.2471241741234352,%
cltc,2004,-0.13985541446017108,%
