variable,year,value,unit
cl,2000,1.6045222475984395,%
cl,2001,1.0048672543895325,%
cl,2002,1.1665163739856654,%
cl,2003,2.0363382421922203,%
cl,2004,1.1148315646521878,%
