variable,year,value,unit
rsdt,2000,3.6007787815245594e-10,W m-2
rsdt,2001,1.608515041577342e-07,W m-2
rsdt,2002,3.176686702957311e-08,W m-2
rsdt,2003,3.16761652566631e-07,W m-2
rsdt,2004,-3.0083078528989953e-07,W m-2
