variable,year,value,unit
emiso2,2000,-14.91522975339907,kg m-2 s-1
emiso2,2001,-14.327764548477179,kg m-2 s-1
emiso2,2002,-13.324893234634635,kg m-2 s-1
emiso2,2003,-13.248506375047791,kg m-2 s-1
emiso2,2004,-13.039697978430054,kg m-2 s-1
