variable,year,value,unit
mmrso4,2000,-1.0300720167528716,kg kg-1
mmrso4,2001,-0.9806087098051357,kg kg-1
mmrso4,2002,-1.074191254917522,kg kg-1
mmrso4,2003,-0.9084287240737189,kg kg-1
mmrso4,2004,-1.2329695481840763,kg kg-1
