variable,year,value,unit
rlut,2000,-0.04663026337508164,W m-2
rlut,2001,0.010478704768262695,W m-2
rlut,2002,0.19699092104226235,W m-2
rlut,2003,0.27850774501463277,W m-2
rlut,2004,-0.0010451442637677882,W m-2
