variable,year,value,unit
mmrso4,2001,-6.828793055962157,kg kg-1
mmrso4,2002,-3.385640792303784,kg kg-1
mmrso4,2003,2.5701887436635222,kg kg-1
mmrso4,2004,-2.863876576267877,kg kg-1
mmrso4,2005,-6.531526602097975,kg kg-1
