variable,year,value,unit
rsut,2000,-0.07789421393722647,W m-2
rsut,2001,-0.03968696549416351,W m-2
rsut,2002,-0.004938844132757114,W m-2
rsut,2003,-0.013722879546792686,W m-2
rsut,2004,-0.03526906173767664,W m-2
