variable,year,value,unit
rsutcs,2000,-0.23263529031172883,W m-2
rsutcs,2001,-0.2528316769305599,W m-2
rsutcs,2002,-0.2326440380207176,W m-2
rsutcs,2003,-0.2210758126138676,W m-2
rsutcs,2004,-0.24251247398584785,W m-2
