variable,year,value,unit
emiso2,2000,-1.9237268313280993,kg m-2 s-1
emiso2,2001,-2.0122103668330467,kg m-2 s-1
emiso2,2002,-1.8916188991708147,kg m-2 s-1
emiso2,2003,-1.9583938787575927,kg m-2 s-1
emiso2,2004,-2.0802058712551785,kg m-2 s-1
