variable,year,value,unit
rlutcs,2000,0.004555770874971024,W m-2
rlutcs,2001,0.006304446187682377,W m-2
rlutcs,2002,0.0010843838743104157,W m-2
rlutcs,2003,0.0031064212255969602,W m-2
rlutcs,2004,0.0007105393961581511,W m-2
