variable,year,value,unit
wetso4,2000,-0.6903621062367117,kg m-2 s-1
wetso4,2001,-0.6938388916820243,kg m-2 s-1
wetso4,2002,-0.7627855257006231,kg m-2 s-1
wetso4,2003,-0.7065316951783478,kg m-2 s-1
wetso4,2004,-0.7442729373905715,kg m-2 s-1
