variable,year,value,unit
rlut,2000,0.011296226309421144,W m-2
rlut,2001,0.010806292745547527,W m-2
rlut,2002,-0.0035704534695748698,W m-2
rlut,2003,0.012554203306239358,W m-2
rlut,2004,-0.0021507044134707817,W m-2
