variable,year,value,unit
dryso2,2000,-2.214198430286737,kg m-2 s-1
dryso2,2001,-2.3378902694673673,kg m-2 s-1
dryso2,2002,-2.255566420129518,kg m-2 s-1
dryso2,2003,-2.213570852119436,kg m-2 s-1
dryso2,2004,-2.303723241690444,kg m-2 s-1
