variable,year,value,unit
rsutcs,2000,-0.04320955073208398,W m-2
rsutcs,2001,-0.04571054627704709,W m-2
rsutcs,2002,-0.05463933377754072,W m-2
rsutcs,2003,-0.04515025540906758,W m-2
rsutcs,2004,-0.04855960861948289,W m-2
