variable,year,value,unit
rsutcs,2000,-0.04784003568216248,W m-2
rsutcs,2001,-0.05117792527832309,W m-2
rsutcs,2002,-0.05082931083074359,W m-2
rsutcs,2003,-0.052487554290538876,W m-2
rsutcs,2004,-0.039109213020114254,W m-2
