variable,year,value,unit
wetso4,2000,-0.749504605699046,kg m-2 s-1
wetso4,2001,-0.8018922348216452,kg m-2 s-1
wetso4,2002,-0.8363314529816659,kg m-2 s-1
wetso4,2003,-0.8029570872824496,kg m-2 s-1
wetso4,2004,-0.8092865061214273,kg m-2 s-1
