variable,year,value,unit
so2,2000,-1.465683616209334,mol mol-1
so2,2001,-1.5397103137760242,mol mol-1
so2,2002,-1.4660088755221459,mol mol-1
so2,2003,-1.5005378112095336,mol mol-1
so2,2004,-1.5857137348909152,mol mol-1
