variable,year,value,unit
dryso4,2000,-73.34410275215568,kg m-2 s-1
dryso4,2001,-71.38309795779367,kg m-2 s-1
dryso4,2002,-70.54751118805615,kg m-2 s-1
dryso4,2003,-70.51499985563423,kg m-2 s-1
dryso4,2004,-70.55034053652697,kg m-2 s-1
