variable,year,value,unit
rlutcs,2000,-0.1089299880069111,W m-2
rlutcs,2001,-0.1292042729130061,W m-2
rlutcs,2002,-0.0849286800204516,W m-2
rlutcs,2003,-0.12434810933588075,W m-2
rlutcs,2004,-0.130511648888426,W m-2
