variable,year,value,unit
wetso2,2000,-6.408481183919,kg m-2 s-1
wetso2,2001,-6.7389179615956305,kg m-2 s-1
wetso2,2002,-7.123399922918991,kg m-2 s-1
wetso2,2003,-6.385110614880865,kg m-2 s-1
wetso2,2004,-6.64806851853975,kg m-2 s-1
