variable,year,value,unit
clt,2000,0.12762913723825026,%
clt,2001,-0.012269281172910047,%
clt,2002,-0.0488953866175039,%
clt,2003,0.08531062334273128,%
clt,2004,-0.08576143614032926,%
