variable,year,value,unit
rsutcs,2000,-0.7201250347761421,W m-2
rsutcs,2001,-0.8292309135151847,W m-2
rsutcs,2002,-0.4488364453775733,W m-2
rsutcs,2003,-0.8125771973857763,W m-2
rsutcs,2004,-0.863969368277006,W m-2
