variable,year,value,unit
clivi,2000,0.03325039340785085,kg m-2
clivi,2001,0.1460438568934858,kg m-2
clivi,2002,-0.03435680447115962,kg m-2
clivi,2003,0.0067365401763110865,kg m-2
clivi,2004,-0.08866846714572846,kg m-2
