variable,year,value,unit
wetso2,2000,-67.71620914223904,kg m-2 s-1
wetso2,2001,-69.4501771311827,kg m-2 s-1
wetso2,2002,-72.49617182472106,kg m-2 s-1
wetso2,2003,-65.98255648260725,kg m-2 s-1
wetso2,2004,-65.39493947917545,kg m-2 s-1
