variable,year,value,unit
dryso2,2000,-3.4518154087171062,kg m-2 s-1
dryso2,2001,-2.246274910759739,kg m-2 s-1
dryso2,2002,-2.377569675868486,kg m-2 s-1
dryso2,2003,-2.2428492904824893,kg m-2 s-1
dryso2,2004,-3.008393426269224,kg m-2 s-1
