variable,year,value,unit
mmrbc,2000,-0.006270915397110283,kg kg-1
mmrbc,2001,-0.015413386422654992,kg kg-1
mmrbc,2002,-0.08189195731731012,kg kg-1
mmrbc,2003,-0.01548254967345804,kg kg-1
mmrbc,2004,-0.02663891583248752,kg kg-1
