variable,year,value,unit
loadso4,2000,1.1413826114215904,kg m-2
loadso4,2001,1.2777668735346666,kg m-2
loadso4,2002,1.1291732265214147,kg m-2
loadso4,2003,0.9513366628606643,kg m-2
loadso4,2004,1.098982092033206,kg m-2
