variable,year,value,unit
wetso4,2000,0.4264175964641957,kg m-2 s-1
wetso4,2001,0.3739723402239263,kg m-2 s-1
wetso4,2002,0.23899415545259234,kg m-2 s-1
wetso4,2003,0.3519870254230168,kg m-2 s-1
wetso4,2004,0.32724413751753934,kg m-2 s-1
