variable,year,value,unit
emiso2,2000,0.10726183783786876,kg m-2 s-1
emiso2,2001,0.10051326123365383,kg m-2 s-1
emiso2,2002,0.09870148960761618,kg m-2 s-1
emiso2,2003,0.1017427884384095,kg m-2 s-1
emiso2,2004,0.10985797988333167,kg m-2 s-1
