variable,year,value,unit
so2,2000,-1.432425844333354,mol mol-1
so2,2001,-1.7621813607587637,mol mol-1
so2,2002,-1.4640191915030127,mol mol-1
so2,2003,-1.516418689287278,mol mol-1
so2,2004,-1.5390563871841667,mol mol-1
