variable,year,value,unit
drybc,2000,-0.0039140620373195245,kg m-2 s-1
drybc,2001,-0.029802272772207386,kg m-2 s-1
drybc,2002,0.040813119859247945,kg m-2 s-1
drybc,2003,0.059991814814596645,kg m-2 s-1
drybc,2004,-0.020942555486977783,kg m-2 s-1
