variable,year,value,unit
cltc,2000,-0.026926061340349267,%
cltc,2001,-0.051575919298277935,%
cltc,2002,-0.12019005283805195,%
cltc,2003,-0.21693323869328415,%
cltc,2004,-0.3276678989207861,%
