variable,year,value,unit
rsutcs,2000,0.011576712214438884,W m-2
rsutcs,2001,0.016448414463362513,W m-2
rsutcs,2002,0.02423798231051474,W m-2
rsutcs,2003,-0.026096152513439396,W m-2
rsutcs,2004,0.02407032652147852,W m-2
