variable,year,value,unit
dms,2000,-7.606594484548877e-11,mol mol-1
dms,2001,-7.809693820439777e-11,mol mol-1
dms,2002,-8.784380500732285e-11,mol mol-1
dms,2003,-7.981719169872223e-11,mol mol-1
dms,2004,-9.099472522441784e-11,mol mol-1
