variable,year,value,unit
emiso2,2000,3.4020328307644103e-13,kg m-2 s-1
emiso2,2001,3.5208254534353286e-13,kg m-2 s-1
emiso2,2002,3.238809411842699e-13,kg m-2 s-1
emiso2,2003,3.305343718083756e-13,kg m-2 s-1
emiso2,2004,3.5050790198647716e-13,kg m-2 s-1
