variable,year,value,unit
loadbc,2000,1.558586154771126e-08,kg m-2
loadbc,2001,2.248542976521947e-08,kg m-2
loadbc,2002,2.2672200455854045e-08,kg m-2
loadbc,2003,1.873708112756592e-08,kg m-2
loadbc,2004,2.8966826983356105e-08,kg m-2
