variable,year,value,unit
cltc,2000,-0.016140022806313326,%
cltc,2001,-0.002694318209827351,%
cltc,2002,-0.017667051126677435,%
cltc,2003,-0.017420393623704733,%
cltc,2004,-0.016953163941838767,%
