variable,year,value,unit
dms,2000,-0.00019215278314000745,mol mol-1
dms,2001,-0.008955929951429192,mol mol-1
dms,2002,-0.008329981823564715,mol mol-1
dms,2003,-0.05383066381323739,mol mol-1
dms,2004,-0.06939039952532822,mol mol-1
