variable,year,value,unit
rsutcs,2001,-0.5995640443707997,W m-2
rsutcs,2002,-0.4800804844690749,W m-2
rsutcs,2003,-0.04542949544851869,W m-2
rsutcs,2004,-0.0466834726311049,W m-2
rsutcs,2005,0.18049387924507465,W m-2
