variable,year,value,unit
emiso2,2000,-11.603618653753726,kg m-2 s-1
emiso2,2001,-12.0117241703606,kg m-2 s-1
emiso2,2002,-12.279053814971752,kg m-2 s-1
emiso2,2003,-12.451679169094847,kg m-2 s-1
emiso2,2004,-13.501945101056979,kg m-2 s-1
