variable,year,value,unit
dryso4,2000,-1.3040995948552543,kg m-2 s-1
dryso4,2001,-1.3577008097321734,kg m-2 s-1
dryso4,2002,-1.1882612166634816,kg m-2 s-1
dryso4,2003,-1.470936668528518,kg m-2 s-1
dryso4,2004,-1.3735626261579017,kg m-2 s-1
