variable,year,value,unit
wetso4,2000,-2.799193526469997,kg m-2 s-1
wetso4,2001,-2.7787167841641387,kg m-2 s-1
wetso4,2002,-2.6144127378380904,kg m-2 s-1
wetso4,2003,-2.9339935970144815,kg m-2 s-1
wetso4,2004,-2.7888928548017407,kg m-2 s-1
