variable,year,value,unit
mmrbc,2000,0.07888470151467937,kg kg-1
mmrbc,2001,0.04407883490603358,kg kg-1
mmrbc,2002,-0.057698194869756185,kg kg-1
mmrbc,2003,0.12428909387632867,kg kg-1
mmrbc,2004,0.021655799282886398,kg kg-1
