variable,year,value,unit
rsdt,2001,-0.2527169676355938,W m-2
rsdt,2002,0.9378033363983537,W m-2
rsdt,2003,0.2866005842410599,W m-2
rsdt,2004,0.2517188294827392,W m-2
rsdt,2005,-0.05928037702553281,W m-2
