variable,year,value,unit
dryso2,2000,-5.292084181290127,kg m-2 s-1
dryso2,2001,-5.480523409948672,kg m-2 s-1
dryso2,2002,-5.719198137959209,kg m-2 s-1
dryso2,2003,-5.795957723707857,kg m-2 s-1
dryso2,2004,-6.113015921597728,kg m-2 s-1
