variable,year,value,unit
rlutcs,2000,-4.451298972011017e-05,W m-2
rlutcs,2001,-3.361446552758294e-05,W m-2
rlutcs,2002,2.06268381957265e-05,W m-2
rlutcs,2003,0.0002451312419867944,W m-2
rlutcs,2004,-2.989423866121242e-05,W m-2
