variable,year,value,unit
od550aer,2000,-0.39037294319258853,1
od550aer,2001,-0.09137824111685695,1
od550aer,2002,-0.240164601709253,1
od550aer,2003,-0.25278195307973317,1
od550aer,2004,-0.20225020947221278,1
