variable,year,value,unit
dms,2001,-3.1297673815295877,mol mol-1
dms,2002,-0.7025378089814105,mol mol-1
dms,2003,-1.6934736798553511,mol mol-1
dms,2004,-2.1264597703472266,mol mol-1
dms,2005,3.3339104772243675,mol mol-1
