variable,year,value,unit
od550aer,2000,-0.6374562303423471,1
od550aer,2001,-0.5145104823159911,1
od550aer,2002,-0.5076527462237528,1
od550aer,2003,-0.5877737085317012,1
od550aer,2004,-0.6426510152712152,1
