variable,year,value,unit
od550aer,2001,-7.230784456118387,1
od550aer,2002,-1.8047866206940215,1
od550aer,2003,-5.077179504150778,1
od550aer,2004,-4.1043880902759415,1
od550aer,2005,2.6337785001585177,1
