variable,year,value,unit
wetso2,2000,-2.577299350972515,kg m-2 s-1
wetso2,2001,-2.6060162877922366,kg m-2 s-1
wetso2,2002,-2.6909046125289393,kg m-2 s-1
wetso2,2003,-2.68937711793692,kg m-2 s-1
wetso2,2004,-2.85748946654075,kg m-2 s-1
