variable,year,value,unit
cltc,2000,-0.013520906247431021,%
cltc,2001,-0.01580341302210268,%
cltc,2002,-0.011020893294167168,%
cltc,2003,-0.010713722388047174,%
cltc,2004,-0.004661929924843164,%
