variable,year,value,unit
rsut,2000,-0.14047353368235946,W m-2
rsut,2001,-0.13120977159640823,W m-2
rsut,2002,-0.25316610742434026,W m-2
rsut,2003,0.05168499967284671,W m-2
rsut,2004,-0.26086696582033697,W m-2
