variable,year,value,unit
cl,2001,8.196927000969492,%
cl,2002,12.20177735339292,%
cl,2003,-0.45305999761356536,%
cl,2004,-2.025611334658074,%
cl,2005,8.135701504288834,%
