variable,year,value,unit
rsutcs,2001,0.0054253848301684116,W m-2
rsutcs,2002,-0.0023407437274656218,W m-2
rsutcs,2003,-0.00800838865664133,W m-2
rsutcs,2004,0.0032233829567829275,W m-2
