variable,year,value,unit
loadbc,2000,-0.15746552238227687,kg m-2
loadbc,2001,-0.2225461366003844,kg m-2
loadbc,2002,0.09347185229946078,kg m-2
loadbc,2003,-0.12224221166760056,kg m-2
loadbc,2004,-0.03830621977901296,kg m-2
