variable,year,value,unit
dryso4,2001,-1.3207885438109488,kg m-2 s-1
dryso4,2002,-1.18757796035107,kg m-2 s-1
dryso4,2003,-0.9742873028351855,kg m-2 s-1
dryso4,2004,-1.2165362713427186,kg m-2 s-1
dryso4,2005,-1.5431486669949552,kg m-2 s-1
