variable,year,value,unit
loadbc,2001,-0.1531842022218473,kg m-2
loadbc,2002,-0.22530549872773528,kg m-2
loadbc,2003,0.2911922424758176,kg m-2
loadbc,2004,0.060024677348088515,kg m-2
loadbc,2005,0.12500063232336842,kg m-2
