variable,year,value,unit
mmrbc,2000,-0.03359366397428021,kg kg-1
mmrbc,2001,-0.13177793078942318,kg kg-1
mmrbc,2002,0.14696536064828797,kg kg-1
mmrbc,2003,0.10313307612772642,kg kg-1
mmrbc,2004,0.181858847702133,kg kg-1
