variable,year,value,unit
clivi,2000,0.9069091917924755,kg m-2
clivi,2001,0.564087927240589,kg m-2
clivi,2002,-0.39351475910062966,kg m-2
clivi,2003,0.5179512360331257,kg m-2
clivi,2004,-0.4194910638073068,kg m-2
