variable,year,value,unit
srfdms,2000,0.04179862323462353,mol mol-1
srfdms,2001,0.01903876596487405,mol mol-1
srfdms,2002,0.04354991053800456,mol mol-1
srfdms,2003,0.028660791097790773,mol mol-1
srfdms,2004,-0.03224579136974805,mol mol-1
