variable,year,value,unit
rsutcs,2000,-0.012931331083379405,W m-2
rsutcs,2001,-0.014170958021857416,W m-2
rsutcs,2002,-0.019539259492390215,W m-2
rsutcs,2003,-0.019781277233796857,W m-2
rsutcs,2004,-0.014668073559683137,W m-2
rsutcs,2005,-0.015696380173480406,W m-2
rsutcs,2006,-0.007130495811352944,W m-2
rsutcs,2007,-0.015508736595400308,W m-2
rsutcs,2008,-0.02546287656524271,W m-2
rsutcs,2009,-0.003976284129166174,W m-2
