variable,year,value,unit
rlut,2000,0.00881772279673054,W m-2
rlut,2001,0.021988385252923397,W m-2
rlut,2002,-0.0011758232730161207,W m-2
rlut,2003,-0.012488366813807855,W m-2
rlut,2004,0.00873631054454911,W m-2
