variable,year,value,unit
dryso2,2000,-2.670505659473731,kg m-2 s-1
dryso2,2001,-2.7482171190280917,kg m-2 s-1
dryso2,2002,-2.718035286769025,kg m-2 s-1
dryso2,2003,-2.900723827775719,kg m-2 s-1
dryso2,2004,-3.027181350631379,kg m-2 s-1
