variable,year,value,unit
emiso2,2000,-1.6956391107316306,kg m-2 s-1
emiso2,2001,-1.746519463419478,kg m-2 s-1
emiso2,2002,-1.6619346889911073,kg m-2 s-1
emiso2,2003,-1.7316482481861024,kg m-2 s-1
emiso2,2004,-1.758203080881427,kg m-2 s-1
