variable,year,value,unit
wetbc,2000,0.02580826970343783,kg m-2 s-1
wetbc,2001,0.1999451384081094,kg m-2 s-1
wetbc,2002,0.0994172886375261,kg m-2 s-1
wetbc,2003,0.010183468311899483,kg m-2 s-1
wetbc,2004,-0.1749898914407386,kg m-2 s-1
