variable,year,value,unit
dms,2001,0.375460802535919,mol mol-1
dms,2002,-2.7287711025160766,mol mol-1
dms,2003,3.396560844057084,mol mol-1
dms,2004,-0.8334352853764361,mol mol-1
dms,2005,0.3560963772219688,mol mol-1
