variable,year,value,unit
loadso4,2000,-0.29623534165484305,kg m-2
loadso4,2001,-0.37865452693419704,kg m-2
loadso4,2002,-0.4441212385841168,kg m-2
loadso4,2003,-0.3312653364197971,kg m-2
loadso4,2004,-0.4954885553569927,kg m-2
