variable,year,value,unit
wetso2,2001,-1.805507773499225,kg m-2 s-1
wetso2,2002,-1.7516008137169088,kg m-2 s-1
wetso2,2003,-1.5715712764242262,kg m-2 s-1
wetso2,2004,-1.482328725366949,kg m-2 s-1
wetso2,2005,-1.706197314283065,kg m-2 s-1
