variable,year,value,unit
od550aer,2000,-0.0005067519265847253,1
od550aer,2001,-0.00014751906273316462,1
od550aer,2002,0.00020718414224960013,1
od550aer,2003,-0.0007694151419188333,1
od550aer,2004,-0.000710579245874976,1
od550aer,2005,-6.956805378111053e-05,1
od550aer,2006,-0.00030790464101071446,1
od550aer,2007,-0.000306080880260462,1
od550aer,2008,-0.00030081889865435363,1
od550aer,2009,-0.0004412639952585118,1
