variable,year,value,unit
od550aer,2000,-0.08142886129756367,1
od550aer,2001,-0.24408601519253995,1
od550aer,2002,-0.053140354962001535,1
od550aer,2003,-0.032196245413328745,1
od550aer,2004,-0.18144525023382466,1
