variable,year,value,unit
rlut,2000,-0.0029026342738080017,W m-2
rlut,2001,0.003148523059674424,W m-2
rlut,2002,-0.007284488183059205,W m-2
rlut,2003,-0.03123988530622678,W m-2
rlut,2004,0.005174341870678151,W m-2
