variable,year,value,unit
wetso4,2000,-5.3995838577781595e-14,kg m-2 s-1
wetso4,2001,-5.242025685716616e-14,kg m-2 s-1
wetso4,2002,-5.635260406372564e-14,kg m-2 s-1
wetso4,2003,-5.0853192657438154e-14,kg m-2 s-1
wetso4,2004,-6.67812891136062e-14,kg m-2 s-1
wetso4,2005,-6.082200182248779e-14,kg m-2 s-1
wetso4,2006,-8.058798789531338e-14,kg m-2 s-1
wetso4,2007,-7.091989143817398e-14,kg m-2 s-1
wetso4,2008,-7.053020872794152e-14,kg m-2 s-1
wetso4,2009,-7.311628157583653e-14,kg m-2 s-1
