variable,year,value,unit
rsutcs,2000,-0.007411017189388147,W m-2
rsutcs,2001,-0.007469913694407378,W m-2
rsutcs,2002,-0.0115013274468042,W m-2
rsutcs,2003,-0.006967375437217621,W m-2
rsutcs,2004,-0.010039093746601068,W m-2
