variable,year,value,unit
wetbc,2000,0.020145585801969013,kg m-2 s-1
wetbc,2001,0.18935537032475983,kg m-2 s-1
wetbc,2002,-0.15378865059496874,kg m-2 s-1
wetbc,2003,0.0853634034769881,kg m-2 s-1
wetbc,2004,-0.09572530251796064,kg m-2 s-1
