variable,year,value,unit
rlutcs,2000,0.002008225813824538,W m-2
rlutcs,2001,0.0010006637642163696,W m-2
rlutcs,2002,-0.005452089616710509,W m-2
rlutcs,2003,-0.002316271284882987,W m-2
rlutcs,2004,-0.001444342018203315,W m-2
