variable,year,value,unit
rsutcs,2000,39.13958097252585,W m-2
rsutcs,2001,39.29505071766396,W m-2
rsutcs,2002,39.35744005568224,W m-2
rsutcs,2003,39.33715421070618,W m-2
rsutcs,2004,39.11024931963032,W m-2
