variable,year,value,unit
rsut,2000,99.76930129081444,W m-2
rsut,2001,100.84769319587436,W m-2
rsut,2002,100.41906232253254,W m-2
rsut,2003,101.12880904755619,W m-2
rsut,2004,99.44598264314124,W m-2
