variable,year,value,unit
so2,2000,7.805595465829718e-11,mol mol-1
so2,2001,9.683678610823642e-11,mol mol-1
so2,2002,6.575565234789142e-11,mol mol-1
so2,2003,1.2885118816065508e-10,mol mol-1
so2,2004,1.352240058231866e-10,mol mol-1
