variable,year,value,unit
emiso2,2000,9.478598629413875e-12,kg m-2 s-1
emiso2,2001,8.931422868352702e-12,kg m-2 s-1
emiso2,2002,8.789136511246149e-12,kg m-2 s-1
emiso2,2003,9.52750674031138e-12,kg m-2 s-1
emiso2,2004,1.0572382073896804e-11,kg m-2 s-1
