variable,year,value,unit
loadbc,2000,-3.363741897927256e-08,kg m-2
loadbc,2001,-3.213469392801188e-08,kg m-2
loadbc,2002,-3.470339672802598e-08,kg m-2
loadbc,2003,-3.9859915584852107e-08,kg m-2
loadbc,2004,-4.1980154624399534e-08,kg m-2
