variable,year,value,unit
wetbc,2000,3.332045457771262e-13,kg m-2 s-1
wetbc,2001,3.4374661699750003e-13,kg m-2 s-1
wetbc,2002,3.8596675386590994e-13,kg m-2 s-1
wetbc,2003,4.397352217219162e-13,kg m-2 s-1
wetbc,2004,4.4744147927941143e-13,kg m-2 s-1
