variable,year,value,unit
clivi,2000,-0.0015703274199304132,kg m-2
clivi,2001,-0.0006525894059432324,kg m-2
clivi,2002,-0.001463749194196208,kg m-2
clivi,2003,-0.0007289619387337437,kg m-2
clivi,2004,-0.0019603269191510037,kg m-2
