variable,year,value,unit
rsut,2000,-0.07670786650148137,W m-2
rsut,2001,-0.024409336052357396,W m-2
rsut,2002,-0.007780062782754243,W m-2
rsut,2003,-0.010782906683575967,W m-2
rsut,2004,-0.0056793714854578735,W m-2
