variable,year,value,unit
so2,2000,-0.7159119305291206,mol mol-1
so2,2001,-0.7498605238810365,mol mol-1
so2,2002,-0.6574350927767096,mol mol-1
so2,2003,-0.7057362755276753,mol mol-1
so2,2004,-0.8395328723960735,mol mol-1
