variable,year,value,unit
dryso4,2000,11.25270309238998,kg m-2 s-1
dryso4,2001,11.198066773717315,kg m-2 s-1
dryso4,2002,11.3453533756895,kg m-2 s-1
dryso4,2003,11.734790261798546,kg m-2 s-1
dryso4,2004,13.1658714241232,kg m-2 s-1
