variable,year,value,unit
so2,2000,-20.505751730135476,mol mol-1
so2,2001,-20.442405794313505,mol mol-1
so2,2002,-20.244286546505073,mol mol-1
so2,2003,-21.933568326444714,mol mol-1
so2,2004,-21.095352640219865,mol mol-1
