variable,year,value,unit
od550aer,2000,-0.00044143150417817745,1
od550aer,2001,-0.00020798368327788752,1
od550aer,2002,-0.0003282319161717756,1
od550aer,2003,-0.00034097689971981926,1
od550aer,2004,-0.00038523859491561285,1
