variable,year,value,unit
so2,2000,-4.652691259684268e-12,mol mol-1
so2,2001,-4.6654685785144714e-12,mol mol-1
so2,2002,-4.659910662767971e-12,mol mol-1
so2,2003,-4.741525116773368e-12,mol mol-1
so2,2004,-4.507204452418766e-12,mol mol-1
