variable,year,value,unit
wetso2,2001,-7.182980195128766e-15,kg m-2 s-1
wetso2,2002,-1.7169158881026849e-15,kg m-2 s-1
wetso2,2003,-2.7389304033576315e-15,kg m-2 s-1
wetso2,2004,-1.4436309646939693e-15,kg m-2 s-1
wetso2,2005,-2.0908281113430306e-15,kg m-2 s-1
