variable,year,value,unit
so2,2000,-6.6141084309337085e-12,mol mol-1
so2,2001,-6.329328187162285e-12,mol mol-1
so2,2002,-6.83386685999846e-12,mol mol-1
so2,2003,-7.017085667669387e-12,mol mol-1
so2,2004,-7.095776555358773e-12,mol mol-1
