variable,year,value,unit
drybc,2000,-3.915858474375578e-17,kg m-2 s-1
drybc,2001,1.8036474760893535e-17,kg m-2 s-1
drybc,2002,2.932046587091917e-17,kg m-2 s-1
drybc,2003,-6.460018676300105e-17,kg m-2 s-1
drybc,2004,-6.422315930350397e-18,kg m-2 s-1
