variable,year,value,unit
rsutcs,2000,-0.007574572058956619,W m-2
rsutcs,2001,-0.008043800593448225,W m-2
rsutcs,2002,-0.009024082454608617,W m-2
rsutcs,2003,-0.008368935806792877,W m-2
rsutcs,2004,-0.00984831767321026,W m-2
