variable,year,value,unit
rlut,2000,0.03577265769661153,W m-2
rlut,2001,0.06718939897132259,W m-2
rlut,2002,0.04528600292545093,W m-2
rlut,2003,0.0352270050370862,W m-2
rlut,2004,0.05297960134245727,W m-2
