variable,year,value,unit
rlutcs,2000,-0.0006771713739794905,W m-2
rlutcs,2001,0.014178510079261741,W m-2
rlutcs,2002,0.0052327618477647775,W m-2
rlutcs,2003,-0.006226491186396288,W m-2
rlutcs,2004,0.004195253649413644,W m-2
