variable,year,value,unit
wetso4,2001,-1.6540380994032217e-13,kg m-2 s-1
wetso4,2002,-2.5202994326773336e-14,kg m-2 s-1
wetso4,2003,-1.2737229345563397e-13,kg m-2 s-1
wetso4,2004,-7.6353825892544e-14,kg m-2 s-1
wetso4,2005,-1.0451421892631401e-13,kg m-2 s-1
