variable,year,value,unit
od550aer,2000,-0.000263655185860745,1
od550aer,2001,-0.0002869442196174188,1
od550aer,2002,-0.00030442320282322854,1
od550aer,2003,-0.0002915438022049188,1
od550aer,2004,-0.00034250168937607905,1
