variable,year,value,unit
wetso4,2000,2.916627058514651e-12,kg m-2 s-1
wetso4,2001,2.9132626182338984e-12,kg m-2 s-1
wetso4,2002,2.855443510010645e-12,kg m-2 s-1
wetso4,2003,2.7708977370601505e-12,kg m-2 s-1
wetso4,2004,2.8352582698690427e-12,kg m-2 s-1
