variable,year,value,unit
loadso4,2000,-2.1589375579461624e-08,kg m-2
loadso4,2001,-2.5403102571891902e-08,kg m-2
loadso4,2002,-2.746730334045497e-08,kg m-2
loadso4,2003,-2.507662576847932e-08,kg m-2
loadso4,2004,-2.54658546974406e-08,kg m-2
