variable,year,value,unit
emiso2,2000,-2.8924540310586486e-13,kg m-2 s-1
emiso2,2001,-2.8924540310586486e-13,kg m-2 s-1
emiso2,2002,-2.8924540310586486e-13,kg m-2 s-1
emiso2,2003,-2.8924540310586486e-13,kg m-2 s-1
emiso2,2004,-2.8924540310586486e-13,kg m-2 s-1
