variable,year,value,unit
loadso4,2000,-5.563885419919892e-08,kg m-2
loadso4,2001,-6.337793718755047e-08,kg m-2
loadso4,2002,-6.774411423434643e-08,kg m-2
loadso4,2003,-7.176842774074368e-08,kg m-2
loadso4,2004,-6.850518637403178e-08,kg m-2
