variable,year,value,unit
wetbc,2000,1.98839855521194e-16,kg m-2 s-1
wetbc,2001,2.154371455943451e-16,kg m-2 s-1
wetbc,2002,7.332398848083952e-17,kg m-2 s-1
wetbc,2003,-4.640882102378695e-17,kg m-2 s-1
wetbc,2004,4.92833696252416e-16,kg m-2 s-1
