variable,year,value,unit
mmrso4,2000,-2.710773869597953e-12,kg kg-1
mmrso4,2001,-3.2286480814060426e-12,kg kg-1
mmrso4,2002,-3.279031473437008e-12,kg kg-1
mmrso4,2003,-3.82887340422015e-12,kg kg-1
mmrso4,2004,-2.919456603515858e-12,kg kg-1
