variable,year,value,unit
drybc,2000,-1.6296572610245002e-17,kg m-2 s-1
drybc,2001,9.1647928337606e-18,kg m-2 s-1
drybc,2002,1.682667799366139e-17,kg m-2 s-1
drybc,2003,1.0399185441006063e-17,kg m-2 s-1
drybc,2004,8.686446757964298e-18,kg m-2 s-1
