variable,year,value,unit
mmrbc,2000,-2.2230070596134888e-14,kg kg-1
mmrbc,2001,-1.3571358334022672e-14,kg kg-1
mmrbc,2002,-1.2756963161243559e-14,kg kg-1
mmrbc,2003,1.5976362694316781e-15,kg kg-1
mmrbc,2004,-2.4631876420517447e-14,kg kg-1
