variable,year,value,unit
emiso2,2000,-4.814749814443933e-14,kg m-2 s-1
emiso2,2001,-4.8143957298363676e-14,kg m-2 s-1
emiso2,2002,-4.78660975218154e-14,kg m-2 s-1
emiso2,2003,-4.8315682414648564e-14,kg m-2 s-1
emiso2,2004,-4.825260456432144e-14,kg m-2 s-1
