variable,year,value,unit
mmrso4,2000,-3.795712091838899e-12,kg kg-1
mmrso4,2001,-3.36022434039444e-12,kg kg-1
mmrso4,2002,-3.60986882332616e-12,kg kg-1
mmrso4,2003,-5.824849850506834e-12,kg kg-1
mmrso4,2004,-3.600315203159927e-12,kg kg-1
