variable,year,value,unit
drybc,2000,8.575004481948994e-17,kg m-2 s-1
drybc,2001,-5.046377132064836e-18,kg m-2 s-1
drybc,2002,-1.0139568224952406e-17,kg m-2 s-1
drybc,2003,-1.500996852940888e-17,kg m-2 s-1
drybc,2004,-2.3962115275451407e-17,kg m-2 s-1
