variable,year,value,unit
rsutcs,2000,-0.030279279772209122,W m-2
rsutcs,2001,-0.028957588823494973,W m-2
rsutcs,2002,-0.030874409375940104,W m-2
rsutcs,2003,-0.028128632967778344,W m-2
rsutcs,2004,-0.03242353114373486,W m-2
