variable,year,value,unit
dryso2,2000,-3.2122060846101996e-12,kg m-2 s-1
dryso2,2001,-3.326695390304589e-12,kg m-2 s-1
dryso2,2002,-3.166701894236529e-12,kg m-2 s-1
dryso2,2003,-3.2224341471256956e-12,kg m-2 s-1
dryso2,2004,-3.1781695687477195e-12,kg m-2 s-1
