variable,year,value,unit
rlut,2000,0.018715000566402296,W m-2
rlut,2001,0.015303108180034997,W m-2
rlut,2002,0.017772157066360705,W m-2
rlut,2003,-0.013551272426127525,W m-2
rlut,2004,0.0159002610834591,W m-2
