variable,year,value,unit
rlut,2000,0.7451754205822567,W m-2
rlut,2001,0.4740602226750923,W m-2
rlut,2002,0.3610106551706451,W m-2
rlut,2003,0.43164452375171436,W m-2
rlut,2004,0.42143243048084855,W m-2
