variable,year,value,unit
drybc,2000,-3.665799772999178e-14,kg m-2 s-1
drybc,2001,-3.545757616111664e-14,kg m-2 s-1
drybc,2002,-3.626779015261466e-14,kg m-2 s-1
drybc,2003,-3.67061465927427e-14,kg m-2 s-1
drybc,2004,-3.76193103971459e-14,kg m-2 s-1
