variable,year,value,unit
so2,2000,-6.052411160448143,mol mol-1
so2,2001,-6.238391196804403,mol mol-1
so2,2002,-6.007061567388519,mol mol-1
so2,2003,-6.1437184683638675,mol mol-1
so2,2004,-6.202303839354151,mol mol-1
