variable,year,value,unit
rsutcs,2000,-0.06096678344076258,W m-2
rsutcs,2001,-0.03499140910442201,W m-2
rsutcs,2002,-0.02461583157539066,W m-2
rsutcs,2003,-0.04056336097115894,W m-2
rsutcs,2004,-0.04805530267116388,W m-2
