variable,year,value,unit
cl,2000,0.04971491218571496,%
cl,2001,0.1016315142684774,%
cl,2002,0.2003635851729445,%
cl,2003,0.2665132924316238,%
cl,2004,0.16825002544331275,%
