variable,year,value,unit
mmrso4,2000,0.46217127482368525,kg kg-1
mmrso4,2001,1.1792985252391042,kg kg-1
mmrso4,2002,2.32197947829919,kg kg-1
mmrso4,2003,3.537800982560336,kg kg-1
mmrso4,2004,5.840273266798761,kg kg-1
