variable,year,value,unit
so2,2000,-0.5228354298244898,mol mol-1
so2,2001,-0.6736021290749159,mol mol-1
so2,2002,-0.3589599416557513,mol mol-1
so2,2003,-0.2865154278337485,mol mol-1
so2,2004,-0.08078004852806522,mol mol-1
