variable,year,value,unit
wetso2,2000,2.217245158779977,kg m-2 s-1
wetso2,2001,2.3137868964479136,kg m-2 s-1
wetso2,2002,2.199102266913881,kg m-2 s-1
wetso2,2003,1.8808330799789819,kg m-2 s-1
wetso2,2004,2.3429792394419926,kg m-2 s-1
