variable,year,value,unit
so2,2000,4.548707400724289,mol mol-1
so2,2001,6.347128928261606,mol mol-1
so2,2002,8.13509400187731,mol mol-1
so2,2003,9.86578818936238,mol mol-1
so2,2004,12.764364483276855,mol mol-1
