variable,year,value,unit
cl,2000,9.745478150198617,%
cl,2001,9.927597423441863,%
cl,2002,9.85802056295072,%
cl,2003,10.106286804007222,%
cl,2004,10.012942407729055,%
