variable,year,value,unit
mmrbc,2000,2.0113494949319588e-11,kg kg-1
mmrbc,2001,2.048514849834416e-11,kg kg-1
mmrbc,2002,2.149471636381924e-11,kg kg-1
mmrbc,2003,2.1489114912538857e-11,kg kg-1
mmrbc,2004,2.123893320541508e-11,kg kg-1
