variable,year,value,unit
wetso4,2001,-1.4866181455370542e-15,kg m-2 s-1
wetso4,2002,-2.023490094395869e-17,kg m-2 s-1
wetso4,2003,-9.829176592312277e-16,kg m-2 s-1
wetso4,2004,-7.076914121630077e-16,kg m-2 s-1
