variable,year,value,unit
rsut,2000,-0.0031538213136173,W m-2
rsut,2001,-0.0004631650592159531,W m-2
rsut,2002,-0.00746920187215494,W m-2
rsut,2003,0.09138766708296941,W m-2
rsut,2004,-0.030101433860735938,W m-2
