variable,year,value,unit
wetso4,2000,-1.1940824046729394e-14,kg m-2 s-1
wetso4,2001,-8.949452250585137e-15,kg m-2 s-1
wetso4,2002,-2.356019351394158e-15,kg m-2 s-1
wetso4,2003,-3.939758054211922e-15,kg m-2 s-1
wetso4,2004,-5.472846261808451e-15,kg m-2 s-1
wetso4,2005,-9.766067417862197e-15,kg m-2 s-1
wetso4,2006,-8.800224357690873e-15,kg m-2 s-1
wetso4,2007,-6.4458726745249695e-15,kg m-2 s-1
wetso4,2008,-1.3754984577611355e-14,kg m-2 s-1
wetso4,2009,-8.933770140356918e-15,kg m-2 s-1
