variable,year,value,unit
loadso2,2000,-2.0119847011994964e-09,kg m-2
loadso2,2001,-2.1829288022275156e-09,kg m-2
loadso2,2002,-3.9725475221906534e-11,kg m-2
loadso2,2003,-2.8149190139955383e-09,kg m-2
loadso2,2004,3.8057759008294446e-10,kg m-2
