variable,year,value,unit
loadbc,2000,8.468678345850849e-11,kg m-2
loadbc,2001,-1.0407358703794326e-11,kg m-2
loadbc,2002,1.9633185663464163e-10,kg m-2
loadbc,2003,-7.018103754901829e-11,kg m-2
loadbc,2004,-4.758807873552925e-10,kg m-2
