variable,year,value,unit
rsutcs,2001,-0.18603333002408817,W m-2
rsutcs,2002,0.06773833742118995,W m-2
rsutcs,2003,0.2974050495586056,W m-2
rsutcs,2004,-0.10561466991673285,W m-2
rsutcs,2005,0.02737575037188833,W m-2
