variable,year,value,unit
loadso4,2000,1.429653157022113e-09,kg m-2
loadso4,2001,-4.139964219707017e-09,kg m-2
loadso4,2002,2.7880164504325767e-09,kg m-2
loadso4,2003,1.9401261825284102e-09,kg m-2
loadso4,2004,1.5664189664062102e-09,kg m-2
