variable,year,value,unit
wetbc,2000,2.690105938026108e-16,kg m-2 s-1
wetbc,2001,3.8837836090892604e-16,kg m-2 s-1
wetbc,2002,7.264204394848876e-16,kg m-2 s-1
wetbc,2003,-1.2335746518521097e-15,kg m-2 s-1
wetbc,2004,8.263879972367669e-16,kg m-2 s-1
wetbc,2005,5.876872384896347e-16,kg m-2 s-1
wetbc,2006,1.4020964435488962e-15,kg m-2 s-1
wetbc,2007,8.109681906239347e-16,kg m-2 s-1
wetbc,2008,4.712177582327546e-16,kg m-2 s-1
wetbc,2009,-7.840401815983071e-16,kg m-2 s-1
