variable,year,value,unit
mmrbc,2000,-1.3839585466751718e-14,kg kg-1
mmrbc,2001,2.073424713072622e-14,kg kg-1
mmrbc,2002,4.353211039564477e-15,kg kg-1
mmrbc,2003,4.364201774714343e-14,kg kg-1
mmrbc,2004,-3.5830516537887565e-14,kg kg-1
