variable,year,value,unit
dryso4,2000,-2.082985635515144e-15,kg m-2 s-1
dryso4,2001,-2.5423492107102077e-15,kg m-2 s-1
dryso4,2002,-1.4378301081979316e-15,kg m-2 s-1
dryso4,2003,-2.1192449108013375e-15,kg m-2 s-1
dryso4,2004,-1.941502573701135e-15,kg m-2 s-1
