variable,year,value,unit
mmrbc,2001,-2.3213989305872015e-13,kg kg-1
mmrbc,2002,7.4179099187999e-13,kg kg-1
mmrbc,2003,8.21766454459441e-13,kg kg-1
mmrbc,2004,1.5892193281989905e-12,kg kg-1
mmrbc,2005,1.8852599316382108e-12,kg kg-1
