variable,year,value,unit
clt,2000,0.01945918737838781,%
clt,2001,0.014133955997010617,%
clt,2002,0.0594617748359525,%
clt,2003,0.018300337108897224,%
clt,2004,0.056691691828092416,%
