variable,year,value,unit
dryso4,2000,-2.428481285984328e-15,kg m-2 s-1
dryso4,2001,-2.9479330089805085e-15,kg m-2 s-1
dryso4,2002,-2.915603186256539e-15,kg m-2 s-1
dryso4,2003,-2.8380566781489726e-15,kg m-2 s-1
dryso4,2004,-3.2693142770542154e-15,kg m-2 s-1
