variable,year,value,unit
emiso2,2001,-1.5288735505644427e-14,kg m-2 s-1
emiso2,2002,-1.5950415837349022e-14,kg m-2 s-1
emiso2,2003,-1.641790545822745e-14,kg m-2 s-1
emiso2,2004,-1.6690890188093956e-14,kg m-2 s-1
emiso2,2005,-1.8537861580614213e-14,kg m-2 s-1
