variable,year,value,unit
clivi,2000,2.4213339661460775e-05,kg m-2
clivi,2001,-1.673291438572186e-05,kg m-2
clivi,2002,2.102523783175346e-05,kg m-2
clivi,2003,1.593781863963757e-05,kg m-2
clivi,2004,1.735564687581348e-05,kg m-2
