variable,year,value,unit
cltc,2001,0.6832476944519801,%
cltc,2002,-0.2944445067180794,%
cltc,2003,0.08895293495325163,%
cltc,2004,-0.28436239634304883,%
cltc,2005,0.13816208490497672,%
