variable,year,value,unit
mmrbc,2000,-9.058355347599937e-14,kg kg-1
mmrbc,2001,5.5842049279015024e-14,kg kg-1
mmrbc,2002,-6.126958263822249e-14,kg kg-1
mmrbc,2003,-2.892309076146613e-14,kg kg-1
mmrbc,2004,-6.694996318415209e-14,kg kg-1
