variable,year,value,unit
rlutcs,2000,-0.0051520212659852405,W m-2
rlutcs,2001,-0.007266469108969886,W m-2
rlutcs,2002,-0.007922658066775057,W m-2
rlutcs,2003,-0.010991979336324675,W m-2
rlutcs,2004,-0.006942039946466139,W m-2
