variable,year,value,unit
loadso4,2000,-0.4650656012578662,kg m-2
loadso4,2001,-0.44529033751897257,kg m-2
loadso4,2002,-0.48026238357178036,kg m-2
loadso4,2003,-0.538392768303821,kg m-2
loadso4,2004,-0.7650670328804449,kg m-2
