variable,year,value,unit
cl,2000,0.19822839635027226,%
cl,2001,0.21126050741783267,%
cl,2002,0.21581855749480605,%
cl,2003,0.37019844918140027,%
cl,2004,-0.09331261239180719,%
