variable,year,value,unit
cltc,2000,-24.693885299676026,%
cltc,2001,-25.03333228494865,%
cltc,2002,-25.14631915489885,%
cltc,2003,-25.18122299995438,%
cltc,2004,-25.0919590829902,%
