variable,year,value,unit
loadso4,2000,0.1855473083422896,kg m-2
loadso4,2001,0.7098181285505073,kg m-2
loadso4,2002,-0.04009156995385997,kg m-2
loadso4,2003,0.7227101485401027,kg m-2
loadso4,2004,0.32269144786486015,kg m-2
