variable,year,value,unit
dms,2000,0.11171379599803702,mol mol-1
dms,2001,0.10430580377621215,mol mol-1
dms,2002,0.2995715304345946,mol mol-1
dms,2003,-0.8238730493681814,mol mol-1
dms,2004,-0.23902574408237293,mol mol-1
