variable,year,value,unit
rlutcs,2000,0.0001123704175683158,W m-2
rlutcs,2001,-0.00013443313445157324,W m-2
rlutcs,2002,0.00041648935830335923,W m-2
rlutcs,2003,-6.145516472728498e-05,W m-2
rlutcs,2004,-3.859462303002575e-06,W m-2
