variable,year,value,unit
mmrso4,2000,0.25934169069336854,kg kg-1
mmrso4,2001,0.22316637587141225,kg kg-1
mmrso4,2002,0.21115836097488896,kg kg-1
mmrso4,2003,0.28006606565732656,kg kg-1
mmrso4,2004,0.32997563676159847,kg kg-1
