variable,year,value,unit
rlutcs,2000,0.019605180097042374,W m-2
rlutcs,2001,0.0008391868370543374,W m-2
rlutcs,2002,0.007169170211286708,W m-2
rlutcs,2003,0.022057515141697515,W m-2
rlutcs,2004,0.008731612053391322,W m-2
