variable,year,value,unit
rsutcs,2000,-0.04227455095664744,W m-2
rsutcs,2001,-0.15060626583293524,W m-2
rsutcs,2002,-0.14313425558697665,W m-2
rsutcs,2003,0.007048337720469601,W m-2
rsutcs,2004,0.02866848661608665,W m-2
