variable,year,value,unit
cl,2000,0.10210142479414405,%
cl,2001,-0.023024396263826345,%
cl,2002,-0.02824198120363164,%
cl,2003,-0.18458763941401396,%
cl,2004,0.10012565830012006,%
