variable,year,value,unit
wetso4,2000,-0.23245622028657503,kg m-2 s-1
wetso4,2001,0.29845378432609815,kg m-2 s-1
wetso4,2002,0.16861522123858586,kg m-2 s-1
wetso4,2003,0.36880559211035563,kg m-2 s-1
wetso4,2004,-0.18101586014117893,kg m-2 s-1
