variable,year,value,unit
od550aer,2000,0.1354901982156921,1
od550aer,2001,0.08824881266824647,1
od550aer,2002,0.2598860217564916,1
od550aer,2003,0.027736235139701724,1
od550aer,2004,0.1155406138076228,1
