variable,year,value,unit
rlutcs,2000,0.005088738980987273,W m-2
rlutcs,2001,-0.004202372456887815,W m-2
rlutcs,2002,0.007034588214452242,W m-2
rlutcs,2003,0.001931774995853175,W m-2
rlutcs,2004,0.0066598628507108515,W m-2
