variable,year,value,unit
rlutcs,2000,0.009834139091623229,W m-2
rlutcs,2001,0.0003888278275212542,W m-2
rlutcs,2002,0.011736108317194294,W m-2
rlutcs,2003,0.019648458787656864,W m-2
rlutcs,2004,0.010056514762993629,W m-2
