variable,year,value,unit
wetso2,2000,-1.7646860151168995e-17,kg m-2 s-1
wetso2,2001,5.740832315600035e-19,kg m-2 s-1
wetso2,2002,-3.646716701982953e-18,kg m-2 s-1
wetso2,2003,-9.865851165054726e-18,kg m-2 s-1
wetso2,2004,-5.4605579140567126e-18,kg m-2 s-1
