variable,year,value,unit
mmrso4,2001,-2.1248864459890262e-11,kg kg-1
mmrso4,2002,-2.033095965927387e-11,kg kg-1
mmrso4,2003,-2.033854410794463e-11,kg kg-1
mmrso4,2004,-2.1988367373674797e-11,kg kg-1
