variable,year,value,unit
wetso4,2001,-1.3928469731672593e-13,kg m-2 s-1
wetso4,2002,-1.8200890530721274e-14,kg m-2 s-1
wetso4,2003,-2.973595119221275e-14,kg m-2 s-1
wetso4,2004,8.209942636455306e-14,kg m-2 s-1
