variable,year,value,unit
drybc,2000,-0.08426709696076146,kg m-2 s-1
drybc,2001,-0.1211809207686659,kg m-2 s-1
drybc,2002,0.06711562700313246,kg m-2 s-1
drybc,2003,-0.06547042178367424,kg m-2 s-1
drybc,2004,0.08614127500783131,kg m-2 s-1
