variable,year,value,unit
rsutcs,2000,-0.02361374294262388,W m-2
rsutcs,2001,-0.01284808302742259,W m-2
rsutcs,2002,-0.015435237819187106,W m-2
rsutcs,2003,-0.016268361204684455,W m-2
rsutcs,2004,-0.008677730486481775,W m-2
