variable,year,value,unit
dryso4,2000,0.368344793542247,kg m-2 s-1
dryso4,2001,0.5807074564596546,kg m-2 s-1
dryso4,2002,0.4249939963982391,kg m-2 s-1
dryso4,2003,0.5561474102472904,kg m-2 s-1
dryso4,2004,0.46996657600762526,kg m-2 s-1
