variable,year,value,unit
wetbc,2000,0.48276501538119077,kg m-2 s-1
wetbc,2001,-0.11168517451485949,kg m-2 s-1
wetbc,2002,-0.2383329533589285,kg m-2 s-1
wetbc,2003,0.09453097540961018,kg m-2 s-1
wetbc,2004,-0.2256945938910455,kg m-2 s-1
