variable,year,value,unit
wetbc,2000,-0.0526240449410868,kg m-2 s-1
wetbc,2001,-0.06543403913321179,kg m-2 s-1
wetbc,2002,0.047236968013421844,kg m-2 s-1
wetbc,2003,0.05936530608402063,kg m-2 s-1
wetbc,2004,0.04230551574129257,kg m-2 s-1
