variable,year,value,unit
rlutcs,2000,0.0010242639975823024,W m-2
rlutcs,2001,-0.0008811862420272685,W m-2
rlutcs,2002,-0.005091311102303845,W m-2
rlutcs,2003,-0.0006851733863178302,W m-2
rlutcs,2004,-0.003942962137962239,W m-2
