variable,year,value,unit
drybc,2000,0.29951870261618446,kg m-2 s-1
drybc,2001,0.5257334979644132,kg m-2 s-1
drybc,2002,-0.18057928914319538,kg m-2 s-1
drybc,2003,-0.045635552204130375,kg m-2 s-1
drybc,2004,0.18884932408478836,kg m-2 s-1
