variable,year,value,unit
emibc,2000,-3.305512080118429e-08,kg m-2 s-1
emibc,2001,7.94136354032461e-08,kg m-2 s-1
emibc,2002,-9.334310982038004e-08,kg m-2 s-1
emibc,2003,6.096218604416e-08,kg m-2 s-1
emibc,2004,9.824109095608783e-08,kg m-2 s-1
