variable,year,value,unit
wetso2,2000,0.16579475642566185,kg m-2 s-1
wetso2,2001,-0.4083659056711218,kg m-2 s-1
wetso2,2002,-0.01545389781488592,kg m-2 s-1
wetso2,2003,-0.1720401297254004,kg m-2 s-1
wetso2,2004,0.03236222793442686,kg m-2 s-1
