variable,year,value,unit
wetbc,2000,0.22428358479469626,kg m-2 s-1
wetbc,2001,-0.3003936994740004,kg m-2 s-1
wetbc,2002,-0.16003904149825518,kg m-2 s-1
wetbc,2003,0.4432256635918576,kg m-2 s-1
wetbc,2004,-0.1260803835043408,kg m-2 s-1
