variable,year,value,unit
cl,2000,-1.1245547961413798,%
cl,2001,-1.3610773848169662,%
cl,2002,-0.9570594989291477,%
cl,2003,-1.566753927711836,%
cl,2004,-0.2271105489282111,%
