variable,year,value,unit
mmrbc,2000,-0.036154295640628664,kg kg-1
mmrbc,2001,-0.01744223398958724,kg kg-1
mmrbc,2002,0.01855481407968474,kg kg-1
mmrbc,2003,0.029615113545252873,kg kg-1
mmrbc,2004,0.18670713734912892,kg kg-1
