variable,year,value,unit
rsut,2000,0.012007018925323453,W m-2
rsut,2001,0.020205422637878195,W m-2
rsut,2002,0.06743276509327122,W m-2
rsut,2003,-0.08464876599308287,W m-2
rsut,2004,0.0008497257740943376,W m-2
