variable,year,value,unit
rlutcs,2000,-0.0013343719221022335,W m-2
rlutcs,2001,0.0007741161446774381,W m-2
rlutcs,2002,-0.0027115320017427,W m-2
rlutcs,2003,-0.005502430405766244,W m-2
rlutcs,2004,-0.0005973494325386345,W m-2
