variable,year,value,unit
cltc,2000,-0.12155869646378036,%
cltc,2001,0.14677209419930223,%
cltc,2002,0.12809871905208664,%
cltc,2003,0.08099205961235156,%
cltc,2004,-0.14555277831644636,%
