variable,year,value,unit
clivi,2000,-3.578648515759064e-06,kg m-2
clivi,2001,1.1420837691764746e-05,kg m-2
clivi,2002,6.456657858096293e-06,kg m-2
clivi,2003,1.6976618657620068e-06,kg m-2
clivi,2004,-8.382906060797057e-06,kg m-2
