variable,year,value,unit
cltc,2001,-0.0032186911482119385,%
cltc,2002,0.008374491862912947,%
cltc,2003,-0.001948763742960935,%
cltc,2004,0.0011959743966514225,%
