variable,year,value,unit
cltc,2001,-4.7663680139198306e-05,%
cltc,2002,0.0009219521987686718,%
cltc,2003,-0.00011502136367003146,%
cltc,2004,0.00027774484933473786,%
