variable,year,value,unit
rlutcs,2001,-0.003045038904872399,W m-2
rlutcs,2002,-0.0019916147838898723,W m-2
rlutcs,2003,0.009591330105081397,W m-2
rlutcs,2004,0.00815802790214093,W m-2
