variable,year,value,unit
rlutcs,2001,0.010454867598070905,W m-2
rlutcs,2002,0.002485681579798893,W m-2
rlutcs,2003,0.014360583778397995,W m-2
rlutcs,2004,0.006862804653167132,W m-2
