variable,year,value,unit
so2,2000,-5.262578262367362e-13,mol mol-1
so2,2001,-5.399245574071009e-13,mol mol-1
so2,2002,-5.286211497812213e-13,mol mol-1
so2,2003,-5.37832682469049e-13,mol mol-1
so2,2004,-5.535730130941158e-13,mol mol-1
