variable,year,value,unit
dryso2,2000,-4.970792163997479e-15,kg m-2 s-1
dryso2,2001,-6.047453201345533e-15,kg m-2 s-1
dryso2,2002,-6.862222913629468e-15,kg m-2 s-1
dryso2,2003,-5.1663710625204155e-15,kg m-2 s-1
dryso2,2004,-4.1723657436866085e-15,kg m-2 s-1
