variable,year,value,unit
wetso4,2000,-3.7174922209695174e-14,kg m-2 s-1
wetso4,2001,-4.8985646222900755e-14,kg m-2 s-1
wetso4,2002,-3.9592836530353943e-14,kg m-2 s-1
wetso4,2003,-4.661853039291024e-14,kg m-2 s-1
wetso4,2004,-3.475688169962089e-14,kg m-2 s-1
