variable,year,value,unit
od550aer,2001,0.0001188476991035442,1
od550aer,2002,0.00018210809790092375,1
od550aer,2003,0.00022944016528403388,1
od550aer,2004,0.00019341808163975127,1
