variable,year,value,unit
drybc,2000,5.763097668906157e-17,kg m-2 s-1
drybc,2001,1.720646881678325e-16,kg m-2 s-1
drybc,2002,5.1327369082279916e-17,kg m-2 s-1
drybc,2003,1.678856519211552e-17,kg m-2 s-1
drybc,2004,9.733925715421925e-17,kg m-2 s-1
