variable,year,value,unit
wetso4,2001,9.670409042562082e-15,kg m-2 s-1
wetso4,2002,1.8199503288387638e-14,kg m-2 s-1
wetso4,2003,2.0680496673855618e-14,kg m-2 s-1
wetso4,2004,2.1880909743588655e-14,kg m-2 s-1
