variable,year,value,unit
mmrso4,2001,6.290190757854688e-12,kg kg-1
mmrso4,2002,6.411303614558582e-12,kg kg-1
mmrso4,2003,7.206411438441936e-12,kg kg-1
mmrso4,2004,5.9628390884837835e-12,kg kg-1
