variable,year,value,unit
loadbc,2000,-1.3883830834061285e-10,kg m-2
loadbc,2001,-2.373740496702544e-10,kg m-2
loadbc,2002,-2.139427020526299e-10,kg m-2
loadbc,2003,-2.0339067475718306e-11,kg m-2
loadbc,2004,-2.907153120533278e-10,kg m-2
