variable,year,value,unit
rsut,2000,-0.050934946561895345,W m-2
rsut,2001,-0.0876111291617434,W m-2
rsut,2002,-0.016148392312771875,W m-2
rsut,2003,-0.04166318964475124,W m-2
rsut,2004,-0.05480752847365977,W m-2
