variable,year,value,unit
clivi,2000,-4.2541159027964515e-05,kg m-2
clivi,2001,2.6174126991573843e-05,kg m-2
clivi,2002,-5.4838971774731626e-05,kg m-2
clivi,2003,3.108371306043134e-05,kg m-2
clivi,2004,7.190311982763209e-06,kg m-2
