variable,year,value,unit
mmrso4,2000,2.7357014616129504e-12,kg kg-1
mmrso4,2001,2.782350728081417e-12,kg kg-1
mmrso4,2002,2.748311154927805e-12,kg kg-1
mmrso4,2003,2.78621795688308e-12,kg kg-1
mmrso4,2004,2.8373924236891543e-12,kg kg-1
