variable,year,value,unit
dms,2000,-4.3128276607985244e-16,mol mol-1
dms,2001,1.9982414235345217e-15,mol mol-1
dms,2002,-4.3135451943285916e-14,mol mol-1
dms,2003,-1.4221548115253626e-14,mol mol-1
dms,2004,1.6635380429158726e-14,mol mol-1
