variable,year,value,unit
dryso4,2001,8.137766214925913e-15,kg m-2 s-1
dryso4,2002,6.964849644185993e-15,kg m-2 s-1
dryso4,2003,7.830714024852514e-15,kg m-2 s-1
dryso4,2004,7.954040603074354e-15,kg m-2 s-1
