variable,year,value,unit
od550aer,2001,0.00023408088433418683,1
od550aer,2002,0.0004750688242971257,1
od550aer,2003,0.0009777275648200356,1
od550aer,2004,0.0007655517911264453,1
