variable,year,value,unit
rlut,2000,0.043585099275105676,W m-2
rlut,2001,-0.008934395699242259,W m-2
rlut,2002,0.0011560589344696837,W m-2
rlut,2003,-0.00045385612588688673,W m-2
rlut,2004,0.0015855851858077585,W m-2
