variable,year,value,unit
dryso2,2000,-7.887865969748684e-15,kg m-2 s-1
dryso2,2001,-8.75042756559385e-15,kg m-2 s-1
dryso2,2002,-8.705786035025736e-15,kg m-2 s-1
dryso2,2003,-9.542886882597246e-15,kg m-2 s-1
dryso2,2004,-9.268501477287486e-15,kg m-2 s-1
