variable,year,value,unit
mmrso4,2001,2.60945774780084e-12,kg kg-1
mmrso4,2002,2.434796750048309e-12,kg kg-1
mmrso4,2003,2.91358416996705e-12,kg kg-1
mmrso4,2004,2.939701765787985e-12,kg kg-1
