variable,year,value,unit
clivi,2000,3.47267894315606e-05,kg m-2
clivi,2001,-0.0002040441749992586,kg m-2
clivi,2002,3.8811698519436444e-05,kg m-2
clivi,2003,-1.8737325546969164e-05,kg m-2
clivi,2004,-6.051520503901758e-05,kg m-2
