variable,year,value,unit
dryso4,2001,5.830511381492302e-15,kg m-2 s-1
dryso4,2002,6.515250359334337e-15,kg m-2 s-1
dryso4,2003,6.099721818698692e-15,kg m-2 s-1
dryso4,2004,6.677876681327912e-15,kg m-2 s-1
