variable,year,value,unit
clivi,2000,-1.0360653497579891e-06,kg m-2
clivi,2001,1.0341042126707153e-05,kg m-2
clivi,2002,1.950061533417813e-06,kg m-2
clivi,2003,3.4239450328252263e-06,kg m-2
clivi,2004,1.392822597121729e-06,kg m-2
