variable,year,value,unit
emibc,2000,-2.9535347353016017e-22,kg m-2 s-1
emibc,2001,-2.7661690148442157e-21,kg m-2 s-1
emibc,2002,-3.612956370766059e-21,kg m-2 s-1
emibc,2003,1.8958379474338702e-21,kg m-2 s-1
emibc,2004,2.7136674249045134e-21,kg m-2 s-1
