variable,year,value,unit
clivi,2000,5.0045747932266765e-05,kg m-2
clivi,2001,2.3306483690964733e-05,kg m-2
clivi,2002,8.311073180317964e-05,kg m-2
clivi,2003,-2.283186048129826e-05,kg m-2
clivi,2004,-5.3322733160372435e-05,kg m-2
