variable,year,value,unit
so2,2001,0.011763970926338239,mol mol-1
so2,2002,-0.017613351299256237,mol mol-1
so2,2003,-0.056919691089928885,mol mol-1
so2,2004,0.03262478466346854,mol mol-1
