variable,year,value,unit
rsutcs,2001,-0.0328417269403369,W m-2
rsutcs,2002,0.0285349377267465,W m-2
rsutcs,2003,0.1583307787070177,W m-2
rsutcs,2004,0.12642364327804292,W m-2
