variable,year,value,unit
loadso4,2000,1.8333774210237502e-06,kg m-2
loadso4,2001,1.8227029091653597e-06,kg m-2
loadso4,2002,1.7921719237819413e-06,kg m-2
loadso4,2003,1.7338208465040361e-06,kg m-2
loadso4,2004,1.7481225753191735e-06,kg m-2
