variable,year,value,unit
wetso2,2000,1.935602369436589e-16,kg m-2 s-1
wetso2,2001,1.935627848952257e-16,kg m-2 s-1
wetso2,2002,1.6202846002320856e-16,kg m-2 s-1
wetso2,2003,1.5004007969476167e-16,kg m-2 s-1
wetso2,2004,1.4958491110917774e-16,kg m-2 s-1
