variable,year,value,unit
loadbc,2000,1.913230963077002e-08,kg m-2
loadbc,2001,1.856512823604376e-08,kg m-2
loadbc,2002,2.010569970253698e-08,kg m-2
loadbc,2003,2.1823458395999146e-08,kg m-2
loadbc,2004,2.5199141763647763e-08,kg m-2
