variable,year,value,unit
loadso4,2000,5.666440853997364e-06,kg m-2
loadso4,2001,5.7773986225242145e-06,kg m-2
loadso4,2002,6.103342995834255e-06,kg m-2
loadso4,2003,5.91143887582341e-06,kg m-2
loadso4,2004,6.002285843802817e-06,kg m-2
