variable,year,value,unit
dryso4,2000,1.8047924841592559e-12,kg m-2 s-1
dryso4,2001,1.7965724365690996e-12,kg m-2 s-1
dryso4,2002,1.884702567919671e-12,kg m-2 s-1
dryso4,2003,1.8458658484147893e-12,kg m-2 s-1
dryso4,2004,1.952441245539017e-12,kg m-2 s-1
