variable,year,value,unit
dryso4,2000,4.6413398213161584e-12,kg m-2 s-1
dryso4,2001,4.7768037396086624e-12,kg m-2 s-1
dryso4,2002,5.179179988568283e-12,kg m-2 s-1
dryso4,2003,5.565807850814953e-12,kg m-2 s-1
dryso4,2004,6.458185289701869e-12,kg m-2 s-1
