variable,year,value,unit
dryso4,2000,6.61723194412511e-13,kg m-2 s-1
dryso4,2001,6.555694334569979e-13,kg m-2 s-1
dryso4,2002,7.200200592758833e-13,kg m-2 s-1
dryso4,2003,6.70413439700588e-13,kg m-2 s-1
dryso4,2004,6.868641590038015e-13,kg m-2 s-1
