variable,year,value,unit
rsut,2000,110.91258800337414,W m-2
rsut,2001,112.65963308204071,W m-2
rsut,2002,108.51368460473263,W m-2
rsut,2003,109.79639522250253,W m-2
rsut,2004,110.07436051143732,W m-2
