variable,year,value,unit
rsutcs,2000,36.77833357620818,W m-2
rsutcs,2001,36.909972206889094,W m-2
rsutcs,2002,36.95364652566611,W m-2
rsutcs,2003,36.85948276179827,W m-2
rsutcs,2004,37.16356013719581,W m-2
