variable,year,value,unit
rsut,2000,-1.146377814528293,W m-2
rsut,2001,-0.4662960992422427,W m-2
rsut,2002,-0.6196455042417739,W m-2
rsut,2003,-0.14862786130360917,W m-2
rsut,2004,-0.3655029135729819,W m-2
