variable,year,value,unit
wetso2,2001,1.1120429310362111e-17,kg m-2 s-1
wetso2,2002,1.508227828151279e-17,kg m-2 s-1
wetso2,2003,3.800505034970096e-18,kg m-2 s-1
wetso2,2004,8.082913198499347e-18,kg m-2 s-1
