variable,year,value,unit
rlut,2001,0.63598691529333,W m-2
rlut,2002,0.7448149408571396,W m-2
rlut,2003,0.7448290129215991,W m-2
rlut,2004,0.10987923814198552,W m-2
