variable,year,value,unit
wetbc,2000,-1.308265235842026e-14,kg m-2 s-1
wetbc,2001,-6.774106605755647e-15,kg m-2 s-1
wetbc,2002,-1.1397817421567207e-14,kg m-2 s-1
wetbc,2003,-8.759502927805545e-15,kg m-2 s-1
wetbc,2004,-6.315247262276027e-15,kg m-2 s-1
