variable,year,value,unit
rsut,2000,-0.23069994857281984,W m-2
rsut,2001,-0.277614858947814,W m-2
rsut,2002,-0.5561877666706323,W m-2
rsut,2003,0.09223561909456635,W m-2
rsut,2004,-0.04298078657760129,W m-2
