variable,year,value,unit
dryso2,2000,2.2230588632936267e-14,kg m-2 s-1
dryso2,2001,1.967371856450271e-14,kg m-2 s-1
dryso2,2002,2.2256484061733856e-14,kg m-2 s-1
dryso2,2003,2.5942960796651833e-14,kg m-2 s-1
dryso2,2004,2.9928976065012476e-14,kg m-2 s-1
