variable,year,value,unit
dryso2,2001,6.100662929363488e-14,kg m-2 s-1
dryso2,2002,6.365857844760371e-14,kg m-2 s-1
dryso2,2003,6.205878087412168e-14,kg m-2 s-1
dryso2,2004,6.292255762771653e-14,kg m-2 s-1
