variable,year,value,unit
emibc,2001,2.6030895259355365e-24,kg m-2 s-1
emibc,2002,7.817038542178674e-23,kg m-2 s-1
emibc,2003,1.4624847569718485e-22,kg m-2 s-1
emibc,2004,1.9448867058131946e-23,kg m-2 s-1
