variable,year,value,unit
rsut,2001,0.2256811939957828,W m-2
rsut,2002,0.16975134489564425,W m-2
rsut,2003,0.17512772838192348,W m-2
rsut,2004,-0.0539923950957899,W m-2
