variable,year,value,unit
od550aer,2000,-0.004933327200958265,1
od550aer,2001,-0.0048597331398067545,1
od550aer,2002,-0.004787239833950269,1
od550aer,2003,-0.00547419973595295,1
od550aer,2004,-0.0061929532928211295,1
