variable,year,value,unit
rsut,2000,0.47878538972494766,W m-2
rsut,2001,-0.5059133341686675,W m-2
rsut,2002,-0.2607832506857761,W m-2
rsut,2003,-0.6034378718039619,W m-2
rsut,2004,0.17519760136254092,W m-2
