variable,year,value,unit
wetso4,2000,-8.877298585325742e-14,kg m-2 s-1
wetso4,2001,-9.29642735045165e-14,kg m-2 s-1
wetso4,2002,-9.006544450639188e-14,kg m-2 s-1
wetso4,2003,-9.005621685651265e-14,kg m-2 s-1
wetso4,2004,-9.412008809420695e-14,kg m-2 s-1
