variable,year,value,unit
rsutcs,2000,-0.047189975274882556,W m-2
rsutcs,2001,-0.049427557890226126,W m-2
rsutcs,2002,-0.04734777473044005,W m-2
rsutcs,2003,-0.051255729181470144,W m-2
rsutcs,2004,-0.04600609049004589,W m-2
