variable,year,value,unit
od550aer,2000,-0.16947231168540924,1
od550aer,2001,-0.17453726693070215,1
od550aer,2002,-0.1717321685087152,1
od550aer,2003,-0.17093279844614376,1
od550aer,2004,-0.18075829020552017,1
