variable,year,value,unit
od550aer,2000,0.0007125026248213095,1
od550aer,2001,0.00021767420118237735,1
od550aer,2002,-0.0006638333590652246,1
od550aer,2003,0.00028729688570827694,1
od550aer,2004,6.0202818423060744e-05,1
