variable,year,value,unit
cl,2000,-0.0019432239729270107,%
cl,2001,0.0022382810750822824,%
cl,2002,-0.003975105988007321,%
cl,2003,0.0036715398771851593,%
cl,2004,6.135860561681805e-05,%
