variable,year,value,unit
emibc,2001,-4.603697453343454e-22,kg m-2 s-1
emibc,2002,4.767237911544377e-23,kg m-2 s-1
emibc,2003,-5.479317280920672e-22,kg m-2 s-1
emibc,2004,6.628998115479981e-22,kg m-2 s-1
