variable,year,value,unit
wetso2,2000,1.5152382626502404e-14,kg m-2 s-1
wetso2,2001,1.9086626491772315e-14,kg m-2 s-1
wetso2,2002,2.1342379288194915e-14,kg m-2 s-1
wetso2,2003,2.988005809706311e-14,kg m-2 s-1
wetso2,2004,3.140046878703644e-14,kg m-2 s-1
