variable,year,value,unit
dryso2,2000,8.511761068801662e-14,kg m-2 s-1
dryso2,2001,8.881838468680629e-14,kg m-2 s-1
dryso2,2002,7.729095487869157e-14,kg m-2 s-1
dryso2,2003,9.930325816052453e-14,kg m-2 s-1
dryso2,2004,9.740980867240143e-14,kg m-2 s-1
