variable,year,value,unit
rsutcs,2001,0.02648808431595029,W m-2
rsutcs,2002,0.02576126058455941,W m-2
rsutcs,2003,-0.012775046918434896,W m-2
rsutcs,2004,-0.013746778360193446,W m-2
