variable,year,value,unit
od550aer,2000,-0.003526351048291576,1
od550aer,2001,-0.00276969304589586,1
od550aer,2002,-0.0019847925099362174,1
od550aer,2003,-0.0010188005875139683,1
od550aer,2004,-0.002337928211384177,1
