variable,year,value,unit
rsut,2001,0.1388015239525231,W m-2
rsut,2002,-0.1655354153076587,W m-2
rsut,2003,-0.0018912839101261625,W m-2
rsut,2004,-0.1643948569699063,W m-2
