variable,year,value,unit
wetso4,2000,6.584050098545235e-15,kg m-2 s-1
wetso4,2001,1.4444008181145004e-15,kg m-2 s-1
wetso4,2002,-1.784230643852344e-14,kg m-2 s-1
wetso4,2003,4.822699244372446e-16,kg m-2 s-1
wetso4,2004,6.271927013045836e-16,kg m-2 s-1
