variable,year,value,unit
clivi,2000,0.0009173387572444514,kg m-2
clivi,2001,-0.0002475224569920276,kg m-2
clivi,2002,-0.0007131661108960921,kg m-2
clivi,2003,0.00015305512732530918,kg m-2
clivi,2004,-0.0003152864085452303,kg m-2
