variable,year,value,unit
so2,2001,2.5513760497577053e-12,mol mol-1
so2,2002,2.5256107176198705e-12,mol mol-1
so2,2003,2.536624013682719e-12,mol mol-1
so2,2004,2.756054154062475e-12,mol mol-1
