variable,year,value,unit
wetso2,2000,1.2888662386080805e-14,kg m-2 s-1
wetso2,2001,3.010502617278208e-15,kg m-2 s-1
wetso2,2002,1.2349548881108152e-14,kg m-2 s-1
wetso2,2003,9.324197412529976e-15,kg m-2 s-1
wetso2,2004,6.0624366794938524e-15,kg m-2 s-1
