variable,year,value,unit
dms,2000,2.3803054028990073e-13,mol mol-1
dms,2001,-5.213202320255719e-14,mol mol-1
dms,2002,-2.856378023317853e-16,mol mol-1
dms,2003,2.709066907570057e-15,mol mol-1
dms,2004,-3.2710871244471448e-15,mol mol-1
