variable,year,value,unit
wetbc,2000,2.073236678886181e-15,kg m-2 s-1
wetbc,2001,5.340794010977209e-15,kg m-2 s-1
wetbc,2002,-7.225734484077397e-15,kg m-2 s-1
wetbc,2003,1.354645847146851e-15,kg m-2 s-1
wetbc,2004,-8.499191277207731e-15,kg m-2 s-1
