variable,year,value,unit
loadso4,2000,-8.156812889988335e-08,kg m-2
loadso4,2001,-5.1577717345282836e-08,kg m-2
loadso4,2002,-9.833183300608438e-08,kg m-2
loadso4,2003,-9.629163053682551e-08,kg m-2
loadso4,2004,-1.0665899700428386e-07,kg m-2
