variable,year,value,unit
dryso4,2000,-8.38244643386061e-14,kg m-2 s-1
dryso4,2001,-9.09011962845828e-14,kg m-2 s-1
dryso4,2002,-8.816372931992049e-14,kg m-2 s-1
dryso4,2003,-9.092620545624743e-14,kg m-2 s-1
dryso4,2004,-9.963686451323763e-14,kg m-2 s-1
