variable,year,value,unit
emiso2,2001,6.669322231233129e-14,kg m-2 s-1
emiso2,2002,6.585579070076677e-14,kg m-2 s-1
emiso2,2003,6.687796481038477e-14,kg m-2 s-1
emiso2,2004,6.978667025317028e-14,kg m-2 s-1
