variable,year,value,unit
wetbc,2000,-1.0637323120109792e-16,kg m-2 s-1
wetbc,2001,-2.0171476924144836e-15,kg m-2 s-1
wetbc,2002,-2.1361945945532764e-15,kg m-2 s-1
wetbc,2003,3.3559498416682022e-15,kg m-2 s-1
wetbc,2004,6.506304672825296e-16,kg m-2 s-1
