variable,year,value,unit
so2,2000,1.723192637734619,mol mol-1
so2,2001,1.765260009818828,mol mol-1
so2,2002,5.738361998148953,mol mol-1
so2,2003,10.881794025876232,mol mol-1
so2,2004,15.614194914340118,mol mol-1
