variable,year,value,unit
rsut,2000,0.09409211776370724,W m-2
rsut,2001,0.06718802511824042,W m-2
rsut,2002,0.1006454858353554,W m-2
rsut,2003,0.13510612972721123,W m-2
rsut,2004,0.07287362353299107,W m-2
