variable,year,value,unit
emiso2,2000,7.273439694407744,kg m-2 s-1
emiso2,2001,7.273439694407744,kg m-2 s-1
emiso2,2002,7.273439694407744,kg m-2 s-1
emiso2,2003,7.273439694407744,kg m-2 s-1
emiso2,2004,7.273439694407744,kg m-2 s-1
