variable,year,value,unit
loadso2,2000,-7.283428539369554e-10,kg m-2
loadso2,2001,-5.361713025312213e-10,kg m-2
loadso2,2002,-8.436344417709336e-10,kg m-2
loadso2,2003,1.178142929493932e-09,kg m-2
loadso2,2004,-1.6171286052804217e-09,kg m-2
