variable,year,value,unit
loadso4,2000,3.2864403381229155e-07,kg m-2
loadso4,2001,1.76749529461372e-07,kg m-2
loadso4,2002,1.9731898299926534e-07,kg m-2
loadso4,2003,6.858189489384354e-07,kg m-2
loadso4,2004,2.9055135608144684e-07,kg m-2
