variable,year,value,unit
od550aer,2000,-6.064130213678798e-05,1
od550aer,2001,-3.4601826488595e-05,1
od550aer,2002,-3.0712798516935313e-05,1
od550aer,2003,-8.870833122870403e-06,1
od550aer,2004,0.00015684699613716102,1
