variable,year,value,unit
rlut,2001,0.2730202278982574,W m-2
rlut,2002,0.027408376286189196,W m-2
rlut,2003,-0.1180698742271602,W m-2
rlut,2004,0.029936249720776686,W m-2
