variable,year,value,unit
dryso2,2000,1.5099339381340542e-15,kg m-2 s-1
dryso2,2001,3.3721961000016106e-15,kg m-2 s-1
dryso2,2002,-3.646906394099791e-15,kg m-2 s-1
dryso2,2003,-2.6561820036341664e-15,kg m-2 s-1
dryso2,2004,9.18036667250901e-16,kg m-2 s-1
