variable,year,value,unit
rlut,2001,0.007205492024240812,W m-2
rlut,2002,-0.023959174484105006,W m-2
rlut,2003,0.05425856165220466,W m-2
rlut,2004,0.0557898280026734,W m-2
