variable,year,value,unit
dryso4,2000,6.071670166687948e-14,kg m-2 s-1
dryso4,2001,5.102293748518183e-14,kg m-2 s-1
dryso4,2002,4.8281034622410775e-14,kg m-2 s-1
dryso4,2003,5.64125039909764e-14,kg m-2 s-1
dryso4,2004,4.5168843979993205e-14,kg m-2 s-1
