variable,year,value,unit
mmrbc,2000,1.279461701116452e-13,kg kg-1
mmrbc,2001,1.4181428840732487e-13,kg kg-1
mmrbc,2002,1.1679790913232445e-13,kg kg-1
mmrbc,2003,1.4895134766439542e-13,kg kg-1
mmrbc,2004,2.030857474293901e-13,kg kg-1
