variable,year,value,unit
cltc,2001,0.012514000048819085,%
cltc,2002,0.007153138444437879,%
cltc,2003,0.014037113604965512,%
cltc,2004,0.00929626792593563,%
