variable,year,value,unit
emibc,2000,-4.029829589831989e-18,kg m-2 s-1
emibc,2001,1.9595731459056366e-17,kg m-2 s-1
emibc,2002,1.718480355503474e-17,kg m-2 s-1
emibc,2003,5.94312690662522e-18,kg m-2 s-1
emibc,2004,7.665117621864096e-18,kg m-2 s-1
