variable,year,value,unit
emibc,2000,-2.4158319011442397e-17,kg m-2 s-1
emibc,2001,-1.8723100213449067e-17,kg m-2 s-1
emibc,2002,-2.5904288348710504e-17,kg m-2 s-1
emibc,2003,-1.772801301995514e-17,kg m-2 s-1
emibc,2004,-1.3763244369496471e-17,kg m-2 s-1
