variable,year,value,unit
dms,2000,4.3344852812379416e-14,mol mol-1
dms,2001,-9.026813927429586e-15,mol mol-1
dms,2002,-2.6544703841663744e-14,mol mol-1
dms,2003,4.433798097840409e-15,mol mol-1
dms,2004,4.2225397044172755e-14,mol mol-1
