variable,year,value,unit
wetso4,2000,1.4289826028948697e-14,kg m-2 s-1
wetso4,2001,-9.570317843773062e-15,kg m-2 s-1
wetso4,2002,1.0248855702990295e-14,kg m-2 s-1
wetso4,2003,-9.736964724185048e-15,kg m-2 s-1
wetso4,2004,-5.270157947614457e-15,kg m-2 s-1
