variable,year,value,unit
rsdt,2000,8.762191328059998e-08,W m-2
rsdt,2001,3.628356921581144e-07,W m-2
rsdt,2002,2.533301426410617e-07,W m-2
rsdt,2003,-3.976310836151242e-08,W m-2
rsdt,2004,2.2032168089936022e-08,W m-2
