variable,year,value,unit
dryso4,2001,2.438455697492278e-15,kg m-2 s-1
dryso4,2002,2.2012998462082964e-15,kg m-2 s-1
dryso4,2003,-4.583406936314252e-15,kg m-2 s-1
dryso4,2004,-3.5508896650614724e-15,kg m-2 s-1
