variable,year,value,unit
od550aer,2000,-5.370094956833049e-05,1
od550aer,2001,-5.622954643802469e-05,1
od550aer,2002,-5.5745580863575395e-05,1
od550aer,2003,-0.00017941192447772092,1
od550aer,2004,-0.00011769673780585854,1
od550aer,2005,-9.877381112342876e-05,1
od550aer,2006,-3.6040574491177924e-05,1
od550aer,2007,-0.0002147017629480219,1
od550aer,2008,-0.00015390163942814727,1
od550aer,2009,-5.1655645482207024e-05,1
