variable,year,value,unit
loadbc,2000,2.641510184008611e-12,kg m-2
loadbc,2001,1.5337528890834374e-12,kg m-2
loadbc,2002,2.232368616149492e-12,kg m-2
loadbc,2003,9.342532022659868e-13,kg m-2
loadbc,2004,-3.783762227287156e-13,kg m-2
