variable,year,value,unit
emiso2,2001,-1.6173229408304144e-16,kg m-2 s-1
emiso2,2002,-1.6870240659822916e-16,kg m-2 s-1
emiso2,2003,-1.7366788392845464e-16,kg m-2 s-1
emiso2,2004,-1.7652271639799825e-16,kg m-2 s-1
emiso2,2005,-1.9597114045567574e-16,kg m-2 s-1
