variable,year,value,unit
wetso2,2000,-1.2836183114341922e-18,kg m-2 s-1
wetso2,2001,-9.9366125513891e-19,kg m-2 s-1
wetso2,2002,-9.261216277574884e-19,kg m-2 s-1
wetso2,2003,-4.7313106149677015e-19,kg m-2 s-1
wetso2,2004,-4.052106614847924e-18,kg m-2 s-1
