variable,year,value,unit
rsdt,2001,0.16374164089812382,W m-2
rsdt,2002,0.21987211204972823,W m-2
rsdt,2003,-1.3890058406151127,W m-2
rsdt,2004,0.2561158626863005,W m-2
rsdt,2005,-0.0882162868240357,W m-2
