variable,year,value,unit
loadso2,2000,-1.6534861460463846e-10,kg m-2
loadso2,2001,-5.734145178010684e-10,kg m-2
loadso2,2002,5.116546234917017e-11,kg m-2
loadso2,2003,-1.8169450211125424e-09,kg m-2
loadso2,2004,-3.6837433290462166e-10,kg m-2
