variable,year,value,unit
dms,2000,1.4927822409772703e-13,mol mol-1
dms,2001,-8.615970167248441e-14,mol mol-1
dms,2002,2.2531017239501446e-14,mol mol-1
dms,2003,1.389928342322646e-13,mol mol-1
dms,2004,-1.2359988925048657e-13,mol mol-1
