variable,year,value,unit
cltc,2000,-0.016166805125095163,%
cltc,2001,-0.004648454551042125,%
cltc,2002,0.002280969963358359,%
cltc,2003,0.003637643640753918,%
cltc,2004,-0.008570808075252234,%
cltc,2005,0.005942813482090692,%
cltc,2006,0.0057468485262544,%
cltc,2007,-0.002578681143789563,%
cltc,2008,-0.00800572303943392,%
cltc,2009,0.0048329535690347925,%
