variable,year,value,unit
emibc,2000,4.6240126190487066e-21,kg m-2 s-1
emibc,2001,5.617106977836015e-21,kg m-2 s-1
emibc,2002,-4.479504878534862e-21,kg m-2 s-1
emibc,2003,7.435428398253444e-21,kg m-2 s-1
emibc,2004,6.556600112447066e-21,kg m-2 s-1
