variable,year,value,unit
dryso2,2000,-4.217104387566805e-15,kg m-2 s-1
dryso2,2001,-2.1835348535130967e-15,kg m-2 s-1
dryso2,2002,-2.7006073437162654e-15,kg m-2 s-1
dryso2,2003,-1.651645148566564e-15,kg m-2 s-1
dryso2,2004,-4.242542705589606e-15,kg m-2 s-1
