variable,year,value,unit
loadso2,2000,-2.895103465339179e-10,kg m-2
loadso2,2001,-5.272752674583098e-10,kg m-2
loadso2,2002,-1.5524250498390144e-09,kg m-2
loadso2,2003,-5.539913315300852e-10,kg m-2
loadso2,2004,-2.2723211191101256e-09,kg m-2
