variable,year,value,unit
rsut,2000,0.0239355356787172,W m-2
rsut,2001,-0.02339537794469493,W m-2
rsut,2002,-0.002510622173417687,W m-2
rsut,2003,-0.011017940513411872,W m-2
rsut,2004,-0.0018660893436930337,W m-2
