variable,year,value,unit
od550aer,2000,-2.7827149649238547e-06,1
od550aer,2001,3.943334740677193e-06,1
od550aer,2002,3.0756035929335734e-05,1
od550aer,2003,5.17173201511692e-06,1
od550aer,2004,-5.9620072306225055e-05,1
