variable,year,value,unit
clt,2000,0.003759113991989693,%
clt,2001,-0.16636162409488975,%
clt,2002,-0.03529485450995651,%
clt,2003,-0.09834466303750844,%
clt,2004,0.11444652830398638,%
