variable,year,value,unit
loadso2,2000,-1.734512858387171e-08,kg m-2
loadso2,2001,-2.0497591116708754e-08,kg m-2
loadso2,2002,-1.8021455252118598e-08,kg m-2
loadso2,2003,-2.170228804372043e-08,kg m-2
loadso2,2004,-1.480962822195147e-08,kg m-2
