variable,year,value,unit
dryso4,2000,1.319173000974027e-17,kg m-2 s-1
dryso4,2001,3.8015021922965093e-17,kg m-2 s-1
dryso4,2002,-4.0574079088279217e-16,kg m-2 s-1
dryso4,2003,-1.2313421697709539e-15,kg m-2 s-1
dryso4,2004,-6.116800060851442e-16,kg m-2 s-1
