variable,year,value,unit
loadso4,2000,-2.819015465140356e-09,kg m-2
loadso4,2001,-1.0457273195232263e-08,kg m-2
loadso4,2002,-3.985659866903123e-09,kg m-2
loadso4,2003,-5.019386803631162e-09,kg m-2
loadso4,2004,-1.9914201362426515e-09,kg m-2
