variable,year,value,unit
so2,2001,-2.516336287754872,mol mol-1
so2,2002,-2.5197335182857623,mol mol-1
so2,2003,-2.5174197230450637,mol mol-1
so2,2004,-2.704566121954045,mol mol-1
