variable,year,value,unit
wetso2,2000,-4.336382831678531,kg m-2 s-1
wetso2,2001,-4.416833379542688,kg m-2 s-1
wetso2,2002,-3.7041361168082583,kg m-2 s-1
wetso2,2003,-4.266658981947883,kg m-2 s-1
wetso2,2004,-4.094050368069961,kg m-2 s-1
