variable,year,value,unit
dryso4,2000,8.029855740240682,kg m-2 s-1
dryso4,2001,8.024523815998446,kg m-2 s-1
dryso4,2002,8.146441362925708,kg m-2 s-1
dryso4,2003,8.360472624022387,kg m-2 s-1
dryso4,2004,8.298363170544233,kg m-2 s-1
