variable,year,value,unit
od550aer,2000,1.0785290491706228,1
od550aer,2001,0.7043917867387256,1
od550aer,2002,0.4591309789433432,1
od550aer,2003,1.1316880433493353,1
od550aer,2004,0.8912493859856381,1
