variable,year,value,unit
emiso2,2001,-5.111224938396132,kg m-2 s-1
emiso2,2002,-5.1112546257284865,kg m-2 s-1
emiso2,2003,-5.111661534824962,kg m-2 s-1
emiso2,2004,-5.108341451673799,kg m-2 s-1
