variable,year,value,unit
emiso2,2001,-4.913285632173705,kg m-2 s-1
emiso2,2002,-4.907850677996135,kg m-2 s-1
emiso2,2003,-4.917118122007572,kg m-2 s-1
emiso2,2004,-4.926901216556022,kg m-2 s-1
