variable,year,value,unit
rsdt,2000,1.5856353765250842e-07,W m-2
rsdt,2001,8.205620829374537e-08,W m-2
rsdt,2002,-1.440018993760892e-07,W m-2
rsdt,2003,-1.3997274883746252e-07,W m-2
rsdt,2004,1.9347625027479776e-08,W m-2
