variable,year,value,unit
dms,2000,0.0001248300887701342,mol mol-1
dms,2001,0.00015333683012525376,mol mol-1
dms,2002,0.0003400535917253187,mol mol-1
dms,2003,0.0006006258104438463,mol mol-1
dms,2004,0.0010541041997139799,mol mol-1
