variable,year,value,unit
rsutcs,2000,0.12070768540912234,W m-2
rsutcs,2001,0.1036863690778344,W m-2
rsutcs,2002,0.06948868865316084,W m-2
rsutcs,2003,0.08873410938162275,W m-2
rsutcs,2004,0.15566964092524116,W m-2
