variable,year,value,unit
rlutcs,2001,0.03280528247482994,W m-2
rlutcs,2002,-0.024677632857888782,W m-2
rlutcs,2003,-0.0445462244818923,W m-2
rlutcs,2004,-0.048057830798495196,W m-2
