variable,year,value,unit
mmrbc,2001,0.03821494321750256,kg kg-1
mmrbc,2002,-0.1523688207852531,kg kg-1
mmrbc,2003,0.11661396430862055,kg kg-1
mmrbc,2004,0.050560947580936835,kg kg-1
