variable,year,value,unit
emibc,2001,-3.946136482429073e-07,kg m-2 s-1
emibc,2002,-2.922828204370624e-07,kg m-2 s-1
emibc,2003,5.988295613582764e-07,kg m-2 s-1
emibc,2004,2.3540212634094332e-07,kg m-2 s-1
