variable,year,value,unit
emibc,2000,-2.804063855361189e-07,kg m-2 s-1
emibc,2001,2.1701724379159877e-07,kg m-2 s-1
emibc,2002,-7.903510087428569e-08,kg m-2 s-1
emibc,2003,-1.2444295676866071e-06,kg m-2 s-1
emibc,2004,-6.302438204717005e-08,kg m-2 s-1
