variable,year,value,unit
loadbc,2000,0.1639054032995465,kg m-2
loadbc,2001,0.10798486313434866,kg m-2
loadbc,2002,-0.01249823899626975,kg m-2
loadbc,2003,0.031583501341392956,kg m-2
loadbc,2004,0.035232801040331656,kg m-2
