variable,year,value,unit
dryso2,2001,-4.472044306952759,kg m-2 s-1
dryso2,2002,-3.917014001139129,kg m-2 s-1
dryso2,2003,-3.79017352144789,kg m-2 s-1
dryso2,2004,-4.084377400582073,kg m-2 s-1
