variable,year,value,unit
rsutcs,2001,0.18383807109784517,W m-2
rsutcs,2002,0.15256253598922165,W m-2
rsutcs,2003,0.15805592528160606,W m-2
rsutcs,2004,0.16541173409125304,W m-2
