variable,year,value,unit
rsdt,2000,-6.916002122980822e-08,W m-2
rsdt,2001,1.451691987731169e-07,W m-2
rsdt,2002,5.036673469568324e-08,W m-2
rsdt,2003,1.394811270927018e-07,W m-2
rsdt,2004,1.4979664031643215e-07,W m-2
