variable,year,value,unit
cltc,2001,0.4965833636595617,%
cltc,2002,0.46245252803669434,%
cltc,2003,0.7400899495109143,%
cltc,2004,0.25765732836270916,%
