variable,year,value,unit
clt,2001,0.5570595942542769,%
clt,2002,0.06044544122743602,%
clt,2003,0.03831829827621028,%
clt,2004,1.1422147514640424,%
