variable,year,value,unit
loadso4,2000,3.6705107759370676,kg m-2
loadso4,2001,3.50792912775324,kg m-2
loadso4,2002,3.6431281209529756,kg m-2
loadso4,2003,3.663739818048786,kg m-2
loadso4,2004,3.4312223950145806,kg m-2
