variable,year,value,unit
dryso2,2000,-3.4523822262529267,kg m-2 s-1
dryso2,2001,-3.7010544860011296,kg m-2 s-1
dryso2,2002,-3.6081553216066293,kg m-2 s-1
dryso2,2003,-3.8640363526829438,kg m-2 s-1
dryso2,2004,-3.456357816349559,kg m-2 s-1
