variable,year,value,unit
emibc,2000,-1.6816674460659218e-06,kg m-2 s-1
emibc,2001,-1.758501697835229e-06,kg m-2 s-1
emibc,2002,2.162431912322146e-06,kg m-2 s-1
emibc,2003,-3.0751858127244677e-06,kg m-2 s-1
emibc,2004,7.107987650115145e-07,kg m-2 s-1
