variable,year,value,unit
wetso2,2001,-3.3863286467054583,kg m-2 s-1
wetso2,2002,-3.395901795163291,kg m-2 s-1
wetso2,2003,-3.404967866059211,kg m-2 s-1
wetso2,2004,-3.3262408584106375,kg m-2 s-1
