variable,year,value,unit
dms,2000,-0.021446665515835305,mol mol-1
dms,2001,-0.016545559716098154,mol mol-1
dms,2002,-0.11452371672554822,mol mol-1
dms,2003,0.04125037826430796,mol mol-1
dms,2004,0.06748511716137305,mol mol-1
