variable,year,value,unit
wetso4,2001,0.9869469847099018,kg m-2 s-1
wetso4,2002,1.0096606734851414,kg m-2 s-1
wetso4,2003,1.1590460146025237,kg m-2 s-1
wetso4,2004,1.076375308928912,kg m-2 s-1
