variable,year,value,unit
wetbc,2000,-0.05158823407335701,kg m-2 s-1
wetbc,2001,0.6771652155992157,kg m-2 s-1
wetbc,2002,-0.552284545073054,kg m-2 s-1
wetbc,2003,0.195481079957063,kg m-2 s-1
wetbc,2004,-0.5291870072125961,kg m-2 s-1
