variable,year,value,unit
drybc,2000,-0.036660694166619316,kg m-2 s-1
drybc,2001,0.1803815914686395,kg m-2 s-1
drybc,2002,0.019854483559677453,kg m-2 s-1
drybc,2003,0.14773470649530432,kg m-2 s-1
drybc,2004,-0.0020123113470633712,kg m-2 s-1
