variable,year,value,unit
mmrso4,2000,-1.7438827521383216,kg kg-1
mmrso4,2001,-1.978017713444018,kg kg-1
mmrso4,2002,-1.798883143699028,kg kg-1
mmrso4,2003,-1.7856171884293521,kg kg-1
mmrso4,2004,-2.035927381679121,kg kg-1
