variable,year,value,unit
wetso4,2000,-1.4500435693277192,kg m-2 s-1
wetso4,2001,-1.5874293708910807,kg m-2 s-1
wetso4,2002,-1.4522062903054407,kg m-2 s-1
wetso4,2003,-1.598843888196285,kg m-2 s-1
wetso4,2004,-1.6602217670925168,kg m-2 s-1
