variable,year,value,unit
emibc,2000,-9.566221755280102,kg m-2 s-1
emibc,2001,-9.63532559832208,kg m-2 s-1
emibc,2002,-9.729659006028825,kg m-2 s-1
emibc,2003,-9.407668594076691,kg m-2 s-1
emibc,2004,-9.985131222853553,kg m-2 s-1
