variable,year,value,unit
od550aer,2000,2.2776943693938323,1
od550aer,2001,2.4703671108097254,1
od550aer,2002,2.1622254635214873,1
od550aer,2003,2.337505987923223,1
od550aer,2004,2.321195431955049,1
