variable,year,value,unit
dryso2,2000,-12.289224011031582,kg m-2 s-1
dryso2,2001,-11.7847105898156,kg m-2 s-1
dryso2,2002,-12.179039328258686,kg m-2 s-1
dryso2,2003,-12.329933518000734,kg m-2 s-1
dryso2,2004,-12.721931169854736,kg m-2 s-1
