variable,year,value,unit
rsutcs,2000,0.3206824297238179,W m-2
rsutcs,2001,0.33206543257616766,W m-2
rsutcs,2002,0.3027519118801075,W m-2
rsutcs,2003,0.31097912931740496,W m-2
rsutcs,2004,0.3144821379694175,W m-2
