variable,year,value,unit
loadbc,2000,-0.6589175230256075,kg m-2
loadbc,2001,-0.6859017058341335,kg m-2
loadbc,2002,-0.6738980421917784,kg m-2
loadbc,2003,-0.6120088298068258,kg m-2
loadbc,2004,-0.38520552209894776,kg m-2
