variable,year,value,unit
wetbc,2000,-7.623874065023917e-18,kg m-2 s-1
wetbc,2001,4.579221896234693e-16,kg m-2 s-1
wetbc,2002,-2.660263937206585e-16,kg m-2 s-1
wetbc,2003,1.9149157228893829e-16,kg m-2 s-1
wetbc,2004,2.393689604782335e-16,kg m-2 s-1
