variable,year,value,unit
rsutcs,2000,0.004223810992286303,W m-2
rsutcs,2001,-0.0012434549215498691,W m-2
rsutcs,2002,0.007944544440292134,W m-2
rsutcs,2003,0.016247465916904957,W m-2
rsutcs,2004,0.008460418243686263,W m-2
