variable,year,value,unit
rlut,2000,-0.011734732147232307,W m-2
rlut,2001,0.026964804587890967,W m-2
rlut,2002,-0.002152715651135395,W m-2
rlut,2003,0.0068350717184273435,W m-2
rlut,2004,0.004130753804957976,W m-2
