variable,year,value,unit
emiso2,2001,8.627068024386067e-06,kg m-2 s-1
emiso2,2002,-7.696642847921156e-06,kg m-2 s-1
emiso2,2003,-2.2811854831286335e-05,kg m-2 s-1
emiso2,2004,1.339568353089629e-06,kg m-2 s-1
