variable,year,value,unit
wetso2,2001,-0.013808186694335513,kg m-2 s-1
wetso2,2002,0.07362826700555977,kg m-2 s-1
wetso2,2003,-0.11128202373933681,kg m-2 s-1
wetso2,2004,0.016267562549395237,kg m-2 s-1
