variable,year,value,unit
wetbc,2000,146.23227850819742,kg m-2 s-1
wetbc,2001,136.29373496887672,kg m-2 s-1
wetbc,2002,156.5785214569053,kg m-2 s-1
wetbc,2003,177.09468433409359,kg m-2 s-1
wetbc,2004,182.4372656658635,kg m-2 s-1
