variable,year,value,unit
dms,2000,-33.65705090497046,mol mol-1
dms,2001,-34.30816660159924,mol mol-1
dms,2002,-34.39294658256266,mol mol-1
dms,2003,-35.33916957542985,mol mol-1
dms,2004,-37.81681118043518,mol mol-1
