variable,year,value,unit
rsut,2000,0.6043560790634936,W m-2
rsut,2001,0.6541041745347251,W m-2
rsut,2002,0.6933136379454892,W m-2
rsut,2003,0.6261203986813174,W m-2
rsut,2004,0.5880476937972227,W m-2
