variable,year,value,unit
clivi,2000,-0.8153664522360734,kg m-2
clivi,2001,-0.005718090745023903,kg m-2
clivi,2002,-0.4070328791085591,kg m-2
clivi,2003,-0.07154453676865478,kg m-2
clivi,2004,-0.8323545891936759,kg m-2
