variable,year,value,unit
wetso4,2000,-1.076549335712272e-14,kg m-2 s-1
wetso4,2001,-6.1838705676949555e-15,kg m-2 s-1
wetso4,2002,-1.1515687923479184e-14,kg m-2 s-1
wetso4,2003,-7.022762043519171e-15,kg m-2 s-1
wetso4,2004,2.0189860951292983e-15,kg m-2 s-1
