variable,year,value,unit
drybc,2000,1.463463073139487e-16,kg m-2 s-1
drybc,2001,-5.08528773785031e-17,kg m-2 s-1
drybc,2002,4.4758016683216104e-17,kg m-2 s-1
drybc,2003,-1.89853084368729e-17,kg m-2 s-1
drybc,2004,-3.91770053384889e-17,kg m-2 s-1
