variable,year,value,unit
mmrbc,2000,-7.501873621751977e-14,kg kg-1
mmrbc,2001,2.908321166669707e-14,kg kg-1
mmrbc,2002,6.185401638525409e-15,kg kg-1
mmrbc,2003,-2.8606957435162285e-14,kg kg-1
mmrbc,2004,2.5341919989699853e-14,kg kg-1
