variable,year,value,unit
wetbc,2000,2.8701297042528217e-16,kg m-2 s-1
wetbc,2001,8.667101512318546e-17,kg m-2 s-1
wetbc,2002,-2.3043129138173626e-16,kg m-2 s-1
wetbc,2003,4.468807338893609e-17,kg m-2 s-1
wetbc,2004,1.480126473404037e-16,kg m-2 s-1
