variable,year,value,unit
rsutcs,2000,0.005609642008479909,W m-2
rsutcs,2001,0.007639010319437034,W m-2
rsutcs,2002,0.003928529563864913,W m-2
rsutcs,2003,0.0084497661541576,W m-2
rsutcs,2004,0.007014336070184868,W m-2
