variable,year,value,unit
rsutcs,2000,-0.0013907494804783482,W m-2
rsutcs,2001,-0.00516155601576429,W m-2
rsutcs,2002,-0.002032824862951088,W m-2
rsutcs,2003,-0.0011090363984465057,W m-2
rsutcs,2004,4.626442461130864e-06,W m-2
