variable,year,value,unit
loadso4,2000,-3.0756879127123127,kg m-2
loadso4,2001,-1.8138598386366254,kg m-2
loadso4,2002,-2.3927035253216355,kg m-2
loadso4,2003,-3.1328438222203014,kg m-2
loadso4,2004,-3.687929605738819,kg m-2
