variable,year,value,unit
emiso2,2001,2.545267872965657,kg m-2 s-1
emiso2,2002,2.5442945410376328,kg m-2 s-1
emiso2,2003,2.5456612067876647,kg m-2 s-1
emiso2,2004,2.5483308153185673,kg m-2 s-1
