variable,year,value,unit
drybc,2000,-0.41294996188102684,kg m-2 s-1
drybc,2001,-0.4222429964137649,kg m-2 s-1
drybc,2002,0.02237697496201724,kg m-2 s-1
drybc,2003,-0.5789948440479501,kg m-2 s-1
drybc,2004,-0.345910701806238,kg m-2 s-1
