variable,year,value,unit
so2,2001,2.505989929915263,mol mol-1
so2,2002,2.640198825783577,mol mol-1
so2,2003,2.5870533879992275,mol mol-1
so2,2004,2.6513260739525424,mol mol-1
