variable,year,value,unit
wetbc,2001,0.084773025758143,kg m-2 s-1
wetbc,2002,0.04700149046978371,kg m-2 s-1
wetbc,2003,-0.05410892260008093,kg m-2 s-1
wetbc,2004,-0.06943380860663773,kg m-2 s-1
