variable,year,value,unit
rlut,2001,0.007240248542478179,W m-2
rlut,2002,0.006872497182444785,W m-2
rlut,2003,0.010000677341594318,W m-2
rlut,2004,0.0018644628133478512,W m-2
