variable,year,value,unit
mmrbc,2000,-0.3008266590644273,kg kg-1
mmrbc,2001,-0.2576430691359579,kg kg-1
mmrbc,2002,-0.17636148667300422,kg kg-1
mmrbc,2003,-0.390289247654713,kg kg-1
mmrbc,2004,-0.3849282139700781,kg kg-1
