variable,year,value,unit
od550aer,2001,0.5368278880903379,1
od550aer,2002,0.49603105459281593,1
od550aer,2003,-0.2531045152706086,1
od550aer,2004,-0.26282702996879204,1
