variable,year,value,unit
od550aer,2001,381.3297618401982,1
od550aer,2002,408.9503074100935,1
od550aer,2003,441.76275733136066,1
od550aer,2004,407.81953351105295,1
