variable,year,value,unit
mmrso4,2001,-10.227072550798882,kg kg-1
mmrso4,2002,-9.74139005462366,kg kg-1
mmrso4,2003,-10.247995604432104,kg kg-1
mmrso4,2004,-10.956649891397367,kg kg-1
