variable,year,value,unit
dms,2000,-2.7885518378662706,mol mol-1
dms,2001,-2.6339673546083078,mol mol-1
dms,2002,-2.5779241496390446,mol mol-1
dms,2003,-2.6947487398206844,mol mol-1
dms,2004,-2.7281456516811105,mol mol-1
