variable,year,value,unit
rsutcs,2000,0.03421527576887475,W m-2
rsutcs,2001,0.03470042103549509,W m-2
rsutcs,2002,0.032585449342403795,W m-2
rsutcs,2003,-0.016235860561843923,W m-2
rsutcs,2004,-0.017156363609896752,W m-2
