variable,year,value,unit
clivi,2000,-0.33278428854110864,kg m-2
clivi,2001,0.08271383528070951,kg m-2
clivi,2002,-0.17350984535654024,kg m-2
clivi,2003,-0.41203363588299774,kg m-2
clivi,2004,-0.6578561809606878,kg m-2
