variable,year,value,unit
rlutcs,2000,0.02809027136393925,W m-2
rlutcs,2001,0.020126581642231058,W m-2
rlutcs,2002,0.019868555697791362,W m-2
rlutcs,2003,0.012270501088998449,W m-2
rlutcs,2004,0.0241708372513272,W m-2
