variable,year,value,unit
loadso2,2000,1.8993695284537364,kg m-2
loadso2,2001,1.8863968338550217,kg m-2
loadso2,2002,1.8851577432342261,kg m-2
loadso2,2003,1.8619600573681763,kg m-2
loadso2,2004,1.9793063675663178,kg m-2
