variable,year,value,unit
rsut,2001,0.01425369257411054,W m-2
rsut,2002,0.013210777186667078,W m-2
rsut,2003,-0.006480716059351308,W m-2
rsut,2004,-0.007020387427445245,W m-2
