variable,year,value,unit
loadso4,2000,-2.8471726085145246,kg m-2
loadso4,2001,-2.665608728455579,kg m-2
loadso4,2002,-2.793947059453318,kg m-2
loadso4,2003,-2.9675742774358804,kg m-2
loadso4,2004,-3.1339781517939396,kg m-2
