variable,year,value,unit
rsutcs,2001,0.21209671455476287,W m-2
rsutcs,2002,-0.027933963566592564,W m-2
rsutcs,2003,-0.032009331957292136,W m-2
rsutcs,2004,-0.034769410677012495,W m-2
