variable,year,value,unit
rlutcs,2000,-0.0018638970160161483,W m-2
rlutcs,2001,-0.0003445431370322799,W m-2
rlutcs,2002,-0.0009238765655182854,W m-2
rlutcs,2003,-0.0017406286298483407,W m-2
rlutcs,2004,-0.0002238793980942065,W m-2
