variable,year,value,unit
clivi,2000,-0.5988755216594642,kg m-2
clivi,2001,-1.3038292578896695,kg m-2
clivi,2002,-1.3460657419109456,kg m-2
clivi,2003,0.06825174605129462,kg m-2
clivi,2004,-0.3613956432822332,kg m-2
