variable,year,value,unit
clt,2000,-0.788417645230069,%
clt,2001,-0.42599139261129715,%
clt,2002,-0.28965312394692233,%
clt,2003,-0.13299877178769248,%
clt,2004,-0.5745552241387791,%
