variable,year,value,unit
rlutcs,2000,-0.012054698351479489,W m-2
rlutcs,2001,-0.03360818574473347,W m-2
rlutcs,2002,-0.014689632669709045,W m-2
rlutcs,2003,-0.04440841861711625,W m-2
rlutcs,2004,-0.018044627737986804,W m-2
