variable,year,value,unit
cl,2000,0.04698666784422183,%
cl,2001,0.13233940110870318,%
cl,2002,0.09253130526181012,%
cl,2003,-0.08459414604663004,%
cl,2004,0.1297740062255214,%
