variable,year,value,unit
mmrbc,2000,0.2663720164881783,kg kg-1
mmrbc,2001,0.1973016466149225,kg kg-1
mmrbc,2002,0.06596629885403027,kg kg-1
mmrbc,2003,0.14653827636453196,kg kg-1
mmrbc,2004,-0.5026149556005577,kg kg-1
