variable,year,value,unit
rsutcs,2000,0.04452762054936656,W m-2
rsutcs,2001,0.053967676233093925,W m-2
rsutcs,2002,0.008914676872979517,W m-2
rsutcs,2003,-0.0015903008937772753,W m-2
rsutcs,2004,0.008997753940349936,W m-2
