variable,year,value,unit
wetso4,2000,0.21787109804357624,kg m-2 s-1
wetso4,2001,0.19876747755103624,kg m-2 s-1
wetso4,2002,0.12501724829493535,kg m-2 s-1
wetso4,2003,0.14734467686693808,kg m-2 s-1
wetso4,2004,0.2730489870382053,kg m-2 s-1
