variable,year,value,unit
rlut,2000,0.220526004683995,W m-2
rlut,2001,0.23477039306452324,W m-2
rlut,2002,0.20184433828044618,W m-2
rlut,2003,0.23588812542362944,W m-2
rlut,2004,0.19748960388874565,W m-2
