variable,year,value,unit
wetso2,2000,0.11362955979839218,kg m-2 s-1
wetso2,2001,0.3265242245872363,kg m-2 s-1
wetso2,2002,0.13172303681380929,kg m-2 s-1
wetso2,2003,0.11236097252542374,kg m-2 s-1
wetso2,2004,0.13922080374870996,kg m-2 s-1
