variable,year,value,unit
cl,2000,-0.03353634276651173,%
cl,2001,0.15564026107471096,%
cl,2002,0.05667619712472448,%
cl,2003,-0.015742133720898218,%
cl,2004,-0.08801774592563463,%
