variable,year,value,unit
so2,2000,-1.4277303934459615,mol mol-1
so2,2001,-1.7488846677409124,mol mol-1
so2,2002,-1.4227276147319823,mol mol-1
so2,2003,-1.518451706047664,mol mol-1
so2,2004,-1.4944031667564774,mol mol-1
