variable,year,value,unit
mmrbc,2000,-0.027900319162148773,kg kg-1
mmrbc,2001,-0.04826127607768522,kg kg-1
mmrbc,2002,-0.05642074698245105,kg kg-1
mmrbc,2003,-0.021621546920138558,kg kg-1
mmrbc,2004,0.0024346435441771823,kg kg-1
