variable,year,value,unit
od550aer,2000,0.2144085054253381,1
od550aer,2001,0.08939839591430059,1
od550aer,2002,0.13246955192738583,1
od550aer,2003,0.10371729907659336,1
od550aer,2004,0.0651507729863254,1
