variable,year,value,unit
loadso4,2000,0.23236196031808407,kg m-2
loadso4,2001,0.2450431807903435,kg m-2
loadso4,2002,0.24956170494862803,kg m-2
loadso4,2003,0.24022128371246806,kg m-2
loadso4,2004,0.23983981149795722,kg m-2
