variable,year,value,unit
mmrso4,2000,0.22327476285662612,kg kg-1
mmrso4,2001,0.6771061715703762,kg kg-1
mmrso4,2002,0.576867161977772,kg kg-1
mmrso4,2003,0.35262095549080086,kg kg-1
mmrso4,2004,0.35438510380325217,kg kg-1
