variable,year,value,unit
loadso4,2000,0.13051950205608392,kg m-2
loadso4,2001,0.16167182251978252,kg m-2
loadso4,2002,0.19375325116221015,kg m-2
loadso4,2003,0.1390115827043428,kg m-2
loadso4,2004,0.13919913037425952,kg m-2
