variable,year,value,unit
loadbc,2000,0.02736984092230097,kg m-2
loadbc,2001,-0.016331485810186775,kg m-2
loadbc,2002,-0.008999464902709342,kg m-2
loadbc,2003,-0.023214727368509384,kg m-2
loadbc,2004,0.03649486852090923,kg m-2
