variable,year,value,unit
rsut,2000,0.05261692960725384,W m-2
rsut,2001,0.09135313859508187,W m-2
rsut,2002,0.10137734431481249,W m-2
rsut,2003,0.04733241022539403,W m-2
rsut,2004,-0.03221104057672619,W m-2
