variable,year,value,unit
rsut,2000,0.06073386869712749,W m-2
rsut,2001,0.06834952956494078,W m-2
rsut,2002,0.07408614983035022,W m-2
rsut,2003,0.002856985555126812,W m-2
rsut,2004,-0.14621923056640185,W m-2
