variable,year,value,unit
dryso2,2000,8.613218636592501e-13,kg m-2 s-1
dryso2,2001,9.14864607077112e-13,kg m-2 s-1
dryso2,2002,7.665074725468799e-13,kg m-2 s-1
dryso2,2003,8.729819923238408e-13,kg m-2 s-1
dryso2,2004,1.0407464668627876e-12,kg m-2 s-1
