variable,year,value,unit
so2,2001,-84.9981982307887,mol mol-1
so2,2002,-85.01719199149247,mol mol-1
so2,2003,-85.64205302045114,mol mol-1
so2,2004,-84.41665048271005,mol mol-1
