variable,year,value,unit
so2,2001,-0.4042899874992902,mol mol-1
so2,2002,-0.5627728857530817,mol mol-1
so2,2003,1.4046743702852325,mol mol-1
so2,2004,-0.24759318719199952,mol mol-1
