variable,year,value,unit
loadso2,2000,12.16985880934388,kg m-2
loadso2,2001,9.521752085526618,kg m-2
loadso2,2002,11.036669983156182,kg m-2
loadso2,2003,8.307863574800034,kg m-2
loadso2,2004,11.458208184354444,kg m-2
