variable,year,value,unit
mmrbc,2000,0.2867943008944937,kg kg-1
mmrbc,2001,0.4017797790291512,kg kg-1
mmrbc,2002,0.3452947062805502,kg kg-1
mmrbc,2003,0.5536556622728285,kg kg-1
mmrbc,2004,0.44380313728064763,kg kg-1
