variable,year,value,unit
wetso4,2000,25.889694381449402,kg m-2 s-1
wetso4,2001,25.429707265058887,kg m-2 s-1
wetso4,2002,24.937683070441228,kg m-2 s-1
wetso4,2003,24.935780898804516,kg m-2 s-1
wetso4,2004,25.80962138108384,kg m-2 s-1
