variable,year,value,unit
wetso4,2000,31.0131031489625,kg m-2 s-1
wetso4,2001,30.93080025977678,kg m-2 s-1
wetso4,2002,29.034907898465644,kg m-2 s-1
wetso4,2003,31.894328134996776,kg m-2 s-1
wetso4,2004,31.84973136399199,kg m-2 s-1
