variable,year,value,unit
cltc,2000,-0.23964276808342388,%
cltc,2001,0.06887150905667161,%
cltc,2002,-0.13523380447078745,%
cltc,2003,-0.019165736128650468,%
cltc,2004,0.08379066960287321,%
