variable,year,value,unit
od550aer,2001,19.29428659725308,1
od550aer,2002,18.131964001041023,1
od550aer,2003,19.131035757957047,1
od550aer,2004,20.63689399791336,1
