variable,year,value,unit
rsutcs,2000,0.17589571542548674,W m-2
rsutcs,2001,0.09058425003089789,W m-2
rsutcs,2002,0.1120920058572902,W m-2
rsutcs,2003,0.10364407643809477,W m-2
rsutcs,2004,0.08831850832494502,W m-2
