variable,year,value,unit
wetbc,2001,0.2899673264881621,kg m-2 s-1
wetbc,2002,0.5672010931203122,kg m-2 s-1
wetbc,2003,0.5534919240207703,kg m-2 s-1
wetbc,2004,0.3013766649698882,kg m-2 s-1
