variable,year,value,unit
emibc,2001,-5.2981026988154346e-05,kg m-2 s-1
emibc,2002,-2.4740988335727735e-07,kg m-2 s-1
emibc,2003,-1.1103979552701077e-05,kg m-2 s-1
emibc,2004,-4.108299964427779e-05,kg m-2 s-1
