variable,year,value,unit
emiso2,2000,-0.9904654735078564,kg m-2 s-1
emiso2,2001,-0.9578136685061248,kg m-2 s-1
emiso2,2002,-0.9904249647982621,kg m-2 s-1
emiso2,2003,-0.9799467857969911,kg m-2 s-1
emiso2,2004,-0.9642384305773322,kg m-2 s-1
