variable,year,value,unit
od550aer,2001,-52.24404091454219,1
od550aer,2002,-53.97017578428059,1
od550aer,2003,-54.039598195647706,1
od550aer,2004,-51.39209444983547,1
