variable,year,value,unit
clivi,2000,0.0016924515663373093,kg m-2
clivi,2001,-0.12149844798700819,kg m-2
clivi,2002,-0.1806748246205895,kg m-2
clivi,2003,-0.46950495853480173,kg m-2
clivi,2004,-0.12440751412709937,kg m-2
