variable,year,value,unit
rlut,2000,-0.05055029876188667,W m-2
rlut,2001,-0.03284999943686154,W m-2
rlut,2002,-0.04230951712315525,W m-2
rlut,2003,-0.046886962213697876,W m-2
rlut,2004,-0.04160132967480071,W m-2
