variable,year,value,unit
wetso4,2000,12.322805148360178,kg m-2 s-1
wetso4,2001,11.386739263399615,kg m-2 s-1
wetso4,2002,11.566070933418587,kg m-2 s-1
wetso4,2003,10.934479241384748,kg m-2 s-1
wetso4,2004,12.072854015526445,kg m-2 s-1
