variable,year,value,unit
wetso2,2000,8.389769866350198,kg m-2 s-1
wetso2,2001,6.706961238499024,kg m-2 s-1
wetso2,2002,7.307602423914099,kg m-2 s-1
wetso2,2003,5.422728961238716,kg m-2 s-1
wetso2,2004,7.659749143964478,kg m-2 s-1
