variable,year,value,unit
so2,2000,-35.14495511030187,mol mol-1
so2,2001,-36.10115125028678,mol mol-1
so2,2002,-38.320219234034276,mol mol-1
so2,2003,-32.80018031222428,mol mol-1
so2,2004,-38.30060736216079,mol mol-1
