variable,year,value,unit
wetso2,2000,30.249368608493217,kg m-2 s-1
wetso2,2001,30.252779355549507,kg m-2 s-1
wetso2,2002,27.42894444196711,kg m-2 s-1
wetso2,2003,29.12951417020612,kg m-2 s-1
wetso2,2004,27.64252359429659,kg m-2 s-1
