variable,year,value,unit
loadbc,2000,0.04257733712923176,kg m-2
loadbc,2001,-0.018561891415732022,kg m-2
loadbc,2002,0.014687187663456032,kg m-2
loadbc,2003,-0.03953093134223192,kg m-2
loadbc,2004,-0.010556043284332881,kg m-2
