variable,year,value,unit
wetso4,2000,16.970167431257373,kg m-2 s-1
wetso4,2001,17.1483768999248,kg m-2 s-1
wetso4,2002,16.403860276870777,kg m-2 s-1
wetso4,2003,17.58056726941673,kg m-2 s-1
wetso4,2004,16.896860143059122,kg m-2 s-1
