variable,year,value,unit
emibc,2000,9.028146728197463e-08,kg m-2 s-1
emibc,2001,1.691327046243469e-08,kg m-2 s-1
emibc,2002,1.0223263185482571e-07,kg m-2 s-1
emibc,2003,-2.2022166662429793e-09,kg m-2 s-1
emibc,2004,4.711198593680092e-08,kg m-2 s-1
