variable,year,value,unit
clivi,2000,0.3828648778507072,kg m-2
clivi,2001,0.22414328137435033,kg m-2
clivi,2002,0.48667744588173445,kg m-2
clivi,2003,0.2965241808764758,kg m-2
clivi,2004,0.2769235788363896,kg m-2
