variable,year,value,unit
emiso2,2000,-0.06922791334928141,kg m-2 s-1
emiso2,2001,-0.06641219256983173,kg m-2 s-1
emiso2,2002,-0.06824173924250991,kg m-2 s-1
emiso2,2003,-0.06773964531754201,kg m-2 s-1
emiso2,2004,-0.06675220108304046,kg m-2 s-1
