variable,year,value,unit
cltc,2000,0.1440797085246777,%
cltc,2001,2.0750585664953203e+36,%
cltc,2002,0.007601033571371952,%
cltc,2003,-0.10377940795779869,%
cltc,2004,-0.002530209410124865,%
