variable,year,value,unit
od550aer,2001,11.50157071156834,1
od550aer,2002,10.417485971723535,1
od550aer,2003,12.134741454680299,1
od550aer,2004,10.534060252169628,1
