variable,year,value,unit
wetbc,2000,-0.1927920225250858,kg m-2 s-1
wetbc,2001,-0.4219976815598372,kg m-2 s-1
wetbc,2002,-0.31057554702705037,kg m-2 s-1
wetbc,2003,-0.24914671363744204,kg m-2 s-1
wetbc,2004,0.010230363298092782,kg m-2 s-1
