variable,year,value,unit
loadbc,2000,0.16305511983073345,kg m-2
loadbc,2001,-0.31610001395212806,kg m-2
loadbc,2002,-0.02676164889055838,kg m-2
loadbc,2003,0.2453923199435972,kg m-2
loadbc,2004,0.12005540554488386,kg m-2
