variable,year,value,unit
so2,2001,-50.83742694754759,mol mol-1
so2,2002,-53.055068524218086,mol mol-1
so2,2003,-49.80158811860728,mol mol-1
so2,2004,-54.40651919514576,mol mol-1
