variable,year,value,unit
drybc,2001,-0.08052135158862661,kg m-2 s-1
drybc,2002,0.016611083353639835,kg m-2 s-1
drybc,2003,-0.01127666726554183,kg m-2 s-1
drybc,2004,-0.02817228372100864,kg m-2 s-1
