variable,year,value,unit
emiso2,2000,2.6918450090954834e-13,kg m-2 s-1
emiso2,2001,3.0483175292842195e-13,kg m-2 s-1
emiso2,2002,3.224694177329962e-13,kg m-2 s-1
emiso2,2003,3.3786458598676835e-13,kg m-2 s-1
emiso2,2004,3.6807981624385103e-13,kg m-2 s-1
