variable,year,value,unit
mmrso4,2000,2.8368292309300716e-12,kg kg-1
mmrso4,2001,7.326006284708791e-12,kg kg-1
mmrso4,2002,1.4849368125083773e-11,kg kg-1
mmrso4,2003,2.209365530288461e-11,kg kg-1
mmrso4,2004,3.590869847612769e-11,kg kg-1
