variable,year,value,unit
wetso2,2000,4.738734700577534e-17,kg m-2 s-1
wetso2,2001,4.758974623323621e-17,kg m-2 s-1
wetso2,2002,4.68508764199163e-17,kg m-2 s-1
wetso2,2003,3.885564836462153e-17,kg m-2 s-1
wetso2,2004,4.862757471300827e-17,kg m-2 s-1
