variable,year,value,unit
mmrbc,2000,-0.007679934794085667,kg kg-1
mmrbc,2001,0.010138385146078052,kg kg-1
mmrbc,2002,0.013180824194601096,kg kg-1
mmrbc,2003,-0.007678875237598594,kg kg-1
mmrbc,2004,0.0033815998733124873,kg kg-1
