variable,year,value,unit
loadso2,2000,0.09612831,kg m-2
loadso2,2001,0.093787976,kg m-2
loadso2,2002,0.06245558,kg m-2
loadso2,2003,0.123568416,kg m-2
loadso2,2004,0.09772788,kg m-2
