variable,year,value,unit
od550aer,2001,-1.7603407,1
od550aer,2002,2.0027559,1
od550aer,2003,0.3698838,1
od550aer,2004,-0.39840242,1
od550aer,2005,-0.23210074,1
