variable,year,value,unit
so2,2000,3.6433407578491145e-13,mol mol-1
so2,2001,3.761891438011555e-13,mol mol-1
so2,2002,1.33964383856696e-13,mol mol-1
so2,2003,2.43046427451583e-13,mol mol-1
so2,2004,2.725014172505341e-13,mol mol-1
so2,2005,2.2845174392444413e-14,mol mol-1
so2,2006,3.648506008921542e-13,mol mol-1
so2,2007,2.0116214058792252e-13,mol mol-1
so2,2008,4.454755100636454e-13,mol mol-1
so2,2009,1.9999894977262646e-13,mol mol-1
