variable,year,value,unit
drybc,2000,-8.600791692942713e-17,kg m-2 s-1
drybc,2001,-7.079149643997116e-17,kg m-2 s-1
drybc,2002,8.020890415394744e-19,kg m-2 s-1
drybc,2003,-3.9704207444841925e-18,kg m-2 s-1
drybc,2004,-9.2140871115188e-18,kg m-2 s-1
drybc,2005,-1.6056943064006544e-16,kg m-2 s-1
drybc,2006,-3.9542936133826734e-17,kg m-2 s-1
drybc,2007,1.0114702521969009e-17,kg m-2 s-1
drybc,2008,1.0522397188814078e-16,kg m-2 s-1
drybc,2009,-5.349568162756418e-17,kg m-2 s-1
