variable,year,value,unit
od550aer,2000,0.0017164177,1
od550aer,2001,-0.0026382285,1
od550aer,2002,-0.00011935408,1
od550aer,2003,-0.001803022,1
od550aer,2004,0.00051804364,1
