variable,year,value,unit
dryso4,2000,-0.008840466,kg m-2 s-1
dryso4,2001,-0.09227403,kg m-2 s-1
dryso4,2002,-0.044816814,kg m-2 s-1
dryso4,2003,-0.09195883,kg m-2 s-1
dryso4,2004,-0.11856123,kg m-2 s-1
