variable,year,value,unit
rlut,2001,0.034382734,W m-2
rlut,2002,-0.012115682,W m-2
rlut,2003,-0.19770133,W m-2
rlut,2004,0.17027737,W m-2
rlut,2005,-0.019463554,W m-2
