variable,year,value,unit
clt,2000,-0.028286807,%
clt,2001,-0.0036126156,%
clt,2002,0.04285016,%
clt,2003,-0.044392556,%
clt,2004,0.029254533,%
