variable,year,value,unit
loadso4,2001,0.0065174266,kg m-2
loadso4,2002,0.15660095,kg m-2
loadso4,2003,0.09160229,kg m-2
loadso4,2004,0.17574124,kg m-2
loadso4,2005,-0.10651293,kg m-2
