variable,year,value,unit
srfdms,2000,-0.018595682,mol mol-1
srfdms,2001,0.00055314763,mol mol-1
srfdms,2002,-0.012944255,mol mol-1
srfdms,2003,-0.019552415,mol mol-1
srfdms,2004,-0.019095415,mol mol-1
