variable,year,value,unit
rlut,2000,0.0036230810691207467,W m-2
rlut,2001,0.0033313383074878443,W m-2
rlut,2002,0.0069192885680115805,W m-2
rlut,2003,-0.007054712202358042,W m-2
rlut,2004,-0.002663597096397904,W m-2
