variable,year,value,unit
mmrso4,2000,2.0154302918244298e-13,kg kg-1
mmrso4,2001,5.17994254857585e-13,kg kg-1
mmrso4,2002,6.498760484127085e-13,kg kg-1
mmrso4,2003,3.2684827293938745e-13,kg kg-1
mmrso4,2004,6.044077916555262e-13,kg kg-1
mmrso4,2005,8.99390611913309e-13,kg kg-1
mmrso4,2006,-4.010324904143384e-14,kg kg-1
mmrso4,2007,5.317641064846736e-13,kg kg-1
mmrso4,2008,4.253916352786919e-13,kg kg-1
mmrso4,2009,2.7325558375889823e-13,kg kg-1
