variable,year,value,unit
mmrso4,2001,-1.6631703,kg kg-1
mmrso4,2002,0.9253039,kg kg-1
mmrso4,2003,-0.09084743,kg kg-1
mmrso4,2004,-0.6551078,kg kg-1
mmrso4,2005,0.45424643,kg kg-1
