variable,year,value,unit
drybc,2001,-0.07884424,kg m-2 s-1
drybc,2002,-0.097629614,kg m-2 s-1
drybc,2003,-0.121525876,kg m-2 s-1
drybc,2004,1.4926625,kg m-2 s-1
drybc,2005,0.913424,kg m-2 s-1
