variable,year,value,unit
cl,2001,0.20754196,%
cl,2002,-0.5963933,%
cl,2003,-1.2707776,%
cl,2004,-0.10791717,%
cl,2005,-0.22908808,%
