variable,year,value,unit
mmrbc,2001,-0.538806,kg kg-1
mmrbc,2002,0.31699342,kg kg-1
mmrbc,2003,-0.015568796,kg kg-1
mmrbc,2004,0.350769,kg kg-1
mmrbc,2005,0.66297,kg kg-1
