variable,year,value,unit
so2,2001,-0.1469992,mol mol-1
so2,2002,-0.45758072,mol mol-1
so2,2003,-0.04992477,mol mol-1
so2,2004,0.4140816,mol mol-1
so2,2005,-0.50436866,mol mol-1
