variable,year,value,unit
rlut,2000,0.004495802128300223,W m-2
rlut,2001,0.0026147984348701392,W m-2
rlut,2002,0.0036615988204155123,W m-2
rlut,2003,-0.0018822627006726453,W m-2
rlut,2004,-0.0008451868862227709,W m-2
