variable,year,value,unit
wetso2,2001,-0.82078266,kg m-2 s-1
wetso2,2002,0.29930222,kg m-2 s-1
wetso2,2003,-1.8869199,kg m-2 s-1
wetso2,2004,-0.15762495,kg m-2 s-1
wetso2,2005,1.2224978,kg m-2 s-1
