variable,year,value,unit
dryso2,2000,0.01386397051385789,kg m-2 s-1
dryso2,2001,-0.010149926912113203,kg m-2 s-1
dryso2,2002,-0.009677387101905147,kg m-2 s-1
dryso2,2003,-0.015390228795237557,kg m-2 s-1
dryso2,2004,-0.0023097883813058997,kg m-2 s-1
