variable,year,value,unit
wetbc,2001,0.8305006075181115,kg m-2 s-1
wetbc,2002,0.8762328631000821,kg m-2 s-1
wetbc,2003,0.8444112663933268,kg m-2 s-1
wetbc,2004,0.9070306041600531,kg m-2 s-1
