variable,year,value,unit
dms,2000,-5.934157181560963e-14,mol mol-1
dms,2001,8.653096902453267e-14,mol mol-1
dms,2002,1.224970703364428e-14,mol mol-1
dms,2003,-7.633499020698166e-15,mol mol-1
dms,2004,-3.593884280098946e-14,mol mol-1
