variable,year,value,unit
wetbc,2001,8.828656976121907e-16,kg m-2 s-1
wetbc,2002,1.5818088005945177e-15,kg m-2 s-1
wetbc,2003,1.0487316833074923e-15,kg m-2 s-1
wetbc,2004,1.2066697053427644e-15,kg m-2 s-1
