variable,year,value,unit
dryso2,2001,-8.03091340632047e-14,kg m-2 s-1
dryso2,2002,-9.0113436118168e-14,kg m-2 s-1
dryso2,2003,-8.430858714044469e-14,kg m-2 s-1
dryso2,2004,-1.0136291937441973e-13,kg m-2 s-1
