variable,year,value,unit
rlut,2000,0.33543586646686663,W m-2
rlut,2001,0.18590932283433403,W m-2
rlut,2002,-0.13954992260966037,W m-2
rlut,2003,-0.03985566116625705,W m-2
rlut,2004,-0.044724919757811676,W m-2
