variable,year,value,unit
clt,2000,0.0029518277994355913,%
clt,2001,-0.004713614174960412,%
clt,2002,-0.010275688163886798,%
clt,2003,0.022929136803412575,%
clt,2004,-0.012775120114966398,%
