variable,year,value,unit
dms,2000,-6.79822376458277e-14,mol mol-1
dms,2001,4.227074230805517e-14,mol mol-1
dms,2002,1.1601612446886152e-14,mol mol-1
dms,2003,3.914869603215389e-14,mol mol-1
dms,2004,9.719423522588131e-14,mol mol-1
