variable,year,value,unit
rsutcs,2001,0.017719222751097163,W m-2
rsutcs,2002,0.011815569284323146,W m-2
rsutcs,2003,0.0081934546188549,W m-2
rsutcs,2004,0.008011158575314425,W m-2
