variable,year,value,unit
loadbc,2000,1.4979445180686571e-09,kg m-2
loadbc,2001,2.411388582148207e-10,kg m-2
loadbc,2002,1.196779586731305e-11,kg m-2
loadbc,2003,-5.974589144515114e-11,kg m-2
loadbc,2004,-3.2409296773409635e-11,kg m-2
