variable,year,value,unit
rlutcs,2001,-0.017518223058971216,W m-2
rlutcs,2002,0.025373557754221565,W m-2
rlutcs,2003,-0.02410115717179906,W m-2
rlutcs,2004,-0.0034290777830960906,W m-2
