variable,year,value,unit
wetso2,2001,1.9575516248714316e-14,kg m-2 s-1
wetso2,2002,1.1260436317595947e-14,kg m-2 s-1
wetso2,2003,8.838243182624566e-15,kg m-2 s-1
wetso2,2004,8.723502382104457e-15,kg m-2 s-1
