variable,year,value,unit
rsutcs,2000,0.018138769942240174,W m-2
rsutcs,2001,0.020548144998656426,W m-2
rsutcs,2002,0.024461322601659674,W m-2
rsutcs,2003,0.023553075278258007,W m-2
rsutcs,2004,0.02044948552615722,W m-2
