variable,year,value,unit
loadbc,2000,1.68871771340298e-10,kg m-2
loadbc,2001,-2.1172193758587393e-11,kg m-2
loadbc,2002,-8.292556704354043e-11,kg m-2
loadbc,2003,-9.239641074224296e-11,kg m-2
loadbc,2004,-3.3736392529554064e-11,kg m-2
