variable,year,value,unit
rsutcs,2001,0.01448051318955379,W m-2
rsutcs,2002,0.012278942695147066,W m-2
rsutcs,2003,0.01018077674270046,W m-2
rsutcs,2004,0.01217918793550865,W m-2
