variable,year,value,unit
loadso2,2000,-6.965005099594834e-08,kg m-2
loadso2,2001,-6.76937597891316e-08,kg m-2
loadso2,2002,-7.117018460904284e-08,kg m-2
loadso2,2003,-6.778319462282421e-08,kg m-2
loadso2,2004,-7.670353701108095e-08,kg m-2
