variable,year,value,unit
rlut,2001,-0.15826720598093402,W m-2
rlut,2002,-0.2980441666814784,W m-2
rlut,2003,-0.15153431154834607,W m-2
rlut,2004,-0.2546306728191041,W m-2
