variable,year,value,unit
wetso4,2000,1.2158557099828797e-13,kg m-2 s-1
wetso4,2001,1.193400071232858e-13,kg m-2 s-1
wetso4,2002,1.1837622770009441e-13,kg m-2 s-1
wetso4,2003,1.2543597300088704e-13,kg m-2 s-1
wetso4,2004,1.5566969853687796e-13,kg m-2 s-1
