variable,year,value,unit
clt,2000,0.0811202373281219,%
clt,2001,0.011791478601253402,%
clt,2002,0.0021904076655516747,%
clt,2003,0.09745739936516884,%
clt,2004,0.022538050664422826,%
