variable,year,value,unit
rlutcs,2000,0.008251374250960453,W m-2
rlutcs,2001,-0.03107235369918726,W m-2
rlutcs,2002,-0.018820510218745312,W m-2
rlutcs,2003,-0.04017037750151076,W m-2
rlutcs,2004,-0.017125869869119015,W m-2
