variable,year,value,unit
emibc,2000,0.0,kg m-2 s-1
emibc,2001,1.3984638982388597e-22,kg m-2 s-1
emibc,2002,1.591457456523732e-23,kg m-2 s-1
emibc,2003,7.112773818256116e-24,kg m-2 s-1
emibc,2004,8.372954501886439e-23,kg m-2 s-1
