variable,year,value,unit
dms,2000,-1.0304264322265261e-13,mol mol-1
dms,2001,7.412691280160916e-14,mol mol-1
dms,2002,1.379260489687729e-14,mol mol-1
dms,2003,-7.594240351635604e-14,mol mol-1
dms,2004,-5.475783030578042e-14,mol mol-1
