variable,year,value,unit
od550aer,2001,0.0014700030000961428,1
od550aer,2002,0.0018162793690699175,1
od550aer,2003,0.0017316994672763597,1
od550aer,2004,0.0018824896139874037,1
