variable,year,value,unit
clivi,2000,2.760512673927011e-05,kg m-2
clivi,2001,3.629338400213539e-05,kg m-2
clivi,2002,5.989561482628615e-05,kg m-2
clivi,2003,5.055698306179711e-05,kg m-2
clivi,2004,1.8599336466116473e-05,kg m-2
