variable,year,value,unit
cl,2000,-0.004708101495025652,%
cl,2001,0.002038592332861633,%
cl,2002,0.006074162362578406,%
cl,2003,0.008353399695451458,%
cl,2004,0.002066163908812868,%
