variable,year,value,unit
cltc,2001,-0.00023761932359844806,%
cltc,2002,-9.200854473867537e-05,%
cltc,2003,-0.0023945036483450366,%
cltc,2004,0.00041816078520051647,%
