variable,year,value,unit
loadso4,2000,2.2316051215522953e-08,kg m-2
loadso4,2001,2.8076817447525482e-08,kg m-2
loadso4,2002,2.70977319600111e-08,kg m-2
loadso4,2003,2.3059688480087398e-08,kg m-2
loadso4,2004,3.182874169609234e-08,kg m-2
