variable,year,value,unit
rsut,2000,-0.014952975832436235,W m-2
rsut,2001,-0.011779972102331018,W m-2
rsut,2002,-0.02557908511599189,W m-2
rsut,2003,-0.029385754664939846,W m-2
rsut,2004,0.006633463458330505,W m-2
