variable,year,value,unit
mmrbc,2000,-0.04368789026439768,kg kg-1
mmrbc,2001,-0.003136987596402546,kg kg-1
mmrbc,2002,0.004159739442041201,kg kg-1
mmrbc,2003,-0.015825494990622076,kg kg-1
mmrbc,2004,0.012410965662012921,kg kg-1
