variable,year,value,unit
rsut,2000,-0.0031044954646667574,W m-2
rsut,2001,-0.011190810834122097,W m-2
rsut,2002,-0.00364430343077785,W m-2
rsut,2003,-0.014330629748178473,W m-2
rsut,2004,-0.007799102705205466,W m-2
