variable,year,value,unit
drybc,2000,-0.15284514620827006,kg m-2 s-1
drybc,2001,-0.06953177761765444,kg m-2 s-1
drybc,2002,-0.07788360276564288,kg m-2 s-1
drybc,2003,-0.13112076906412726,kg m-2 s-1
drybc,2004,-0.07929902141513803,kg m-2 s-1
