variable,year,value,unit
rlut,2000,0.003897562150597516,W m-2
rlut,2001,0.0012144699854066627,W m-2
rlut,2002,0.002183320274434814,W m-2
rlut,2003,-0.0007046833262258788,W m-2
rlut,2004,-0.00019349968024122874,W m-2
