variable,year,value,unit
wetbc,2000,0.02315290786583775,kg m-2 s-1
wetbc,2001,-0.013429865990275165,kg m-2 s-1
wetbc,2002,-0.00212811496488739,kg m-2 s-1
wetbc,2003,-0.0018474188451642311,kg m-2 s-1
wetbc,2004,-0.004725090236520485,kg m-2 s-1
