variable,year,value,unit
rsutcs,2000,-0.06363268291947577,W m-2
rsutcs,2001,-0.08414263473127903,W m-2
rsutcs,2002,-0.07983361105179654,W m-2
rsutcs,2003,-0.08315245550627992,W m-2
rsutcs,2004,-0.12767665091631386,W m-2
