variable,year,value,unit
rlutcs,2000,-0.0006949842670564976,W m-2
rlutcs,2001,-0.014963541554550375,W m-2
rlutcs,2002,-0.030228330733393705,W m-2
rlutcs,2003,-0.024861998469816626,W m-2
rlutcs,2004,-0.01779630912670882,W m-2
