variable,year,value,unit
rsut,2000,-0.00805250533716162,W m-2
rsut,2001,0.07918551728765522,W m-2
rsut,2002,-0.06109203086026582,W m-2
rsut,2003,-0.02510548440496052,W m-2
rsut,2004,0.08735142571391918,W m-2
