variable,year,value,unit
rlut,2000,0.004432206749783063,W m-2
rlut,2001,0.011575753141784162,W m-2
rlut,2002,0.024187866656433243,W m-2
rlut,2003,-0.02913592140649257,W m-2
rlut,2004,0.006285862426437916,W m-2
