variable,year,value,unit
rlutcs,2000,-0.00363293818548982,W m-2
rlutcs,2001,0.0054963720122600535,W m-2
rlutcs,2002,-0.0152791249476536,W m-2
rlutcs,2003,-0.012042967610170763,W m-2
rlutcs,2004,-0.009404836580358733,W m-2
rlutcs,2005,0.007775299368518063,W m-2
rlutcs,2006,0.003548835089475233,W m-2
rlutcs,2007,-0.006563020113503626,W m-2
rlutcs,2008,0.011879620523018275,W m-2
rlutcs,2009,-0.003923636843069289,W m-2
