variable,year,value,unit
dryso4,2001,-8.587930947061139e-16,kg m-2 s-1
dryso4,2002,2.202093499547934e-14,kg m-2 s-1
dryso4,2003,5.01253858536873e-14,kg m-2 s-1
dryso4,2004,2.7355629040120047e-14,kg m-2 s-1
dryso4,2005,7.483170872650764e-15,kg m-2 s-1
