variable,year,value,unit
dryso4,2000,3.922031624466853e-15,kg m-2 s-1
dryso4,2001,5.302772864920797e-15,kg m-2 s-1
dryso4,2002,5.0233298582304686e-15,kg m-2 s-1
dryso4,2003,3.130626915841342e-15,kg m-2 s-1
dryso4,2004,5.1496798458579325e-15,kg m-2 s-1
