variable,year,value,unit
dms,2000,6.73497482179181e-17,mol mol-1
dms,2001,-3.0318349218404867e-18,mol mol-1
dms,2002,1.6217255204037726e-16,mol mol-1
dms,2003,3.2493212464753374e-17,mol mol-1
dms,2004,2.520397540325237e-16,mol mol-1
