variable,year,value,unit
dms,2000,3.291089078802942e-15,mol mol-1
dms,2001,-6.741068808182584e-15,mol mol-1
dms,2002,-1.8235211802700672e-15,mol mol-1
dms,2003,-7.543878432413014e-15,mol mol-1
dms,2004,-5.9171615016291664e-15,mol mol-1
