variable,year,value,unit
dms,2000,-1.0116414495097347e-14,mol mol-1
dms,2001,8.424118244387702e-15,mol mol-1
dms,2002,1.8346727033698605e-14,mol mol-1
dms,2003,-1.7741064837389955e-14,mol mol-1
dms,2004,1.5321279171372378e-14,mol mol-1
dms,2005,6.8957741354879e-15,mol mol-1
dms,2006,5.3369570618475955e-15,mol mol-1
dms,2007,6.386813832704e-15,mol mol-1
dms,2008,1.0721697930465951e-14,mol mol-1
dms,2009,-1.5957343032517497e-14,mol mol-1
