variable,year,value,unit
dryso2,2001,-6.664817036917482e-14,kg m-2 s-1
dryso2,2002,-2.831021119326186e-14,kg m-2 s-1
dryso2,2003,1.0458004562010044e-13,kg m-2 s-1
dryso2,2004,3.9236311951926236e-14,kg m-2 s-1
dryso2,2005,5.606760700155964e-14,kg m-2 s-1
