variable,year,value,unit
so2,2000,2.1569812327926685e-12,mol mol-1
so2,2001,1.6327891205756357e-12,mol mol-1
so2,2002,1.0116836330186275e-12,mol mol-1
so2,2003,1.5860303103636332e-12,mol mol-1
so2,2004,1.558802956800912e-12,mol mol-1
