variable,year,value,unit
rlut,2000,0.004432423150603881,W m-2
rlut,2001,0.011575737066465308,W m-2
rlut,2002,0.024188112269087014,W m-2
rlut,2003,-0.029135662749979474,W m-2
rlut,2004,0.006285904117959262,W m-2
rlut,2005,-0.013124295746877124,W m-2
rlut,2006,0.027739233827247745,W m-2
rlut,2007,-0.01736527959761247,W m-2
rlut,2008,-0.0010787567131558262,W m-2
rlut,2009,0.010572610666599758,W m-2
