variable,year,value,unit
rlut,2001,-0.02672606121257104,W m-2
rlut,2002,0.7112292268288627,W m-2
rlut,2003,-1.1677721329515975,W m-2
rlut,2004,1.1647872762868587,W m-2
rlut,2005,0.4519483668503028,W m-2
