variable,year,value,unit
mmrso4,2000,8.290299573183977e-12,kg kg-1
mmrso4,2001,8.12700421818802e-12,kg kg-1
mmrso4,2002,5.553528793739113e-12,kg kg-1
mmrso4,2003,6.671589587780527e-12,kg kg-1
mmrso4,2004,6.779376819753568e-12,kg kg-1
