variable,year,value,unit
dms,2000,3.76562133221007e-16,mol mol-1
dms,2001,-2.9634627921306665e-15,mol mol-1
dms,2002,1.2878074570863647e-15,mol mol-1
dms,2003,-2.340265423553874e-15,mol mol-1
dms,2004,-2.009114665801385e-15,mol mol-1
