variable,year,value,unit
wetso4,2001,9.557317579295074e-14,kg m-2 s-1
wetso4,2002,2.5551034405981467e-13,kg m-2 s-1
wetso4,2003,-5.958738386326475e-14,kg m-2 s-1
wetso4,2004,-3.313914562799414e-14,kg m-2 s-1
wetso4,2005,-3.0821355790215776e-13,kg m-2 s-1
