variable,year,value,unit
wetso2,2000,-0.4826631310547453,kg m-2 s-1
wetso2,2001,-0.4425776263793752,kg m-2 s-1
wetso2,2002,-0.5145857342840233,kg m-2 s-1
wetso2,2003,-0.5589964217605571,kg m-2 s-1
wetso2,2004,-0.31569179960378285,kg m-2 s-1
