variable,year,value,unit
cltc,2000,-0.043446292302184046,%
cltc,2001,0.027188985028401825,%
cltc,2002,0.1199093522436264,%
cltc,2003,-0.045758251128510896,%
cltc,2004,-0.032830899305504535,%
