variable,year,value,unit
wetso4,2000,0.015807672894134886,kg m-2 s-1
wetso4,2001,-0.027058592283960688,kg m-2 s-1
wetso4,2002,-0.024799537897917993,kg m-2 s-1
wetso4,2003,0.014874645848621172,kg m-2 s-1
wetso4,2004,0.017379133498469423,kg m-2 s-1
