variable,year,value,unit
wetso4,2000,-0.47353644182629206,kg m-2 s-1
wetso4,2001,-0.4468010811378137,kg m-2 s-1
wetso4,2002,-0.4627818336409269,kg m-2 s-1
wetso4,2003,-0.450132102317141,kg m-2 s-1
wetso4,2004,-0.480755022046433,kg m-2 s-1
