variable,year,value,unit
clt,2000,-0.006732941736797775,%
clt,2001,-0.027237031506861704,%
clt,2002,0.005191767341695042,%
clt,2003,-0.012960497029172938,%
clt,2004,-0.011893875528591715,%
