variable,year,value,unit
dms,2001,-1.7341242680297748,mol mol-1
dms,2002,-1.1415250112933515,mol mol-1
dms,2003,0.9543792633311124,mol mol-1
dms,2004,-1.360264737237411,mol mol-1
dms,2005,-0.9052318668267014,mol mol-1
