variable,year,value,unit
dms,2000,-0.05411440725015803,mol mol-1
dms,2001,-0.058761353006353406,mol mol-1
dms,2002,-0.01219842943867891,mol mol-1
dms,2003,0.04236073895197925,mol mol-1
dms,2004,0.06651843604108017,mol mol-1
