variable,year,value,unit
mmrso4,2000,-0.19524481455466283,kg kg-1
mmrso4,2001,-0.1675877616682283,kg kg-1
mmrso4,2002,-0.06946234602918036,kg kg-1
mmrso4,2003,-0.07952828628252473,kg kg-1
mmrso4,2004,-0.08570377379135768,kg kg-1
