variable,year,value,unit
od550aer,2001,-2.4321255384592195,1
od550aer,2002,0.20365803425869972,1
od550aer,2003,1.2075736006822684,1
od550aer,2004,-1.2445934787410557,1
od550aer,2005,-1.7844795312528008,1
