variable,year,value,unit
dryso2,2000,-0.5207575816044234,kg m-2 s-1
dryso2,2001,-0.5401634022292635,kg m-2 s-1
dryso2,2002,-0.5183969782467025,kg m-2 s-1
dryso2,2003,-0.5486671531428293,kg m-2 s-1
dryso2,2004,-0.6018897369920674,kg m-2 s-1
