variable,year,value,unit
mmrbc,2000,-0.002617397856049681,kg kg-1
mmrbc,2001,-0.0033162699614155315,kg kg-1
mmrbc,2002,0.023999567240732076,kg kg-1
mmrbc,2003,0.02953274873576828,kg kg-1
mmrbc,2004,-0.031684356916062584,kg kg-1
