variable,year,value,unit
rlut,2000,0.001418041352630138,W m-2
rlut,2001,0.015655272436650255,W m-2
rlut,2002,-0.021316378949071506,W m-2
rlut,2003,0.008104899189766058,W m-2
rlut,2004,0.0035417699952829925,W m-2
