variable,year,value,unit
clivi,2000,-0.26150837659133874,kg m-2
clivi,2001,0.026584682147330077,kg m-2
clivi,2002,-0.1203737454553465,kg m-2
clivi,2003,-0.1299017603870761,kg m-2
clivi,2004,0.23933483103307274,kg m-2
