variable,year,value,unit
wetso2,2000,-0.7158921746039374,kg m-2 s-1
wetso2,2001,-0.8869136916055483,kg m-2 s-1
wetso2,2002,-0.4394738157348814,kg m-2 s-1
wetso2,2003,-0.8059360532402579,kg m-2 s-1
wetso2,2004,-0.7076511846272826,kg m-2 s-1
