variable,year,value,unit
drybc,2000,-0.2761822168091004,kg m-2 s-1
drybc,2001,-0.18262949224481817,kg m-2 s-1
drybc,2002,0.05153537953450242,kg m-2 s-1
drybc,2003,-0.14367971657555365,kg m-2 s-1
drybc,2004,-0.08993614211999658,kg m-2 s-1
