variable,year,value,unit
rsdt,2000,-69.80517561094281,W m-2
rsdt,2001,-69.7965751862046,W m-2
rsdt,2002,-69.78464951268904,W m-2
rsdt,2003,-69.7706875964185,W m-2
rsdt,2004,-69.80699776635359,W m-2
