variable,year,value,unit
dryso4,2000,-1.284434721376878,kg m-2 s-1
dryso4,2001,-1.05810043649278,kg m-2 s-1
dryso4,2002,-1.3447552307223984,kg m-2 s-1
dryso4,2003,-1.0539824347213866,kg m-2 s-1
dryso4,2004,-1.3758237388532255,kg m-2 s-1
