variable,year,value,unit
loadbc,2000,-67.50417556996935,kg m-2
loadbc,2001,-66.2876837714471,kg m-2
loadbc,2002,-66.90903333697311,kg m-2
loadbc,2003,-67.81282168163175,kg m-2
loadbc,2004,-64.20265190096038,kg m-2
