variable,year,value,unit
wetso4,2001,1.9737952912816301,kg m-2 s-1
wetso4,2002,2.234466749435846,kg m-2 s-1
wetso4,2003,2.2327016930636447,kg m-2 s-1
wetso4,2004,2.1868886066170354,kg m-2 s-1
