variable,year,value,unit
wetbc,2000,-1.1587365603393127,kg m-2 s-1
wetbc,2001,-1.3113865764889285,kg m-2 s-1
wetbc,2002,-0.8033292623731909,kg m-2 s-1
wetbc,2003,-1.700760169608015,kg m-2 s-1
wetbc,2004,-1.2764067078847732,kg m-2 s-1
