variable,year,value,unit
cltc,2000,0.08181560345517101,%
cltc,2001,0.0950634538320433,%
cltc,2002,0.18360882785822358,%
cltc,2003,0.14951380046901278,%
cltc,2004,0.0666848051599483,%
