variable,year,value,unit
rlut,2000,0.005957298605328943,W m-2
rlut,2001,0.014721174888319654,W m-2
rlut,2002,-0.0008409622385146618,W m-2
rlut,2003,0.005875265034092423,W m-2
rlut,2004,-0.0014623827683395267,W m-2
