variable,year,value,unit
dms,2000,0.0032149057169313967,mol mol-1
dms,2001,0.004182113977312741,mol mol-1
dms,2002,-0.1528399903479677,mol mol-1
dms,2003,-0.0046202502490940945,mol mol-1
dms,2004,-0.0007852942062019457,mol mol-1
