variable,year,value,unit
mmrbc,2000,-4.540877662139952,kg kg-1
mmrbc,2001,-5.669041514172377,kg kg-1
mmrbc,2002,-5.703095765578638,kg kg-1
mmrbc,2003,-5.428069651697054,kg kg-1
mmrbc,2004,-5.888626178566418,kg kg-1
