variable,year,value,unit
rsutcs,2000,-0.029860155891736448,W m-2
rsutcs,2001,-0.0021713190347201956,W m-2
rsutcs,2002,-0.018209624695000134,W m-2
rsutcs,2003,-0.009911773452234278,W m-2
rsutcs,2004,-0.006461159103329773,W m-2
