variable,year,value,unit
rlutcs,2000,-0.0030680467488814075,W m-2
rlutcs,2001,0.00605605499392674,W m-2
rlutcs,2002,0.0017658998947382271,W m-2
rlutcs,2003,-0.0033178162365845973,W m-2
rlutcs,2004,0.0049759450900477165,W m-2
