variable,year,value,unit
loadbc,2000,1.022476744399068,kg m-2
loadbc,2001,0.9340968254647605,kg m-2
loadbc,2002,0.5371446542401843,kg m-2
loadbc,2003,0.5908099985289663,kg m-2
loadbc,2004,0.764720701493761,kg m-2
