variable,year,value,unit
rsutcs,2000,0.2835229039861677,W m-2
rsutcs,2001,-0.00014869115574271834,W m-2
rsutcs,2002,0.06029711815367035,W m-2
rsutcs,2003,0.01804867278798838,W m-2
rsutcs,2004,0.0071382618956614815,W m-2
