variable,year,value,unit
clt,2001,-0.011269814553353321,%
clt,2002,0.02500310032879925,%
clt,2003,0.0038608637059531323,%
clt,2004,-0.0300096221823676,%
