variable,year,value,unit
mmrso4,2000,3.4157527443829028,kg kg-1
mmrso4,2001,2.9963304840038387,kg kg-1
mmrso4,2002,2.980235040459083,kg kg-1
mmrso4,2003,3.342490526424263,kg kg-1
mmrso4,2004,3.231858289935664,kg kg-1
