variable,year,value,unit
dms,2000,-0.13422930460715266,mol mol-1
dms,2001,-0.07797755555529369,mol mol-1
dms,2002,0.0019432897459302097,mol mol-1
dms,2003,-0.04224811202476043,mol mol-1
dms,2004,-0.03444920771939874,mol mol-1
