variable,year,value,unit
so2,2000,0.0669910780098383,mol mol-1
so2,2001,0.03259788252034968,mol mol-1
so2,2002,-0.21130437207425826,mol mol-1
so2,2003,-0.05306813382763809,mol mol-1
so2,2004,0.044298716516956646,mol mol-1
