variable,year,value,unit
rlutcs,2000,0.0015486279687276167,W m-2
rlutcs,2001,0.0023723743196705275,W m-2
rlutcs,2002,-0.0017237771902403106,W m-2
rlutcs,2003,-0.0006781764012800789,W m-2
rlutcs,2004,-0.0007850123355234689,W m-2
