variable,year,value,unit
loadbc,2000,1.3316319454137158,kg m-2
loadbc,2001,1.307240705498279,kg m-2
loadbc,2002,1.6583285371903997,kg m-2
loadbc,2003,1.27311464490527,kg m-2
loadbc,2004,1.8040591751248205,kg m-2
