variable,year,value,unit
so2,2001,-0.0065479172051600264,mol mol-1
so2,2002,-0.11637262896888985,mol mol-1
so2,2003,0.10518508094652602,mol mol-1
so2,2004,-0.04151160480455081,mol mol-1
