variable,year,value,unit
emibc,2001,0.005487816045272976,kg m-2 s-1
emibc,2002,0.00461334080234377,kg m-2 s-1
emibc,2003,0.006808814775532149,kg m-2 s-1
emibc,2004,-0.0011667239655543025,kg m-2 s-1
