variable,year,value,unit
wetso2,2001,0.24038678149160037,kg m-2 s-1
wetso2,2002,0.019587567626324087,kg m-2 s-1
wetso2,2003,0.06057166242958214,kg m-2 s-1
wetso2,2004,-0.34137772423633433,kg m-2 s-1
