variable,year,value,unit
rlut,2001,-0.01980473498130896,W m-2
rlut,2002,-0.015857184162504912,W m-2
rlut,2003,-0.020805429378104957,W m-2
rlut,2004,-0.01445008272411377,W m-2
