variable,year,value,unit
emibc,2001,0.023228025925878117,kg m-2 s-1
emibc,2002,0.02169781510890964,kg m-2 s-1
emibc,2003,0.025803825212263775,kg m-2 s-1
emibc,2004,0.02578810575561442,kg m-2 s-1
