variable,year,value,unit
rsut,2000,-0.016613488842929416,W m-2
rsut,2001,-0.013880140600035638,W m-2
rsut,2002,-0.00042464554355585546,W m-2
rsut,2003,-0.010499077102160088,W m-2
rsut,2004,0.007253411452134569,W m-2
