variable,year,value,unit
clivi,2000,-0.04222158499884071,kg m-2
clivi,2001,0.015501638701359961,kg m-2
clivi,2002,0.02308105095720498,kg m-2
clivi,2003,-0.029016549321722603,kg m-2
clivi,2004,-0.034105895386122353,kg m-2
