variable,year,value,unit
rlut,2000,-0.0028632526888471813,W m-2
rlut,2001,-0.0018211497622832797,W m-2
rlut,2002,-0.0017304371932494653,W m-2
rlut,2003,-0.0013341587064594784,W m-2
rlut,2004,-0.00046063210109603,W m-2
