variable,year,value,unit
mmrso4,2000,-0.1026643576053414,kg kg-1
mmrso4,2001,-0.09474945516514763,kg kg-1
mmrso4,2002,-0.014255254867013645,kg kg-1
mmrso4,2003,-0.09219441140666733,kg kg-1
mmrso4,2004,-0.15383674476443818,kg kg-1
