variable,year,value,unit
loadso4,2000,-0.018442985408006155,kg m-2
loadso4,2001,-0.058130836837123695,kg m-2
loadso4,2002,-0.10132548634101625,kg m-2
loadso4,2003,0.01906319332407329,kg m-2
loadso4,2004,0.11813751184824128,kg m-2
