variable,year,value,unit
emiso2,2000,4.861145473266018e-05,kg m-2 s-1
emiso2,2001,2.0254569872876318e-05,kg m-2 s-1
emiso2,2002,-9.077742887865205e-06,kg m-2 s-1
emiso2,2003,1.980436351687006e-05,kg m-2 s-1
emiso2,2004,-5.092862156647008e-05,kg m-2 s-1
