variable,year,value,unit
rsutcs,2000,0.09063838984424236,W m-2
rsutcs,2001,0.07681241123668485,W m-2
rsutcs,2002,0.09424188731408713,W m-2
rsutcs,2003,0.13843261863238526,W m-2
rsutcs,2004,0.09674008536401617,W m-2
