variable,year,value,unit
rsutcs,2000,0.0171190065316893,W m-2
rsutcs,2001,0.01963856245846811,W m-2
rsutcs,2002,0.01989537833721739,W m-2
rsutcs,2003,0.06725992916807165,W m-2
rsutcs,2004,0.03221785927280525,W m-2
