variable,year,value,unit
dryso4,2001,-1.3635965385653517e-13,kg m-2 s-1
dryso4,2002,-3.978600284763175e-14,kg m-2 s-1
dryso4,2003,6.039009142743735e-14,kg m-2 s-1
dryso4,2004,-4.852827211039661e-14,kg m-2 s-1
dryso4,2005,-1.1719906694458099e-13,kg m-2 s-1
