variable,year,value,unit
so2,2001,-9.292235490075076e-12,mol mol-1
so2,2002,-1.3904092982284844e-11,mol mol-1
so2,2003,4.760198429881024e-13,mol mol-1
so2,2004,-1.0676919980132015e-11,mol mol-1
so2,2005,-2.0788795350035793e-11,mol mol-1
