variable,year,value,unit
mmrbc,2000,2.823195037642882e-13,kg kg-1
mmrbc,2001,4.764696573565862e-13,kg kg-1
mmrbc,2002,7.802279842102323e-13,kg kg-1
mmrbc,2003,-8.264827082248643e-13,kg kg-1
mmrbc,2004,3.7116712752537785e-13,kg kg-1
