variable,year,value,unit
so2,2000,-1.525460913743672e-11,mol mol-1
so2,2001,-1.5554519166942307e-11,mol mol-1
so2,2002,-1.3987620260429871e-11,mol mol-1
so2,2003,-1.4376528709862457e-11,mol mol-1
so2,2004,-1.5920372481517334e-11,mol mol-1
