variable,year,value,unit
wetbc,2000,-5.497276385709248e-16,kg m-2 s-1
wetbc,2001,4.674012637112571e-16,kg m-2 s-1
wetbc,2002,1.0339288302233652e-15,kg m-2 s-1
wetbc,2003,-1.130409867795829e-15,kg m-2 s-1
wetbc,2004,-9.901756127920776e-16,kg m-2 s-1
