variable,year,value,unit
mmrbc,2000,-4.454567152294524e-12,kg kg-1
mmrbc,2001,-4.965092427436968e-12,kg kg-1
mmrbc,2002,-5.137603226563258e-12,kg kg-1
mmrbc,2003,-5.373560731021891e-12,kg kg-1
mmrbc,2004,-6.360526117599464e-12,kg kg-1
