variable,year,value,unit
rlut,2000,-0.011685041757374393,W m-2
rlut,2001,0.010643505163159261,W m-2
rlut,2002,-0.0038722756369224953,W m-2
rlut,2003,-0.010114794946559869,W m-2
rlut,2004,-0.008700500070972339,W m-2
