variable,year,value,unit
mmrbc,2001,-7.363147509408377e-12,kg kg-1
mmrbc,2002,-5.32406088976213e-12,kg kg-1
mmrbc,2003,1.8449569088236624e-11,kg kg-1
mmrbc,2004,2.0858992936171745e-12,kg kg-1
mmrbc,2005,3.2140940461062516e-12,kg kg-1
