variable,year,value,unit
wetso2,2000,0.043675055571126116,kg m-2 s-1
wetso2,2001,0.04531779960639541,kg m-2 s-1
wetso2,2002,0.04594039730089496,kg m-2 s-1
wetso2,2003,0.044766871486838104,kg m-2 s-1
wetso2,2004,0.047221446766118724,kg m-2 s-1
