variable,year,value,unit
wetbc,2000,0.004650469034740532,kg m-2 s-1
wetbc,2001,-0.012628641892133008,kg m-2 s-1
wetbc,2002,-0.0015558496554204963,kg m-2 s-1
wetbc,2003,-0.011779868865791352,kg m-2 s-1
wetbc,2004,-0.006387336736886573,kg m-2 s-1
