variable,year,value,unit
mmrso4,2000,-2.293313942827333,kg kg-1
mmrso4,2001,-2.4059075302131405,kg kg-1
mmrso4,2002,-2.203954922167935,kg kg-1
mmrso4,2003,-2.2883485979538882,kg kg-1
mmrso4,2004,-2.447281388084062,kg kg-1
