variable,year,value,unit
so2,2000,-1.818630244274798,mol mol-1
so2,2001,-1.9861061965056899,mol mol-1
so2,2002,-1.788548710800563,mol mol-1
so2,2003,-1.8423648706705236,mol mol-1
so2,2004,-1.9901414783004197,mol mol-1
