variable,year,value,unit
emiso2,2000,-3.622284798544423,kg m-2 s-1
emiso2,2001,-3.809012095684471,kg m-2 s-1
emiso2,2002,-3.5513606472489663,kg m-2 s-1
emiso2,2003,-3.610055422291758,kg m-2 s-1
emiso2,2004,-3.7638033116746112,kg m-2 s-1
