variable,year,value,unit
mmrbc,2000,-1.3009626658254925,kg kg-1
mmrbc,2001,-1.3216989912947095,kg kg-1
mmrbc,2002,-1.2633079426744034,kg kg-1
mmrbc,2003,-1.2730901777256287,kg kg-1
mmrbc,2004,-1.35058254868726,kg kg-1
