variable,year,value,unit
wetso4,2000,4.514159232281941e-12,kg m-2 s-1
wetso4,2001,4.5107036396364155e-12,kg m-2 s-1
wetso4,2002,4.432796224287325e-12,kg m-2 s-1
wetso4,2003,4.433162583566259e-12,kg m-2 s-1
wetso4,2004,4.579056841356017e-12,kg m-2 s-1
