variable,year,value,unit
loadso4,2000,2.123725338418567e-06,kg m-2
loadso4,2001,2.1531133355333216e-06,kg m-2
loadso4,2002,2.0671040943800106e-06,kg m-2
loadso4,2003,2.083242848506459e-06,kg m-2
loadso4,2004,2.0991621621632604e-06,kg m-2
