variable,year,value,unit
mmrbc,2000,0.0,kg kg-1
mmrbc,2001,0.48620519888709446,kg kg-1
mmrbc,2002,0.027854381913196193,kg kg-1
mmrbc,2003,-0.0056274362337198945,kg kg-1
mmrbc,2004,-2.1161584936136914e-05,kg kg-1
