variable,year,value,unit
wetso4,2000,-1.797610561470887,kg m-2 s-1
wetso4,2001,-1.7549469279577623,kg m-2 s-1
wetso4,2002,-1.726236758575863,kg m-2 s-1
wetso4,2003,-1.7396501347887825,kg m-2 s-1
wetso4,2004,-1.8313619244948485,kg m-2 s-1
