variable,year,value,unit
rlut,2000,-0.009756397848038648,W m-2
rlut,2001,-0.011352970641046133,W m-2
rlut,2002,0.00316201434447351,W m-2
rlut,2003,-0.014253840714063251,W m-2
rlut,2004,-0.013526290219344332,W m-2
