variable,year,value,unit
so2,2000,2.301117924519681,mol mol-1
so2,2001,2.301123953424412,mol mol-1
so2,2002,2.2932839553317907,mol mol-1
so2,2003,2.3215796649581146,mol mol-1
so2,2004,2.3280038416015794,mol mol-1
