variable,year,value,unit
emiso2,2000,-0.0009981708269514212,kg m-2 s-1
emiso2,2001,-0.0009994894382478793,kg m-2 s-1
emiso2,2002,-0.0009932869996342772,kg m-2 s-1
emiso2,2003,-0.0009999660970170811,kg m-2 s-1
emiso2,2004,-0.0010122651475632854,kg m-2 s-1
