variable,year,value,unit
clivi,2000,0.11276679934685097,kg m-2
clivi,2001,0.02047743138576187,kg m-2
clivi,2002,0.02088701909725552,kg m-2
clivi,2003,0.06567194178283425,kg m-2
clivi,2004,0.06443627421733865,kg m-2
