variable,year,value,unit
mmrso4,2000,-4.623118929448267,kg kg-1
mmrso4,2001,-4.6746013697031,kg kg-1
mmrso4,2002,-4.537266639850171,kg kg-1
mmrso4,2003,-4.6394867504060615,kg kg-1
mmrso4,2004,-4.86828591589247,kg kg-1
