variable,year,value,unit
dryso2,2000,2.1049857065125446,kg m-2 s-1
dryso2,2001,2.0932549110807335,kg m-2 s-1
dryso2,2002,2.096038546580167,kg m-2 s-1
dryso2,2003,2.093794001933601,kg m-2 s-1
dryso2,2004,2.1642282649396916,kg m-2 s-1
