variable,year,value,unit
rsut,2000,0.027377121955494462,W m-2
rsut,2001,0.01199259861594083,W m-2
rsut,2002,0.006721142428615236,W m-2
rsut,2003,0.028243898366301142,W m-2
rsut,2004,0.005043711805364057,W m-2
