variable,year,value,unit
loadso2,2000,2.729725488164302,kg m-2
loadso2,2001,2.9389549949542326,kg m-2
loadso2,2002,2.1354810964037396,kg m-2
loadso2,2003,2.326790037221602,kg m-2
loadso2,2004,2.256288345705794,kg m-2
