variable,year,value,unit
loadbc,2000,0.08122649320618366,kg m-2
loadbc,2001,-0.09214358376500044,kg m-2
loadbc,2002,0.1256833530167238,kg m-2
loadbc,2003,0.02585440105325644,kg m-2
loadbc,2004,-0.029359533326718333,kg m-2
