variable,year,value,unit
dryso4,2001,-0.6967120940695517,kg m-2 s-1
dryso4,2002,-0.6439992930852734,kg m-2 s-1
dryso4,2003,0.21836820448386504,kg m-2 s-1
dryso4,2004,-0.031143173517820387,kg m-2 s-1
