variable,year,value,unit
loadso2,2000,-1.468606300840301,kg m-2
loadso2,2001,-1.9011008704873409,kg m-2
loadso2,2002,-1.4607401280719174,kg m-2
loadso2,2003,-1.4700096479577884,kg m-2
loadso2,2004,-1.5817637529803454,kg m-2
