variable,year,value,unit
clt,2000,0.010669817552198424,%
clt,2001,-0.02000166614224952,%
clt,2002,-0.05157011401618661,%
clt,2003,-0.012854527496017454,%
clt,2004,-0.031573323281492094,%
