variable,year,value,unit
wetbc,2001,-4.476354151221919,kg m-2 s-1
wetbc,2002,-0.21992335425954695,kg m-2 s-1
wetbc,2003,-0.7201164675776048,kg m-2 s-1
wetbc,2004,-1.3649452756927507,kg m-2 s-1
wetbc,2005,-4.91441163656294,kg m-2 s-1
