variable,year,value,unit
rlut,2000,0.008217305163876523,W m-2
rlut,2001,0.011622085800644366,W m-2
rlut,2002,0.030115387272428754,W m-2
rlut,2003,-0.0008804236523341762,W m-2
rlut,2004,0.0030080168333580007,W m-2
