variable,year,value,unit
wetso4,2001,-1.9719492472811153,kg m-2 s-1
wetso4,2002,-3.939118262946849,kg m-2 s-1
wetso4,2003,-0.8394879609791461,kg m-2 s-1
wetso4,2004,-0.20462935635756258,kg m-2 s-1
wetso4,2005,-6.338638181519768,kg m-2 s-1
