variable,year,value,unit
cl,2000,0.0002658037757656828,%
cl,2001,0.012167594539444604,%
cl,2002,-0.00458166552671635,%
cl,2003,0.00905138765538327,%
cl,2004,0.002268261196488819,%
