variable,year,value,unit
drybc,2000,-0.019688449418144925,kg m-2 s-1
drybc,2001,0.03564620786170051,kg m-2 s-1
drybc,2002,-0.010063596709637124,kg m-2 s-1
drybc,2003,0.016816829844322128,kg m-2 s-1
drybc,2004,-0.016854494798291535,kg m-2 s-1
