variable,year,value,unit
rlutcs,2001,-0.00614410104833496,W m-2
rlutcs,2002,0.0022136069188718466,W m-2
rlutcs,2003,0.0065960201820303155,W m-2
rlutcs,2004,-0.0045144238434886574,W m-2
