variable,year,value,unit
rsut,2001,-0.02809628751580817,W m-2
rsut,2002,-0.002013020878990801,W m-2
rsut,2003,0.0036518433714434195,W m-2
rsut,2004,-0.02850564953983792,W m-2
