variable,year,value,unit
rlut,2001,-0.04182647803150985,W m-2
rlut,2002,0.03767788076302736,W m-2
rlut,2003,-0.053624816976395095,W m-2
rlut,2004,0.020885507453868968,W m-2
