variable,year,value,unit
loadso2,2000,-1.6965288377954757e-07,kg m-2
loadso2,2001,-1.5909096425681534e-07,kg m-2
loadso2,2002,-1.1460980657878476e-07,kg m-2
loadso2,2003,-1.0864816071243232e-07,kg m-2
loadso2,2004,-1.1398173808982898e-07,kg m-2
