variable,year,value,unit
rsdt,2000,6.995691137490212e-08,W m-2
rsdt,2001,1.3548827837439603e-08,W m-2
rsdt,2002,-2.354225330236659e-07,W m-2
rsdt,2003,2.880597094190307e-08,W m-2
rsdt,2004,1.0313286225027696e-07,W m-2
