variable,year,value,unit
dms,2000,2.904681106311532e-14,mol mol-1
dms,2001,-9.730437908745211e-15,mol mol-1
dms,2002,-7.720209027245789e-16,mol mol-1
dms,2003,-2.0841230408482106e-14,mol mol-1
dms,2004,3.757076680781471e-14,mol mol-1
