variable,year,value,unit
cltc,2000,-5.824270742946963,%
cltc,2001,-6.101502942155754,%
cltc,2002,-6.290040706182108,%
cltc,2003,-5.701248903463709,%
cltc,2004,-5.93384746515628,%
