variable,year,value,unit
wetbc,2000,-2.1562723440541997e-13,kg m-2 s-1
wetbc,2001,-2.2447121283009883e-13,kg m-2 s-1
wetbc,2002,-2.89292817669465e-13,kg m-2 s-1
wetbc,2003,-2.839318494693119e-13,kg m-2 s-1
wetbc,2004,-2.547914792421443e-13,kg m-2 s-1
