variable,year,value,unit
wetso4,2000,4.6756129929287086e-14,kg m-2 s-1
wetso4,2001,1.9815509436335102e-14,kg m-2 s-1
wetso4,2002,4.0180518764735804e-14,kg m-2 s-1
wetso4,2003,2.5452569439729818e-14,kg m-2 s-1
wetso4,2004,5.411909015555759e-14,kg m-2 s-1
