variable,year,value,unit
loadso2,2000,1.8050192830451895e-09,kg m-2
loadso2,2001,2.2457418107828679e-10,kg m-2
loadso2,2002,7.435712168442747e-10,kg m-2
loadso2,2003,-3.9435683374807366e-10,kg m-2
loadso2,2004,-5.187173942949606e-10,kg m-2
