variable,year,value,unit
wetso2,2000,6.100428420583383e-18,kg m-2 s-1
wetso2,2001,3.90242751014986e-18,kg m-2 s-1
wetso2,2002,3.078336517444896e-18,kg m-2 s-1
wetso2,2003,4.93644950666521e-18,kg m-2 s-1
wetso2,2004,4.7553460168711435e-18,kg m-2 s-1
