variable,year,value,unit
wetbc,2001,6.160360880237561e-15,kg m-2 s-1
wetbc,2002,5.696013347934002e-15,kg m-2 s-1
wetbc,2003,3.1697703061782523e-15,kg m-2 s-1
wetbc,2004,-4.495082205134628e-15,kg m-2 s-1
wetbc,2005,1.375956677936413e-14,kg m-2 s-1
