variable,year,value,unit
wetbc,2000,0.091298675533025,kg m-2 s-1
wetbc,2001,-0.09191965707698796,kg m-2 s-1
wetbc,2002,-0.042525897109737455,kg m-2 s-1
wetbc,2003,-0.037377759360875826,kg m-2 s-1
wetbc,2004,0.02628601574291768,kg m-2 s-1
