variable,year,value,unit
emiso2,2000,3.52035624486806e-15,kg m-2 s-1
emiso2,2001,3.4083777803593735e-15,kg m-2 s-1
emiso2,2002,3.555394317823547e-15,kg m-2 s-1
emiso2,2003,3.6602544723209616e-15,kg m-2 s-1
emiso2,2004,3.7194063196533825e-15,kg m-2 s-1
emiso2,2005,4.131187321218504e-15,kg m-2 s-1
emiso2,2006,4.532049410843793e-15,kg m-2 s-1
emiso2,2007,4.86010990118805e-15,kg m-2 s-1
emiso2,2008,4.6382546298810145e-15,kg m-2 s-1
emiso2,2009,4.630011696189419e-15,kg m-2 s-1
