variable,year,value,unit
dms,2001,-7.977082588607811,mol mol-1
dms,2002,-0.5123843412352738,mol mol-1
dms,2003,-9.752011645169661,mol mol-1
dms,2004,-11.097419152446074,mol mol-1
dms,2005,12.574549822015566,mol mol-1
