variable,year,value,unit
rsutcs,2000,0.021537161782475778,W m-2
rsutcs,2001,-0.002433290672385624,W m-2
rsutcs,2002,0.021611858088988356,W m-2
rsutcs,2003,0.002473960128028807,W m-2
rsutcs,2004,0.016722366429178237,W m-2
rsutcs,2005,0.008322684450135398,W m-2
rsutcs,2006,-0.0025619465597515045,W m-2
rsutcs,2007,0.0023938698472818487,W m-2
rsutcs,2008,0.03435858782916057,W m-2
rsutcs,2009,-0.00249942785781343,W m-2
