variable,year,value,unit
dryso4,2000,-0.05973355617393411,kg m-2 s-1
dryso4,2001,0.42095752730204733,kg m-2 s-1
dryso4,2002,0.3779557934237445,kg m-2 s-1
dryso4,2003,0.34775452216009095,kg m-2 s-1
dryso4,2004,0.18700460613553155,kg m-2 s-1
