variable,year,value,unit
emibc,2000,-1.3138378650242964e-05,kg m-2 s-1
emibc,2001,-9.343587411876826e-06,kg m-2 s-1
emibc,2002,-1.3261634789748817e-05,kg m-2 s-1
emibc,2003,4.379301649436611e-06,kg m-2 s-1
emibc,2004,7.311549372666833e-05,kg m-2 s-1
