variable,year,value,unit
rsut,2000,-0.02232216661685363,W m-2
rsut,2001,-0.027236528908088673,W m-2
rsut,2002,-0.024662371464411,W m-2
rsut,2003,-0.002306512206429405,W m-2
rsut,2004,0.011944341312707267,W m-2
