variable,year,value,unit
mmrbc,2000,1.5243978577303023e-14,kg kg-1
mmrbc,2001,-2.160138651883073e-15,kg kg-1
mmrbc,2002,-6.173054241104752e-15,kg kg-1
mmrbc,2003,-2.6683851548746098e-14,kg kg-1
mmrbc,2004,1.2972600462358804e-14,kg kg-1
mmrbc,2005,-8.827851462858053e-15,kg kg-1
mmrbc,2006,1.035990426303312e-14,kg kg-1
mmrbc,2007,-1.9033522652155052e-14,kg kg-1
mmrbc,2008,-4.144241372778892e-15,kg kg-1
mmrbc,2009,-7.921822971423633e-15,kg kg-1
