variable,year,value,unit
wetso4,2001,16.09439220903029,kg m-2 s-1
wetso4,2002,-1.3642392028966073,kg m-2 s-1
wetso4,2003,-0.9075445844111957,kg m-2 s-1
wetso4,2004,-6.326918674736989,kg m-2 s-1
wetso4,2005,4.003194416724423,kg m-2 s-1
