variable,year,value,unit
wetbc,2000,0.12826733717231473,kg m-2 s-1
wetbc,2001,-0.02729846532736798,kg m-2 s-1
wetbc,2002,0.26293775526778784,kg m-2 s-1
wetbc,2003,0.09927890498861369,kg m-2 s-1
wetbc,2004,0.08745718722514312,kg m-2 s-1
