variable,year,value,unit
wetso4,2000,0.28875000492406344,kg m-2 s-1
wetso4,2001,0.25070624917365236,kg m-2 s-1
wetso4,2002,0.43366961633762735,kg m-2 s-1
wetso4,2003,0.06763859018095641,kg m-2 s-1
wetso4,2004,0.21703197982246367,kg m-2 s-1
