variable,year,value,unit
dms,2000,0.11171388458892287,mol mol-1
dms,2001,0.10430597601302398,mol mol-1
dms,2002,0.2995714609718716,mol mol-1
dms,2003,-0.8238729774121135,mol mol-1
dms,2004,-0.2390254881379264,mol mol-1
