variable,year,value,unit
dms,2000,-0.21494458501570263,mol mol-1
dms,2001,-0.000567392286351198,mol mol-1
dms,2002,0.23128249862151587,mol mol-1
dms,2003,0.9515748510118496,mol mol-1
dms,2004,-0.3254863876573802,mol mol-1
