variable,year,value,unit
loadso2,2000,8.940900244012148e-09,kg m-2
loadso2,2001,8.456103413338218e-09,kg m-2
loadso2,2002,1.0387916701815647e-08,kg m-2
loadso2,2003,2.639184660197418e-09,kg m-2
loadso2,2004,3.9255065781051344e-09,kg m-2
loadso2,2005,8.592140880183362e-09,kg m-2
loadso2,2006,-6.440233223762594e-10,kg m-2
loadso2,2007,1.3337489369452355e-08,kg m-2
loadso2,2008,1.2024324130396262e-08,kg m-2
loadso2,2009,1.3547544321762032e-08,kg m-2
