variable,year,value,unit
wetso4,2000,0.4123454844387179,kg m-2 s-1
wetso4,2001,0.022107453053583685,kg m-2 s-1
wetso4,2002,0.7982627756431052,kg m-2 s-1
wetso4,2003,0.3426000597181502,kg m-2 s-1
wetso4,2004,0.8849490380040521,kg m-2 s-1
