variable,year,value,unit
rsutcs,2001,0.04668832447321328,W m-2
rsutcs,2002,0.923126125222206,W m-2
rsutcs,2003,0.7865592843892563,W m-2
rsutcs,2004,0.3557541114494149,W m-2
rsutcs,2005,-0.32711453645395483,W m-2
