variable,year,value,unit
cltc,2001,-31.373376443604805,%
cltc,2002,-48.07109319023428,%
cltc,2003,34.77909916518681,%
cltc,2004,230.89359119623492,%
cltc,2005,-3.166144228958533,%
