variable,year,value,unit
mmrbc,2000,-0.00272357643938659,kg kg-1
mmrbc,2001,-0.034155967847199785,kg kg-1
mmrbc,2002,0.08353484175456535,kg kg-1
mmrbc,2003,-0.13926064497499827,kg kg-1
mmrbc,2004,0.012438975274134472,kg kg-1
