variable,year,value,unit
loadso2,2000,0.9833155558087485,kg m-2
loadso2,2001,0.437698000684994,kg m-2
loadso2,2002,0.5915994719867239,kg m-2
loadso2,2003,0.2956621404755122,kg m-2
loadso2,2004,0.778018137244823,kg m-2
