variable,year,value,unit
emiso2,2000,-0.00028118253722364084,kg m-2 s-1
emiso2,2001,0.003963697995758221,kg m-2 s-1
emiso2,2002,0.00031190932094632754,kg m-2 s-1
emiso2,2003,0.009118029996260973,kg m-2 s-1
emiso2,2004,0.0010214130713852919,kg m-2 s-1
