variable,year,value,unit
dryso4,2001,1.5027413291821676,kg m-2 s-1
dryso4,2002,1.4980675143703202,kg m-2 s-1
dryso4,2003,1.5262672786603295,kg m-2 s-1
dryso4,2004,1.8687718072570518,kg m-2 s-1
