variable,year,value,unit
wetso2,2000,-1.7494942156522795,kg m-2 s-1
wetso2,2001,-1.795334767824474,kg m-2 s-1
wetso2,2002,-1.7303862570659467,kg m-2 s-1
wetso2,2003,-1.7353845183893344,kg m-2 s-1
wetso2,2004,-1.9433770300522353,kg m-2 s-1
