variable,year,value,unit
clt,2001,-0.06950779465045484,%
clt,2002,-0.010531612133481284,%
clt,2003,0.010047893423643367,%
clt,2004,0.02587427203047031,%
