variable,year,value,unit
emibc,2001,-3.76662350588963e-07,kg m-2 s-1
emibc,2002,-6.874034030907451e-07,kg m-2 s-1
emibc,2003,-2.2166608773896556e-07,kg m-2 s-1
emibc,2004,1.7654661431180927e-07,kg m-2 s-1
