variable,year,value,unit
emiso2,2000,-5.128205282186673,kg m-2 s-1
emiso2,2001,-5.128206765471289,kg m-2 s-1
emiso2,2002,-5.128205710392969,kg m-2 s-1
emiso2,2003,-5.1282063462938225,kg m-2 s-1
emiso2,2004,-5.128206014353081,kg m-2 s-1
