variable,year,value,unit
so2,2000,-4.186011606252977,mol mol-1
so2,2001,-3.6081667966620516,mol mol-1
so2,2002,-3.913159598636347,mol mol-1
so2,2003,-3.9372390513548496,mol mol-1
so2,2004,-4.061815988878571,mol mol-1
