variable,year,value,unit
wetbc,2000,0.9808390478565375,kg m-2 s-1
wetbc,2001,0.5184070593627522,kg m-2 s-1
wetbc,2002,0.8128028855299134,kg m-2 s-1
wetbc,2003,0.4919098587965234,kg m-2 s-1
wetbc,2004,0.5275178777382983,kg m-2 s-1
