variable,year,value,unit
rsutcs,2000,0.009484312662892205,W m-2
rsutcs,2001,0.012206710502604157,W m-2
rsutcs,2002,0.00582531247620206,W m-2
rsutcs,2003,0.007881223120956628,W m-2
rsutcs,2004,0.021443151788783813,W m-2
