variable,year,value,unit
so2,2001,-2.6423670342260213,mol mol-1
so2,2002,-2.7500906437866943,mol mol-1
so2,2003,-2.924691592391455,mol mol-1
so2,2004,-2.945476660386061,mol mol-1
