variable,year,value,unit
emiso2,2001,-2.0876098910715317,kg m-2 s-1
emiso2,2002,-2.0284356334610028,kg m-2 s-1
emiso2,2003,-2.0711381241987348,kg m-2 s-1
emiso2,2004,-2.1543708381471642,kg m-2 s-1
