variable,year,value,unit
clt,2000,0.0483561624997535,%
clt,2001,-0.011496791558636752,%
clt,2002,-0.0490561292867778,%
clt,2003,-0.05411924734108316,%
clt,2004,-0.0012660000275850664,%
