variable,year,value,unit
mmrbc,2000,0.11304878219317543,kg kg-1
mmrbc,2001,1.0164815775157412,kg kg-1
mmrbc,2002,1.1219983413027503,kg kg-1
mmrbc,2003,0.6036699976766159,kg kg-1
mmrbc,2004,1.418403395468111,kg kg-1
