variable,year,value,unit
mmrbc,2000,1.2500272841378022,kg kg-1
mmrbc,2001,1.1670166124039907,kg kg-1
mmrbc,2002,1.0167142471129926,kg kg-1
mmrbc,2003,0.8684912239815197,kg kg-1
mmrbc,2004,0.9597766108837092,kg kg-1
