variable,year,value,unit
wetso2,2000,-1.5139694749705992,kg m-2 s-1
wetso2,2001,-1.539288549367569,kg m-2 s-1
wetso2,2002,-1.5493702477917426,kg m-2 s-1
wetso2,2003,-1.6004442480698482,kg m-2 s-1
wetso2,2004,-1.633399886270557,kg m-2 s-1
