variable,year,value,unit
wetso4,2001,1.035897306464359,kg m-2 s-1
wetso4,2002,1.1695487934000437,kg m-2 s-1
wetso4,2003,1.1130116529270233,kg m-2 s-1
wetso4,2004,1.1927843458470642,kg m-2 s-1
