variable,year,value,unit
wetbc,2000,0.20021257578531665,kg m-2 s-1
wetbc,2001,0.28099250922450675,kg m-2 s-1
wetbc,2002,0.04304644282429979,kg m-2 s-1
wetbc,2003,-0.39801981095022476,kg m-2 s-1
wetbc,2004,0.37386804572424653,kg m-2 s-1
