variable,year,value,unit
dryso2,2001,-2.6534524311560546,kg m-2 s-1
dryso2,2002,-2.596174599262825,kg m-2 s-1
dryso2,2003,-2.6592846361312636,kg m-2 s-1
dryso2,2004,-2.7202159793388554,kg m-2 s-1
