variable,year,value,unit
clt,2001,0.1461752909821487,%
clt,2002,0.37157944835559803,%
clt,2003,0.10287188947569798,%
clt,2004,0.2975320903752942,%
