variable,year,value,unit
clt,2000,-0.01647083095558441,%
clt,2001,0.07395270740664728,%
clt,2002,-0.12362678079154213,%
clt,2003,0.040581679773561745,%
clt,2004,0.04114953569269413,%
