variable,year,value,unit
mmrbc,2001,0.2957812668304771,kg kg-1
mmrbc,2002,0.3578823021527893,kg kg-1
mmrbc,2003,-0.19980088567927612,kg kg-1
mmrbc,2004,0.3536537663458666,kg kg-1
