variable,year,value,unit
wetbc,2001,0.08185488712144652,kg m-2 s-1
wetbc,2002,-0.15497787143853464,kg m-2 s-1
wetbc,2003,0.053498494053535725,kg m-2 s-1
wetbc,2004,-0.5500997882791068,kg m-2 s-1
