variable,year,value,unit
loadso4,2000,1.6558269441773354,kg m-2
loadso4,2001,2.05254354874221,kg m-2
loadso4,2002,2.3624501387393875,kg m-2
loadso4,2003,1.396483743305718,kg m-2
loadso4,2004,2.4135928570192022,kg m-2
