variable,year,value,unit
od550aer,2000,0.35922760851918656,1
od550aer,2001,0.6021844879308103,1
od550aer,2002,0.38397546076912703,1
od550aer,2003,0.4009187775390687,1
od550aer,2004,0.3628285676113467,1
