variable,year,value,unit
rsdt,2000,-1.0971577946317689e-07,W m-2
rsdt,2001,-9.879618855086294e-08,W m-2
rsdt,2002,4.966830762942142e-09,W m-2
rsdt,2003,6.149811848160132e-08,W m-2
rsdt,2004,-1.4102986844117437e-09,W m-2
