variable,year,value,unit
mmrbc,2000,0.30666528416700733,kg kg-1
mmrbc,2001,0.338216279433446,kg kg-1
mmrbc,2002,0.32681229825197644,kg kg-1
mmrbc,2003,-0.08303202002078947,kg kg-1
mmrbc,2004,-0.29400256847315337,kg kg-1
