variable,year,value,unit
loadso2,2000,-1.9245537330839577,kg m-2
loadso2,2001,-1.707943538585742,kg m-2
loadso2,2002,-1.8836275831621543,kg m-2
loadso2,2003,-2.0274193712003674,kg m-2
loadso2,2004,-2.1809404089924813,kg m-2
