variable,year,value,unit
cltc,2000,-0.009775564582880009,%
cltc,2001,-0.008765347004049587,%
cltc,2002,-0.0033931276624676594,%
cltc,2003,-0.08833750820277081,%
cltc,2004,0.01546912845705676,%
