variable,year,value,unit
cl,2000,1.046602789641197,%
cl,2001,0.05543342834355022,%
cl,2002,0.5179160030287392,%
cl,2003,0.13448499248627044,%
cl,2004,1.061883535314539,%
