variable,year,value,unit
so2,2000,-2.6359995545852195,mol mol-1
so2,2001,-2.75605354266471,mol mol-1
so2,2002,-2.6651798144916574,mol mol-1
so2,2003,-2.5857011508845886,mol mol-1
so2,2004,-2.831125846757877,mol mol-1
