variable,year,value,unit
loadso4,2000,2.613734488615765,kg m-2
loadso4,2001,1.5810703490938964,kg m-2
loadso4,2002,2.127385995700167,kg m-2
loadso4,2003,1.66902970015615,kg m-2
loadso4,2004,2.0328392786478964,kg m-2
