variable,year,value,unit
wetso4,2001,0.31984673942224495,kg m-2 s-1
wetso4,2002,0.13136532161974968,kg m-2 s-1
wetso4,2003,0.25019653225018507,kg m-2 s-1
wetso4,2004,0.38509495431462426,kg m-2 s-1
