variable,year,value,unit
rlut,2000,-0.023679796193417414,W m-2
rlut,2001,-0.049155626942630364,W m-2
rlut,2002,-0.06649401886795978,W m-2
rlut,2003,-0.06130546428203938,W m-2
rlut,2004,-0.037999626363628775,W m-2
