variable,year,value,unit
dryso4,2000,3.3242685118643895,kg m-2 s-1
dryso4,2001,3.4260748324770205,kg m-2 s-1
dryso4,2002,3.5942610480299035,kg m-2 s-1
dryso4,2003,3.4028067772558583,kg m-2 s-1
dryso4,2004,3.434950485619915,kg m-2 s-1
