variable,year,value,unit
rlut,2000,0.021861826883338153,W m-2
rlut,2001,-0.046413345704337416,W m-2
rlut,2002,0.015696063513246372,W m-2
rlut,2003,0.004138226411129153,W m-2
rlut,2004,0.039353164604619906,W m-2
