variable,year,value,unit
rsutcs,2000,0.03007082598439581,W m-2
rsutcs,2001,0.03121053524019146,W m-2
rsutcs,2002,0.02810671963437983,W m-2
rsutcs,2003,0.030287572976732235,W m-2
rsutcs,2004,0.0195786194697547,W m-2
