variable,year,value,unit
rsut,2000,0.09595548313232882,W m-2
rsut,2001,-0.0016567218006997564,W m-2
rsut,2002,0.06290227259567871,W m-2
rsut,2003,0.07545799066278391,W m-2
rsut,2004,0.11173694697501446,W m-2
