variable,year,value,unit
rsut,2000,-0.6684533637184416,W m-2
rsut,2001,-0.7540917719770448,W m-2
rsut,2002,-0.5190411664371624,W m-2
rsut,2003,-0.5508086787740041,W m-2
rsut,2004,-0.44980791060953607,W m-2
