variable,year,value,unit
wetso4,2000,1.0660519539489859e-12,kg m-2 s-1
wetso4,2001,1.0098685943505333e-12,kg m-2 s-1
wetso4,2002,9.105225260964645e-13,kg m-2 s-1
wetso4,2003,9.626936431682748e-13,kg m-2 s-1
wetso4,2004,1.0380848591280317e-12,kg m-2 s-1
