variable,year,value,unit
emiso2,2000,-2.793204842897221e-13,kg m-2 s-1
emiso2,2001,-2.7616607901958784e-13,kg m-2 s-1
emiso2,2002,-2.6784209773618054e-13,kg m-2 s-1
emiso2,2003,-2.666179649815418e-13,kg m-2 s-1
emiso2,2004,-2.760406284310378e-13,kg m-2 s-1
