variable,year,value,unit
loadso2,2000,-1.505208733068462,kg m-2
loadso2,2001,-1.805329022506187,kg m-2
loadso2,2002,-1.5199710002078435,kg m-2
loadso2,2003,-1.5536234035933425,kg m-2
loadso2,2004,-1.7363357805012671,kg m-2
