variable,year,value,unit
clivi,2000,0.04818796551774877,kg m-2
clivi,2001,0.2508397148740816,kg m-2
clivi,2002,0.08401536424704105,kg m-2
clivi,2003,0.2379050192763014,kg m-2
clivi,2004,0.08175246466353447,kg m-2
