variable,year,value,unit
rlut,2000,0.056704402128250425,W m-2
rlut,2001,0.004456479027933076,W m-2
rlut,2002,0.004881571297725839,W m-2
rlut,2003,0.029400838571219473,W m-2
rlut,2004,-0.002216818388036259,W m-2
