variable,year,value,unit
rlut,2001,0.11330424091410062,W m-2
rlut,2002,0.11093881721876149,W m-2
rlut,2003,-0.04236481215561385,W m-2
rlut,2004,-0.05440601198614061,W m-2
rlut,2005,0.6470809791091446,W m-2
