variable,year,value,unit
rlutcs,2000,0.000552431521424859,W m-2
rlutcs,2001,-0.004106518162228623,W m-2
rlutcs,2002,0.005436864264934731,W m-2
rlutcs,2003,0.002487481365592591,W m-2
rlutcs,2004,0.0004346878982921769,W m-2
