variable,year,value,unit
loadso2,2000,-1.4954819103660602,kg m-2
loadso2,2001,-1.6092295125210705,kg m-2
loadso2,2002,-1.4107361639563167,kg m-2
loadso2,2003,-1.5023889332220084,kg m-2
loadso2,2004,-1.3237327174955456,kg m-2
