variable,year,value,unit
dryso2,2000,-3.839866497247977,kg m-2 s-1
dryso2,2001,-3.6394431036756445,kg m-2 s-1
dryso2,2002,-3.636522860992047,kg m-2 s-1
dryso2,2003,-3.697333168579458,kg m-2 s-1
dryso2,2004,-3.915362626567423,kg m-2 s-1
