variable,year,value,unit
rsutcs,2001,-0.11091795149303088,W m-2
rsutcs,2002,0.4029192658904521,W m-2
rsutcs,2003,0.10536161853332551,W m-2
rsutcs,2004,0.03923887203625674,W m-2
rsutcs,2005,-0.3821876299687254,W m-2
