variable,year,value,unit
rsut,2000,-0.004487090836633166,W m-2
rsut,2001,0.008289024798594226,W m-2
rsut,2002,-0.013561681532926674,W m-2
rsut,2003,0.00492704138914412,W m-2
rsut,2004,-0.021280846254783804,W m-2
