variable,year,value,unit
loadso2,2000,-1.0906367070428766,kg m-2
loadso2,2001,-1.0837545611215758,kg m-2
loadso2,2002,-1.0421795763853055,kg m-2
loadso2,2003,-1.0558262309538342,kg m-2
loadso2,2004,-0.8974435050276292,kg m-2
