variable,year,value,unit
cltc,2000,-0.014149670702981993,%
cltc,2001,0.007373302101353883,%
cltc,2002,-0.07038834207364866,%
cltc,2003,-0.10586137646022686,%
cltc,2004,0.008352346364515364,%
