variable,year,value,unit
emibc,2001,1.8000224979889426e-22,kg m-2 s-1
emibc,2002,-1.157576638022975e-22,kg m-2 s-1
emibc,2003,1.5328853547264132e-22,kg m-2 s-1
emibc,2004,6.171406536305433e-23,kg m-2 s-1
emibc,2005,-7.064593980697561e-23,kg m-2 s-1
