variable,year,value,unit
mmrso4,2001,-6.885284027675267e-11,kg kg-1
mmrso4,2002,-6.002102407444826e-11,kg kg-1
mmrso4,2003,-3.7720471159765716e-11,kg kg-1
mmrso4,2004,-4.8331641362052805e-11,kg kg-1
mmrso4,2005,-8.00157463525723e-11,kg kg-1
