variable,year,value,unit
emibc,2000,-3.7002369624212674e-20,kg m-2 s-1
emibc,2001,-1.177179955211107e-20,kg m-2 s-1
emibc,2002,3.339399168223366e-21,kg m-2 s-1
emibc,2003,-1.626017510841627e-20,kg m-2 s-1
emibc,2004,-9.473363942586309e-21,kg m-2 s-1
