variable,year,value,unit
rsutcs,2000,-0.046182539954791935,W m-2
rsutcs,2001,-0.053246210637986735,W m-2
rsutcs,2002,-0.0461637353832316,W m-2
rsutcs,2003,-0.050711187913805134,W m-2
rsutcs,2004,-0.048896108781157466,W m-2
