variable,year,value,unit
wetso2,2001,-1.1735687728746305e-14,kg m-2 s-1
wetso2,2002,-5.32024929453809e-15,kg m-2 s-1
wetso2,2003,-2.439903275669184e-15,kg m-2 s-1
wetso2,2004,-7.522471479878117e-15,kg m-2 s-1
wetso2,2005,-1.6362231599459316e-14,kg m-2 s-1
