variable,year,value,unit
so2,2000,-7.74587229974944e-12,mol mol-1
so2,2001,-8.16073976332503e-12,mol mol-1
so2,2002,-7.54118566109607e-12,mol mol-1
so2,2003,-7.743165257317357e-12,mol mol-1
so2,2004,-8.356586884665288e-12,mol mol-1
