variable,year,value,unit
rsut,2001,-2.029933777169873,W m-2
rsut,2002,-0.12672709264430182,W m-2
rsut,2003,0.7807332845576695,W m-2
rsut,2004,0.40366639689172246,W m-2
rsut,2005,-2.0076458760820515,W m-2
