variable,year,value,unit
cltc,2001,0.03480246954376831,%
cltc,2002,-1.1215303880788277,%
cltc,2003,-0.025938308649424258,%
cltc,2004,-0.6122036557935964,%
cltc,2005,0.0016251155163526931,%
