variable,year,value,unit
wetbc,2001,1.880603231348606e-15,kg m-2 s-1
wetbc,2002,-1.0350610185304517e-14,kg m-2 s-1
wetbc,2003,3.020681502886224e-15,kg m-2 s-1
wetbc,2004,1.4819334928657622e-15,kg m-2 s-1
wetbc,2005,-9.959212529506442e-15,kg m-2 s-1
