variable,year,value,unit
wetbc,2000,-3.390928463449227e-17,kg m-2 s-1
wetbc,2001,1.294246411073063e-16,kg m-2 s-1
wetbc,2002,3.277858548156579e-16,kg m-2 s-1
wetbc,2003,-4.51949126011363e-16,kg m-2 s-1
wetbc,2004,2.992181125123513e-16,kg m-2 s-1
