variable,year,value,unit
mmrbc,2000,-2.836417710603625e-14,kg kg-1
mmrbc,2001,7.994413841104102e-16,kg kg-1
mmrbc,2002,7.395189489017859e-14,kg kg-1
mmrbc,2003,-3.543579002474071e-14,kg kg-1
mmrbc,2004,7.082061061840912e-14,kg kg-1
