variable,year,value,unit
wetso2,2000,-1.843516794725707e-14,kg m-2 s-1
wetso2,2001,-1.5472725480147136e-14,kg m-2 s-1
wetso2,2002,-1.676544792311219e-14,kg m-2 s-1
wetso2,2003,-1.501790887105412e-14,kg m-2 s-1
wetso2,2004,-1.459178825460204e-14,kg m-2 s-1
