variable,year,value,unit
loadso4,2000,-1.8812407069429746e-08,kg m-2
loadso4,2001,-2.0198910097091468e-08,kg m-2
loadso4,2002,-1.913781206377502e-08,kg m-2
loadso4,2003,-1.878537276589515e-08,kg m-2
loadso4,2004,-2.2932250201481203e-08,kg m-2
