variable,year,value,unit
rsut,2000,-0.00960538271503708,W m-2
rsut,2001,-0.0034889376673987726,W m-2
rsut,2002,-0.09318101050712357,W m-2
rsut,2003,-0.023121923084886475,W m-2
rsut,2004,-0.0184125943254827,W m-2
