variable,year,value,unit
clivi,2000,-0.08422198753546174,kg m-2
clivi,2001,-0.13622290596906725,kg m-2
clivi,2002,-0.03271815629280471,kg m-2
clivi,2003,-0.11775999183403531,kg m-2
clivi,2004,-0.19234836725858592,kg m-2
