variable,year,value,unit
loadso4,2000,-0.6743684280971197,kg m-2
loadso4,2001,-0.6880237996568983,kg m-2
loadso4,2002,-0.6791634049853966,kg m-2
loadso4,2003,-0.5892540076361263,kg m-2
loadso4,2004,-0.7721914940088301,kg m-2
