variable,year,value,unit
emibc,2000,6.061170859092933e-06,kg m-2 s-1
emibc,2001,1.4978456793182202e-06,kg m-2 s-1
emibc,2002,2.165053729223909e-05,kg m-2 s-1
emibc,2003,-2.5502831885189732e-06,kg m-2 s-1
emibc,2004,1.7650894604992948e-05,kg m-2 s-1
