variable,year,value,unit
dryso4,2000,7.33333890918005e-13,kg m-2 s-1
dryso4,2001,7.218824786508629e-13,kg m-2 s-1
dryso4,2002,7.180739404922002e-13,kg m-2 s-1
dryso4,2003,7.239347256054032e-13,kg m-2 s-1
dryso4,2004,7.389885333047315e-13,kg m-2 s-1
