variable,year,value,unit
loadso4,2000,3.892551994080635e-06,kg m-2
loadso4,2001,3.969206524066513e-06,kg m-2
loadso4,2002,4.051387303898221e-06,kg m-2
loadso4,2003,4.024778072237811e-06,kg m-2
loadso4,2004,4.066664168299169e-06,kg m-2
