variable,year,value,unit
wetso4,2000,-3.2681893213386874e-12,kg m-2 s-1
wetso4,2001,-3.2438771181502265e-12,kg m-2 s-1
wetso4,2002,-3.1949783449174174e-12,kg m-2 s-1
wetso4,2003,-3.2238981102728297e-12,kg m-2 s-1
wetso4,2004,-3.252215336326651e-12,kg m-2 s-1
