variable,year,value,unit
loadbc,2000,-1.9852248992525015e-11,kg m-2
loadbc,2001,-2.0308287649253965e-11,kg m-2
loadbc,2002,-2.1652635989513645e-11,kg m-2
loadbc,2003,-3.5433976449618076e-11,kg m-2
loadbc,2004,-2.6572578147572608e-11,kg m-2
