variable,year,value,unit
clivi,2000,-7.179383880381862e-06,kg m-2
clivi,2001,-3.932938551384074e-06,kg m-2
clivi,2002,-4.039726981857478e-06,kg m-2
clivi,2003,-1.2159766972517916e-05,kg m-2
clivi,2004,-8.534249389825777e-06,kg m-2
