variable,year,value,unit
wetso2,2000,4.586839586105839e-14,kg m-2 s-1
wetso2,2001,4.5833293718627015e-14,kg m-2 s-1
wetso2,2002,4.7428483343744443e-14,kg m-2 s-1
wetso2,2003,5.50451041994383e-14,kg m-2 s-1
wetso2,2004,5.699506059207302e-14,kg m-2 s-1
