variable,year,value,unit
od550aer,2000,0.009455557006561588,1
od550aer,2001,0.009614795452528718,1
od550aer,2002,0.009427738032660005,1
od550aer,2003,0.009783048993847604,1
od550aer,2004,0.010497492734464653,1
