variable,year,value,unit
wetso4,2000,5.818359444204054e-13,kg m-2 s-1
wetso4,2001,5.850324580928336e-13,kg m-2 s-1
wetso4,2002,5.866880376990495e-13,kg m-2 s-1
wetso4,2003,5.984164416419411e-13,kg m-2 s-1
wetso4,2004,6.377837890676021e-13,kg m-2 s-1
