variable,year,value,unit
clt,2000,0.009009563567403234,%
clt,2001,0.030377178979819064,%
clt,2002,-0.0012408536110086743,%
clt,2003,0.01404110129870162,%
clt,2004,0.02190786359078345,%
