variable,year,value,unit
dryso4,2000,7.599233302753994e-14,kg m-2 s-1
dryso4,2001,7.542985534830198e-14,kg m-2 s-1
dryso4,2002,7.751775897793157e-14,kg m-2 s-1
dryso4,2003,7.652811505560358e-14,kg m-2 s-1
dryso4,2004,8.019768640169769e-14,kg m-2 s-1
