variable,year,value,unit
rlutcs,2000,-0.018480288813293555,W m-2
rlutcs,2001,-0.02004971923577159,W m-2
rlutcs,2002,-0.017701181339475625,W m-2
rlutcs,2003,-0.026970860510630246,W m-2
rlutcs,2004,-0.014572504150805798,W m-2
