variable,year,value,unit
dryso4,2000,5.760927138501386,kg m-2 s-1
dryso4,2001,5.875089488502021,kg m-2 s-1
dryso4,2002,5.793027800825526,kg m-2 s-1
dryso4,2003,6.528395981257888,kg m-2 s-1
dryso4,2004,5.909213017571937,kg m-2 s-1
