variable,year,value,unit
rsut,2000,0.012289855764222092,W m-2
rsut,2001,-0.014355946099149,W m-2
rsut,2002,0.0048294212536503294,W m-2
rsut,2003,-0.0006342008825886903,W m-2
rsut,2004,-0.003101371673332428,W m-2
