variable,year,value,unit
rlut,2001,-0.08881215616212605,W m-2
rlut,2002,0.12608475287067153,W m-2
rlut,2003,-0.06931933887314574,W m-2
rlut,2004,0.11625736950854164,W m-2
rlut,2005,-0.3172940355476211,W m-2
