variable,year,value,unit
rlutcs,2000,0.0017113722633785792,W m-2
rlutcs,2001,0.0015292501405213884,W m-2
rlutcs,2002,0.001019189361764249,W m-2
rlutcs,2003,0.0034231411242174365,W m-2
rlutcs,2004,0.0008017280603107056,W m-2
