variable,year,value,unit
loadso2,2000,0.02297922872896006,kg m-2
loadso2,2001,-0.028753601740341694,kg m-2
loadso2,2002,0.016580223155676446,kg m-2
loadso2,2003,-0.00464282237611858,kg m-2
loadso2,2004,-0.03964657471295791,kg m-2
