variable,year,value,unit
clivi,2000,0.0380577975640175,kg m-2
clivi,2001,-0.053904019582379954,kg m-2
clivi,2002,0.002876930252147001,kg m-2
clivi,2003,0.13954132254512558,kg m-2
clivi,2004,-0.06599609718723062,kg m-2
