variable,year,value,unit
emiso2,2000,-3.1756353887211866,kg m-2 s-1
emiso2,2001,-3.402482871781303,kg m-2 s-1
emiso2,2002,-3.144730145734836,kg m-2 s-1
emiso2,2003,-3.2872976368379403,kg m-2 s-1
emiso2,2004,-3.490748250356505,kg m-2 s-1
