variable,year,value,unit
od550aer,2000,0.014685527164056472,1
od550aer,2001,-0.0033144714521145834,1
od550aer,2002,-0.03429811648512609,1
od550aer,2003,-0.07560531553244293,1
od550aer,2004,-0.08058600167504981,1
