variable,year,value,unit
cltc,2000,-0.03467762903305082,%
cltc,2001,-0.039941556610500875,%
cltc,2002,0.017357987713391452,%
cltc,2003,0.008462853311646189,%
cltc,2004,-0.014167456040025592,%
