variable,year,value,unit
emibc,2000,-6.038448774539258e-06,kg m-2 s-1
emibc,2001,-3.515784691398913e-07,kg m-2 s-1
emibc,2002,4.7387515267285266e-05,kg m-2 s-1
emibc,2003,-4.7386254634499765e-06,kg m-2 s-1
emibc,2004,-3.0934398080990515e-06,kg m-2 s-1
