variable,year,value,unit
rsut,2000,0.013892291647175673,W m-2
rsut,2001,-0.03142945203059375,W m-2
rsut,2002,-0.015618173438044027,W m-2
rsut,2003,-0.0339299977606241,W m-2
rsut,2004,-0.007111280583986057,W m-2
