variable,year,value,unit
dms,2000,0.04506015640409561,mol mol-1
dms,2001,0.03740627708736163,mol mol-1
dms,2002,0.00019997957928909795,mol mol-1
dms,2003,-0.0820124456826646,mol mol-1
dms,2004,0.04244848252712442,mol mol-1
