variable,year,value,unit
rsutcs,2000,-0.014624793920808371,W m-2
rsutcs,2001,-0.008649368496780708,W m-2
rsutcs,2002,-0.0014873997738186757,W m-2
rsutcs,2003,-0.0055109017272495266,W m-2
rsutcs,2004,-0.007435501014496053,W m-2
