variable,year,value,unit
mmrso4,2000,-0.10575107580287511,kg kg-1
mmrso4,2001,-0.03633569107448959,kg kg-1
mmrso4,2002,-0.05404943252429918,kg kg-1
mmrso4,2003,-0.02170750927616266,kg kg-1
mmrso4,2004,0.12822268642971532,kg kg-1
