variable,year,value,unit
clivi,2000,-0.4224532346140995,kg m-2
clivi,2001,-0.22105452890048222,kg m-2
clivi,2002,-0.4261201849256734,kg m-2
clivi,2003,-0.77541761334629,kg m-2
clivi,2004,-0.12629524362595734,kg m-2
