variable,year,value,unit
dryso2,2000,-2.4973383226505717,kg m-2 s-1
dryso2,2001,-2.631197798415464,kg m-2 s-1
dryso2,2002,-2.4627583581465524,kg m-2 s-1
dryso2,2003,-2.5869220087015563,kg m-2 s-1
dryso2,2004,-2.7116879626795827,kg m-2 s-1
