variable,year,value,unit
rsutcs,2000,-0.06425152075715859,W m-2
rsutcs,2001,-0.030691459208065836,W m-2
rsutcs,2002,-0.003809658915261027,W m-2
rsutcs,2003,0.008325839348670535,W m-2
rsutcs,2004,-0.042866562452575155,W m-2
