variable,year,value,unit
rlut,2001,0.011060044862205132,W m-2
rlut,2002,-0.005711199707747028,W m-2
rlut,2003,0.012087944459096889,W m-2
rlut,2004,-0.033718247472819485,W m-2
