variable,year,value,unit
loadso4,2000,2.752306751220709e-07,kg m-2
loadso4,2001,1.9806181699466935e-07,kg m-2
loadso4,2002,2.4420719156097305e-07,kg m-2
loadso4,2003,5.502744428212305e-07,kg m-2
loadso4,2004,3.230393470796531e-07,kg m-2
