variable,year,value,unit
mmrso4,2001,6.868797387430373e-11,kg kg-1
mmrso4,2002,6.880135584539197e-11,kg kg-1
mmrso4,2003,7.313514958286659e-11,kg kg-1
mmrso4,2004,7.622020719561182e-11,kg kg-1
