variable,year,value,unit
so2,2001,-2.4068451787853103e-11,mol mol-1
so2,2002,-2.3121937394751985e-11,mol mol-1
so2,2003,-2.5595820039127283e-11,mol mol-1
so2,2004,-2.5568456017355628e-11,mol mol-1
