variable,year,value,unit
drybc,2001,-3.960329272694019e-17,kg m-2 s-1
drybc,2002,3.63837203732828e-17,kg m-2 s-1
drybc,2003,1.6519574508210502e-16,kg m-2 s-1
drybc,2004,2.6507286574716296e-16,kg m-2 s-1
