variable,year,value,unit
wetso4,2001,1.8882329267245435e-13,kg m-2 s-1
wetso4,2002,1.8441226586585942e-13,kg m-2 s-1
wetso4,2003,1.9240420576410618e-13,kg m-2 s-1
wetso4,2004,2.0735658309300756e-13,kg m-2 s-1
