variable,year,value,unit
wetso4,2001,1.5486219279144536e-13,kg m-2 s-1
wetso4,2002,1.4708090234586718e-13,kg m-2 s-1
wetso4,2003,1.543375376715682e-13,kg m-2 s-1
wetso4,2004,1.6324420993966681e-13,kg m-2 s-1
