variable,year,value,unit
rsutcs,2001,0.02670144664791252,W m-2
rsutcs,2002,0.025870705988175757,W m-2
rsutcs,2003,0.030783787510159755,W m-2
rsutcs,2004,0.02474843365980206,W m-2
