variable,year,value,unit
rsutcs,2001,0.010670802389292078,W m-2
rsutcs,2002,0.01015043869251997,W m-2
rsutcs,2003,0.013063846570879889,W m-2
rsutcs,2004,0.009351931225666021,W m-2
