variable,year,value,unit
loadbc,2000,2.513103331880261e-11,kg m-2
loadbc,2001,3.3886309098848426e-11,kg m-2
loadbc,2002,2.5033439760910357e-11,kg m-2
loadbc,2003,1.2958437716740804e-11,kg m-2
loadbc,2004,7.340240782459849e-12,kg m-2
