variable,year,value,unit
dryso4,2001,1.0871404521998957e-13,kg m-2 s-1
dryso4,2002,1.1249567921375831e-13,kg m-2 s-1
dryso4,2003,1.2047569940265044e-13,kg m-2 s-1
dryso4,2004,1.1971719143672764e-13,kg m-2 s-1
