variable,year,value,unit
clt,2000,-0.0005244293637645114,%
clt,2001,0.017055364161805642,%
clt,2002,0.010106499339599395,%
clt,2003,0.015152576808091567,%
clt,2004,-0.017731160365698884,%
