variable,year,value,unit
dryso4,2001,1.5455126426490727e-13,kg m-2 s-1
dryso4,2002,1.5273687811513737e-13,kg m-2 s-1
dryso4,2003,1.6113954777612775e-13,kg m-2 s-1
dryso4,2004,1.6776280351480017e-13,kg m-2 s-1
