variable,year,value,unit
wetso4,2001,-2.7462798852041217e-13,kg m-2 s-1
wetso4,2002,-2.7993198702870853e-13,kg m-2 s-1
wetso4,2003,-3.054095711478754e-13,kg m-2 s-1
wetso4,2004,-3.150534678936214e-13,kg m-2 s-1
