variable,year,value,unit
dryso2,2001,-1.578795678618153e-13,kg m-2 s-1
dryso2,2002,-1.5343520992497652e-13,kg m-2 s-1
dryso2,2003,-1.6104994388127026e-13,kg m-2 s-1
dryso2,2004,-1.7108085988924573e-13,kg m-2 s-1
