variable,year,value,unit
mmrbc,2000,0.0,kg kg-1
mmrbc,2001,9.576290867499048e-15,kg kg-1
mmrbc,2002,4.110474549298386e-15,kg kg-1
mmrbc,2003,3.1208013357336646e-16,kg kg-1
mmrbc,2004,3.64586505189428e-14,kg kg-1
