variable,year,value,unit
rsut,2001,0.040197985758695154,W m-2
rsut,2002,-0.00816733461756769,W m-2
rsut,2003,0.05943081856429444,W m-2
rsut,2004,0.13892062907659408,W m-2
rsut,2005,0.21716289576016834,W m-2
