variable,year,value,unit
dryso2,2001,-1.3541030643632334e-14,kg m-2 s-1
dryso2,2002,5.166269982764608e-15,kg m-2 s-1
dryso2,2003,-2.4084672645466643e-14,kg m-2 s-1
dryso2,2004,1.0994729214162344e-14,kg m-2 s-1
dryso2,2005,3.453452158353247e-14,kg m-2 s-1
