variable,year,value,unit
dms,2000,-1.1648330413881537e-13,mol mol-1
dms,2001,-2.8390329433273916e-14,mol mol-1
dms,2002,2.8571914867839685e-14,mol mol-1
dms,2003,2.9554967057358095e-14,mol mol-1
dms,2004,-6.159198098889413e-14,mol mol-1
