variable,year,value,unit
loadbc,2000,4.749176359526918e-12,kg m-2
loadbc,2001,3.1608142670689965e-12,kg m-2
loadbc,2002,-6.815595706858202e-12,kg m-2
loadbc,2003,8.012499831929542e-12,kg m-2
loadbc,2004,2.3999554933762378e-12,kg m-2
