variable,year,value,unit
emibc,2001,1.4195353196503992e-21,kg m-2 s-1
emibc,2002,1.1367346930933206e-21,kg m-2 s-1
emibc,2003,1.5015620232083662e-23,kg m-2 s-1
emibc,2004,-1.8371296945551976e-21,kg m-2 s-1
emibc,2005,-3.664642202799116e-21,kg m-2 s-1
