variable,year,value,unit
clt,2000,0.02075059793321543,%
clt,2001,-0.004067375570556919,%
clt,2002,-0.006004997664561529,%
clt,2003,0.007087679392299151,%
clt,2004,0.0035905237072171303,%
