variable,year,value,unit
rsut,2000,-0.012254245736400549,W m-2
rsut,2001,-0.019805334241695505,W m-2
rsut,2002,-0.035613722325379626,W m-2
rsut,2003,0.02290934984428361,W m-2
rsut,2004,-0.01882866754314705,W m-2
