variable,year,value,unit
emiso2,2000,-6.647676829630061e-15,kg m-2 s-1
emiso2,2001,-6.929747959891405e-15,kg m-2 s-1
emiso2,2002,-7.136806961533535e-15,kg m-2 s-1
emiso2,2003,-7.254027040749381e-15,kg m-2 s-1
emiso2,2004,-8.053779867930954e-15,kg m-2 s-1
