variable,year,value,unit
emiso2,2000,-1.120993172562125e-14,kg m-2 s-1
emiso2,2001,-1.085220160639864e-14,kg m-2 s-1
emiso2,2002,-1.1319765423504944e-14,kg m-2 s-1
emiso2,2003,-1.1650952088186759e-14,kg m-2 s-1
emiso2,2004,-1.1842926775873118e-14,kg m-2 s-1
