variable,year,value,unit
srfdms,2000,1.3202589738710472e-14,mol mol-1
srfdms,2001,-1.0155171751414621e-14,mol mol-1
srfdms,2002,-1.1877804666177623e-14,mol mol-1
srfdms,2003,1.9784394230526963e-14,mol mol-1
srfdms,2004,-7.078078724758054e-15,mol mol-1
