variable,year,value,unit
clt,2000,-0.025335249863864817,%
clt,2001,0.017009767515958174,%
clt,2002,0.04039036249989891,%
clt,2003,-0.023382824691545068,%
clt,2004,0.027088956521232888,%
