variable,year,value,unit
mmrso4,2000,-8.00260692288814e-13,kg kg-1
mmrso4,2001,-3.3307920398239075e-13,kg kg-1
mmrso4,2002,3.2776300456440355e-13,kg kg-1
mmrso4,2003,2.1369859425130254e-13,kg kg-1
mmrso4,2004,-5.433647043415343e-13,kg kg-1
