variable,year,value,unit
emibc,2000,1.0594313478479059e-21,kg m-2 s-1
emibc,2001,-1.6485615197308705e-22,kg m-2 s-1
emibc,2002,-4.269525863850472e-21,kg m-2 s-1
emibc,2003,2.8417829324195654e-21,kg m-2 s-1
emibc,2004,3.003274548455674e-21,kg m-2 s-1
emibc,2005,2.5273597625585332e-21,kg m-2 s-1
emibc,2006,-6.480858872721614e-21,kg m-2 s-1
emibc,2007,-2.0546384370670208e-21,kg m-2 s-1
emibc,2008,-1.8284813808968235e-22,kg m-2 s-1
emibc,2009,5.808456303869804e-22,kg m-2 s-1
