variable,year,value,unit
dryso2,2001,-2.5764150313488988e-15,kg m-2 s-1
dryso2,2002,-3.593835990568635e-15,kg m-2 s-1
dryso2,2003,-4.041077342934423e-15,kg m-2 s-1
dryso2,2004,-4.0920656537349505e-15,kg m-2 s-1
dryso2,2005,-3.2449464958174814e-15,kg m-2 s-1
