variable,year,value,unit
dryso4,2000,-1.4717178659271685e-15,kg m-2 s-1
dryso4,2001,-1.4293091806647901e-15,kg m-2 s-1
dryso4,2002,-2.3270236671360206e-15,kg m-2 s-1
dryso4,2003,-1.5208739160204775e-15,kg m-2 s-1
dryso4,2004,-1.8265134990310295e-15,kg m-2 s-1
