variable,year,value,unit
loadso2,2000,-1.0888509105468418e-09,kg m-2
loadso2,2001,-8.343080366036801e-10,kg m-2
loadso2,2002,2.7102402995981735e-10,kg m-2
loadso2,2003,-1.7808315602974222e-09,kg m-2
loadso2,2004,6.528970400266176e-10,kg m-2
