variable,year,value,unit
rlutcs,2000,0.00011904014763786108,W m-2
rlutcs,2001,0.0010490183461229208,W m-2
rlutcs,2002,-0.0014004268970211342,W m-2
rlutcs,2003,-0.007916183030602042,W m-2
rlutcs,2004,-0.0013602931644527416,W m-2
