variable,year,value,unit
rsutcs,2001,-0.0006983554201624997,W m-2
rsutcs,2002,-0.0069782492713201805,W m-2
rsutcs,2003,0.0031883955752505244,W m-2
rsutcs,2004,0.006001596670031972,W m-2
rsutcs,2005,0.005608718669904533,W m-2
