variable,year,value,unit
dms,2000,7.388763146699864e-15,mol mol-1
dms,2001,1.3726085832112621e-15,mol mol-1
dms,2002,-9.472347226472395e-15,mol mol-1
dms,2003,-2.6891778487443863e-14,mol mol-1
dms,2004,-1.611729824063348e-14,mol mol-1
