variable,year,value,unit
wetbc,2000,8.954158322868776e-17,kg m-2 s-1
wetbc,2001,-4.3036425031984225e-17,kg m-2 s-1
wetbc,2002,-7.876633666804339e-17,kg m-2 s-1
wetbc,2003,-5.857263345473272e-18,kg m-2 s-1
wetbc,2004,-1.011832444124359e-16,kg m-2 s-1
