variable,year,value,unit
rlutcs,2000,0.008567807752910994,W m-2
rlutcs,2001,0.0016884025189938257,W m-2
rlutcs,2002,0.006506047776497326,W m-2
rlutcs,2003,0.00516037786474044,W m-2
rlutcs,2004,0.005697762260354011,W m-2
