variable,year,value,unit
emiso2,2000,-4.2206886509248116e-13,kg m-2 s-1
emiso2,2001,-4.429110564017745e-13,kg m-2 s-1
emiso2,2002,-4.141286485501079e-13,kg m-2 s-1
emiso2,2003,-4.2568895696334673e-13,kg m-2 s-1
emiso2,2004,-4.568206696069246e-13,kg m-2 s-1
