variable,year,value,unit
rsut,2000,-0.03658943284354166,W m-2
rsut,2001,-0.027012697922529583,W m-2
rsut,2002,-0.001416996927318337,W m-2
rsut,2003,-0.0028326528642850235,W m-2
rsut,2004,-0.021480809251499977,W m-2
