variable,year,value,unit
wetso2,2000,-2.7325909250248786e-17,kg m-2 s-1
wetso2,2001,-3.191882877410438e-17,kg m-2 s-1
wetso2,2002,-3.0093217288191906e-17,kg m-2 s-1
wetso2,2003,-3.1844578870524836e-17,kg m-2 s-1
wetso2,2004,-3.184680875369729e-17,kg m-2 s-1
