variable,year,value,unit
rlut,2000,0.015060378531046581,W m-2
rlut,2001,0.004274792023807095,W m-2
rlut,2002,0.007941275550592763,W m-2
rlut,2003,0.010249347285906651,W m-2
rlut,2004,0.008711643054681417,W m-2
