variable,year,value,unit
rlut,2000,0.07552454866441849,W m-2
rlut,2001,0.0844053962419764,W m-2
rlut,2002,0.0697237735142835,W m-2
rlut,2003,0.056035338624525366,W m-2
rlut,2004,0.07770011819422962,W m-2
