variable,year,value,unit
mmrso4,2000,-2.4423810643832948e-11,kg kg-1
mmrso4,2001,-2.615851790837504e-11,kg kg-1
mmrso4,2002,-2.4846998023104973e-11,kg kg-1
mmrso4,2003,-2.520710000477693e-11,kg kg-1
mmrso4,2004,-2.707438029795476e-11,kg kg-1
