variable,year,value,unit
rlutcs,2000,-0.010503167520312218,W m-2
rlutcs,2001,0.0004910003671056984,W m-2
rlutcs,2002,-0.013206722063046072,W m-2
rlutcs,2003,0.00832150621386063,W m-2
rlutcs,2004,0.0027585235144442777,W m-2
