variable,year,value,unit
loadbc,2000,-1.5655653194973726e-11,kg m-2
loadbc,2001,-4.725517610781013e-11,kg m-2
loadbc,2002,4.3539302484412465e-10,kg m-2
loadbc,2003,-1.8973421337914516e-10,kg m-2
loadbc,2004,-3.1762858589416246e-10,kg m-2
