variable,year,value,unit
rsut,2000,0.012889163127766778,W m-2
rsut,2001,-0.014336837897488408,W m-2
rsut,2002,-0.0019490687397194506,W m-2
rsut,2003,-0.0050365454575285185,W m-2
rsut,2004,-0.007030150183311434,W m-2
