variable,year,value,unit
dryso4,2000,-1.437944393024648e-14,kg m-2 s-1
dryso4,2001,-1.4537125851273675e-14,kg m-2 s-1
dryso4,2002,-1.4101218676321257e-14,kg m-2 s-1
dryso4,2003,-1.457684786502687e-14,kg m-2 s-1
dryso4,2004,-1.6511893056818587e-14,kg m-2 s-1
