variable,year,value,unit
loadbc,2000,-3.9439114207750715e-12,kg m-2
loadbc,2001,2.6404742980269557e-11,kg m-2
loadbc,2002,2.499774555963525e-13,kg m-2
loadbc,2003,9.967314664783247e-12,kg m-2
loadbc,2004,-5.896264477243317e-12,kg m-2
