variable,year,value,unit
rsut,2000,-0.042219818697248,W m-2
rsut,2001,-0.02557712954246938,W m-2
rsut,2002,0.03747638107483908,W m-2
rsut,2003,-0.009699438577086994,W m-2
rsut,2004,0.022287834768491166,W m-2
