variable,year,value,unit
so2,2000,-2.19722443258794e-12,mol mol-1
so2,2001,-2.6204344441227494e-12,mol mol-1
so2,2002,-2.333959816898361e-12,mol mol-1
so2,2003,-2.4185251260919533e-12,mol mol-1
so2,2004,-2.3966052384273453e-12,mol mol-1
