variable,year,value,unit
wetso2,2000,-8.451682318916252e-18,kg m-2 s-1
wetso2,2001,-9.359391285628242e-18,kg m-2 s-1
wetso2,2002,-1.104888076880792e-17,kg m-2 s-1
wetso2,2003,-1.009664860548139e-17,kg m-2 s-1
wetso2,2004,-7.732598807724458e-18,kg m-2 s-1
