variable,year,value,unit
clivi,2000,2.8666132123409543e-06,kg m-2
clivi,2001,1.4833211695805537e-06,kg m-2
clivi,2002,-2.75032540438154e-06,kg m-2
clivi,2003,5.721393289966764e-06,kg m-2
clivi,2004,-1.2959639613344814e-06,kg m-2
