variable,year,value,unit
clt,2000,-0.0075513775884985535,%
clt,2001,0.002128189526658275,%
clt,2002,0.007851062481122995,%
clt,2003,-0.015169157345880535,%
clt,2004,-0.00871362536860687,%
