variable,year,value,unit
emiso2,2000,-1.332813825312402e-12,kg m-2 s-1
emiso2,2001,-1.3307048476000364e-12,kg m-2 s-1
emiso2,2002,-1.2883245710099018e-12,kg m-2 s-1
emiso2,2003,-1.3054684943126692e-12,kg m-2 s-1
emiso2,2004,-1.4058563509441416e-12,kg m-2 s-1
