variable,year,value,unit
rlutcs,2000,-2.3193242725483287e-05,W m-2
rlutcs,2001,0.00030894164305550476,W m-2
rlutcs,2002,0.007920597911748928,W m-2
rlutcs,2003,0.0050392146748095,W m-2
rlutcs,2004,0.009875952606535066,W m-2
