variable,year,value,unit
drybc,2000,-9.273797419124991e-17,kg m-2 s-1
drybc,2001,-1.1109243464629563e-16,kg m-2 s-1
drybc,2002,1.1878011548920096e-16,kg m-2 s-1
drybc,2003,1.1876158454202374e-16,kg m-2 s-1
drybc,2004,-6.147743540029803e-17,kg m-2 s-1
