variable,year,value,unit
dryso4,2000,-1.5026688894894593e-15,kg m-2 s-1
dryso4,2001,-1.0161867467267434e-15,kg m-2 s-1
dryso4,2002,-1.4776981999293195e-15,kg m-2 s-1
dryso4,2003,-1.3199938617799846e-15,kg m-2 s-1
dryso4,2004,-1.6850220820488709e-15,kg m-2 s-1
