variable,year,value,unit
drybc,2001,-5.430936139828736e-16,kg m-2 s-1
drybc,2002,2.9462133306992317e-15,kg m-2 s-1
drybc,2003,-5.38624808300254e-16,kg m-2 s-1
drybc,2004,6.669623317549012e-16,kg m-2 s-1
drybc,2005,2.0677350251329365e-15,kg m-2 s-1
