variable,year,value,unit
wetso4,2000,-3.389537889805738e-14,kg m-2 s-1
wetso4,2001,-4.0262142526735884e-14,kg m-2 s-1
wetso4,2002,-3.4675138632781066e-14,kg m-2 s-1
wetso4,2003,-4.50249632986673e-14,kg m-2 s-1
wetso4,2004,-3.4395678045953526e-14,kg m-2 s-1
