variable,year,value,unit
so2,2005,-5.248851404918788e-12,mol mol-1
so2,2006,-4.656498493525494e-12,mol mol-1
so2,2007,-5.327669916175903e-12,mol mol-1
so2,2008,-5.27376020174635e-12,mol mol-1
so2,2009,-5.466030560468584e-12,mol mol-1
