variable,year,value,unit
mmrso4,2000,-2.431967376322165e-12,kg kg-1
mmrso4,2001,-1.5158518070109257e-12,kg kg-1
mmrso4,2002,-8.54765453103619e-13,kg kg-1
mmrso4,2003,-4.369650261623009e-13,kg kg-1
mmrso4,2004,-4.2118815169719315e-13,kg kg-1
