variable,year,value,unit
clt,2000,-0.023957583611462496,%
clt,2001,-0.0313264347449973,%
clt,2002,0.03618333406713248,%
clt,2003,0.00398863492986834,%
clt,2004,0.029503993034921905,%
