variable,year,value,unit
od550aer,2000,0.00010167698673013009,1
od550aer,2001,0.00015584523267239692,1
od550aer,2002,0.00012489991220487363,1
od550aer,2003,0.00014191899728793235,1
od550aer,2004,6.161960861559602e-05,1
