variable,year,value,unit
loadso4,2000,-6.445265388385184e-09,kg m-2
loadso4,2001,-5.829894669301962e-09,kg m-2
loadso4,2002,-6.169055345207558e-09,kg m-2
loadso4,2003,-7.066903921949635e-09,kg m-2
loadso4,2004,-8.275402323562472e-09,kg m-2
