variable,year,value,unit
wetso2,2001,-1.494432782782506e-15,kg m-2 s-1
wetso2,2002,-4.724318774362487e-16,kg m-2 s-1
wetso2,2003,-8.490607334696819e-16,kg m-2 s-1
wetso2,2004,-1.7594908168857668e-16,kg m-2 s-1
wetso2,2005,8.450223569995455e-16,kg m-2 s-1
