variable,year,value,unit
rlutcs,2001,-0.1305085697388222,W m-2
rlutcs,2002,-0.09337250983716672,W m-2
rlutcs,2003,0.7813945197671046,W m-2
rlutcs,2004,0.7954916098715898,W m-2
rlutcs,2005,-0.5294171607761768,W m-2
