variable,year,value,unit
clt,2000,0.0418974810024082,%
clt,2001,-0.014119427401737994,%
clt,2002,0.06113933891329282,%
clt,2003,0.02552150488496352,%
clt,2004,0.042203284285022846,%
