variable,year,value,unit
emiso2,2000,-1.9139361746172832e-13,kg m-2 s-1
emiso2,2001,-2.0100977792118474e-13,kg m-2 s-1
emiso2,2002,-1.8878188749941254e-13,kg m-2 s-1
emiso2,2003,-1.9353697633190364e-13,kg m-2 s-1
emiso2,2004,-2.0778972711013543e-13,kg m-2 s-1
