variable,year,value,unit
dryso4,2000,-0.6371711861963215,kg m-2 s-1
dryso4,2001,-0.6571892481395664,kg m-2 s-1
dryso4,2002,-0.6096660906417,kg m-2 s-1
dryso4,2003,-0.6417445497393147,kg m-2 s-1
dryso4,2004,-0.6634550368612723,kg m-2 s-1
