variable,year,value,unit
dryso2,2000,-1.2904640279532409,kg m-2 s-1
dryso2,2001,-1.3342111733910686,kg m-2 s-1
dryso2,2002,-1.2659385772105627,kg m-2 s-1
dryso2,2003,-1.2752365254203892,kg m-2 s-1
dryso2,2004,-1.3228495246299508,kg m-2 s-1
