variable,year,value,unit
rsut,2000,-0.00847596718630067,W m-2
rsut,2001,0.035769596900889176,W m-2
rsut,2002,-0.0029399813405740715,W m-2
rsut,2003,-0.02725260994895138,W m-2
rsut,2004,-0.027710199574854207,W m-2
