variable,year,value,unit
dryso4,2000,-0.5948196201948087,kg m-2 s-1
dryso4,2001,-0.6123973386719774,kg m-2 s-1
dryso4,2002,-0.5645874985232489,kg m-2 s-1
dryso4,2003,-0.6146904507241874,kg m-2 s-1
dryso4,2004,-0.6156204939928539,kg m-2 s-1
