variable,year,value,unit
wetbc,2000,2.0878344005352696e-16,kg m-2 s-1
wetbc,2001,2.310966545877365e-16,kg m-2 s-1
wetbc,2002,-2.7871769643614134e-16,kg m-2 s-1
wetbc,2003,-1.1684695250774314e-16,kg m-2 s-1
wetbc,2004,2.6770838850881235e-16,kg m-2 s-1
