variable,year,value,unit
clivi,2000,0.0001262273795475527,kg m-2
clivi,2001,6.959431255962323e-06,kg m-2
clivi,2002,-0.00023823412517777476,kg m-2
clivi,2003,0.001147350284932222,kg m-2
clivi,2004,0.0008210568848765892,kg m-2
