variable,year,value,unit
drybc,2000,1.2376553917477976e-17,kg m-2 s-1
drybc,2001,2.391350105631807e-18,kg m-2 s-1
drybc,2002,1.141044837917625e-17,kg m-2 s-1
drybc,2003,1.1523582014578765e-17,kg m-2 s-1
drybc,2004,9.506358522708363e-18,kg m-2 s-1
