variable,year,value,unit
mmrso4,2000,-1.4490026123534948e-10,kg kg-1
mmrso4,2001,-1.0672263653137815e-10,kg kg-1
mmrso4,2002,-1.0147111662150413e-10,kg kg-1
mmrso4,2003,-8.01911743432683e-11,kg kg-1
mmrso4,2004,-8.750788374128177e-11,kg kg-1
