variable,year,value,unit
cl,2000,-0.05453473506987427,%
cl,2001,0.05872538667054329,%
cl,2002,0.22624517299584687,%
cl,2003,-0.20395405371790384,%
cl,2004,0.056099171486546494,%
