variable,year,value,unit
mmrbc,2000,0.08205813669189427,kg kg-1
mmrbc,2001,-0.07344201824214508,kg kg-1
mmrbc,2002,0.14354280623823487,kg kg-1
mmrbc,2003,-0.25566940173115127,kg kg-1
mmrbc,2004,-0.12073635527921828,kg kg-1
