variable,year,value,unit
rsutcs,2000,-0.025038904362874266,W m-2
rsutcs,2001,-0.008025139038868657,W m-2
rsutcs,2002,-0.00858120484011329,W m-2
rsutcs,2003,-0.02179770137450327,W m-2
rsutcs,2004,-0.023642837252096358,W m-2
