variable,year,value,unit
rlut,2000,0.3114084301013717,W m-2
rlut,2001,0.28632141074258377,W m-2
rlut,2002,0.2597154319766659,W m-2
rlut,2003,0.2539656478662818,W m-2
rlut,2004,0.2498699324479364,W m-2
