variable,year,value,unit
rsutcs,2000,-0.7716376100255958,W m-2
rsutcs,2001,-0.7809437266160831,W m-2
rsutcs,2002,-0.7028980035718935,W m-2
rsutcs,2003,-0.8066620008628539,W m-2
rsutcs,2004,-0.9480773451762216,W m-2
