variable,year,value,unit
clivi,2000,-4.650702459600212,kg m-2
clivi,2001,-4.540104339990142,kg m-2
clivi,2002,-4.011007591086769,kg m-2
clivi,2003,-4.09460886622714,kg m-2
clivi,2004,-4.025096973736527,kg m-2
