variable,year,value,unit
wetso4,2000,0.21268660482959026,kg m-2 s-1
wetso4,2001,0.13004213590845692,kg m-2 s-1
wetso4,2002,0.28062327027787326,kg m-2 s-1
wetso4,2003,0.21148665241969722,kg m-2 s-1
wetso4,2004,0.20771284250112385,kg m-2 s-1
