variable,year,value,unit
wetso2,2000,0.16563429022986462,kg m-2 s-1
wetso2,2001,0.20643589437934562,kg m-2 s-1
wetso2,2002,0.25095508749802475,kg m-2 s-1
wetso2,2003,0.32165139200654047,kg m-2 s-1
wetso2,2004,0.33053806707679145,kg m-2 s-1
