variable,year,value,unit
rlutcs,2000,-0.0002705572729075427,W m-2
rlutcs,2001,-0.005834798245581471,W m-2
rlutcs,2002,-0.011778300538852596,W m-2
rlutcs,2003,-0.00969755742955955,W m-2
rlutcs,2004,-0.006941915182788977,W m-2
