variable,year,value,unit
clivi,2000,-0.2832374019547805,kg m-2
clivi,2001,-0.16175775850203006,kg m-2
clivi,2002,-0.0824788150683123,kg m-2
clivi,2003,-0.5441697403352259,kg m-2
clivi,2004,-0.033148200104683515,kg m-2
