variable,year,value,unit
so2,2000,0.16326465460136033,mol mol-1
so2,2001,0.16652964337269005,mol mol-1
so2,2002,0.07230620121870263,mol mol-1
so2,2003,0.07280892620600944,mol mol-1
so2,2004,0.10373286066548315,mol mol-1
