variable,year,value,unit
mmrbc,2000,-0.06803888309088785,kg kg-1
mmrbc,2001,0.06356966792281854,kg kg-1
mmrbc,2002,0.010370339201129414,kg kg-1
mmrbc,2003,-0.013468947645448245,kg kg-1
mmrbc,2004,-0.019072707743663125,kg kg-1
