variable,year,value,unit
clt,2000,0.001229650754719415,%
clt,2001,0.001811206736004311,%
clt,2002,-0.0015353654883657343,%
clt,2003,-0.004818114650775362,%
clt,2004,-0.001249877733607739,%
