variable,year,value,unit
loadbc,2000,0.024377526677726087,kg m-2
loadbc,2001,-0.05846857946572446,kg m-2
loadbc,2002,0.06612572356054103,kg m-2
loadbc,2003,-0.01664402307900736,kg m-2
loadbc,2004,-0.013386223097670884,kg m-2
