variable,year,value,unit
loadbc,2000,-0.03918924113628484,kg m-2
loadbc,2001,-0.08046358271177351,kg m-2
loadbc,2002,0.05072211480359331,kg m-2
loadbc,2003,0.02452778417899348,kg m-2
loadbc,2004,-0.0812918105690887,kg m-2
