variable,year,value,unit
wetbc,2000,0.05505331099916528,kg m-2 s-1
wetbc,2001,0.013031760197785555,kg m-2 s-1
wetbc,2002,0.053960659300277554,kg m-2 s-1
wetbc,2003,-0.01681573034791863,kg m-2 s-1
wetbc,2004,-0.023666426903386256,kg m-2 s-1
