variable,year,value,unit
loadso4,2000,-0.600677270973867,kg m-2
loadso4,2001,0.24725611781380627,kg m-2
loadso4,2002,-0.008177292535679186,kg m-2
loadso4,2003,0.5258843106832233,kg m-2
loadso4,2004,0.3820519538637186,kg m-2
