variable,year,value,unit
so2,2000,0.030349573355000457,mol mol-1
so2,2001,0.032376133307834086,mol mol-1
so2,2002,0.05874689293673647,mol mol-1
so2,2003,0.21335959232810264,mol mol-1
so2,2004,0.060038530370980114,mol mol-1
