variable,year,value,unit
rsut,2000,-0.057619309156381665,W m-2
rsut,2001,-0.01596146190918925,W m-2
rsut,2002,0.0006900409601550609,W m-2
rsut,2003,0.006979603674781869,W m-2
rsut,2004,-0.0028576773819148963,W m-2
