variable,year,value,unit
emibc,2000,2.2902708103335257e-05,kg m-2 s-1
emibc,2001,1.256405792182202e-05,kg m-2 s-1
emibc,2002,3.1589160061397056e-06,kg m-2 s-1
emibc,2003,3.348102634208562e-05,kg m-2 s-1
emibc,2004,3.2874435230006946e-05,kg m-2 s-1
