variable,year,value,unit
dryso4,2000,0.026352500287908517,kg m-2 s-1
dryso4,2001,0.20183489470115096,kg m-2 s-1
dryso4,2002,0.019067043911104663,kg m-2 s-1
dryso4,2003,-0.31998119643287126,kg m-2 s-1
dryso4,2004,-0.1495773666911292,kg m-2 s-1
