variable,year,value,unit
mmrso4,2000,-0.18066086731764786,kg kg-1
mmrso4,2001,-0.1694354853212137,kg kg-1
mmrso4,2002,-0.05962046015790814,kg kg-1
mmrso4,2003,-0.13689025879812466,kg kg-1
mmrso4,2004,-0.0805009915475977,kg kg-1
