variable,year,value,unit
dryso4,2000,-36.55975175460118,kg m-2 s-1
dryso4,2001,-39.06300625221659,kg m-2 s-1
dryso4,2002,-38.052945305985645,kg m-2 s-1
dryso4,2003,-36.80155776782394,kg m-2 s-1
dryso4,2004,-36.297699280039616,kg m-2 s-1
