variable,year,value,unit
loadso2,2000,-47.756773477806355,kg m-2
loadso2,2001,-51.18905924380772,kg m-2
loadso2,2002,-47.788387825794054,kg m-2
loadso2,2003,-47.59634971575399,kg m-2
loadso2,2004,-50.64058774562626,kg m-2
