variable,year,value,unit
loadso4,2000,-8.800664746339686,kg m-2
loadso4,2001,-10.080387177365047,kg m-2
loadso4,2002,-9.362928262778818,kg m-2
loadso4,2003,-12.060413081535637,kg m-2
loadso4,2004,-13.459341089105155,kg m-2
