variable,year,value,unit
mmrbc,2000,-0.7024217387075409,kg kg-1
mmrbc,2001,1.6327509627300278,kg kg-1
mmrbc,2002,0.8754089567019825,kg kg-1
mmrbc,2003,-1.0206835536957954,kg kg-1
mmrbc,2004,2.236717455642189,kg kg-1
