variable,year,value,unit
wetbc,2000,4.485121654277184,kg m-2 s-1
wetbc,2001,9.222543641825723,kg m-2 s-1
wetbc,2002,7.147998262569328,kg m-2 s-1
wetbc,2003,5.654301899209997,kg m-2 s-1
wetbc,2004,7.5031952578790095,kg m-2 s-1
