variable,year,value,unit
wetso4,2000,-3.0076648035673976,kg m-2 s-1
wetso4,2001,-21.898646570944962,kg m-2 s-1
wetso4,2002,-9.065220283572677,kg m-2 s-1
wetso4,2003,-4.2763356045631165,kg m-2 s-1
wetso4,2004,8.09567367521488,kg m-2 s-1
