variable,year,value,unit
mmrbc,2000,-0.8478789795687148,kg kg-1
mmrbc,2001,-1.2176367283958056,kg kg-1
mmrbc,2002,-0.9429197013349103,kg kg-1
mmrbc,2003,-0.8269720979382407,kg kg-1
mmrbc,2004,-0.7813620271999732,kg kg-1
