variable,year,value,unit
clivi,2000,-2.330175017483749e-05,kg m-2
clivi,2001,-5.744072622517436e-05,kg m-2
clivi,2002,-5.438617937259405e-05,kg m-2
clivi,2003,2.4738322939865665e-06,kg m-2
clivi,2004,-1.2701777460547709e-05,kg m-2
