variable,year,value,unit
loadbc,2000,1.1586403744644202e-12,kg m-2
loadbc,2001,1.4231863892951302e-12,kg m-2
loadbc,2002,-6.061992497444645e-12,kg m-2
loadbc,2003,5.167499556984732e-12,kg m-2
loadbc,2004,-5.637717194359048e-12,kg m-2
