variable,year,value,unit
loadso4,2000,-6.599621483784593e-08,kg m-2
loadso4,2001,-6.80695455611481e-08,kg m-2
loadso4,2002,-6.847393553397789e-08,kg m-2
loadso4,2003,-7.189494888049032e-08,kg m-2
loadso4,2004,-7.993627395583692e-08,kg m-2
