variable,year,value,unit
loadso4,2000,0.6408601746537653,kg m-2
loadso4,2001,0.3372632793606109,kg m-2
loadso4,2002,0.30855026686795844,kg m-2
loadso4,2003,0.5060339538067994,kg m-2
loadso4,2004,0.11423815597347299,kg m-2
