variable,year,value,unit
clivi,2000,0.0143972635,kg m-2
clivi,2001,-0.048500214,kg m-2
clivi,2002,-0.062351324,kg m-2
clivi,2003,-0.05583081,kg m-2
clivi,2004,-0.050231423,kg m-2
