variable,year,value,unit
rsut,2000,0.07638753983944817,W m-2
rsut,2001,-0.376213617163557,W m-2
rsut,2002,0.4096809067543132,W m-2
rsut,2003,-0.13819598803078323,W m-2
rsut,2004,0.3170122527342065,W m-2
