variable,year,value,unit
clt,2000,0.017785541360891628,%
clt,2001,-0.08474619968851185,%
clt,2002,0.10940285835318712,%
clt,2003,0.022271172907622087,%
clt,2004,-0.06647963971380848,%
