variable,year,value,unit
dryso4,2000,-74.37563088000516,kg m-2 s-1
dryso4,2001,-74.13628468637982,kg m-2 s-1
dryso4,2002,-73.21482993806814,kg m-2 s-1
dryso4,2003,-74.20972573993129,kg m-2 s-1
dryso4,2004,-74.76775955373745,kg m-2 s-1
