variable,year,value,unit
rsutcs,2000,0.027524430133852924,W m-2
rsutcs,2001,0.002257442823821385,W m-2
rsutcs,2002,-0.027756351117111097,W m-2
rsutcs,2003,0.02065705448633867,W m-2
rsutcs,2004,0.015123954551188356,W m-2
