variable,year,value,unit
drybc,2000,4.802786714954552,kg m-2 s-1
drybc,2001,4.734728970539099,kg m-2 s-1
drybc,2002,5.043443705363818,kg m-2 s-1
drybc,2003,4.939912404395541,kg m-2 s-1
drybc,2004,5.212470929629827,kg m-2 s-1
