variable,year,value,unit
drybc,2000,-0.0067185477851297295,kg m-2 s-1
drybc,2001,0.02614658881446558,kg m-2 s-1
drybc,2002,0.018386556100816572,kg m-2 s-1
drybc,2003,-0.019901216150406124,kg m-2 s-1
drybc,2004,0.004794873228664942,kg m-2 s-1
