variable,year,value,unit
rsdt,2000,-4.0266676372450926e-07,W m-2
rsdt,2001,2.991485213271257e-07,W m-2
rsdt,2002,2.0491258373024677e-07,W m-2
rsdt,2003,-2.3800992445018275e-07,W m-2
rsdt,2004,-1.0691964770498692e-07,W m-2
