variable,year,value,unit
rsutcs,2001,0.02932114933945229,W m-2
rsutcs,2002,0.024354588295267376,W m-2
rsutcs,2003,0.025499754094127525,W m-2
rsutcs,2004,0.026776084750707696,W m-2
