variable,year,value,unit
rsut,2001,0.017518042190914684,W m-2
rsut,2002,0.015844433578592998,W m-2
rsut,2003,0.01699920518545639,W m-2
rsut,2004,0.016214043574677817,W m-2
