variable,year,value,unit
drybc,2001,4.460480668359489e-16,kg m-2 s-1
drybc,2002,3.1001279846299443e-16,kg m-2 s-1
drybc,2003,2.819800875400807e-16,kg m-2 s-1
drybc,2004,8.825356922769882e-17,kg m-2 s-1
