variable,year,value,unit
mmrbc,2000,-1.7173462960662695e-13,kg kg-1
mmrbc,2001,-1.252347243822562e-13,kg kg-1
mmrbc,2002,9.454350559948174e-14,kg kg-1
mmrbc,2003,-1.234668800505264e-13,kg kg-1
mmrbc,2004,5.034868748953961e-14,kg kg-1
