variable,year,value,unit
mmrso4,2001,1.6679587245104357e-11,kg kg-1
mmrso4,2002,1.2705000672104006e-11,kg kg-1
mmrso4,2003,1.2608164352737183e-11,kg kg-1
mmrso4,2004,1.3094521192720076e-11,kg kg-1
