variable,year,value,unit
rsut,2001,0.06749956888964448,W m-2
rsut,2002,0.07769131778771055,W m-2
rsut,2003,0.02063980464697579,W m-2
rsut,2004,0.0771061403028881,W m-2
