variable,year,value,unit
dryso4,2000,-8.846000028185554e-15,kg m-2 s-1
dryso4,2001,-9.565164397135466e-15,kg m-2 s-1
dryso4,2002,-7.940957029936413e-15,kg m-2 s-1
dryso4,2003,-9.286805097023143e-15,kg m-2 s-1
dryso4,2004,-5.950667480244814e-15,kg m-2 s-1
