variable,year,value,unit
od550aer,2001,0.0015940105447273811,1
od550aer,2002,0.0011044204606398544,1
od550aer,2003,0.0012223866807223038,1
od550aer,2004,0.0012328673327053064,1
