variable,year,value,unit
drybc,2000,-1.094017206573604e-16,kg m-2 s-1
drybc,2001,7.409699002630606e-17,kg m-2 s-1
drybc,2002,7.35859716471759e-17,kg m-2 s-1
drybc,2003,-7.505602058921757e-17,kg m-2 s-1
drybc,2004,1.796176806650397e-17,kg m-2 s-1
