variable,year,value,unit
loadso2,2000,-1.1589352802417882e-07,kg m-2
loadso2,2001,-1.064421736087964e-07,kg m-2
loadso2,2002,-9.13451150270023e-08,kg m-2
loadso2,2003,-1.0595970558210197e-07,kg m-2
loadso2,2004,-1.0182713015924852e-07,kg m-2
