variable,year,value,unit
rlut,2001,-0.08835089152350406,W m-2
rlut,2002,0.026438162590380898,W m-2
rlut,2003,0.0739560398095307,W m-2
rlut,2004,-0.03005376746489219,W m-2
