variable,year,value,unit
mmrso4,2000,4.179646670713956e-11,kg kg-1
mmrso4,2001,3.962821411807782e-11,kg kg-1
mmrso4,2002,3.3791556627383705e-11,kg kg-1
mmrso4,2003,4.216713952982945e-11,kg kg-1
mmrso4,2004,3.582481783413588e-11,kg kg-1
