variable,year,value,unit
rlut,2000,0.018374630496282407,W m-2
rlut,2001,0.004736708471369866,W m-2
rlut,2002,-0.001781932495134697,W m-2
rlut,2003,-0.010252152767094458,W m-2
rlut,2004,-0.015067126285941868,W m-2
