variable,year,value,unit
emibc,2001,-4.556926184297641e-16,kg m-2 s-1
emibc,2002,-4.584594780861714e-16,kg m-2 s-1
emibc,2003,-4.748873187586806e-16,kg m-2 s-1
emibc,2004,-4.952423315675369e-16,kg m-2 s-1
