variable,year,value,unit
emibc,2000,-6.26193806161638e-20,kg m-2 s-1
emibc,2001,1.3981667286560644e-20,kg m-2 s-1
emibc,2002,-3.877191723898613e-20,kg m-2 s-1
emibc,2003,-1.418632360428202e-20,kg m-2 s-1
emibc,2004,-1.3988578788514276e-19,kg m-2 s-1
