variable,year,value,unit
so2,2000,-1.3776554304680855e-11,mol mol-1
so2,2001,-1.237562903321972e-11,mol mol-1
so2,2002,-1.2636485249773624e-11,mol mol-1
so2,2003,-1.3620782894416592e-11,mol mol-1
so2,2004,-1.279423501886495e-11,mol mol-1
