variable,year,value,unit
cl,2000,0.016873721177991463,%
cl,2001,0.028996733199258884,%
cl,2002,-0.0024312584678991556,%
cl,2003,0.01615541418307842,%
cl,2004,0.0013922178458551926,%
