variable,year,value,unit
wetbc,2000,-1.0474587296675812e-15,kg m-2 s-1
wetbc,2001,-1.4375466661079556e-16,kg m-2 s-1
wetbc,2002,-5.024339904794979e-16,kg m-2 s-1
wetbc,2003,-8.100064765362922e-16,kg m-2 s-1
wetbc,2004,-1.1459192419853764e-15,kg m-2 s-1
