variable,year,value,unit
clt,2001,-0.006024918491029041,%
clt,2002,-0.01385629881730921,%
clt,2003,-0.12213012008528068,%
clt,2004,0.10098142372213204,%
