variable,year,value,unit
od550aer,2000,0.000287999937777228,1
od550aer,2001,0.0003280731991428809,1
od550aer,2002,0.00027802293969866887,1
od550aer,2003,0.0003504598950619664,1
od550aer,2004,0.00035193455281820607,1
