variable,year,value,unit
od550aer,2000,0.00035776865162315263,1
od550aer,2001,0.00026363905817355926,1
od550aer,2002,0.0003602181542317895,1
od550aer,2003,0.00024168564112378443,1
od550aer,2004,0.0003522590550186222,1
