variable,year,value,unit
rsutcs,2001,0.07062273176963174,W m-2
rsutcs,2002,0.05478892585173867,W m-2
rsutcs,2003,0.0641431252583402,W m-2
rsutcs,2004,0.07055866841500347,W m-2
