variable,year,value,unit
rlutcs,2000,-0.014575280240308075,W m-2
rlutcs,2001,-0.011130242633612397,W m-2
rlutcs,2002,0.012091473582643175,W m-2
rlutcs,2003,-0.013811590849911681,W m-2
rlutcs,2004,-0.008920956282537418,W m-2
