variable,year,value,unit
dms,2000,-4.3013810673203944e-16,mol mol-1
dms,2001,1.1593299665000577e-14,mol mol-1
dms,2002,-2.4597499881359245e-14,mol mol-1
dms,2003,-4.2579061538075654e-15,mol mol-1
dms,2004,1.1011960105816889e-14,mol mol-1
