variable,year,value,unit
rsdt,2001,5.634063882098417e-08,W m-2
rsdt,2002,1.7095476323447656e-07,W m-2
rsdt,2003,1.1327074389555492e-07,W m-2
rsdt,2004,-2.5023666694323765e-08,W m-2
