variable,year,value,unit
loadso4,2000,4.277907295530508e-08,kg m-2
loadso4,2001,4.341243835905715e-08,kg m-2
loadso4,2002,4.1974850034711214e-08,kg m-2
loadso4,2003,4.9180718378610206e-08,kg m-2
loadso4,2004,4.704330423718119e-08,kg m-2
