variable,year,value,unit
mmrso4,2000,-3.27895187149933e-12,kg kg-1
mmrso4,2001,-3.0060095023218036e-12,kg kg-1
mmrso4,2002,-3.0954637654396375e-12,kg kg-1
mmrso4,2003,-3.6065961757706333e-12,kg kg-1
mmrso4,2004,-9.617028705929097e-12,kg kg-1
