variable,year,value,unit
wetso2,2001,1.9588299541074853e-14,kg m-2 s-1
wetso2,2002,2.6705075194395096e-14,kg m-2 s-1
wetso2,2003,2.8192518178989048e-14,kg m-2 s-1
wetso2,2004,1.7873620061366495e-14,kg m-2 s-1
