variable,year,value,unit
wetbc,2001,4.27752713228688e-16,kg m-2 s-1
wetbc,2002,3.0933446747069956e-16,kg m-2 s-1
wetbc,2003,3.264407616607231e-16,kg m-2 s-1
wetbc,2004,-2.1907630393557369e-16,kg m-2 s-1
