variable,year,value,unit
rlutcs,2000,0.0012833189541083811,W m-2
rlutcs,2001,-0.00853732306910615,W m-2
rlutcs,2002,-0.009226803855568733,W m-2
rlutcs,2003,-0.011947299173982628,W m-2
rlutcs,2004,-0.01880425447586731,W m-2
