variable,year,value,unit
emibc,2000,1.1558937667336655e-19,kg m-2 s-1
emibc,2001,7.744125943720267e-20,kg m-2 s-1
emibc,2002,2.5327114262415533e-19,kg m-2 s-1
emibc,2003,-1.3555521444873084e-19,kg m-2 s-1
emibc,2004,3.065239393331587e-20,kg m-2 s-1
