variable,year,value,unit
loadso2,2000,-4.827954470648979e-08,kg m-2
loadso2,2001,-5.146037051570233e-08,kg m-2
loadso2,2002,-4.901602961952529e-08,kg m-2
loadso2,2003,-5.028387231022297e-08,kg m-2
loadso2,2004,-5.379267217933457e-08,kg m-2
