variable,year,value,unit
wetso2,2000,4.7722996843368456e-15,kg m-2 s-1
wetso2,2001,4.0037365068703865e-15,kg m-2 s-1
wetso2,2002,4.871650134450223e-15,kg m-2 s-1
wetso2,2003,5.545543752660482e-15,kg m-2 s-1
wetso2,2004,4.6193907015423645e-15,kg m-2 s-1
