variable,year,value,unit
dryso2,2000,1.7161337e-13,kg m-2 s-1
dryso2,2001,1.7460035e-13,kg m-2 s-1
dryso2,2002,2.2225407e-13,kg m-2 s-1
dryso2,2003,2.681128e-13,kg m-2 s-1
dryso2,2004,3.302881e-13,kg m-2 s-1
