variable,year,value,unit
rlutcs,2000,-0.112579346,W m-2
rlutcs,2001,-0.13095093,W m-2
rlutcs,2002,-0.1305542,W m-2
rlutcs,2003,-0.11355591,W m-2
rlutcs,2004,-0.15930176,W m-2
