variable,year,value,unit
cl,2000,0.0003330415785818275,%
cl,2001,-0.007664504079544443,%
cl,2002,0.003816114349627142,%
cl,2003,0.011767711440333173,%
cl,2004,-0.004044060433137986,%
