variable,year,value,unit
rsut,2000,-0.03565216,W m-2
rsut,2001,0.019378662,W m-2
rsut,2002,0.020431519,W m-2
rsut,2003,0.08875275,W m-2
rsut,2004,0.12117767,W m-2
