variable,year,value,unit
clivi,2000,4.9121678e-05,kg m-2
clivi,2001,0.00017312169,kg m-2
clivi,2002,-0.00018993765,kg m-2
clivi,2003,3.7029386e-06,kg m-2
clivi,2004,-0.00026329607,kg m-2
