variable,year,value,unit
clt,2000,-0.000869751,%
clt,2001,-0.0005760193,%
clt,2002,-0.0040245056,%
clt,2003,0.0035858154,%
clt,2004,-0.002735138,%
