variable,year,value,unit
loadso2,2000,-5.162173496074026e-09,kg m-2
loadso2,2001,-5.3352333224616174e-09,kg m-2
loadso2,2002,-5.933310046332428e-09,kg m-2
loadso2,2003,-6.762302147840629e-10,kg m-2
loadso2,2004,-2.4220500925395302e-09,kg m-2
