variable,year,value,unit
rsutcs,2000,-0.05171518275999176,W m-2
rsutcs,2001,-0.05203201309866046,W m-2
rsutcs,2002,-0.047929900994652996,W m-2
rsutcs,2003,-0.05121470547627638,W m-2
rsutcs,2004,-0.057854819989302086,W m-2
