variable,year,value,unit
loadbc,2000,5.320620677760371e-13,kg m-2
loadbc,2001,3.1577137747019836e-12,kg m-2
loadbc,2002,2.611306439567418e-12,kg m-2
loadbc,2003,3.0196664628601376e-12,kg m-2
loadbc,2004,-1.3185942718761253e-12,kg m-2
