variable,year,value,unit
rlut,2000,0.12092948387171987,W m-2
rlut,2001,0.12238305784575232,W m-2
rlut,2002,0.07571941438251883,W m-2
rlut,2003,0.08118256662808676,W m-2
rlut,2004,0.0897485015979953,W m-2
