variable,year,value,unit
rlutcs,2000,0.014070418237167814,W m-2
rlutcs,2001,0.013372147560289704,W m-2
rlutcs,2002,0.006358768676477666,W m-2
rlutcs,2003,0.01092658996725504,W m-2
rlutcs,2004,0.017071498913367122,W m-2
