variable,year,value,unit
rsutcs,2000,39.539293892098975,W m-2
rsutcs,2001,39.491787636842034,W m-2
rsutcs,2002,39.559864292174055,W m-2
rsutcs,2003,39.50961493962489,W m-2
rsutcs,2004,39.377013022475154,W m-2
