variable,year,value,unit
rsutcs,2001,-0.005685660926964431,W m-2
rsutcs,2002,-0.004997760219715985,W m-2
rsutcs,2003,-0.0032988207176032347,W m-2
rsutcs,2004,0.0001118023353967601,W m-2
