variable,year,value,unit
cl,2000,0.013234981185988204,%
cl,2001,-0.01573450255487785,%
cl,2002,0.011567531575082057,%
cl,2003,0.09034722462909883,%
cl,2004,0.04472744913834248,%
