variable,year,value,unit
so2,2000,-1.2738628420819874e-11,mol mol-1
so2,2001,-1.2634289049680804e-11,mol mol-1
so2,2002,-1.0280834993769042e-11,mol mol-1
so2,2003,-1.1703056949343275e-11,mol mol-1
so2,2004,-1.288459281117459e-11,mol mol-1
