variable,year,value,unit
od550aer,2000,-0.0004276885990506518,1
od550aer,2001,-0.0005459865307342604,1
od550aer,2002,-0.0004973242460018096,1
od550aer,2003,-0.0005550013058870651,1
od550aer,2004,-0.0005863777273238807,1
