variable,year,value,unit
clivi,2000,-0.00010466689681662075,kg m-2
clivi,2001,7.699448526412092e-05,kg m-2
clivi,2002,-7.795765098869006e-05,kg m-2
clivi,2003,2.2362888686164317e-05,kg m-2
clivi,2004,-5.289408433860332e-05,kg m-2
