variable,year,value,unit
rsutcs,2000,-0.06407730062787209,W m-2
rsutcs,2001,-0.04342531727405685,W m-2
rsutcs,2002,0.006858161651507544,W m-2
rsutcs,2003,0.02670497907305247,W m-2
rsutcs,2004,-0.08135067908747118,W m-2
