variable,year,value,unit
loadbc,2000,1.4050986053097458e-08,kg m-2
loadbc,2001,1.968370219433947e-08,kg m-2
loadbc,2002,2.9479053479790407e-08,kg m-2
loadbc,2003,3.1539376091620956e-08,kg m-2
loadbc,2004,2.8455163053008183e-08,kg m-2
