variable,year,value,unit
dryso2,2000,-9.625909567487748e-14,kg m-2 s-1
dryso2,2001,-9.405087626251802e-14,kg m-2 s-1
dryso2,2002,-9.052246421547253e-14,kg m-2 s-1
dryso2,2003,-8.93656968530584e-14,kg m-2 s-1
dryso2,2004,-9.995594636934757e-14,kg m-2 s-1
