variable,year,value,unit
rlutcs,2000,-0.029229937258918426,W m-2
rlutcs,2001,-0.03007122142420826,W m-2
rlutcs,2002,-0.032095061061994556,W m-2
rlutcs,2003,0.005878832774726561,W m-2
rlutcs,2004,-0.027933838399377464,W m-2
