variable,year,value,unit
cltc,2001,-0.04512179716157046,%
cltc,2002,0.04505836284775825,%
cltc,2003,-0.001716990625417504,%
cltc,2004,-0.02019758029354693,%
cltc,2005,-0.00299173873464232,%
