variable,year,value,unit
dryso2,2000,-6.72858192142612e-14,kg m-2 s-1
dryso2,2001,-6.476373060960666e-14,kg m-2 s-1
dryso2,2002,-7.039890547711943e-14,kg m-2 s-1
dryso2,2003,-6.943290787546756e-14,kg m-2 s-1
dryso2,2004,-7.305564632321086e-14,kg m-2 s-1
