variable,year,value,unit
rlutcs,2000,-0.03656058698339848,W m-2
rlutcs,2001,0.008523899388762857,W m-2
rlutcs,2002,-0.0043895512097265055,W m-2
rlutcs,2003,-0.015418537807875055,W m-2
rlutcs,2004,-0.010367526316656495,W m-2
