variable,year,value,unit
rsutcs,2000,0.297438120290451,W m-2
rsutcs,2001,0.3047629486991994,W m-2
rsutcs,2002,0.29141793282070694,W m-2
rsutcs,2003,0.2712993427954302,W m-2
rsutcs,2004,0.3243012652625623,W m-2
