variable,year,value,unit
rsut,2000,-0.040888990352982546,W m-2
rsut,2001,-0.07889702911506902,W m-2
rsut,2002,-0.018950224997553278,W m-2
rsut,2003,-0.06409806350254144,W m-2
rsut,2004,-0.010021147657852225,W m-2
