variable,year,value,unit
rsutcs,2000,-0.005921901605319135,W m-2
rsutcs,2001,-0.00764234697677324,W m-2
rsutcs,2002,-0.006645227958571809,W m-2
rsutcs,2003,-0.006428798845583117,W m-2
rsutcs,2004,-0.00845830897182509,W m-2
