variable,year,value,unit
rlutcs,2000,7.734761908295695e-05,W m-2
rlutcs,2001,-0.00011819757952480359,W m-2
rlutcs,2002,7.598913123274542e-05,W m-2
rlutcs,2003,0.0005303798558884409,W m-2
rlutcs,2004,0.0003547442822764424,W m-2
