variable,year,value,unit
wetbc,2001,0.25607965040210273,kg m-2 s-1
wetbc,2002,-0.763543227255098,kg m-2 s-1
wetbc,2003,0.2518625911379182,kg m-2 s-1
wetbc,2004,0.32472305047895916,kg m-2 s-1
