variable,year,value,unit
loadso2,2000,-5.621858901083776e-08,kg m-2
loadso2,2001,-5.752386224828466e-08,kg m-2
loadso2,2002,-4.560443907625853e-08,kg m-2
loadso2,2003,-5.241940418124112e-08,kg m-2
loadso2,2004,-5.6321170174481296e-08,kg m-2
