variable,year,value,unit
wetbc,2000,2.7837076534640764e-13,kg m-2 s-1
wetbc,2001,2.844187680699972e-13,kg m-2 s-1
wetbc,2002,3.1984157089815465e-13,kg m-2 s-1
wetbc,2003,3.576684590747722e-13,kg m-2 s-1
wetbc,2004,3.6885237323053354e-13,kg m-2 s-1
