variable,year,value,unit
wetbc,2000,1.1334666047071816e-15,kg m-2 s-1
wetbc,2001,-1.7922427518769585e-16,kg m-2 s-1
wetbc,2002,4.901684784093291e-16,kg m-2 s-1
wetbc,2003,6.827485840336262e-16,kg m-2 s-1
wetbc,2004,4.940706226985942e-16,kg m-2 s-1
