variable,year,value,unit
loadbc,2000,1.3332689062248257e-07,kg m-2
loadbc,2001,1.373400292122152e-07,kg m-2
loadbc,2002,1.579052729900465e-07,kg m-2
loadbc,2003,1.6196213667136935e-07,kg m-2
loadbc,2004,1.787343587116023e-07,kg m-2
