variable,year,value,unit
rsutcs,2000,-0.007676755487196374,W m-2
rsutcs,2001,-0.006328674626615793,W m-2
rsutcs,2002,-0.006869663605414189,W m-2
rsutcs,2003,-0.007819278402550367,W m-2
rsutcs,2004,-0.008615153185019153,W m-2
