variable,year,value,unit
loadbc,2000,-1.4937542937081527e-10,kg m-2
loadbc,2001,-3.034318390947939e-10,kg m-2
loadbc,2002,-1.1498748194322198e-10,kg m-2
loadbc,2003,-2.2680811708500463e-11,kg m-2
loadbc,2004,-1.6856694302710549e-10,kg m-2
