variable,year,value,unit
dms,2001,-9.95841487040865e-14,mol mol-1
dms,2002,-8.031348938088157e-14,mol mol-1
dms,2003,2.1192119038823404e-14,mol mol-1
dms,2004,4.562815984838372e-14,mol mol-1
dms,2005,-1.2523621054783781e-13,mol mol-1
