variable,year,value,unit
wetso2,2000,8.081987590641517e-16,kg m-2 s-1
wetso2,2001,7.847400689091113e-16,kg m-2 s-1
wetso2,2002,8.894223019590561e-16,kg m-2 s-1
wetso2,2003,1.1857904306489645e-15,kg m-2 s-1
wetso2,2004,1.0931457197782595e-15,kg m-2 s-1
