variable,year,value,unit
rsut,2000,-0.00298507133710757,W m-2
rsut,2001,-0.0057735561653800005,W m-2
rsut,2002,-0.004821550330035507,W m-2
rsut,2003,-0.0055492276127608875,W m-2
rsut,2004,-0.005180335905365041,W m-2
