variable,year,value,unit
clt,2000,-0.010899725938266158,%
clt,2001,0.05010225755196274,%
clt,2002,-0.003070643183676225,%
clt,2003,0.001547560894913147,%
clt,2004,-0.014309938993228855,%
