variable,year,value,unit
wetso4,2000,8.493574347667884e-12,kg m-2 s-1
wetso4,2001,8.599601234167819e-12,kg m-2 s-1
wetso4,2002,8.532245961422727e-12,kg m-2 s-1
wetso4,2003,8.667378679277352e-12,kg m-2 s-1
wetso4,2004,8.88127483268182e-12,kg m-2 s-1
