variable,year,value,unit
rsut,2000,0.005657625365648637,W m-2
rsut,2001,-0.022003461555350004,W m-2
rsut,2002,-0.004786028376328583,W m-2
rsut,2003,0.0104928227966549,W m-2
rsut,2004,-0.013703423547468542,W m-2
