variable,year,value,unit
emibc,2000,-0.008411915800250892,kg m-2 s-1
emibc,2001,-0.008411915800250892,kg m-2 s-1
emibc,2002,-0.008411915800250892,kg m-2 s-1
emibc,2003,-0.008411915800250892,kg m-2 s-1
emibc,2004,-0.008411915800250892,kg m-2 s-1
