variable,year,value,unit
wetso4,2000,0.03145235857859148,kg m-2 s-1
wetso4,2001,0.08391051061636533,kg m-2 s-1
wetso4,2002,0.07654679764344083,kg m-2 s-1
wetso4,2003,0.11380279343162693,kg m-2 s-1
wetso4,2004,0.13317434204255188,kg m-2 s-1
