variable,year,value,unit
rsutcs,2000,-0.001933218411188673,W m-2
rsutcs,2001,-0.007158384041488464,W m-2
rsutcs,2002,-0.002819984722386831,W m-2
rsutcs,2003,-0.001543792479575513,W m-2
rsutcs,2004,6.386339546306079e-06,W m-2
