variable,year,value,unit
dryso4,2000,-0.04409775058630813,kg m-2 s-1
dryso4,2001,0.005243718004682034,kg m-2 s-1
dryso4,2002,-0.01916110455318648,kg m-2 s-1
dryso4,2003,-0.03934244528361407,kg m-2 s-1
dryso4,2004,0.033709963267300386,kg m-2 s-1
