variable,year,value,unit
emibc,2000,-7.35713225578159e-22,kg m-2 s-1
emibc,2001,5.830777533390703e-22,kg m-2 s-1
emibc,2002,-1.3249108292913019e-21,kg m-2 s-1
emibc,2003,3.7917753039635728e-22,kg m-2 s-1
emibc,2004,1.1255091645467022e-21,kg m-2 s-1
