variable,year,value,unit
dryso2,2000,-2.1772309370850725e-13,kg m-2 s-1
dryso2,2001,-2.1812254983349975e-13,kg m-2 s-1
dryso2,2002,-2.137152266004508e-13,kg m-2 s-1
dryso2,2003,-2.2124346079044866e-13,kg m-2 s-1
dryso2,2004,-1.9228784925616647e-13,kg m-2 s-1
