variable,year,value,unit
dryso2,2000,-2.109036895449637e-13,kg m-2 s-1
dryso2,2001,-1.9729662518168575e-13,kg m-2 s-1
dryso2,2002,-2.0089586726946173e-13,kg m-2 s-1
dryso2,2003,-2.1616843073245472e-13,kg m-2 s-1
dryso2,2004,-2.4104971896339413e-13,kg m-2 s-1
