variable,year,value,unit
emiso2,2000,-3.451781482795783e-13,kg m-2 s-1
emiso2,2001,-3.619107723070938e-13,kg m-2 s-1
emiso2,2002,-3.3913257042985686e-13,kg m-2 s-1
emiso2,2003,-3.484665167272512e-13,kg m-2 s-1
emiso2,2004,-3.7403495139913865e-13,kg m-2 s-1
