variable,year,value,unit
rsutcs,2000,-0.017924027764053108,W m-2
rsutcs,2001,-0.013221983688929129,W m-2
rsutcs,2002,-0.028167697514653867,W m-2
rsutcs,2003,-0.023515950784201323,W m-2
rsutcs,2004,-0.03287957701643762,W m-2
