variable,year,value,unit
wetso2,2001,-1.0797829559080284e-15,kg m-2 s-1
wetso2,2002,2.099382970805876e-15,kg m-2 s-1
wetso2,2003,1.5723963124559882e-15,kg m-2 s-1
wetso2,2004,1.9090653791064566e-15,kg m-2 s-1
wetso2,2005,-1.3195730505463555e-14,kg m-2 s-1
