variable,year,value,unit
mmrso4,2000,-3.595685681257606e-12,kg kg-1
mmrso4,2001,-2.4022096702296457e-12,kg kg-1
mmrso4,2002,-3.22025109688791e-12,kg kg-1
mmrso4,2003,-2.569802136421728e-12,kg kg-1
mmrso4,2004,-2.018927268832165e-12,kg kg-1
