variable,year,value,unit
dryso2,2001,6.858797068858385e-15,kg m-2 s-1
dryso2,2002,1.5192702426493132e-14,kg m-2 s-1
dryso2,2003,-1.5557498650519007e-14,kg m-2 s-1
dryso2,2004,-7.147166136340703e-15,kg m-2 s-1
dryso2,2005,-5.3684053823307495e-14,kg m-2 s-1
