variable,year,value,unit
wetso4,2000,-3.330945873328776e-14,kg m-2 s-1
wetso4,2001,-3.610648298564356e-14,kg m-2 s-1
wetso4,2002,-2.9969265388160583e-14,kg m-2 s-1
wetso4,2003,-3.618647275089072e-14,kg m-2 s-1
wetso4,2004,-3.4357794906189284e-14,kg m-2 s-1
