variable,year,value,unit
clt,2001,-0.29293920726839673,%
clt,2002,0.43863822039998723,%
clt,2003,1.1434303106662753,%
clt,2004,0.8318651572854137,%
clt,2005,-0.22849720471059243,%
