variable,year,value,unit
cltc,2001,-0.27562507522877766,%
cltc,2002,0.33550727216782583,%
cltc,2003,0.40098227313100665,%
cltc,2004,0.23103459119927727,%
cltc,2005,0.2892696914964539,%
