variable,year,value,unit
rlutcs,2000,0.036090047594399266,W m-2
rlutcs,2001,-0.018490999613021586,W m-2
rlutcs,2002,0.015819937686671892,W m-2
rlutcs,2003,-0.013010604128879777,W m-2
rlutcs,2004,0.005706267868845316,W m-2
