variable,year,value,unit
srfdms,2000,-6.1140470162748905e-15,mol mol-1
srfdms,2001,-6.439365932567863e-15,mol mol-1
srfdms,2002,-3.7082233174417474e-14,mol mol-1
srfdms,2003,-2.4433601645472856e-15,mol mol-1
srfdms,2004,-2.42748788485259e-14,mol mol-1
