variable,year,value,unit
so2,2000,-5.395845959034185e-13,mol mol-1
so2,2001,-3.0030622153977405e-13,mol mol-1
so2,2002,-4.1913263069003604e-13,mol mol-1
so2,2003,-5.758032000237235e-13,mol mol-1
so2,2004,-5.217987925672973e-13,mol mol-1
