variable,year,value,unit
rsut,2000,-0.002438624784019794,W m-2
rsut,2001,-0.001359935855873573,W m-2
rsut,2002,-0.0013081008423796447,W m-2
rsut,2003,-0.0032503878281175957,W m-2
rsut,2004,-0.0007750510182944481,W m-2
