variable,year,value,unit
clt,2000,-0.20371895724469624,%
clt,2001,-0.20696820171548325,%
clt,2002,-0.022632261965547684,%
clt,2003,-0.24494423271694643,%
clt,2004,0.010319539815704104,%
