variable,year,value,unit
clivi,2000,1.8582257307270603e-05,kg m-2
clivi,2001,-1.2619453022669896e-05,kg m-2
clivi,2002,-1.634766714231871e-05,kg m-2
clivi,2003,-1.9317601574324675e-05,kg m-2
clivi,2004,-1.401212463800032e-05,kg m-2
