variable,year,value,unit
dms,2000,-5.804304359480828e-17,mol mol-1
dms,2001,5.410777327144737e-16,mol mol-1
dms,2002,1.0717917632068218e-16,mol mol-1
dms,2003,-1.001894945946634e-15,mol mol-1
dms,2004,3.128949111974768e-16,mol mol-1
