variable,year,value,unit
wetbc,2001,8.373081343198431e-16,kg m-2 s-1
wetbc,2002,-1.9325665070744663e-16,kg m-2 s-1
wetbc,2003,1.8334864841685875e-15,kg m-2 s-1
wetbc,2004,-7.913318819842651e-16,kg m-2 s-1
wetbc,2005,5.759312059966647e-16,kg m-2 s-1
