variable,year,value,unit
emibc,2000,7.742459508000819e-19,kg m-2 s-1
emibc,2001,-1.2227037939767812e-18,kg m-2 s-1
emibc,2002,2.3669458451246687e-19,kg m-2 s-1
emibc,2003,5.897485452295783e-19,kg m-2 s-1
emibc,2004,6.793969589072428e-19,kg m-2 s-1
