variable,year,value,unit
cl,2001,-0.2911712618450313,%
cl,2002,0.08097681030311499,%
cl,2003,-0.08049055995600085,%
cl,2004,-0.07454375987372153,%
cl,2005,-0.1110783971537419,%
