variable,year,value,unit
rsut,2001,-0.49081216669146954,W m-2
rsut,2002,0.6927754150317611,W m-2
rsut,2003,0.5636805362763937,W m-2
rsut,2004,0.5058919672835458,W m-2
rsut,2005,-1.6274207053767071,W m-2
