variable,year,value,unit
clivi,2000,-0.0005068233706741615,kg m-2
clivi,2001,-0.0006430673346317639,kg m-2
clivi,2002,-0.0008866146267836744,kg m-2
clivi,2003,-0.0004448403846718657,kg m-2
clivi,2004,-0.0010823711498477578,kg m-2
