variable,year,value,unit
so2,2000,26.641024228007304,mol mol-1
so2,2001,18.460414501625657,mol mol-1
so2,2002,21.250883220379393,mol mol-1
so2,2003,16.16043082168145,mol mol-1
so2,2004,20.684436542376694,mol mol-1
