variable,year,value,unit
so2,2000,-3.5482894613644524,mol mol-1
so2,2001,-4.508411049516979,mol mol-1
so2,2002,-6.580266967524849,mol mol-1
so2,2003,-7.116894223370086,mol mol-1
so2,2004,-6.836239386690149,mol mol-1
