variable,year,value,unit
wetso4,2000,7.715893337927262,kg m-2 s-1
wetso4,2001,5.797143680190139,kg m-2 s-1
wetso4,2002,8.151166507076505,kg m-2 s-1
wetso4,2003,8.131249497491032,kg m-2 s-1
wetso4,2004,9.719521947504727,kg m-2 s-1
