variable,year,value,unit
od550aer,2000,9.399649228435287,1
od550aer,2001,8.379035253048066,1
od550aer,2002,8.461628233936805,1
od550aer,2003,9.382902743575459,1
od550aer,2004,7.760189872643061,1
