variable,year,value,unit
emibc,2000,63.6220664288505,kg m-2 s-1
emibc,2001,64.38888728086235,kg m-2 s-1
emibc,2002,66.13603039262249,kg m-2 s-1
emibc,2003,81.82137271884767,kg m-2 s-1
emibc,2004,85.54718256036756,kg m-2 s-1
