variable,year,value,unit
od550aer,2000,2.6325365800985074,1
od550aer,2001,2.5503042847152777,1
od550aer,2002,2.4161087595394437,1
od550aer,2003,2.430763906531935,1
od550aer,2004,2.5520624913339782,1
