variable,year,value,unit
wetbc,2000,-1.2413320195105155,kg m-2 s-1
wetbc,2001,-1.3869548153290097,kg m-2 s-1
wetbc,2002,-1.797178874030789,kg m-2 s-1
wetbc,2003,-1.765962277228943,kg m-2 s-1
wetbc,2004,-2.0026528838804585,kg m-2 s-1
