variable,year,value,unit
wetso2,2000,-5.55947025500957e-14,kg m-2 s-1
wetso2,2001,-5.2927916157472645e-14,kg m-2 s-1
wetso2,2002,-4.8199071189738727e-14,kg m-2 s-1
wetso2,2003,-5.156249905898296e-14,kg m-2 s-1
wetso2,2004,-5.2681306618102926e-14,kg m-2 s-1
