variable,year,value,unit
clt,2000,-39.36082907549843,%
clt,2001,-40.332426218161785,%
clt,2002,-40.18621263778142,%
clt,2003,-39.9357408099066,%
clt,2004,-40.637228205646174,%
