variable,year,value,unit
od550aer,2000,-0.007783970056311804,1
od550aer,2001,-0.008040640135166088,1
od550aer,2002,-0.007816143330620973,1
od550aer,2003,-0.007675092010667184,1
od550aer,2004,-0.009683092206095562,1
