variable,year,value,unit
rsut,2001,-0.043148777584193,W m-2
rsut,2002,0.09232639574052826,W m-2
rsut,2003,0.06628601904812115,W m-2
rsut,2004,-0.09769076107173191,W m-2
rsut,2005,0.2535615384600902,W m-2
