variable,year,value,unit
mmrso4,2001,-2.2099565158969413e-11,kg kg-1
mmrso4,2002,4.853596171089459e-12,kg kg-1
mmrso4,2003,-6.276519096264246e-12,kg kg-1
mmrso4,2004,-1.3970713395165268e-11,kg kg-1
mmrso4,2005,1.4891131528094799e-12,kg kg-1
