variable,year,value,unit
loadso4,2000,-3.128202730635672e-08,kg m-2
loadso4,2001,-2.987810532372499e-08,kg m-2
loadso4,2002,-2.9458490195427735e-08,kg m-2
loadso4,2003,-3.08775944266249e-08,kg m-2
loadso4,2004,-3.323198591631626e-08,kg m-2
