variable,year,value,unit
wetso2,2000,-4.117887216016699,kg m-2 s-1
wetso2,2001,-4.406078503622118,kg m-2 s-1
wetso2,2002,-4.04693616159909,kg m-2 s-1
wetso2,2003,-4.275170271353304,kg m-2 s-1
wetso2,2004,-4.449278381010789,kg m-2 s-1
