variable,year,value,unit
dryso2,2000,-5.329879172845342,kg m-2 s-1
dryso2,2001,-5.548729198853145,kg m-2 s-1
dryso2,2002,-5.368783366945931,kg m-2 s-1
dryso2,2003,-5.5450710818297075,kg m-2 s-1
dryso2,2004,-6.007436836014292,kg m-2 s-1
