variable,year,value,unit
mmrbc,2000,0.7919631780624192,kg kg-1
mmrbc,2001,0.8696674045542996,kg kg-1
mmrbc,2002,1.1432133335214247,kg kg-1
mmrbc,2003,1.2675149770501586,kg kg-1
mmrbc,2004,1.0821193482961904,kg kg-1
