variable,year,value,unit
rlut,2000,0.002581606367503776,W m-2
rlut,2001,-0.019749814096756666,W m-2
rlut,2002,0.007103485880501597,W m-2
rlut,2003,-0.034786856836798316,W m-2
rlut,2004,-0.038848868687941365,W m-2
