variable,year,value,unit
cltc,2000,-0.03749962424507262,%
cltc,2001,-0.3662268032586643,%
cltc,2002,0.09385902012868208,%
cltc,2003,0.2358190557468741,%
cltc,2004,-0.23318482458956769,%
