variable,year,value,unit
rsut,2000,-0.12963080049886758,W m-2
rsut,2001,-0.016515027766757912,W m-2
rsut,2002,-0.1771778205003545,W m-2
rsut,2003,-0.02352874142382721,W m-2
rsut,2004,0.022144297963347062,W m-2
