variable,year,value,unit
cltc,2000,-27.05242068963432,%
cltc,2001,-27.2855459057213,%
cltc,2002,-26.90568590394516,%
cltc,2003,-26.80229615032687,%
cltc,2004,-27.179925787056703,%
