variable,year,value,unit
od550aer,2000,-0.6960160313478249,1
od550aer,2001,-0.6405019722698633,1
od550aer,2002,-0.5963907890644886,1
od550aer,2003,-0.7690225270378181,1
od550aer,2004,-0.8497657017431579,1
