variable,year,value,unit
rsut,2000,0.9182118413522292,W m-2
rsut,2001,-0.017025381758427383,W m-2
rsut,2002,-0.01250303625793903,W m-2
rsut,2003,-0.007378136390585571,W m-2
rsut,2004,-0.003026473428503125,W m-2
