variable,year,value,unit
rlutcs,2001,-0.008304171575559849,W m-2
rlutcs,2002,-0.005997472508852297,W m-2
rlutcs,2003,-0.0006572939234956721,W m-2
rlutcs,2004,-0.004504355902327006,W m-2
