variable,year,value,unit
loadso4,2000,-0.26325527490997014,kg m-2
loadso4,2001,-0.2634371882251464,kg m-2
loadso4,2002,-0.05046145249563379,kg m-2
loadso4,2003,-0.22786987261341085,kg m-2
loadso4,2004,-0.06710982736215715,kg m-2
