variable,year,value,unit
wetbc,2000,0.01478187834196715,kg m-2 s-1
wetbc,2001,-0.1857718119862109,kg m-2 s-1
wetbc,2002,-0.12910943684806162,kg m-2 s-1
wetbc,2003,-0.455916229519633,kg m-2 s-1
wetbc,2004,-0.17411171106144005,kg m-2 s-1
