variable,year,value,unit
wetbc,2000,-1.4714691568106286e-16,kg m-2 s-1
wetbc,2001,-4.365370075714313e-17,kg m-2 s-1
wetbc,2002,6.530802411128018e-17,kg m-2 s-1
wetbc,2003,-5.875064772428568e-17,kg m-2 s-1
wetbc,2004,1.4285913068588722e-16,kg m-2 s-1
