variable,year,value,unit
mmrbc,2001,-1.207120241551224e-12,kg kg-1
mmrbc,2002,-1.2989048407090726e-12,kg kg-1
mmrbc,2003,-1.233833878371009e-12,kg kg-1
mmrbc,2004,-1.426189542617233e-12,kg kg-1
