variable,year,value,unit
mmrbc,2001,-1.5950417921819544e-12,kg kg-1
mmrbc,2002,-1.842356010205693e-12,kg kg-1
mmrbc,2003,-1.882911483318951e-12,kg kg-1
mmrbc,2004,-1.954557242085503e-12,kg kg-1
