variable,year,value,unit
od550aer,2000,0.0008932951278124851,1
od550aer,2001,0.0006292383980185667,1
od550aer,2002,0.00041341864556018737,1
od550aer,2003,0.0012631699287229126,1
od550aer,2004,0.0009096295166930446,1
