variable,year,value,unit
mmrbc,2001,-4.447125962155101e-13,kg kg-1
mmrbc,2002,-5.928037044092065e-13,kg kg-1
mmrbc,2003,-6.89212419565882e-13,kg kg-1
mmrbc,2004,-6.263505211126788e-13,kg kg-1
