variable,year,value,unit
dms,2000,5.898221012435291e-14,mol mol-1
dms,2001,1.8751573852698265e-14,mol mol-1
dms,2002,1.612177202833906e-14,mol mol-1
dms,2003,6.861148095404614e-15,mol mol-1
dms,2004,1.709330859279357e-14,mol mol-1
