variable,year,value,unit
emibc,2000,-1.5706166304941907e-17,kg m-2 s-1
emibc,2001,-1.4697741195466277e-17,kg m-2 s-1
emibc,2002,-1.6078823501600788e-17,kg m-2 s-1
emibc,2003,-1.4628966107971108e-17,kg m-2 s-1
emibc,2004,-1.3981930152861453e-17,kg m-2 s-1
