variable,year,value,unit
clivi,2000,1.786430061682595e-06,kg m-2
clivi,2001,4.2036956540009163e-07,kg m-2
clivi,2002,-3.737830976386844e-06,kg m-2
clivi,2003,3.871718314550979e-06,kg m-2
clivi,2004,-1.953926492430369e-06,kg m-2
