variable,year,value,unit
rsutcs,2000,-0.006963083890347832,W m-2
rsutcs,2001,-0.01001044375744442,W m-2
rsutcs,2002,0.0009210296624360126,W m-2
rsutcs,2003,0.0018361694701667375,W m-2
rsutcs,2004,-0.0069907815945384755,W m-2
