variable,year,value,unit
loadso2,2000,-4.546040014296916e-11,kg m-2
loadso2,2001,-1.1704504856156827e-10,kg m-2
loadso2,2002,-2.7843300243238345e-09,kg m-2
loadso2,2003,8.374090437167708e-12,kg m-2
loadso2,2004,6.673092222260267e-12,kg m-2
