variable,year,value,unit
dms,2000,-4.851410180339036e-14,mol mol-1
dms,2001,-5.651159326236859e-14,mol mol-1
dms,2002,-1.1284707558198275e-13,mol mol-1
dms,2003,-3.128732223417746e-14,mol mol-1
dms,2004,1.8745644822167645e-14,mol mol-1
