variable,year,value,unit
emibc,2001,2.190996485943327e-18,kg m-2 s-1
emibc,2002,1.9697874205514016e-18,kg m-2 s-1
emibc,2003,2.8940945624697235e-18,kg m-2 s-1
emibc,2004,-5.223318220910309e-19,kg m-2 s-1
