variable,year,value,unit
rsdt,2000,5.399112978921039e-08,W m-2
rsdt,2001,5.836841410200577e-08,W m-2
rsdt,2002,7.413257208099822e-08,W m-2
rsdt,2003,6.749007752659963e-08,W m-2
rsdt,2004,7.121838052626117e-08,W m-2
