variable,year,value,unit
rsutcs,2000,0.12703035443459498,W m-2
rsutcs,2001,-6.672032998267241e-05,W m-2
rsutcs,2002,0.027080212675016924,W m-2
rsutcs,2003,0.008105168686775244,W m-2
rsutcs,2004,0.0032032481081785136,W m-2
