variable,year,value,unit
dryso2,2000,1.3171700303806925e-15,kg m-2 s-1
dryso2,2001,9.969723648060985e-16,kg m-2 s-1
dryso2,2002,1.3948330841377222e-15,kg m-2 s-1
dryso2,2003,5.632550798449925e-16,kg m-2 s-1
dryso2,2004,6.120511936984717e-16,kg m-2 s-1
