variable,year,value,unit
wetso2,2000,1.3843374663898345e-19,kg m-2 s-1
wetso2,2001,6.872476224575604e-19,kg m-2 s-1
wetso2,2002,5.003679210582958e-19,kg m-2 s-1
wetso2,2003,1.1932330247253613e-18,kg m-2 s-1
wetso2,2004,2.297654963538934e-18,kg m-2 s-1
