variable,year,value,unit
loadbc,2000,8.674406112928768e-10,kg m-2
loadbc,2001,8.172396221026401e-10,kg m-2
loadbc,2002,5.001582849062173e-10,kg m-2
loadbc,2003,5.539650464461632e-10,kg m-2
loadbc,2004,7.540076025054346e-10,kg m-2
