variable,year,value,unit
cltc,2001,-2.5606239827280497e-05,%
cltc,2002,0.0005518574033304136,%
cltc,2003,0.00038676824566896695,%
cltc,2004,6.956434606730788e-05,%
