variable,year,value,unit
dms,2000,-1.367092525385439e-14,mol mol-1
dms,2001,5.200362543598058e-15,mol mol-1
dms,2002,7.141312548261483e-15,mol mol-1
dms,2003,1.652031065062387e-14,mol mol-1
dms,2004,7.308170946614961e-14,mol mol-1
