variable,year,value,unit
cl,2000,-0.0013864077600733715,%
cl,2001,0.0026409406635177213,%
cl,2002,-0.03424826262968761,%
cl,2003,-0.005686804844334148,%
cl,2004,-0.0010017475784720453,%
