variable,year,value,unit
mmrbc,2001,-1.538997857214634e-12,kg kg-1
mmrbc,2002,-1.6662942032194182e-12,kg kg-1
mmrbc,2003,-1.5817691694211324e-12,kg kg-1
mmrbc,2004,-1.6873352045639068e-12,kg kg-1
