variable,year,value,unit
loadso2,2000,9.17662405950678e-10,kg m-2
loadso2,2001,5.582324529656307e-10,kg m-2
loadso2,2002,-1.8622701359655902e-09,kg m-2
loadso2,2003,-2.2895416562343606e-10,kg m-2
loadso2,2004,-4.2137797317856506e-10,kg m-2
