variable,year,value,unit
rsut,2001,-0.06549034918222674,W m-2
rsut,2002,0.031034620081697994,W m-2
rsut,2003,0.03885513071001867,W m-2
rsut,2004,-0.04855292862943372,W m-2
