variable,year,value,unit
wetbc,2000,5.906347729502396e-15,kg m-2 s-1
wetbc,2001,6.792951503072295e-15,kg m-2 s-1
wetbc,2002,8.010911371617935e-15,kg m-2 s-1
wetbc,2003,8.765815510522807e-15,kg m-2 s-1
wetbc,2004,1.0705112767372065e-14,kg m-2 s-1
