variable,year,value,unit
emiso2,2000,1.5182824597659791e-15,kg m-2 s-1
emiso2,2001,1.3659867412893124e-15,kg m-2 s-1
emiso2,2002,1.5450802238532852e-15,kg m-2 s-1
emiso2,2003,2.00711437546549e-15,kg m-2 s-1
emiso2,2004,1.2187608003703883e-15,kg m-2 s-1
