variable,year,value,unit
rlutcs,2000,-0.005709013529440199,W m-2
rlutcs,2001,-0.006722476913068931,W m-2
rlutcs,2002,-0.0028311621146599464,W m-2
rlutcs,2003,-0.003542863230165949,W m-2
rlutcs,2004,-0.00499315398667477,W m-2
