variable,year,value,unit
wetbc,2000,-1.2840755849645953e-15,kg m-2 s-1
wetbc,2001,-2.376533615906671e-15,kg m-2 s-1
wetbc,2002,-1.9418215622953164e-15,kg m-2 s-1
wetbc,2003,-2.2140707193840542e-15,kg m-2 s-1
wetbc,2004,-2.5698302665997217e-15,kg m-2 s-1
