variable,year,value,unit
clt,2001,0.014762490600070066,%
clt,2002,0.032593279588212454,%
clt,2003,-0.017246157770742343,%
clt,2004,-0.023266383054668438,%
