variable,year,value,unit
so2,2001,-7.262972572356787e-15,mol mol-1
so2,2002,1.0453815224100274e-13,mol mol-1
so2,2003,-1.7499904109218227e-13,mol mol-1
so2,2004,1.6339046618836406e-13,mol mol-1
