variable,year,value,unit
emibc,2001,8.261836043416385e-18,kg m-2 s-1
emibc,2002,8.247151352050603e-18,kg m-2 s-1
emibc,2003,9.354017200740597e-18,kg m-2 s-1
emibc,2004,1.0231537819238884e-17,kg m-2 s-1
