variable,year,value,unit
rsut,2000,-0.015825316435353898,W m-2
rsut,2001,-0.013280428903428287,W m-2
rsut,2002,-0.00040867247668074924,W m-2
rsut,2003,-0.010061596941653761,W m-2
rsut,2004,0.006959702323428019,W m-2
