variable,year,value,unit
emibc,2001,1.779209845484183e-19,kg m-2 s-1
emibc,2002,3.405514231463119e-19,kg m-2 s-1
emibc,2003,2.4893314389878894e-19,kg m-2 s-1
emibc,2004,3.85259187596387e-19,kg m-2 s-1
