variable,year,value,unit
rsut,2000,0.06277345711305315,W m-2
rsut,2001,-0.04239910134384672,W m-2
rsut,2002,0.024806871411456655,W m-2
rsut,2003,-0.07604416094156363,W m-2
rsut,2004,-0.15568861562594805,W m-2
