variable,year,value,unit
loadbc,2000,5.562938027376232e-10,kg m-2
loadbc,2001,6.1243186457461e-10,kg m-2
loadbc,2002,-1.0203002296646406e-10,kg m-2
loadbc,2003,2.1479671161917312e-10,kg m-2
loadbc,2004,-4.414353185890895e-11,kg m-2
