variable,year,value,unit
rlutcs,2000,0.0071341135643194775,W m-2
rlutcs,2001,0.005041404883741052,W m-2
rlutcs,2002,-0.007647794609596303,W m-2
rlutcs,2003,-0.00970509014922527,W m-2
rlutcs,2004,-0.017255748144862082,W m-2
