variable,year,value,unit
clt,2000,-0.010451701328832996,%
clt,2001,0.03947470651105789,%
clt,2002,-0.023291002100108926,%
clt,2003,-0.019706932361508223,%
clt,2004,0.036150030670221156,%
