variable,year,value,unit
emiso2,2000,-68.74303133844677,kg m-2 s-1
emiso2,2001,-68.11018436992956,kg m-2 s-1
emiso2,2002,-68.71404898287466,kg m-2 s-1
emiso2,2003,-68.10269050865136,kg m-2 s-1
emiso2,2004,-68.0590772849364,kg m-2 s-1
