variable,year,value,unit
emibc,2000,6.582131974486813e-08,kg m-2 s-1
emibc,2001,-4.012621175987157e-06,kg m-2 s-1
emibc,2002,6.61305341264328e-06,kg m-2 s-1
emibc,2003,1.3995043402492894e-06,kg m-2 s-1
emibc,2004,-4.0254504402792857e-07,kg m-2 s-1
