variable,year,value,unit
loadso4,2000,-0.5697682237047942,kg m-2
loadso4,2001,-0.6813198494385946,kg m-2
loadso4,2002,-0.6855338197133825,kg m-2
loadso4,2003,-0.7838456692872319,kg m-2
loadso4,2004,-0.6654196773131534,kg m-2
