variable,year,value,unit
mmrbc,2001,-0.7989752397563691,kg kg-1
mmrbc,2002,1.9233085011422064,kg kg-1
mmrbc,2003,-0.2198792098792183,kg kg-1
mmrbc,2004,-1.2424975593927505,kg kg-1
mmrbc,2005,-3.926019084024667,kg kg-1
