variable,year,value,unit
wetbc,2000,-2.4765801360624667e-15,kg m-2 s-1
wetbc,2001,-3.3084644342131366e-15,kg m-2 s-1
wetbc,2002,-3.6656873462984756e-15,kg m-2 s-1
wetbc,2003,-2.9636084625705675e-15,kg m-2 s-1
wetbc,2004,-3.880254821614937e-15,kg m-2 s-1
