variable,year,value,unit
clivi,2000,0.032056540687692966,kg m-2
clivi,2001,-0.024549582351042466,kg m-2
clivi,2002,-0.08046205537786466,kg m-2
clivi,2003,0.053268088447702394,kg m-2
clivi,2004,-0.02618716173998746,kg m-2
