variable,year,value,unit
wetso4,2000,-1.9189638219801752,kg m-2 s-1
wetso4,2001,-2.0451673580138907,kg m-2 s-1
wetso4,2002,-1.8016360581309194,kg m-2 s-1
wetso4,2003,-1.8692345976583837,kg m-2 s-1
wetso4,2004,-1.7590402562199263,kg m-2 s-1
