variable,year,value,unit
wetso2,2000,-2.951290675305222,kg m-2 s-1
wetso2,2001,-2.858542269518163,kg m-2 s-1
wetso2,2002,-2.653232145710543,kg m-2 s-1
wetso2,2003,-2.9650398834394442,kg m-2 s-1
wetso2,2004,-3.161242641300039,kg m-2 s-1
