variable,year,value,unit
clt,2000,-0.005142380707719701,%
clt,2001,-0.0050440235650025846,%
clt,2002,-0.023782649218061155,%
clt,2003,0.04799079089165179,%
clt,2004,-0.02441656595732471,%
