variable,year,value,unit
rsut,2000,-0.16118126437437474,W m-2
rsut,2001,-0.00200562263407959,W m-2
rsut,2002,-0.05453256520931704,W m-2
rsut,2003,-0.050820948256657374,W m-2
rsut,2004,-0.13881897464145804,W m-2
