variable,year,value,unit
clt,2000,-66.65460820189406,%
clt,2001,-68.04337211430021,%
clt,2002,-67.39497114576326,%
clt,2003,-67.4083117710371,%
clt,2004,-68.47746579404665,%
