variable,year,value,unit
drybc,2000,0.26923991632927424,kg m-2 s-1
drybc,2001,0.2160161075130735,kg m-2 s-1
drybc,2002,-0.8606654354551694,kg m-2 s-1
drybc,2003,-1.4011196120384848,kg m-2 s-1
drybc,2004,0.126403744124836,kg m-2 s-1
