variable,year,value,unit
wetso2,2000,-2.9871371903099986,kg m-2 s-1
wetso2,2001,-3.2219580778966854,kg m-2 s-1
wetso2,2002,-2.834683134463233,kg m-2 s-1
wetso2,2003,-3.0729154409953767,kg m-2 s-1
wetso2,2004,-3.0716755427519877,kg m-2 s-1
