variable,year,value,unit
loadso4,2000,-74.63285754693287,kg m-2
loadso4,2001,-77.11575100716935,kg m-2
loadso4,2002,-71.08708880876888,kg m-2
loadso4,2003,-75.30709186523633,kg m-2
loadso4,2004,-73.22828439113101,kg m-2
