variable,year,value,unit
mmrbc,2000,-5.0208095002113103e-14,kg kg-1
mmrbc,2001,2.253953373336175e-13,kg kg-1
mmrbc,2002,2.2634807883596753e-13,kg kg-1
mmrbc,2003,-8.620980718911655e-14,kg kg-1
mmrbc,2004,2.0065950513544036e-13,kg kg-1
