variable,year,value,unit
wetso4,2001,2.1331919621907787e-12,kg m-2 s-1
wetso4,2002,2.1391233372491173e-12,kg m-2 s-1
wetso4,2003,2.1909463479482217e-12,kg m-2 s-1
wetso4,2004,2.338092579827662e-12,kg m-2 s-1
