variable,year,value,unit
clivi,2000,-2.5525786216741217e-05,kg m-2
clivi,2001,-9.474200665059856e-06,kg m-2
clivi,2002,7.576767850979438e-06,kg m-2
clivi,2003,-3.307323003983939e-06,kg m-2
clivi,2004,-4.234115705437254e-05,kg m-2
