variable,year,value,unit
clt,2001,-0.03560768544370774,%
clt,2002,-0.0011415876273517256,%
clt,2003,-0.020638575428087336,%
clt,2004,-0.020826918691220442,%
