variable,year,value,unit
rlutcs,2001,0.004136368372599009,W m-2
rlutcs,2002,-0.004701698766439222,W m-2
rlutcs,2003,-0.0030660294679023536,W m-2
rlutcs,2004,0.009606184319068234,W m-2
