variable,year,value,unit
dryso2,2001,-7.353945228293318e-13,kg m-2 s-1
dryso2,2002,-7.350405990804599e-13,kg m-2 s-1
dryso2,2003,-7.552917504714181e-13,kg m-2 s-1
dryso2,2004,-8.087872096691741e-13,kg m-2 s-1
