variable,year,value,unit
drybc,2000,2.128659928528269e-16,kg m-2 s-1
drybc,2001,1.9579315883764363e-16,kg m-2 s-1
drybc,2002,1.0701332053994722e-16,kg m-2 s-1
drybc,2003,1.9923945169668653e-16,kg m-2 s-1
drybc,2004,3.6551156606501154e-16,kg m-2 s-1
