variable,year,value,unit
rlutcs,2000,-0.004487050377520063,W m-2
rlutcs,2001,-0.00863733074135098,W m-2
rlutcs,2002,-0.014065793733720966,W m-2
rlutcs,2003,-0.0035654233319064588,W m-2
rlutcs,2004,-0.010042672034785483,W m-2
