variable,year,value,unit
loadso2,2000,1.588770474028452e-07,kg m-2
loadso2,2001,1.611679745854549e-07,kg m-2
loadso2,2002,1.6058530357324854e-07,kg m-2
loadso2,2003,1.623205637004834e-07,kg m-2
loadso2,2004,1.804803415947615e-07,kg m-2
