variable,year,value,unit
dryso2,2000,-1.1614725723975425e-12,kg m-2 s-1
dryso2,2001,-1.1679455084507852e-12,kg m-2 s-1
dryso2,2002,-1.1654721371647736e-12,kg m-2 s-1
dryso2,2003,-1.2175677888674458e-12,kg m-2 s-1
dryso2,2004,-1.2999095951501638e-12,kg m-2 s-1
