variable,year,value,unit
od550aer,2000,0.001962830353192835,1
od550aer,2001,0.001902564608290469,1
od550aer,2002,0.0018560427261348211,1
od550aer,2003,0.0017500233635502627,1
od550aer,2004,0.0022214650684497517,1
