variable,year,value,unit
rsut,2001,-0.05337323167219665,W m-2
rsut,2002,-0.04890213049354486,W m-2
rsut,2003,-0.01619978832269453,W m-2
rsut,2004,-0.0010164507108214593,W m-2
