variable,year,value,unit
clt,2001,0.0244488260932485,%
clt,2002,0.007579493665311077,%
clt,2003,0.000408748076729637,%
clt,2004,0.0034332318724139554,%
