variable,year,value,unit
rsut,2000,0.3265229926282558,W m-2
rsut,2001,0.29571230400752313,W m-2
rsut,2002,0.3534062636079369,W m-2
rsut,2003,0.318429611114297,W m-2
rsut,2004,0.43064553233969605,W m-2
