variable,year,value,unit
rlut,2000,-0.034333557231406076,W m-2
rlut,2001,-0.03311346538862381,W m-2
rlut,2002,-0.05598960263870367,W m-2
rlut,2003,-0.04578220406077094,W m-2
rlut,2004,-0.046818014558141385,W m-2
