variable,year,value,unit
dryso4,2001,-6.390842390723938e-13,kg m-2 s-1
dryso4,2002,-6.38389831376931e-13,kg m-2 s-1
dryso4,2003,-6.478632901801988e-13,kg m-2 s-1
dryso4,2004,-6.619392967080178e-13,kg m-2 s-1
