variable,year,value,unit
wetso4,2000,9.20843262432425e-13,kg m-2 s-1
wetso4,2001,9.430381848655907e-13,kg m-2 s-1
wetso4,2002,9.533483536786843e-13,kg m-2 s-1
wetso4,2003,1.029241922106732e-12,kg m-2 s-1
wetso4,2004,1.0275086503253114e-12,kg m-2 s-1
