variable,year,value,unit
emiso2,2000,-6.602868472238397e-14,kg m-2 s-1
emiso2,2001,-6.645590161348259e-14,kg m-2 s-1
emiso2,2002,-6.575939967727029e-14,kg m-2 s-1
emiso2,2003,-6.810512683993747e-14,kg m-2 s-1
emiso2,2004,-7.153187472611524e-14,kg m-2 s-1
