variable,year,value,unit
clt,2001,0.00020799169792695693,%
clt,2002,0.0011297064344404362,%
clt,2003,-0.0006681490558477776,%
clt,2004,0.0007443916800013994,%
