variable,year,value,unit
rlut,2000,0.014993494974589794,W m-2
rlut,2001,-0.00013556304725170776,W m-2
rlut,2002,0.002434366423983647,W m-2
rlut,2003,-0.017772965490451043,W m-2
rlut,2004,0.014641057210184272,W m-2
