variable,year,value,unit
wetbc,2000,7.650100053395488e-17,kg m-2 s-1
wetbc,2001,-1.504433275819318e-16,kg m-2 s-1
wetbc,2002,4.898731046901698e-17,kg m-2 s-1
wetbc,2003,-1.1176329539827168e-16,kg m-2 s-1
wetbc,2004,1.0675169673386351e-16,kg m-2 s-1
