variable,year,value,unit
rlut,2000,-0.0005696858112855807,W m-2
rlut,2001,0.0009001127839667333,W m-2
rlut,2002,0.0036812508764683116,W m-2
rlut,2003,-0.0007249270918237016,W m-2
rlut,2004,-0.0014678007365773738,W m-2
