variable,year,value,unit
dryso2,2000,1.2156267890523283e-14,kg m-2 s-1
dryso2,2001,1.514301607062366e-14,kg m-2 s-1
dryso2,2002,1.5319547950095104e-14,kg m-2 s-1
dryso2,2003,1.1601914751615076e-14,kg m-2 s-1
dryso2,2004,2.029144779107126e-14,kg m-2 s-1
