variable,year,value,unit
dryso2,2000,1.412335632376131e-14,kg m-2 s-1
dryso2,2001,1.446232262136142e-14,kg m-2 s-1
dryso2,2002,7.740101698617188e-15,kg m-2 s-1
dryso2,2003,1.2165400408059857e-14,kg m-2 s-1
dryso2,2004,-6.792288511194697e-15,kg m-2 s-1
