variable,year,value,unit
loadbc,2000,3.224887832511088e-09,kg m-2
loadbc,2001,7.360486274415114e-10,kg m-2
loadbc,2002,6.101946850382857e-12,kg m-2
loadbc,2003,-1.6101260252655168e-10,kg m-2
loadbc,2004,1.7151558466974616e-09,kg m-2
