variable,year,value,unit
cltc,2001,0.0012737346586474407,%
cltc,2002,0.0051574980773979595,%
cltc,2003,0.01196911336721207,%
cltc,2004,0.0002720684628304548,%
