variable,year,value,unit
dms,2000,1.7649349248440638e-13,mol mol-1
dms,2001,2.2242638901633902e-13,mol mol-1
dms,2002,3.5777637980630634e-14,mol mol-1
dms,2003,1.8297339246036213e-13,mol mol-1
dms,2004,1.9268607673386287e-13,mol mol-1
