variable,year,value,unit
drybc,2000,-1.6288347614748512e-16,kg m-2 s-1
drybc,2001,-7.91621985652741e-17,kg m-2 s-1
drybc,2002,-1.267585587215925e-16,kg m-2 s-1
drybc,2003,-3.2587107152893285e-16,kg m-2 s-1
drybc,2004,-4.791710174209195e-17,kg m-2 s-1
