variable,year,value,unit
loadso2,2000,-1.3346040964232746e-08,kg m-2
loadso2,2001,-5.661967212253328e-09,kg m-2
loadso2,2002,-1.828344820619576e-08,kg m-2
loadso2,2003,-1.350357632438843e-08,kg m-2
loadso2,2004,3.617324258165487e-09,kg m-2
