variable,year,value,unit
loadso2,2000,-4.5843865601562624e-11,kg m-2
loadso2,2001,5.81661834860567e-10,kg m-2
loadso2,2002,7.673579054880245e-09,kg m-2
loadso2,2003,2.0874467018323763e-10,kg m-2
loadso2,2004,6.856448027694036e-10,kg m-2
