variable,year,value,unit
loadso4,2000,1.698545386756044e-08,kg m-2
loadso4,2001,3.544856103207712e-08,kg m-2
loadso4,2002,5.684372525214915e-09,kg m-2
loadso4,2003,1.1044333670048132e-08,kg m-2
loadso4,2004,1.5196309482848943e-08,kg m-2
