variable,year,value,unit
mmrso4,2001,-5.789340761219777e-12,kg kg-1
mmrso4,2002,-5.15489681456431e-12,kg kg-1
mmrso4,2003,-2.1318757018181336e-12,kg kg-1
mmrso4,2004,-1.993856635392132e-12,kg kg-1
