variable,year,value,unit
dryso4,2000,-9.668747053777522e-16,kg m-2 s-1
dryso4,2001,2.3292944212794303e-15,kg m-2 s-1
dryso4,2002,1.4750264413831852e-15,kg m-2 s-1
dryso4,2003,-4.312131468778091e-15,kg m-2 s-1
dryso4,2004,4.409352739738215e-15,kg m-2 s-1
