variable,year,value,unit
dryso4,2000,6.9453792095328825e-15,kg m-2 s-1
dryso4,2001,-2.1056378387702286e-15,kg m-2 s-1
dryso4,2002,-3.753291108998038e-15,kg m-2 s-1
dryso4,2003,1.5132575910493643e-14,kg m-2 s-1
dryso4,2004,-2.8071108374833056e-15,kg m-2 s-1
