variable,year,value,unit
clt,2001,-0.21950640976248792,%
clt,2002,0.22625416791233022,%
clt,2003,0.17848676691985332,%
clt,2004,0.513931484771561,%
