variable,year,value,unit
wetso4,2000,-5.2566210646789364e-14,kg m-2 s-1
wetso4,2001,3.580571264884321e-14,kg m-2 s-1
wetso4,2002,4.924698506093467e-14,kg m-2 s-1
wetso4,2003,1.9342938940923864e-14,kg m-2 s-1
wetso4,2004,-1.0793394859485418e-14,kg m-2 s-1
