variable,year,value,unit
dryso4,2000,-1.182608165275206e-15,kg m-2 s-1
dryso4,2001,8.787843698660047e-15,kg m-2 s-1
dryso4,2002,-6.102302963664804e-15,kg m-2 s-1
dryso4,2003,-3.644874815297758e-15,kg m-2 s-1
dryso4,2004,-7.577797063731167e-15,kg m-2 s-1
