variable,year,value,unit
so2,2001,-7.683070475126852e-13,mol mol-1
so2,2002,1.3146766143291575e-12,mol mol-1
so2,2003,3.872763668641038e-13,mol mol-1
so2,2004,5.266745639922948e-13,mol mol-1
