variable,year,value,unit
wetso2,2000,2.23616018720382e-15,kg m-2 s-1
wetso2,2001,-7.237221148320407e-15,kg m-2 s-1
wetso2,2002,2.8677722621378872e-15,kg m-2 s-1
wetso2,2003,7.42444586324666e-15,kg m-2 s-1
wetso2,2004,6.253607116506185e-15,kg m-2 s-1
