variable,year,value,unit
rsutcs,2000,0.009767483279304656,W m-2
rsutcs,2001,-0.007880555839534509,W m-2
rsutcs,2002,0.04448114801865444,W m-2
rsutcs,2003,0.11667826997793895,W m-2
rsutcs,2004,0.05516531938575753,W m-2
