variable,year,value,unit
wetbc,2001,-4.3313028911520803e-16,kg m-2 s-1
wetbc,2002,-2.011784462703767e-15,kg m-2 s-1
wetbc,2003,-1.2512028758291147e-15,kg m-2 s-1
wetbc,2004,8.205989307241942e-16,kg m-2 s-1
