variable,year,value,unit
emibc,2000,3.919341277353153e-18,kg m-2 s-1
emibc,2001,4.781746363230266e-18,kg m-2 s-1
emibc,2002,5.329263572716098e-18,kg m-2 s-1
emibc,2003,6.539921295735116e-18,kg m-2 s-1
emibc,2004,5.260307959053893e-18,kg m-2 s-1
