variable,year,value,unit
dryso4,2001,-1.8454396016127223e-15,kg m-2 s-1
dryso4,2002,-1.183871016808712e-15,kg m-2 s-1
dryso4,2003,1.7664958714513934e-15,kg m-2 s-1
dryso4,2004,-2.554567293526223e-16,kg m-2 s-1
