variable,year,value,unit
loadbc,2000,-2.736927031957097e-09,kg m-2
loadbc,2001,-2.619672609966492e-09,kg m-2
loadbc,2002,-2.859074870312731e-09,kg m-2
loadbc,2003,-3.0216278624351453e-09,kg m-2
loadbc,2004,-3.2942608355080513e-09,kg m-2
