variable,year,value,unit
emibc,2000,2.393846767250892e-19,kg m-2 s-1
emibc,2001,-1.0272806568667615e-19,kg m-2 s-1
emibc,2002,-3.553663423019679e-20,kg m-2 s-1
emibc,2003,-8.542960476688328e-21,kg m-2 s-1
emibc,2004,-1.695266481484007e-20,kg m-2 s-1
