variable,year,value,unit
clt,2001,-0.007195334877330595,%
clt,2002,-0.004559349013639746,%
clt,2003,-0.015057950898949457,%
clt,2004,-0.006599860361369281,%
