variable,year,value,unit
rsut,2000,1.2006415761929645,W m-2
rsut,2001,-0.10855064806875703,W m-2
rsut,2002,0.7962141671500831,W m-2
rsut,2003,-0.7621642387047274,W m-2
rsut,2004,-0.08736386112718719,W m-2
