variable,year,value,unit
rsdt,2000,-2.2152505607664352e-08,W m-2
rsdt,2001,-2.3842665086704073e-07,W m-2
rsdt,2002,-4.6255877350631636e-07,W m-2
rsdt,2003,-7.946857749629999e-08,W m-2
rsdt,2004,-3.710824216796027e-07,W m-2
