variable,year,value,unit
wetso4,2000,1.3204587851066081e-14,kg m-2 s-1
wetso4,2001,8.284433361006903e-15,kg m-2 s-1
wetso4,2002,2.0582389678978783e-14,kg m-2 s-1
wetso4,2003,1.2837581002585544e-14,kg m-2 s-1
wetso4,2004,2.1235867521966225e-14,kg m-2 s-1
