variable,year,value,unit
emibc,2000,1.9804902072763535e-20,kg m-2 s-1
emibc,2001,9.475488192280598e-20,kg m-2 s-1
emibc,2002,2.6715880980060792e-20,kg m-2 s-1
emibc,2003,6.946556498781755e-20,kg m-2 s-1
emibc,2004,9.427445659433585e-20,kg m-2 s-1
