variable,year,value,unit
emiso2,2000,-1.9815039739533926e-15,kg m-2 s-1
emiso2,2001,-2.0660629322309094e-15,kg m-2 s-1
emiso2,2002,-2.131970278472896e-15,kg m-2 s-1
emiso2,2003,-2.1582578574632206e-15,kg m-2 s-1
emiso2,2004,-2.3945358747481684e-15,kg m-2 s-1
