variable,year,value,unit
rlutcs,2000,0.0009045723797385108,W m-2
rlutcs,2001,-0.01446730291206677,W m-2
rlutcs,2002,-0.007155387203226837,W m-2
rlutcs,2003,-0.00651686385128869,W m-2
rlutcs,2004,0.003279749057639947,W m-2
