variable,year,value,unit
mmrso4,2001,-3.275022208431302e-11,kg kg-1
mmrso4,2002,1.9583655800062422e-11,kg kg-1
mmrso4,2003,4.606116708827708e-11,kg kg-1
mmrso4,2004,2.136066977133409e-11,kg kg-1
mmrso4,2005,8.777395857528547e-12,kg kg-1
