variable,year,value,unit
rsutcs,2000,-0.001381285755954309,W m-2
rsutcs,2001,-0.009786639268270392,W m-2
rsutcs,2002,-0.010291632053039734,W m-2
rsutcs,2003,0.00641712851646048,W m-2
rsutcs,2004,0.00505235059861775,W m-2
