variable,year,value,unit
wetso4,2001,2.0363294447658153e-13,kg m-2 s-1
wetso4,2002,1.5789825491389002e-13,kg m-2 s-1
wetso4,2003,3.4846963776648526e-13,kg m-2 s-1
wetso4,2004,-2.135195106215203e-14,kg m-2 s-1
wetso4,2005,-2.4134854032802948e-14,kg m-2 s-1
