variable,year,value,unit
rlutcs,2000,0.0057355214494805296,W m-2
rlutcs,2001,0.022280071688669523,W m-2
rlutcs,2002,0.001415826847903645,W m-2
rlutcs,2003,0.000998605126142138,W m-2
rlutcs,2004,-0.004569390559851172,W m-2
rlutcs,2005,-0.015088424143215207,W m-2
rlutcs,2006,-0.0069176275879385685,W m-2
rlutcs,2007,0.0012696093581894274,W m-2
rlutcs,2008,-0.005060313754569279,W m-2
rlutcs,2009,-0.00015337363964817996,W m-2
