variable,year,value,unit
emibc,2001,8.083554015085147e-20,kg m-2 s-1
emibc,2002,-4.401998664770351e-20,kg m-2 s-1
emibc,2003,-5.3554658259758054e-20,kg m-2 s-1
emibc,2004,-3.026603818520056e-20,kg m-2 s-1
emibc,2005,-1.9364903985041588e-20,kg m-2 s-1
