variable,year,value,unit
drybc,2000,3.2010015513680484e-17,kg m-2 s-1
drybc,2001,4.085629368364074e-17,kg m-2 s-1
drybc,2002,-4.059499194664447e-17,kg m-2 s-1
drybc,2003,-9.352851247844954e-18,kg m-2 s-1
drybc,2004,-2.028289542083824e-17,kg m-2 s-1
