variable,year,value,unit
rlutcs,2000,0.009635426507372813,W m-2
rlutcs,2001,0.026209918589245262,W m-2
rlutcs,2002,0.005445890624400818,W m-2
rlutcs,2003,-0.014400456757243774,W m-2
rlutcs,2004,0.004483381849240686,W m-2
