variable,year,value,unit
wetso4,2000,2.6466863891732384e-14,kg m-2 s-1
wetso4,2001,3.644641494705618e-14,kg m-2 s-1
wetso4,2002,2.9948616796319047e-14,kg m-2 s-1
wetso4,2003,2.992619437222327e-14,kg m-2 s-1
wetso4,2004,2.704411900449416e-14,kg m-2 s-1
