variable,year,value,unit
rlut,2000,0.01547383752452447,W m-2
rlut,2001,0.004759714075930788,W m-2
rlut,2002,0.009207704979274922,W m-2
rlut,2003,0.00809655692984279,W m-2
rlut,2004,0.0059442611847657645,W m-2
