variable,year,value,unit
rlutcs,2000,0.0031586824156590865,W m-2
rlutcs,2001,-0.006309297162516714,W m-2
rlutcs,2002,0.0008197826237505978,W m-2
rlutcs,2003,0.008188998673915648,W m-2
rlutcs,2004,-0.004509461307776519,W m-2
