variable,year,value,unit
rsut,2000,-0.04068497196767851,W m-2
rsut,2001,-0.07438562995380948,W m-2
rsut,2002,0.019757417694464152,W m-2
rsut,2003,0.04205524211634781,W m-2
rsut,2004,0.055227399809226085,W m-2
rsut,2005,0.04426408963577444,W m-2
rsut,2006,-0.024005669531661056,W m-2
rsut,2007,-0.022052004619538934,W m-2
rsut,2008,0.030974237128759796,W m-2
rsut,2009,-0.027659111430551775,W m-2
