variable,year,value,unit
emiso2,2000,-1.512578641638345e-15,kg m-2 s-1
emiso2,2001,-1.7877693071512375e-15,kg m-2 s-1
emiso2,2002,-1.772987189575847e-15,kg m-2 s-1
emiso2,2003,-1.836285675965571e-15,kg m-2 s-1
emiso2,2004,-1.397429496454958e-15,kg m-2 s-1
