variable,year,value,unit
emibc,2001,1.60036387284852e-20,kg m-2 s-1
emibc,2002,2.495644247263734e-20,kg m-2 s-1
emibc,2003,-5.3821849260132304e-21,kg m-2 s-1
emibc,2004,6.6505199322921914e-21,kg m-2 s-1
emibc,2005,1.4380904489547715e-20,kg m-2 s-1
