variable,year,value,unit
dryso2,2001,-2.7436808837742e-13,kg m-2 s-1
dryso2,2002,-3.5283997210536255e-13,kg m-2 s-1
dryso2,2003,-3.2984519639803143e-13,kg m-2 s-1
dryso2,2004,-2.0084265621278808e-13,kg m-2 s-1
dryso2,2005,7.213356527160966e-14,kg m-2 s-1
