variable,year,value,unit
loadbc,2000,-9.03285656042072e-12,kg m-2
loadbc,2001,8.923912512628951e-11,kg m-2
loadbc,2002,-8.474563868438057e-12,kg m-2
loadbc,2003,6.581774244912085e-11,kg m-2
loadbc,2004,5.632058663062082e-11,kg m-2
