variable,year,value,unit
wetso2,2000,-0.0009752895301725004,kg m-2 s-1
wetso2,2001,-0.0009649185455656156,kg m-2 s-1
wetso2,2002,-0.0010243283803402989,kg m-2 s-1
wetso2,2003,-0.0010122014639246252,kg m-2 s-1
wetso2,2004,-0.001054746033919543,kg m-2 s-1
