variable,year,value,unit
dms,2000,-6.405966479812568e-15,mol mol-1
dms,2001,8.515869310960819e-16,mol mol-1
dms,2002,4.133618825365698e-15,mol mol-1
dms,2003,-2.1091375691662993e-15,mol mol-1
dms,2004,-1.9788860750300564e-15,mol mol-1
