variable,year,value,unit
dms,2000,-6.14978386277348e-14,mol mol-1
dms,2001,-4.431435818052376e-14,mol mol-1
dms,2002,-9.579104052254273e-14,mol mol-1
dms,2003,-4.086073593526863e-14,mol mol-1
dms,2004,-5.5702418193234986e-14,mol mol-1
