variable,year,value,unit
rsut,2001,0.6829954428201432,W m-2
rsut,2002,1.051540544854518,W m-2
rsut,2003,-1.3365821547115644,W m-2
rsut,2004,1.3437507332346286,W m-2
rsut,2005,0.15878818550000062,W m-2
