variable,year,value,unit
rlut,2001,-0.07059534476096019,W m-2
rlut,2002,-0.06413215376261405,W m-2
rlut,2003,-0.03243709718285004,W m-2
rlut,2004,-0.03592595294730927,W m-2
rlut,2005,0.1191830830984486,W m-2
