variable,year,value,unit
wetso2,2001,-5.94638482881538e-14,kg m-2 s-1
wetso2,2002,-6.392194837082952e-14,kg m-2 s-1
wetso2,2003,-6.278557319790388e-14,kg m-2 s-1
wetso2,2004,-6.022232915311194e-14,kg m-2 s-1
wetso2,2005,-6.720192709289726e-14,kg m-2 s-1
