variable,year,value,unit
wetso2,2000,-6.256167032803942e-14,kg m-2 s-1
wetso2,2001,-6.470181636141042e-14,kg m-2 s-1
wetso2,2002,-6.34532200500002e-14,kg m-2 s-1
wetso2,2003,-6.418232967494852e-14,kg m-2 s-1
wetso2,2004,-7.34002607561898e-14,kg m-2 s-1
