variable,year,value,unit
rlut,2001,-1.1823829324256963,W m-2
rlut,2002,-0.5514874596152595,W m-2
rlut,2003,0.20550315951442144,W m-2
rlut,2004,-0.9862014718416674,W m-2
rlut,2005,-0.592407654478734,W m-2
