variable,year,value,unit
so2,2000,-9.804509292378148e-13,mol mol-1
so2,2001,-5.079378900146201e-13,mol mol-1
so2,2002,5.369111241667499e-13,mol mol-1
so2,2003,-8.748955824209787e-13,mol mol-1
so2,2004,-2.3695116774767377e-13,mol mol-1
