variable,year,value,unit
loadso4,2000,1.4699519280379441e-08,kg m-2
loadso4,2001,2.6353087894369432e-08,kg m-2
loadso4,2002,2.976648603363726e-08,kg m-2
loadso4,2003,4.635959683921956e-08,kg m-2
loadso4,2004,2.4085022498793556e-08,kg m-2
