variable,year,value,unit
wetso2,2000,-3.3663822915231473e-18,kg m-2 s-1
wetso2,2001,-1.0249133925912114e-17,kg m-2 s-1
wetso2,2002,3.9070951212449913e-19,kg m-2 s-1
wetso2,2003,-4.5871015702813445e-18,kg m-2 s-1
wetso2,2004,-8.983281308094479e-18,kg m-2 s-1
