variable,year,value,unit
dms,2001,-7.659214196441595e-14,mol mol-1
dms,2002,-4.8481477866225104e-14,mol mol-1
dms,2003,6.194890867463675e-14,mol mol-1
dms,2004,1.4907125114148037e-14,mol mol-1
dms,2005,-5.098841350449964e-14,mol mol-1
