variable,year,value,unit
mmrbc,2000,-0.32191344204598205,kg kg-1
mmrbc,2001,-0.3048491881151078,kg kg-1
mmrbc,2002,-0.4572272585312608,kg kg-1
mmrbc,2003,-0.4420734468988035,kg kg-1
mmrbc,2004,-0.3737406377470459,kg kg-1
