variable,year,value,unit
rlutcs,2001,0.0005574239783881423,W m-2
rlutcs,2002,-0.0004212357895423444,W m-2
rlutcs,2003,0.0007960765413875288,W m-2
rlutcs,2004,0.0010336404616538215,W m-2
