variable,year,value,unit
wetso4,2001,-0.971373636128889,kg m-2 s-1
wetso4,2002,-0.9236095109680235,kg m-2 s-1
wetso4,2003,-0.961436745468632,kg m-2 s-1
wetso4,2004,-0.957871923734532,kg m-2 s-1
