variable,year,value,unit
mmrso4,2001,-5.887671315130554,kg kg-1
mmrso4,2002,-5.803039172728934,kg kg-1
mmrso4,2003,-5.946967323728235,kg kg-1
mmrso4,2004,-6.094558563466251,kg kg-1
