variable,year,value,unit
cltc,2001,-0.016836883528964838,%
cltc,2002,-0.01519970646524533,%
cltc,2003,-0.03343829348851297,%
cltc,2004,-0.016206503323208304,%
