variable,year,value,unit
loadso2,2000,2.165649479182899,kg m-2
loadso2,2001,2.2778393697649637,kg m-2
loadso2,2002,2.277989376311713,kg m-2
loadso2,2003,2.27642739907321,kg m-2
loadso2,2004,2.200497818653785,kg m-2
