variable,year,value,unit
od550aer,2001,-0.24425973241182833,1
od550aer,2002,-0.2308231821113478,1
od550aer,2003,-0.22386440701810434,1
od550aer,2004,-0.30588064995628633,1
