variable,year,value,unit
wetso4,2001,-1.4000933350217133,kg m-2 s-1
wetso4,2002,-1.4335994887863004,kg m-2 s-1
wetso4,2003,-1.309068521079727,kg m-2 s-1
wetso4,2004,-1.2832065225329028,kg m-2 s-1
