variable,year,value,unit
rsutcs,2001,-0.056160806664502363,W m-2
rsutcs,2002,-0.0516902938925763,W m-2
rsutcs,2003,-0.05971279734148726,W m-2
rsutcs,2004,-0.05765731480684194,W m-2
