variable,year,value,unit
clt,2001,-0.007020581331427626,%
clt,2002,-0.013415596830220684,%
clt,2003,-0.004198090468696953,%
clt,2004,-0.019036643659387387,%
