variable,year,value,unit
rlut,2001,-0.01210995453845752,W m-2
rlut,2002,0.008792684669912567,W m-2
rlut,2003,-0.0021226016788374715,W m-2
rlut,2004,-0.0027934283473880364,W m-2
