variable,year,value,unit
rlutcs,2000,0.0032423842097033034,W m-2
rlutcs,2001,0.0016965316150019207,W m-2
rlutcs,2002,0.0005333632902234041,W m-2
rlutcs,2003,0.002896931320296608,W m-2
rlutcs,2004,0.0005404629612964429,W m-2
