variable,year,value,unit
cltc,2001,-0.01706764906318354,%
cltc,2002,0.0071947067711229315,%
cltc,2003,0.006518018275196247,%
cltc,2004,0.014876574508697964,%
