variable,year,value,unit
rsut,2001,-0.02371315545350534,W m-2
rsut,2002,-0.05749484211128231,W m-2
rsut,2003,-0.002471296912053294,W m-2
rsut,2004,-0.015583476208955671,W m-2
