variable,year,value,unit
wetso2,2000,1.921040004363294,kg m-2 s-1
wetso2,2001,1.7662741950570506,kg m-2 s-1
wetso2,2002,1.8428586768219148,kg m-2 s-1
wetso2,2003,1.8864253570588476,kg m-2 s-1
wetso2,2004,1.9554916124156232,kg m-2 s-1
