variable,year,value,unit
dryso4,2001,-7.257239632529931,kg m-2 s-1
dryso4,2002,-6.992443905789718,kg m-2 s-1
dryso4,2003,-7.18757950514934,kg m-2 s-1
dryso4,2004,-7.42739273933211,kg m-2 s-1
