variable,year,value,unit
mmrso4,2001,-6.942765314644772,kg kg-1
mmrso4,2002,-6.937476827879243,kg kg-1
mmrso4,2003,-7.081361368376654,kg kg-1
mmrso4,2004,-7.475360931768575,kg kg-1
