variable,year,value,unit
loadso4,2000,-0.9795656757338221,kg m-2
loadso4,2001,-1.2081457926245291,kg m-2
loadso4,2002,-0.8942066001656731,kg m-2
loadso4,2003,-0.9485410572413353,kg m-2
loadso4,2004,-0.8420916376803306,kg m-2
