variable,year,value,unit
wetso4,2001,-0.4590006815146146,kg m-2 s-1
wetso4,2002,-0.3873471017639678,kg m-2 s-1
wetso4,2003,-0.4511529225376478,kg m-2 s-1
wetso4,2004,-0.45890903943713773,kg m-2 s-1
