variable,year,value,unit
mmrbc,2001,0.12827264039850939,kg kg-1
mmrbc,2002,-0.03510013514679921,kg kg-1
mmrbc,2003,-0.09481463296927063,kg kg-1
mmrbc,2004,-0.202262301444548,kg kg-1
