variable,year,value,unit
drybc,2001,0.019507772072836174,kg m-2 s-1
drybc,2002,0.0013953552474104268,kg m-2 s-1
drybc,2003,0.016879551493799893,kg m-2 s-1
drybc,2004,0.04165761404398631,kg m-2 s-1
