variable,year,value,unit
dryso4,2001,-9.90866645660255,kg m-2 s-1
dryso4,2002,-9.94594774845054,kg m-2 s-1
dryso4,2003,-10.194423647489844,kg m-2 s-1
dryso4,2004,-10.583888588859184,kg m-2 s-1
