variable,year,value,unit
rlut,2001,0.014677394214220253,W m-2
rlut,2002,0.013898691012460256,W m-2
rlut,2003,0.031084349078657977,W m-2
rlut,2004,0.024348257836512996,W m-2
