variable,year,value,unit
rsutcs,2001,-0.00019892370451998808,W m-2
rsutcs,2002,-0.011224793604011907,W m-2
rsutcs,2003,-0.01768181703780547,W m-2
rsutcs,2004,-0.003733923210600912,W m-2
