variable,year,value,unit
clt,2001,0.0556327158297492,%
clt,2002,0.027380747043254695,%
clt,2003,-0.03308138820759803,%
clt,2004,-0.08495767650634528,%
