variable,year,value,unit
so2,2001,2.287075828545728,mol mol-1
so2,2002,2.3434022317866243,mol mol-1
so2,2003,2.2518177582776624,mol mol-1
so2,2004,2.3065604154545905,mol mol-1
