variable,year,value,unit
cl,2000,0.32096255661247136,%
cl,2001,0.3729781722274768,%
cl,2002,0.09769826826673597,%
cl,2003,-0.02988424258488392,%
cl,2004,0.2828810320643421,%
