variable,year,value,unit
rsutcs,2000,0.0398518328785843,W m-2
rsutcs,2001,0.04329066207188953,W m-2
rsutcs,2002,0.011667588591295302,W m-2
rsutcs,2003,0.013788019172439889,W m-2
rsutcs,2004,0.035039345591649326,W m-2
