variable,year,value,unit
mmrbc,2000,0.6348954439065178,kg kg-1
mmrbc,2001,0.11881999326652823,kg kg-1
mmrbc,2002,0.31242420053094583,kg kg-1
mmrbc,2003,0.3152609816331546,kg kg-1
mmrbc,2004,0.3159073296034107,kg kg-1
