variable,year,value,unit
dryso2,2001,1.5380124942939146,kg m-2 s-1
dryso2,2002,2.644626018990361,kg m-2 s-1
dryso2,2003,3.1490347761151303,kg m-2 s-1
dryso2,2004,3.5757824804047553,kg m-2 s-1
