variable,year,value,unit
od550aer,2000,0.19569893180802406,1
od550aer,2001,0.11077766821964918,1
od550aer,2002,0.1128343254961053,1
od550aer,2003,0.21132047001887277,1
od550aer,2004,0.001343141707887441,1
