variable,year,value,unit
loadso2,2000,0.7130037091753909,kg m-2
loadso2,2001,0.3143182587435823,kg m-2
loadso2,2002,0.5756918838512896,kg m-2
loadso2,2003,0.7675117851284932,kg m-2
loadso2,2004,0.3431848325973747,kg m-2
