variable,year,value,unit
dryso4,2000,6.336687713896555,kg m-2 s-1
dryso4,2001,6.062060420098666,kg m-2 s-1
dryso4,2002,5.627600304769938,kg m-2 s-1
dryso4,2003,5.745968905657909,kg m-2 s-1
dryso4,2004,6.403556872352032,kg m-2 s-1
