variable,year,value,unit
clt,2001,0.04206384624444859,%
clt,2002,-0.029966323787397407,%
clt,2003,0.07534464512183928,%
clt,2004,-0.03207724161300967,%
