variable,year,value,unit
clt,2000,0.03460132178425229,%
clt,2001,0.02106431809496103,%
clt,2002,0.048856229007324406,%
clt,2003,0.02745423762912874,%
clt,2004,0.02849549247744948,%
