variable,year,value,unit
wetso2,2000,3.0469528221092816,kg m-2 s-1
wetso2,2001,3.0153992245160475,kg m-2 s-1
wetso2,2002,2.977565145440866,kg m-2 s-1
wetso2,2003,2.9285300581270786,kg m-2 s-1
wetso2,2004,3.3797483868561033,kg m-2 s-1
