variable,year,value,unit
mmrbc,2000,-0.043595849884295435,kg kg-1
mmrbc,2001,-0.34653955600870084,kg kg-1
mmrbc,2002,-0.32999478990723974,kg kg-1
mmrbc,2003,-0.2463492581086829,kg kg-1
mmrbc,2004,-0.6061236085658877,kg kg-1
