variable,year,value,unit
wetso2,2000,3.477580063069606,kg m-2 s-1
wetso2,2001,4.7863818393824875,kg m-2 s-1
wetso2,2002,3.316292964896094,kg m-2 s-1
wetso2,2003,3.7822151848393366,kg m-2 s-1
wetso2,2004,3.377985142868726,kg m-2 s-1
