variable,year,value,unit
drybc,2001,0.10036903293090546,kg m-2 s-1
drybc,2002,0.2495129858687076,kg m-2 s-1
drybc,2003,0.1988920235614978,kg m-2 s-1
drybc,2004,0.16918901265201167,kg m-2 s-1
