variable,year,value,unit
rlutcs,2000,-0.002768528345902361,W m-2
rlutcs,2001,-0.0027930878608246825,W m-2
rlutcs,2002,-0.004211399273423241,W m-2
rlutcs,2003,-0.003171474110716093,W m-2
rlutcs,2004,-0.013623370205762132,W m-2
