variable,year,value,unit
mmrso4,2001,4.607301334891759,kg kg-1
mmrso4,2002,4.334380654556067,kg kg-1
mmrso4,2003,4.518527601511196,kg kg-1
mmrso4,2004,4.465499303833368,kg kg-1
