variable,year,value,unit
cl,2000,-0.06353376273093467,%
cl,2001,-0.15747832920049756,%
cl,2002,0.08976649810366999,%
cl,2003,0.045335250701277696,%
cl,2004,-0.15254836275743583,%
