variable,year,value,unit
mmrso4,2001,6.457599704849058,kg kg-1
mmrso4,2002,6.091846912171603,kg kg-1
mmrso4,2003,6.368771907343887,kg kg-1
mmrso4,2004,6.6381994424185855,kg kg-1
