variable,year,value,unit
mmrso4,2000,6.633850190273953,kg kg-1
mmrso4,2001,6.608003795185348,kg kg-1
mmrso4,2002,6.509047564944713,kg kg-1
mmrso4,2003,6.720424477062442,kg kg-1
mmrso4,2004,6.201006244924736,kg kg-1
