variable,year,value,unit
dryso4,2000,2.528017870748041,kg m-2 s-1
dryso4,2001,2.2955458101995094,kg m-2 s-1
dryso4,2002,2.06036368761017,kg m-2 s-1
dryso4,2003,2.1261033781493457,kg m-2 s-1
dryso4,2004,2.256017815509157,kg m-2 s-1
