variable,year,value,unit
loadso4,2000,2.0179780149866584,kg m-2
loadso4,2001,2.006924422663659,kg m-2
loadso4,2002,2.230037986437024,kg m-2
loadso4,2003,1.9002935852223881,kg m-2
loadso4,2004,1.8626400707711834,kg m-2
