variable,year,value,unit
cltc,2000,-0.25117526081401476,%
cltc,2001,-0.04471926901171757,%
cltc,2002,0.07796339304193335,%
cltc,2003,0.08758159822976368,%
cltc,2004,-0.12104168472956399,%
