variable,year,value,unit
dms,2000,0.1783560894126898,mol mol-1
dms,2001,-0.21786548492003377,mol mol-1
dms,2002,0.0640769084590353,mol mol-1
dms,2003,-0.03447811898424895,mol mol-1
dms,2004,0.08446123273531608,mol mol-1
