variable,year,value,unit
od550aer,2000,-80.76372408378134,1
od550aer,2001,-81.2908373086741,1
od550aer,2002,-81.18258604612105,1
od550aer,2003,-81.96895319657432,1
od550aer,2004,-81.51048151697945,1
