variable,year,value,unit
cl,2000,0.13188241428296707,%
cl,2001,0.08491847485395104,%
cl,2002,-0.0695824045332833,%
cl,2003,0.06845351882240627,%
cl,2004,-0.08951489019844062,%
