variable,year,value,unit
clivi,2000,0.12030220452645506,kg m-2
clivi,2001,0.03389674182210374,kg m-2
clivi,2002,0.003723474638723902,kg m-2
clivi,2003,0.1527092007039794,kg m-2
clivi,2004,-0.1585276983019052,kg m-2
