variable,year,value,unit
rlut,2001,-0.027553653299702587,W m-2
rlut,2002,0.01593198092146095,W m-2
rlut,2003,-0.02978583086878622,W m-2
rlut,2004,0.03024308868917236,W m-2
