variable,year,value,unit
loadso2,2000,4.469001643125135,kg m-2
loadso2,2001,4.2965519228516325,kg m-2
loadso2,2002,4.262474179851129,kg m-2
loadso2,2003,4.384967573327855,kg m-2
loadso2,2004,4.438527051613857,kg m-2
