variable,year,value,unit
loadbc,2000,0.24759456259451063,kg m-2
loadbc,2001,0.6501986470383606,kg m-2
loadbc,2002,0.38312044454118244,kg m-2
loadbc,2003,0.549334167541581,kg m-2
loadbc,2004,0.4621301301116711,kg m-2
