variable,year,value,unit
drybc,2000,-0.03576718301129966,kg m-2 s-1
drybc,2001,0.14293813793394167,kg m-2 s-1
drybc,2002,0.30061113322889205,kg m-2 s-1
drybc,2003,0.13793683583590413,kg m-2 s-1
drybc,2004,-0.2058100425529541,kg m-2 s-1
