variable,year,value,unit
loadso4,2000,-2.578953912141104,kg m-2
loadso4,2001,-3.0433257406927567,kg m-2
loadso4,2002,-3.119331807107682,kg m-2
loadso4,2003,-2.7041612810995566,kg m-2
loadso4,2004,-3.1715603824391425,kg m-2
