variable,year,value,unit
loadbc,2000,0.5051388477956538,kg m-2
loadbc,2001,0.37721442607841105,kg m-2
loadbc,2002,0.8237633424380176,kg m-2
loadbc,2003,0.4731125304924453,kg m-2
loadbc,2004,-0.08472705432431765,kg m-2
