variable,year,value,unit
rlutcs,2000,0.004240015496218105,W m-2
rlutcs,2001,-0.00509955465938087,W m-2
rlutcs,2002,0.01772475418734583,W m-2
rlutcs,2003,-0.006381252031322052,W m-2
rlutcs,2004,0.002148590141128478,W m-2
