variable,year,value,unit
drybc,2001,-0.35719518778513,kg m-2 s-1
drybc,2002,-0.18505547141221926,kg m-2 s-1
drybc,2003,-0.3846617505836802,kg m-2 s-1
drybc,2004,-0.5579501839438448,kg m-2 s-1
