variable,year,value,unit
loadso4,2000,5.911895754653123,kg m-2
loadso4,2001,5.48544326668312,kg m-2
loadso4,2002,5.687249644146032,kg m-2
loadso4,2003,5.79749698397104,kg m-2
loadso4,2004,5.972019429612652,kg m-2
