variable,year,value,unit
loadso4,2000,1.3848315157897169,kg m-2
loadso4,2001,1.079548945325845,kg m-2
loadso4,2002,1.1553537055495995,kg m-2
loadso4,2003,1.479531947203409,kg m-2
loadso4,2004,0.8541711481552638,kg m-2
