variable,year,value,unit
emiso2,2000,0.025307035386301482,kg m-2 s-1
emiso2,2001,0.024651402350723342,kg m-2 s-1
emiso2,2002,0.025030127195702242,kg m-2 s-1
emiso2,2003,0.025805198018404096,kg m-2 s-1
emiso2,2004,0.02717020837034725,kg m-2 s-1
