variable,year,value,unit
emibc,2000,2.662311701335375e-07,kg m-2 s-1
emibc,2001,-3.295541706261903e-08,kg m-2 s-1
emibc,2002,-1.44932672541726e-07,kg m-2 s-1
emibc,2003,1.4669003780669242e-07,kg m-2 s-1
emibc,2004,-4.283570108282429e-08,kg m-2 s-1
