variable,year,value,unit
dryso4,2000,1.4989343321668617e-14,kg m-2 s-1
dryso4,2001,-1.990621847896234e-15,kg m-2 s-1
dryso4,2002,-3.3646216985310735e-15,kg m-2 s-1
dryso4,2003,1.7558138214022379e-15,kg m-2 s-1
dryso4,2004,5.508337830283256e-15,kg m-2 s-1
