variable,year,value,unit
wetbc,2001,4.0890065807659875e-15,kg m-2 s-1
wetbc,2002,3.0738734960652057e-15,kg m-2 s-1
wetbc,2003,-3.319087189907344e-15,kg m-2 s-1
wetbc,2004,1.5214696563001728e-15,kg m-2 s-1
