variable,year,value,unit
loadso2,2000,-4.759702031563282e-08,kg m-2
loadso2,2001,-5.7826148335724565e-08,kg m-2
loadso2,2002,-6.208605833216888e-08,kg m-2
loadso2,2003,-6.00490713677369e-08,kg m-2
loadso2,2004,-6.268752432636127e-08,kg m-2
