variable,year,value,unit
drybc,2000,2.002162169769878e-16,kg m-2 s-1
drybc,2001,5.30979365048305e-16,kg m-2 s-1
drybc,2002,7.988029994935905e-17,kg m-2 s-1
drybc,2003,2.699304518417125e-16,kg m-2 s-1
drybc,2004,6.896072236896219e-16,kg m-2 s-1
