variable,year,value,unit
loadso4,2000,1.5014033373959882e-07,kg m-2
loadso4,2001,1.3693916069610785e-07,kg m-2
loadso4,2002,1.3263882023498812e-07,kg m-2
loadso4,2003,1.561428915132265e-07,kg m-2
loadso4,2004,1.4576560695137164e-07,kg m-2
