variable,year,value,unit
dryso2,2000,1.9081585251090252e-14,kg m-2 s-1
dryso2,2001,1.9140391002746063e-14,kg m-2 s-1
dryso2,2002,2.145118006739037e-14,kg m-2 s-1
dryso2,2003,2.949052475238664e-14,kg m-2 s-1
dryso2,2004,2.891022261306599e-14,kg m-2 s-1
