variable,year,value,unit
wetso2,2001,4.285403253540246e-17,kg m-2 s-1
wetso2,2002,6.182627056973383e-17,kg m-2 s-1
wetso2,2003,9.516751863125452e-17,kg m-2 s-1
wetso2,2004,7.484655000504068e-17,kg m-2 s-1
