variable,year,value,unit
cltc,2000,0.002071150631814067,%
cltc,2001,-0.0017463130119952375,%
cltc,2002,-0.006259975448708488,%
cltc,2003,-0.006402705702735378,%
cltc,2004,-0.001566565837158862,%
