variable,year,value,unit
so2,2000,-7.029198490358406e-11,mol mol-1
so2,2001,-6.613066048275843e-11,mol mol-1
so2,2002,-6.736933503200856e-11,mol mol-1
so2,2003,-7.41321992550336e-11,mol mol-1
so2,2004,-6.661503255980668e-11,mol mol-1
