variable,year,value,unit
dryso2,2001,-1.2398071598304153e-13,kg m-2 s-1
dryso2,2002,-1.2326002751072503e-13,kg m-2 s-1
dryso2,2003,-1.3188769448843706e-13,kg m-2 s-1
dryso2,2004,-1.2765504163001046e-13,kg m-2 s-1
