variable,year,value,unit
wetbc,2000,6.115496114385923e-16,kg m-2 s-1
wetbc,2001,4.1954339219637325e-17,kg m-2 s-1
wetbc,2002,-5.626527767124996e-16,kg m-2 s-1
wetbc,2003,1.3870562774019473e-15,kg m-2 s-1
wetbc,2004,1.4955836424074898e-15,kg m-2 s-1
