variable,year,value,unit
clt,2001,-0.008593005465314718,%
clt,2002,-0.011984752943185129,%
clt,2003,-0.047547251599702633,%
clt,2004,-0.020620571973495316,%
