variable,year,value,unit
loadso4,2000,1.222989386709109e-07,kg m-2
loadso4,2001,1.2991727085249418e-07,kg m-2
loadso4,2002,1.0733997404771608e-07,kg m-2
loadso4,2003,1.0418532726036144e-07,kg m-2
loadso4,2004,1.1362414522774332e-07,kg m-2
