variable,year,value,unit
dms,2000,-7.65938090932865e-15,mol mol-1
dms,2001,-4.5338557765923645e-15,mol mol-1
dms,2002,-3.0547716242541117e-15,mol mol-1
dms,2003,-6.46337093441525e-15,mol mol-1
dms,2004,-1.3340611972768459e-15,mol mol-1
