variable,year,value,unit
mmrso4,2000,2.2321114046779898e-11,kg kg-1
mmrso4,2001,2.4224723418070434e-11,kg kg-1
mmrso4,2002,2.1512006421871773e-11,kg kg-1
mmrso4,2003,2.336865016917175e-11,kg kg-1
mmrso4,2004,2.2226129521860408e-11,kg kg-1
