variable,year,value,unit
clt,2000,-0.011170092888995953,%
clt,2001,-0.05483665618352518,%
clt,2002,0.028671604593220934,%
clt,2003,0.00838871961685328,%
clt,2004,0.054738046697657694,%
