variable,year,value,unit
loadso4,2000,1.0898868422997131e-07,kg m-2
loadso4,2001,1.3127047936061504e-07,kg m-2
loadso4,2002,1.1009088283629402e-07,kg m-2
loadso4,2003,1.0647116436283902e-07,kg m-2
loadso4,2004,1.0777527050703342e-07,kg m-2
