variable,year,value,unit
rsut,2000,0.03881724620880789,W m-2
rsut,2001,0.06831923967962439,W m-2
rsut,2002,0.051169647667919094,W m-2
rsut,2003,0.10406116849470948,W m-2
rsut,2004,0.06510894689601798,W m-2
