variable,year,value,unit
mmrbc,2000,1.7517607348796657e-13,kg kg-1
mmrbc,2001,-2.0256338370925606e-13,kg kg-1
mmrbc,2002,-6.745095939338208e-14,kg kg-1
mmrbc,2003,-1.3134513196836724e-13,kg kg-1
mmrbc,2004,-1.2464290686899527e-13,kg kg-1
