variable,year,value,unit
cltc,2001,0.0016794869487370967,%
cltc,2002,0.0011143428275088851,%
cltc,2003,0.004391540273949168,%
cltc,2004,0.0012474376326490066,%
