variable,year,value,unit
drybc,2000,0.0,kg m-2 s-1
drybc,2001,1.0763572206568148e-17,kg m-2 s-1
drybc,2002,-7.994091324043639e-17,kg m-2 s-1
drybc,2003,-2.2539617275391024e-17,kg m-2 s-1
drybc,2004,-1.4408113420458007e-19,kg m-2 s-1
