variable,year,value,unit
mmrbc,2000,-3.6480299179933094e-13,kg kg-1
mmrbc,2001,-1.1330314322563334e-12,kg kg-1
mmrbc,2002,-1.3179561085343014e-12,kg kg-1
mmrbc,2003,-1.6304902038234909e-12,kg kg-1
mmrbc,2004,-1.220854045026606e-12,kg kg-1
