variable,year,value,unit
wetso2,2001,3.947538264801086e-17,kg m-2 s-1
wetso2,2002,7.334214410342264e-17,kg m-2 s-1
wetso2,2003,9.081433030439579e-17,kg m-2 s-1
wetso2,2004,6.500168421772822e-17,kg m-2 s-1
