variable,year,value,unit
clivi,2000,-0.6247010472447991,kg m-2
clivi,2001,-0.03871458663542638,kg m-2
clivi,2002,-0.8164253345653993,kg m-2
clivi,2003,0.2827978188517997,kg m-2
clivi,2004,-1.0203354845983779,kg m-2
