variable,year,value,unit
loadbc,2000,0.04800464098244833,kg m-2
loadbc,2001,0.14636662825906108,kg m-2
loadbc,2002,-0.12274471173973503,kg m-2
loadbc,2003,0.061899418258188635,kg m-2
loadbc,2004,0.044831421315661375,kg m-2
