variable,year,value,unit
dryso4,2000,0.012225004390210858,kg m-2 s-1
dryso4,2001,0.08721467404960187,kg m-2 s-1
dryso4,2002,0.38010210833288505,kg m-2 s-1
dryso4,2003,0.3253338451331562,kg m-2 s-1
dryso4,2004,0.1826816830770015,kg m-2 s-1
