variable,year,value,unit
loadso4,2000,0.5239504421902544,kg m-2
loadso4,2001,0.4340982170740299,kg m-2
loadso4,2002,0.5835059478455158,kg m-2
loadso4,2003,0.4368460686681382,kg m-2
loadso4,2004,0.47241943215577703,kg m-2
