variable,year,value,unit
wetso2,2000,0.15046156169647687,kg m-2 s-1
wetso2,2001,0.11985513889452276,kg m-2 s-1
wetso2,2002,0.12068080522953395,kg m-2 s-1
wetso2,2003,0.17541550893635208,kg m-2 s-1
wetso2,2004,0.0637900095871359,kg m-2 s-1
