variable,year,value,unit
mmrso4,2000,0.3343691803314678,kg kg-1
mmrso4,2001,0.2681088359243686,kg kg-1
mmrso4,2002,0.1931634660399395,kg kg-1
mmrso4,2003,0.47193716190881485,kg kg-1
mmrso4,2004,0.46565371666822936,kg kg-1
