variable,year,value,unit
emiso2,2000,-0.03570656205545362,kg m-2 s-1
emiso2,2001,-0.033207104250840294,kg m-2 s-1
emiso2,2002,-0.03419373899058056,kg m-2 s-1
emiso2,2003,-0.03465435692944553,kg m-2 s-1
emiso2,2004,-0.0350746208883176,kg m-2 s-1
