variable,year,value,unit
dryso4,2000,0.21873754945111532,kg m-2 s-1
dryso4,2001,0.20787273475878115,kg m-2 s-1
dryso4,2002,0.021829898379337805,kg m-2 s-1
dryso4,2003,0.19086029466358717,kg m-2 s-1
dryso4,2004,0.24689401859416646,kg m-2 s-1
