variable,year,value,unit
dryso2,2000,0.029510609004189923,kg m-2 s-1
dryso2,2001,-0.11778391814638783,kg m-2 s-1
dryso2,2002,-0.0503157294808954,kg m-2 s-1
dryso2,2003,-0.1120603442915185,kg m-2 s-1
dryso2,2004,-0.13147915558153303,kg m-2 s-1
