variable,year,value,unit
rsut,2000,0.00738142298248882,W m-2
rsut,2001,0.01794050645463238,W m-2
rsut,2002,0.040320080716459615,W m-2
rsut,2003,-0.008085395726482123,W m-2
rsut,2004,-0.014030146945700908,W m-2
