variable,year,value,unit
wetso2,2000,-0.08531165581479468,kg m-2 s-1
wetso2,2001,0.010539484937376472,kg m-2 s-1
wetso2,2002,0.022058520917436014,kg m-2 s-1
wetso2,2003,-0.03177394500644842,kg m-2 s-1
wetso2,2004,0.10999402128108027,kg m-2 s-1
