variable,year,value,unit
rlutcs,2000,0.006010679925017952,W m-2
rlutcs,2001,0.003063720400691866,W m-2
rlutcs,2002,-0.004885677432440707,W m-2
rlutcs,2003,-0.007389189393110417,W m-2
rlutcs,2004,-0.00980074523779534,W m-2
