variable,year,value,unit
wetbc,2000,-0.012267126390922556,kg m-2 s-1
wetbc,2001,-0.006225270406689715,kg m-2 s-1
wetbc,2002,0.00045468569388900607,kg m-2 s-1
wetbc,2003,0.008805464368536929,kg m-2 s-1
wetbc,2004,0.008173254051532618,kg m-2 s-1
