variable,year,value,unit
clt,2000,-0.041326640538140995,%
clt,2001,-0.061310025373650004,%
clt,2002,0.07679915989730211,%
clt,2003,-0.05416908257138912,%
clt,2004,0.2124983223075722,%
