variable,year,value,unit
wetso2,2000,0.2424157902057573,kg m-2 s-1
wetso2,2001,-0.01155359323966972,kg m-2 s-1
wetso2,2002,-0.3362858521380367,kg m-2 s-1
wetso2,2003,-0.0985642926806769,kg m-2 s-1
wetso2,2004,-0.27959887445172027,kg m-2 s-1
