variable,year,value,unit
drybc,2000,-0.033021770709401814,kg m-2 s-1
drybc,2001,-0.0689934910595752,kg m-2 s-1
drybc,2002,0.0704754843761956,kg m-2 s-1
drybc,2003,0.03833299285427118,kg m-2 s-1
drybc,2004,-0.03827954713434418,kg m-2 s-1
