variable,year,value,unit
cltc,2000,0.010458622973365885,%
cltc,2001,-0.014424823737524796,%
cltc,2002,-0.002465647111209149,%
cltc,2003,-0.014363475686683622,%
cltc,2004,-0.0017887134459644634,%
