variable,year,value,unit
wetbc,2001,6.3184068374022446e-15,kg m-2 s-1
wetbc,2002,-5.203325256578783e-15,kg m-2 s-1
wetbc,2003,1.7698406800999126e-15,kg m-2 s-1
wetbc,2004,-5.365943269898685e-15,kg m-2 s-1
