variable,year,value,unit
rsut,2001,0.08651312776596853,W m-2
rsut,2002,0.030867390907332037,W m-2
rsut,2003,-0.10483984243971634,W m-2
rsut,2004,0.4232439363554903,W m-2
