variable,year,value,unit
rlut,2000,-0.04920184314295284,W m-2
rlut,2001,0.08443642487799252,W m-2
rlut,2002,-0.16347600021185826,W m-2
rlut,2003,-0.07620239324978684,W m-2
rlut,2004,-0.08461547354824006,W m-2
