variable,year,value,unit
dryso4,2000,1.929910014784417e-13,kg m-2 s-1
dryso4,2001,2.469544694449834e-13,kg m-2 s-1
dryso4,2002,2.677368291199023e-13,kg m-2 s-1
dryso4,2003,2.5258180682254283e-13,kg m-2 s-1
dryso4,2004,2.7549079825194454e-13,kg m-2 s-1
