variable,year,value,unit
mmrbc,2000,0.0,kg kg-1
mmrbc,2001,-1.4627478813634532e-13,kg kg-1
mmrbc,2002,-2.0006238759331876e-14,kg kg-1
mmrbc,2003,9.588614594215898e-14,kg kg-1
mmrbc,2004,9.546896998261726e-14,kg kg-1
