variable,year,value,unit
dryso2,2001,-2.313100479867076e-13,kg m-2 s-1
dryso2,2002,-2.3622927152495536e-13,kg m-2 s-1
dryso2,2003,-2.5365714541133785e-13,kg m-2 s-1
dryso2,2004,-2.554369202393569e-13,kg m-2 s-1
