variable,year,value,unit
dryso2,2000,-9.562939956298057e-14,kg m-2 s-1
dryso2,2001,-9.595426493927429e-14,kg m-2 s-1
dryso2,2002,-9.563266721616217e-14,kg m-2 s-1
dryso2,2003,-9.990739873051186e-14,kg m-2 s-1
dryso2,2004,-1.1097674657537143e-13,kg m-2 s-1
