variable,year,value,unit
so2,2000,-1.2646460275321485e-11,mol mol-1
so2,2001,-1.2589232990585982e-11,mol mol-1
so2,2002,-1.3027164165502501e-11,mol mol-1
so2,2003,-1.3429107490900164e-11,mol mol-1
so2,2004,-1.5035082659389996e-11,mol mol-1
