variable,year,value,unit
wetso4,2001,3.9064818693192354e-13,kg m-2 s-1
wetso4,2002,2.733055999793137e-13,kg m-2 s-1
wetso4,2003,3.3956599345662053e-13,kg m-2 s-1
wetso4,2004,3.0558524092502997e-13,kg m-2 s-1
