variable,year,value,unit
loadbc,2000,1.1476217834467461e-10,kg m-2
loadbc,2001,-1.5852684862289303e-09,kg m-2
loadbc,2002,-1.083257707995364e-09,kg m-2
loadbc,2003,-2.103064146940466e-09,kg m-2
loadbc,2004,-2.5079260482052088e-09,kg m-2
