variable,year,value,unit
clt,2000,0.02493745347443621,%
clt,2001,-0.011930397247084557,%
clt,2002,0.10020769098054672,%
clt,2003,0.062394259813480346,%
clt,2004,0.10459239262817732,%
