variable,year,value,unit
loadso2,2000,-6.689388385266645e-08,kg m-2
loadso2,2001,-7.870610617485397e-08,kg m-2
loadso2,2002,-3.143289190834396e-08,kg m-2
loadso2,2003,-6.10727607888257e-08,kg m-2
loadso2,2004,-6.370439588875258e-08,kg m-2
