variable,year,value,unit
clivi,2000,0.0006661366533544204,kg m-2
clivi,2001,0.0001437923561573018,kg m-2
clivi,2002,-9.725942980011448e-05,kg m-2
clivi,2003,-6.023397318173293e-05,kg m-2
clivi,2004,0.0008089486146743673,kg m-2
