variable,year,value,unit
cl,2000,-0.006116413761839162,%
cl,2001,0.006895212231098055,%
cl,2002,-0.005558133462686243,%
cl,2003,-0.0006852695398834804,%
cl,2004,0.003767696125658096,%
