variable,year,value,unit
dryso2,2001,-9.096368794368461e-14,kg m-2 s-1
dryso2,2002,-8.96210481426891e-14,kg m-2 s-1
dryso2,2003,-8.984330873560993e-14,kg m-2 s-1
dryso2,2004,-9.777837016076914e-14,kg m-2 s-1
