variable,year,value,unit
od550aer,2001,0.0038117000320612715,1
od550aer,2002,0.003591216845568762,1
od550aer,2003,0.004073781539519983,1
od550aer,2004,0.004193902156432755,1
