variable,year,value,unit
loadso4,2000,1.442197213246636e-07,kg m-2
loadso4,2001,1.799035046683062e-07,kg m-2
loadso4,2002,1.7689814846431594e-07,kg m-2
loadso4,2003,1.8786332097692234e-07,kg m-2
loadso4,2004,2.1370244348499225e-07,kg m-2
