variable,year,value,unit
rlut,2000,0.027391588871154227,W m-2
rlut,2001,-0.0006131325263254439,W m-2
rlut,2002,0.004152330961289863,W m-2
rlut,2003,0.035260907874800296,W m-2
rlut,2004,-0.0012499102235494775,W m-2
