variable,year,value,unit
clivi,2000,0.00042515495575681794,kg m-2
clivi,2001,-0.0001434250079310282,kg m-2
clivi,2002,-0.00019454948371268495,kg m-2
clivi,2003,-0.0003826543410483888,kg m-2
clivi,2004,-7.171795721803119e-05,kg m-2
