variable,year,value,unit
dryso4,2001,1.720003667380016e-13,kg m-2 s-1
dryso4,2002,1.5462026680754723e-13,kg m-2 s-1
dryso4,2003,1.710228540857793e-13,kg m-2 s-1
dryso4,2004,1.9979107655915318e-13,kg m-2 s-1
