variable,year,value,unit
so2,2000,-4.893390178823137e-12,mol mol-1
so2,2001,-5.099152322142015e-12,mol mol-1
so2,2002,-5.047645257598572e-12,mol mol-1
so2,2003,-5.0686021206075304e-12,mol mol-1
so2,2004,-5.507346036197781e-12,mol mol-1
