variable,year,value,unit
cltc,2000,-0.02809408484200837,%
cltc,2001,0.01174689397048212,%
cltc,2002,0.04882608095433838,%
cltc,2003,-0.015618381035817919,%
cltc,2004,-0.03803439801280284,%
