variable,year,value,unit
drybc,2001,-1.4222552162788386e-16,kg m-2 s-1
drybc,2002,-4.062535982384428e-17,kg m-2 s-1
drybc,2003,1.0812492335906023e-16,kg m-2 s-1
drybc,2004,1.4334575170296633e-16,kg m-2 s-1
