variable,year,value,unit
clivi,2000,0.00011369691457666087,kg m-2
clivi,2001,0.00016092615447394626,kg m-2
clivi,2002,-4.6215136446960126e-05,kg m-2
clivi,2003,0.0005083217262437968,kg m-2
clivi,2004,0.00028933694991944287,kg m-2
