variable,year,value,unit
so2,2000,-6.509166713779019e-12,mol mol-1
so2,2001,-7.125759285247515e-12,mol mol-1
so2,2002,-7.11665577109478e-12,mol mol-1
so2,2003,-7.390492826828608e-12,mol mol-1
so2,2004,-7.457179441302355e-12,mol mol-1
