variable,year,value,unit
dms,2000,1.8918987661091632e-11,mol mol-1
dms,2001,2.052643232602576e-11,mol mol-1
dms,2002,2.0897660108258125e-11,mol mol-1
dms,2003,1.8555192672737354e-11,mol mol-1
dms,2004,1.8931908684703453e-11,mol mol-1
