variable,year,value,unit
dryso2,2000,3.7003844695183635e-12,kg m-2 s-1
dryso2,2001,3.851852725143141e-12,kg m-2 s-1
dryso2,2002,3.999560703023346e-12,kg m-2 s-1
dryso2,2003,3.932647911562614e-12,kg m-2 s-1
dryso2,2004,4.002949345703586e-12,kg m-2 s-1
