variable,year,value,unit
rlut,2000,229.41303910575976,W m-2
rlut,2001,229.87482082684633,W m-2
rlut,2002,229.23719769161406,W m-2
rlut,2003,229.09363640274705,W m-2
rlut,2004,229.2839368862387,W m-2
