variable,year,value,unit
drybc,2000,2.9017268528596637e-13,kg m-2 s-1
drybc,2001,3.018111825097392e-13,kg m-2 s-1
drybc,2002,3.1730103105831514e-13,kg m-2 s-1
drybc,2003,3.303113787905563e-13,kg m-2 s-1
drybc,2004,3.4490862858559895e-13,kg m-2 s-1
