variable,year,value,unit
wetbc,2000,7.01372655436898e-13,kg m-2 s-1
wetbc,2001,7.192482845307156e-13,kg m-2 s-1
wetbc,2002,7.296711394007315e-13,kg m-2 s-1
wetbc,2003,7.524671700075911e-13,kg m-2 s-1
wetbc,2004,7.527255602800169e-13,kg m-2 s-1
