variable,year,value,unit
mmrso4,2000,1.3542248317999304e-09,kg kg-1
mmrso4,2001,1.4408805138693051e-09,kg kg-1
mmrso4,2002,1.4525243809065324e-09,kg kg-1
mmrso4,2003,1.481168922807231e-09,kg kg-1
mmrso4,2004,1.497921573085058e-09,kg kg-1
