variable,year,value,unit
rsdt,2000,326.9689631054899,W m-2
rsdt,2001,326.9781684169626,W m-2
rsdt,2002,326.8690055061552,W m-2
rsdt,2003,326.7667819717019,W m-2
rsdt,2004,326.77032145540113,W m-2
