variable,year,value,unit
rsutcs,2000,71.3505624006924,W m-2
rsutcs,2001,71.46533676101187,W m-2
rsutcs,2002,71.39600792720076,W m-2
rsutcs,2003,71.2176071914546,W m-2
rsutcs,2004,71.80049920152992,W m-2
