variable,year,value,unit
dryso4,2000,1.4415791695276563e-12,kg m-2 s-1
dryso4,2001,1.4553907072908137e-12,kg m-2 s-1
dryso4,2002,1.45802261748111e-12,kg m-2 s-1
dryso4,2003,1.4619598721278083e-12,kg m-2 s-1
dryso4,2004,1.4157847289606572e-12,kg m-2 s-1
