variable,year,value,unit
wetso4,2000,7.613902941337633e-12,kg m-2 s-1
wetso4,2001,7.940948474403932e-12,kg m-2 s-1
wetso4,2002,7.997025287522e-12,kg m-2 s-1
wetso4,2003,7.744875854799813e-12,kg m-2 s-1
wetso4,2004,7.896253929930037e-12,kg m-2 s-1
