variable,year,value,unit
emiso2,2000,-1.3100374284604435e-13,kg m-2 s-1
emiso2,2001,-1.2875593610107282e-13,kg m-2 s-1
emiso2,2002,-1.2878130406062127e-13,kg m-2 s-1
emiso2,2003,-1.2678094058928586e-13,kg m-2 s-1
emiso2,2004,-1.2756942859651719e-13,kg m-2 s-1
