variable,year,value,unit
rlut,2000,0.010109081744133164,W m-2
rlut,2001,-0.0024916242682309075,W m-2
rlut,2002,-0.018445491898802402,W m-2
rlut,2003,0.013071304538158302,W m-2
rlut,2004,-0.02573153723213295,W m-2
