variable,year,value,unit
wetbc,2000,-0.4026193706253434,kg m-2 s-1
wetbc,2001,-0.2092431630845607,kg m-2 s-1
wetbc,2002,-0.2069179602136326,kg m-2 s-1
wetbc,2003,-0.8720596735153305,kg m-2 s-1
wetbc,2004,0.3246241302344332,kg m-2 s-1
