variable,year,value,unit
dryso4,2000,-0.48613164819434723,kg m-2 s-1
dryso4,2001,-0.27144370777412796,kg m-2 s-1
dryso4,2002,-0.23448591622946055,kg m-2 s-1
dryso4,2003,-0.4380175796205398,kg m-2 s-1
dryso4,2004,-0.40608929624280155,kg m-2 s-1
