variable,year,value,unit
emiso2,2000,-1.7067700439692028,kg m-2 s-1
emiso2,2001,-1.6557419240851092,kg m-2 s-1
emiso2,2002,-1.7135922878156624,kg m-2 s-1
emiso2,2003,-1.7636970485923311,kg m-2 s-1
emiso2,2004,-1.7848325862998746,kg m-2 s-1
