variable,year,value,unit
mmrbc,2000,-0.03853595911858919,kg kg-1
mmrbc,2001,0.10368835219211463,kg kg-1
mmrbc,2002,-0.16010487702435855,kg kg-1
mmrbc,2003,-0.13326347543131994,kg kg-1
mmrbc,2004,-0.0015452232607750197,kg kg-1
