variable,year,value,unit
loadso2,2000,1.2224034735000037e-08,kg m-2
loadso2,2001,1.3818487403633134e-08,kg m-2
loadso2,2002,7.172325449734467e-09,kg m-2
loadso2,2003,1.4963200029403992e-08,kg m-2
loadso2,2004,1.207115232215196e-08,kg m-2
