variable,year,value,unit
clt,2000,-0.014636532344873388,%
clt,2001,-0.023484327232999647,%
clt,2002,-0.06254822263598214,%
clt,2003,-0.02881879888300176,%
clt,2004,-0.030287748523996072,%
