variable,year,value,unit
clt,2001,-0.09019822775910313,%
clt,2002,-0.13262722722461717,%
clt,2003,-0.17670164102879227,%
clt,2004,0.048026719644653326,%
