variable,year,value,unit
rlutcs,2001,0.017730115155870863,W m-2
rlutcs,2002,-0.014759490401047515,W m-2
rlutcs,2003,0.02788835976593873,W m-2
rlutcs,2004,0.015475454778879794,W m-2
