variable,year,value,unit
clt,2000,0.11168060283866765,%
clt,2001,0.02857207014466212,%
clt,2002,0.000814314054018439,%
clt,2003,0.009865196534406095,%
clt,2004,0.0070704517135524725,%
