variable,year,value,unit
wetso4,2001,-6.012878118697188e-14,kg m-2 s-1
wetso4,2002,-5.780735649717112e-14,kg m-2 s-1
wetso4,2003,-5.685267839565157e-14,kg m-2 s-1
wetso4,2004,-5.6679990133349786e-14,kg m-2 s-1
