variable,year,value,unit
clivi,2000,9.132639750079538e-06,kg m-2
clivi,2001,-1.7298056867172222e-05,kg m-2
clivi,2002,6.107521047097816e-06,kg m-2
clivi,2003,-4.015610633448588e-05,kg m-2
clivi,2004,5.922711061687527e-05,kg m-2
