variable,year,value,unit
rsdt,2000,2.6015527510026004e-07,W m-2
rsdt,2001,2.829795562320214e-07,W m-2
rsdt,2002,2.710110038606217e-07,W m-2
rsdt,2003,2.2901758711668663e-08,W m-2
rsdt,2004,1.0818786222444032e-07,W m-2
