variable,year,value,unit
drybc,2001,1.37017639391694e-16,kg m-2 s-1
drybc,2002,1.2096947830701552e-16,kg m-2 s-1
drybc,2003,1.449138172663275e-16,kg m-2 s-1
drybc,2004,1.7934329810421625e-16,kg m-2 s-1
