variable,year,value,unit
wetso4,2000,-5.5602082141269415e-14,kg m-2 s-1
wetso4,2001,-6.208994818173964e-14,kg m-2 s-1
wetso4,2002,-4.3871996581265595e-14,kg m-2 s-1
wetso4,2003,-4.2334419571977825e-14,kg m-2 s-1
wetso4,2004,-4.6374425238774956e-14,kg m-2 s-1
