variable,year,value,unit
clt,2000,0.31436275792651003,%
clt,2001,-0.11552286509370191,%
clt,2002,-0.009582313835501566,%
clt,2003,-0.04505563696913839,%
clt,2004,0.1117871591503743,%
