variable,year,value,unit
cl,2000,-0.0069395494258439605,%
cl,2001,-0.009443561108898546,%
cl,2002,-0.009629336412465328,%
cl,2003,0.0027884336491230677,%
cl,2004,0.0018033409937974199,%
