variable,year,value,unit
wetbc,2001,1.6993329053230048e-15,kg m-2 s-1
wetbc,2002,-5.079913135203892e-16,kg m-2 s-1
wetbc,2003,4.453088837936884e-16,kg m-2 s-1
wetbc,2004,4.855200341820672e-16,kg m-2 s-1
