variable,year,value,unit
so2,2001,3.964435771372714e-12,mol mol-1
so2,2002,3.853446394376145e-12,mol mol-1
so2,2003,3.739541818242349e-12,mol mol-1
so2,2004,3.8937393381825754e-12,mol mol-1
