variable,year,value,unit
loadbc,2000,4.731812843024283e-10,kg m-2
loadbc,2001,3.4370454689529727e-10,kg m-2
loadbc,2002,3.769872937981256e-11,kg m-2
loadbc,2003,1.7212619654067147e-11,kg m-2
loadbc,2004,3.254352305035666e-12,kg m-2
