variable,year,value,unit
clt,2001,-0.026096613307871053,%
clt,2002,0.035626431725589214,%
clt,2003,-0.003992193372575059,%
clt,2004,-0.02733759274870806,%
