variable,year,value,unit
cltc,2001,-0.006547919192295026,%
cltc,2002,0.006320697991942126,%
cltc,2003,0.011004612446319229,%
cltc,2004,-0.013252024500513215,%
