variable,year,value,unit
cltc,2001,-0.05081061680591148,%
cltc,2002,0.01016114694414938,%
cltc,2003,-0.00080019976668666,%
cltc,2004,-0.003283198185933145,%
