variable,year,value,unit
rsut,2000,-0.11732292960742541,W m-2
rsut,2001,-0.13711867047912563,W m-2
rsut,2002,-0.19977317517611937,W m-2
rsut,2003,-0.11305466431478806,W m-2
rsut,2004,-0.03310956846517854,W m-2
