variable,year,value,unit
wetso2,2001,1.769614572053468e-17,kg m-2 s-1
wetso2,2002,1.771859765836252e-17,kg m-2 s-1
wetso2,2003,1.582273438992084e-17,kg m-2 s-1
wetso2,2004,1.597146905548567e-17,kg m-2 s-1
