variable,year,value,unit
rlutcs,2001,0.045388615707224744,W m-2
rlutcs,2002,0.015065212949934903,W m-2
rlutcs,2003,0.02817787225524171,W m-2
rlutcs,2004,0.0001995475201397312,W m-2
