variable,year,value,unit
od550aer,2000,0.00022271545445173846,1
od550aer,2001,0.0002165344180821427,1
od550aer,2002,0.00019401317100123383,1
od550aer,2003,-9.328587170845393e-05,1
od550aer,2004,-8.726338591216742e-05,1
