variable,year,value,unit
loadso2,2000,2.5889919023877647e-08,kg m-2
loadso2,2001,3.1623537761951645e-08,kg m-2
loadso2,2002,1.9708905700828292e-08,kg m-2
loadso2,2003,1.9235054022166916e-08,kg m-2
loadso2,2004,1.8450261333647552e-08,kg m-2
