variable,year,value,unit
emiso2,2000,7.87751546427889e-14,kg m-2 s-1
emiso2,2001,8.115899437745654e-14,kg m-2 s-1
emiso2,2002,7.814196240880195e-14,kg m-2 s-1
emiso2,2003,7.829862459577787e-14,kg m-2 s-1
emiso2,2004,8.177755478325538e-14,kg m-2 s-1
