variable,year,value,unit
mmrso4,2000,-1.4487720188002536e-11,kg kg-1
mmrso4,2001,-1.4821027091402797e-11,kg kg-1
mmrso4,2002,-1.4378384118720584e-11,kg kg-1
mmrso4,2003,-1.4678790123020247e-11,kg kg-1
mmrso4,2004,-1.4596502795479785e-11,kg kg-1
