variable,year,value,unit
rlutcs,2001,-0.020164856066514858,W m-2
rlutcs,2002,0.0031896933458028798,W m-2
rlutcs,2003,-0.011545545229239451,W m-2
rlutcs,2004,-0.005293839871058026,W m-2
