variable,year,value,unit
drybc,2000,-0.17555647854422152,kg m-2 s-1
drybc,2001,0.2227549604297514,kg m-2 s-1
drybc,2002,0.07441062793613706,kg m-2 s-1
drybc,2003,0.054392423231633014,kg m-2 s-1
drybc,2004,-0.07691540330979545,kg m-2 s-1
