variable,year,value,unit
dryso4,2000,0.28299038581923336,kg m-2 s-1
dryso4,2001,0.26606356626689354,kg m-2 s-1
dryso4,2002,0.2594727551762466,kg m-2 s-1
dryso4,2003,0.264818446500515,kg m-2 s-1
dryso4,2004,0.3051047048300064,kg m-2 s-1
