variable,year,value,unit
wetso4,2000,0.20924730331654923,kg m-2 s-1
wetso4,2001,0.162779549913204,kg m-2 s-1
wetso4,2002,0.1240052998042204,kg m-2 s-1
wetso4,2003,0.23533601550512528,kg m-2 s-1
wetso4,2004,0.15474264621614475,kg m-2 s-1
