variable,year,value,unit
cl,2000,0.008426034546957695,%
cl,2001,-0.2658802422288504,%
cl,2002,-0.08468039704930946,%
cl,2003,0.21474328757475256,%
cl,2004,-0.0077765503438707185,%
