variable,year,value,unit
rsut,2000,0.034251879477038345,W m-2
rsut,2001,0.005826385520613759,W m-2
rsut,2002,0.013402346297034375,W m-2
rsut,2003,-0.012187598279734476,W m-2
rsut,2004,0.0028523955850588605,W m-2
