variable,year,value,unit
rsut,2000,-0.012529673809624133,W m-2
rsut,2001,0.01955600588874167,W m-2
rsut,2002,0.02554178044522621,W m-2
rsut,2003,0.0073440594121264476,W m-2
rsut,2004,0.0012094423660907923,W m-2
