variable,year,value,unit
emiso2,2000,0.15988209422257807,kg m-2 s-1
emiso2,2001,0.1493989667211778,kg m-2 s-1
emiso2,2002,0.15401074423219066,kg m-2 s-1
emiso2,2003,0.1561236551979987,kg m-2 s-1
emiso2,2004,0.1579890534380308,kg m-2 s-1
