variable,year,value,unit
emiso2,2000,0.14687596457038538,kg m-2 s-1
emiso2,2001,0.13712511666543772,kg m-2 s-1
emiso2,2002,0.1407017825064122,kg m-2 s-1
emiso2,2003,0.14254510559330366,kg m-2 s-1
emiso2,2004,0.14456460710204677,kg m-2 s-1
