variable,year,value,unit
so2,2000,0.16185072348406976,mol mol-1
so2,2001,-0.1604516623324398,mol mol-1
so2,2002,-0.017432709527801148,mol mol-1
so2,2003,0.24241361402891967,mol mol-1
so2,2004,0.2946497010644285,mol mol-1
