variable,year,value,unit
cl,2000,-0.09500658090751503,%
cl,2001,0.15802117604334284,%
cl,2002,0.02933197656956204,%
cl,2003,-0.02520167639533804,%
cl,2004,0.03343160074134089,%
