variable,year,value,unit
clivi,2000,4.721402760593345e-05,kg m-2
clivi,2001,9.472862642521951e-05,kg m-2
clivi,2002,-2.7338654105752216e-05,kg m-2
clivi,2003,-4.8805577143939266e-05,kg m-2
clivi,2004,5.123533654301758e-05,kg m-2
