variable,year,value,unit
drybc,2000,-2.9005880069010187e-16,kg m-2 s-1
drybc,2001,1.0432666435034195e-17,kg m-2 s-1
drybc,2002,-1.5011950369868347e-18,kg m-2 s-1
drybc,2003,-1.8146259573317198e-16,kg m-2 s-1
drybc,2004,1.5282149761971449e-16,kg m-2 s-1
