variable,year,value,unit
rlut,2000,-0.12491972853942457,W m-2
rlut,2001,-0.15017839630033336,W m-2
rlut,2002,0.08379606646715843,W m-2
rlut,2003,0.06485422394911211,W m-2
rlut,2004,-0.0006663753147222451,W m-2
