variable,year,value,unit
cl,2000,-0.0035319564004367976,%
cl,2001,0.016123641545172873,%
cl,2002,0.041799841807899085,%
cl,2003,0.041699037765598135,%
cl,2004,-0.03731015842436669,%
