variable,year,value,unit
clivi,2000,-5.977824223526995e-06,kg m-2
clivi,2001,-0.001249220415732527,kg m-2
clivi,2002,0.00014199714233711913,kg m-2
clivi,2003,0.0004383483013780387,kg m-2
clivi,2004,0.0004436064183393068,kg m-2
