variable,year,value,unit
emibc,2000,1.501659098790532e-19,kg m-2 s-1
emibc,2001,4.3064303648159406e-19,kg m-2 s-1
emibc,2002,4.040850906549296e-19,kg m-2 s-1
emibc,2003,-3.639738042240744e-19,kg m-2 s-1
emibc,2004,7.405002901264718e-19,kg m-2 s-1
