variable,year,value,unit
rlutcs,2000,0.017487200498294442,W m-2
rlutcs,2001,-0.0013738706298624948,W m-2
rlutcs,2002,0.0032312054004250967,W m-2
rlutcs,2003,-0.0135363422595276,W m-2
rlutcs,2004,0.011538496383451502,W m-2
