variable,year,value,unit
dryso4,2000,-1.8551345656150707e-14,kg m-2 s-1
dryso4,2001,-2.141023728896054e-14,kg m-2 s-1
dryso4,2002,-2.0186181613272294e-14,kg m-2 s-1
dryso4,2003,-1.9509710639233403e-14,kg m-2 s-1
dryso4,2004,-1.9465214778543496e-14,kg m-2 s-1
