variable,year,value,unit
clivi,2000,0.06590902973644122,kg m-2
clivi,2001,0.2252275987386695,kg m-2
clivi,2002,0.03206686998712252,kg m-2
clivi,2003,-0.44836705350562844,kg m-2
clivi,2004,0.058298342412868465,kg m-2
