variable,year,value,unit
rlutcs,2000,-4.3647729672918615e-05,W m-2
rlutcs,2001,6.180860489181623e-05,W m-2
rlutcs,2002,1.4979265603186e-05,W m-2
rlutcs,2003,3.1029187159657592e-06,W m-2
rlutcs,2004,-3.270542718066751e-05,W m-2
