variable,year,value,unit
drybc,2000,0.03263735982617654,kg m-2 s-1
drybc,2001,-0.0076875792574513995,kg m-2 s-1
drybc,2002,-0.021961656940102093,kg m-2 s-1
drybc,2003,-0.005423232823951484,kg m-2 s-1
drybc,2004,-0.02279371036684925,kg m-2 s-1
