variable,year,value,unit
rlutcs,2000,-0.0015334738352951705,W m-2
rlutcs,2001,0.0011699729231603006,W m-2
rlutcs,2002,0.010549138348709365,W m-2
rlutcs,2003,-0.004569034704609666,W m-2
rlutcs,2004,-0.0014818339478676736,W m-2
