variable,year,value,unit
wetso4,2000,-1.633620385147145,kg m-2 s-1
wetso4,2001,-1.8032534759870589,kg m-2 s-1
wetso4,2002,-1.504908369410723,kg m-2 s-1
wetso4,2003,-1.404934305740709,kg m-2 s-1
wetso4,2004,-1.6131177269913013,kg m-2 s-1
