variable,year,value,unit
rlutcs,2000,-0.02155893395666908,W m-2
rlutcs,2001,-0.0596989750939656,W m-2
rlutcs,2002,-0.03346098028390543,W m-2
rlutcs,2003,-0.06110442504848379,W m-2
rlutcs,2004,-0.02652896406027594,W m-2
