variable,year,value,unit
wetso4,2000,1.3290323920456283e-12,kg m-2 s-1
wetso4,2001,1.4259860128810623e-12,kg m-2 s-1
wetso4,2002,1.308426343046703e-12,kg m-2 s-1
wetso4,2003,1.3059232818046079e-12,kg m-2 s-1
wetso4,2004,1.3669195330452585e-12,kg m-2 s-1
