variable,year,value,unit
wetso2,2000,7.493139434294245e-14,kg m-2 s-1
wetso2,2001,8.046409863966189e-14,kg m-2 s-1
wetso2,2002,7.465230464598492e-14,kg m-2 s-1
wetso2,2003,5.1032045167714267e-14,kg m-2 s-1
wetso2,2004,4.696236053532708e-14,kg m-2 s-1
