variable,year,value,unit
dms,2000,2.1386866176272864e-13,mol mol-1
dms,2001,4.49489824332001e-13,mol mol-1
dms,2002,-2.8387360532869563e-13,mol mol-1
dms,2003,-1.2770832669761848e-13,mol mol-1
dms,2004,-5.022997864047707e-13,mol mol-1
