variable,year,value,unit
wetbc,2000,-5.056232691021658e-16,kg m-2 s-1
wetbc,2001,-2.9646567201104927e-16,kg m-2 s-1
wetbc,2002,1.959090923244558e-16,kg m-2 s-1
wetbc,2003,-5.80121802401071e-16,kg m-2 s-1
wetbc,2004,1.210923927479537e-16,kg m-2 s-1
