variable,year,value,unit
emibc,2000,-2.3985536704298326e-24,kg m-2 s-1
emibc,2001,-4.2116122526497335e-23,kg m-2 s-1
emibc,2002,6.502826566339229e-24,kg m-2 s-1
emibc,2003,-3.9659937833775676e-23,kg m-2 s-1
emibc,2004,1.481030182655998e-23,kg m-2 s-1
