variable,year,value,unit
mmrso4,2001,2.809634496416826e-10,kg kg-1
mmrso4,2002,2.6803922532838284e-10,kg kg-1
mmrso4,2003,2.7840196660015314e-10,kg kg-1
mmrso4,2004,2.897099191064705e-10,kg kg-1
