variable,year,value,unit
drybc,2000,-5.961634334148432e-16,kg m-2 s-1
drybc,2001,-6.724385276765331e-16,kg m-2 s-1
drybc,2002,-5.020338171796906e-16,kg m-2 s-1
drybc,2003,-5.38597471815319e-16,kg m-2 s-1
drybc,2004,-5.004502994100035e-16,kg m-2 s-1
