variable,year,value,unit
dms,2000,3.0236957729743297e-13,mol mol-1
dms,2001,2.351577966797426e-13,mol mol-1
dms,2002,2.9605122732057043e-13,mol mol-1
dms,2003,3.0083717999827535e-13,mol mol-1
dms,2004,2.4001716487912694e-13,mol mol-1
