variable,year,value,unit
wetso2,2000,3.200854145230892e-13,kg m-2 s-1
wetso2,2001,3.2692729003742273e-13,kg m-2 s-1
wetso2,2002,3.238774754749491e-13,kg m-2 s-1
wetso2,2003,2.9988795271398997e-13,kg m-2 s-1
wetso2,2004,2.691366186397288e-13,kg m-2 s-1
