variable,year,value,unit
clt,2001,-0.007027970296505259,%
clt,2002,-0.05061445794346753,%
clt,2003,0.01642102864295225,%
clt,2004,-0.007531750178713992,%
