variable,year,value,unit
loadbc,2000,1.2792017147453158e-10,kg m-2
loadbc,2001,7.414272319786539e-11,kg m-2
loadbc,2002,1.1466769734757885e-10,kg m-2
loadbc,2003,9.266164456130906e-11,kg m-2
loadbc,2004,1.2518810827859053e-10,kg m-2
