variable,year,value,unit
wetbc,2000,0.0,kg m-2 s-1
wetbc,2001,-7.195987319157553e-17,kg m-2 s-1
wetbc,2002,1.4324113958286941e-18,kg m-2 s-1
wetbc,2003,-4.7231129098851425e-17,kg m-2 s-1
wetbc,2004,1.7141122129261716e-16,kg m-2 s-1
