variable,year,value,unit
loadso4,2000,3.279131999891727e-07,kg m-2
loadso4,2001,3.470576391047841e-07,kg m-2
loadso4,2002,2.8921817402018076e-07,kg m-2
loadso4,2003,3.266833616288435e-07,kg m-2
loadso4,2004,3.0749760198763417e-07,kg m-2
