variable,year,value,unit
mmrso4,2000,1.5446393266798714e-10,kg kg-1
mmrso4,2001,1.5660774866801592e-10,kg kg-1
mmrso4,2002,1.471008659857204e-10,kg kg-1
mmrso4,2003,1.5376535869776924e-10,kg kg-1
mmrso4,2004,1.5509699789654204e-10,kg kg-1
