variable,year,value,unit
dryso2,2001,9.179439595663138e-15,kg m-2 s-1
dryso2,2002,9.818005766790725e-15,kg m-2 s-1
dryso2,2003,-3.626681063339463e-15,kg m-2 s-1
dryso2,2004,-6.665030697419127e-14,kg m-2 s-1
