variable,year,value,unit
wetso4,2000,2.8838310736048626e-12,kg m-2 s-1
wetso4,2001,2.9052677576916113e-12,kg m-2 s-1
wetso4,2002,2.8080909001734924e-12,kg m-2 s-1
wetso4,2003,2.73817910722975e-12,kg m-2 s-1
wetso4,2004,2.803328604575666e-12,kg m-2 s-1
