variable,year,value,unit
loadbc,2000,5.385636280953175e-10,kg m-2
loadbc,2001,7.9505947184021e-11,kg m-2
loadbc,2002,-4.786403181980959e-10,kg m-2
loadbc,2003,1.6824587159792902e-10,kg m-2
loadbc,2004,-9.746379479771993e-10,kg m-2
