variable,year,value,unit
wetso2,2000,-1.3222368121464815e-13,kg m-2 s-1
wetso2,2001,-1.379897035105599e-13,kg m-2 s-1
wetso2,2002,-1.374415104984878e-13,kg m-2 s-1
wetso2,2003,-1.2849543901694615e-13,kg m-2 s-1
wetso2,2004,-1.188832216786653e-13,kg m-2 s-1
