variable,year,value,unit
rsutcs,2000,0.14873559410523285,W m-2
rsutcs,2001,0.13748881822816372,W m-2
rsutcs,2002,0.1265152358244137,W m-2
rsutcs,2003,0.13217475314128535,W m-2
rsutcs,2004,0.1375233881344755,W m-2
