variable,year,value,unit
loadbc,2000,-3.483058209089015e-11,kg m-2
loadbc,2001,-2.7365252460470875e-11,kg m-2
loadbc,2002,-2.541466453007685e-11,kg m-2
loadbc,2003,-4.6213200042584266e-11,kg m-2
loadbc,2004,-3.088109046556444e-11,kg m-2
