variable,year,value,unit
dms,2000,-1.1228817715025628e-13,mol mol-1
dms,2001,-8.477090331089296e-14,mol mol-1
dms,2002,-9.011409176879787e-14,mol mol-1
dms,2003,-9.352617792732809e-14,mol mol-1
dms,2004,-1.0389222024782673e-13,mol mol-1
