variable,year,value,unit
wetso2,2000,3.762382311667502e-14,kg m-2 s-1
wetso2,2001,3.829756203599005e-14,kg m-2 s-1
wetso2,2002,3.6877323156837386e-14,kg m-2 s-1
wetso2,2003,3.2582957002689867e-14,kg m-2 s-1
wetso2,2004,3.0906163370940025e-14,kg m-2 s-1
