variable,year,value,unit
wetso4,2000,8.385220120836356e-13,kg m-2 s-1
wetso4,2001,8.583389408653249e-13,kg m-2 s-1
wetso4,2002,8.397152027487156e-13,kg m-2 s-1
wetso4,2003,8.370380483273179e-13,kg m-2 s-1
wetso4,2004,8.094856863456427e-13,kg m-2 s-1
