variable,year,value,unit
wetso2,2000,1.2292171961507363e-13,kg m-2 s-1
wetso2,2001,1.2717670084037913e-13,kg m-2 s-1
wetso2,2002,1.1380344135164833e-13,kg m-2 s-1
wetso2,2003,1.0305556033143115e-13,kg m-2 s-1
wetso2,2004,1.081587041695956e-13,kg m-2 s-1
