variable,year,value,unit
wetbc,2001,7.864073783493139e-16,kg m-2 s-1
wetbc,2002,6.468938958441765e-16,kg m-2 s-1
wetbc,2003,2.0424858086512014e-15,kg m-2 s-1
wetbc,2004,-6.649825986929138e-17,kg m-2 s-1
