variable,year,value,unit
dryso4,2001,9.230971710536489e-14,kg m-2 s-1
dryso4,2002,8.954481249835997e-14,kg m-2 s-1
dryso4,2003,8.722041235093143e-14,kg m-2 s-1
dryso4,2004,8.834533815888354e-14,kg m-2 s-1
