variable,year,value,unit
rsut,2000,0.2802992290129396,W m-2
rsut,2001,0.23359202917168886,W m-2
rsut,2002,0.2590201517539157,W m-2
rsut,2003,0.3074306547247403,W m-2
rsut,2004,0.3016290920237168,W m-2
