variable,year,value,unit
loadso4,2000,-3.2583045047534773e-09,kg m-2
loadso4,2001,2.4078437737306535e-09,kg m-2
loadso4,2002,-9.40534607228535e-10,kg m-2
loadso4,2003,1.2815756864074074e-09,kg m-2
loadso4,2004,2.7417864916500605e-09,kg m-2
