variable,year,value,unit
dryso4,2000,-2.9735099854664034e-16,kg m-2 s-1
dryso4,2001,-1.204590587015284e-17,kg m-2 s-1
dryso4,2002,9.716453523684854e-17,kg m-2 s-1
dryso4,2003,2.50382838947558e-16,kg m-2 s-1
dryso4,2004,2.7129006592889526e-16,kg m-2 s-1
