variable,year,value,unit
wetso4,2001,1.6742610781524281e-15,kg m-2 s-1
wetso4,2002,-2.0617566098866727e-16,kg m-2 s-1
wetso4,2003,2.123007590041391e-15,kg m-2 s-1
wetso4,2004,-4.149193022833396e-15,kg m-2 s-1
