variable,year,value,unit
dryso4,2000,4.1591247349162344e-16,kg m-2 s-1
dryso4,2001,2.5400241608764843e-16,kg m-2 s-1
dryso4,2002,2.2538633495079497e-16,kg m-2 s-1
dryso4,2003,2.123114012129149e-16,kg m-2 s-1
dryso4,2004,-5.072682594884635e-16,kg m-2 s-1
