variable,year,value,unit
loadso2,2000,2.1708969999603453e-10,kg m-2
loadso2,2001,-7.524242184745284e-10,kg m-2
loadso2,2002,-7.098133162606828e-10,kg m-2
loadso2,2003,8.883802780349152e-10,kg m-2
loadso2,2004,-4.48468079023074e-10,kg m-2
