variable,year,value,unit
loadso2,2000,-3.1607836908508363e-11,kg m-2
loadso2,2001,4.949440843727542e-10,kg m-2
loadso2,2002,3.6332131493321686e-10,kg m-2
loadso2,2003,8.762998185838238e-11,kg m-2
loadso2,2004,4.0341861558991747e-10,kg m-2
