variable,year,value,unit
drybc,2000,-3.8333501888161586e-17,kg m-2 s-1
drybc,2001,-2.224111585945522e-17,kg m-2 s-1
drybc,2002,-6.862558763679647e-18,kg m-2 s-1
drybc,2003,-2.958187867477091e-17,kg m-2 s-1
drybc,2004,-5.827306282347468e-17,kg m-2 s-1
