variable,year,value,unit
od550aer,2000,-0.00013651098341559142,1
od550aer,2001,-0.00042717492661381584,1
od550aer,2002,-0.00019250412767346514,1
od550aer,2003,-0.00016283832511138074,1
od550aer,2004,-0.0003244635337401325,1
