variable,year,value,unit
rlutcs,2000,-0.008556744540157979,W m-2
rlutcs,2001,-0.00894340492561696,W m-2
rlutcs,2002,0.004795768663143463,W m-2
rlutcs,2003,-0.009530511904529249,W m-2
rlutcs,2004,-0.020999475092366993,W m-2
