variable,year,value,unit
dms,2000,3.418609846690641e-14,mol mol-1
dms,2001,-7.757928996037618e-14,mol mol-1
dms,2002,2.706043506839727e-13,mol mol-1
dms,2003,1.3459733002982754e-13,mol mol-1
dms,2004,1.7943619310580878e-13,mol mol-1
