variable,year,value,unit
so2,2000,6.750445254719123e-14,mol mol-1
so2,2001,2.2342637765866665e-14,mol mol-1
so2,2002,5.0384717504545626e-14,mol mol-1
so2,2003,3.119750166021155e-14,mol mol-1
so2,2004,1.460225220384265e-14,mol mol-1
