variable,year,value,unit
mmrbc,2000,-1.7794317061748136e-14,kg kg-1
mmrbc,2001,-1.4199732904189293e-14,kg kg-1
mmrbc,2002,-1.792596382566901e-14,kg kg-1
mmrbc,2003,-1.8984734383598147e-14,kg kg-1
mmrbc,2004,-2.5461342766831565e-14,kg kg-1
