variable,year,value,unit
wetso2,2001,1.1455619682390196e-17,kg m-2 s-1
wetso2,2002,6.6433670645314555e-18,kg m-2 s-1
wetso2,2003,2.932385464899195e-19,kg m-2 s-1
wetso2,2004,2.6944484389853148e-18,kg m-2 s-1
