variable,year,value,unit
dryso4,2000,0.0,kg m-2 s-1
dryso4,2001,-1.3177537990736957e-16,kg m-2 s-1
dryso4,2002,-3.50947332189939e-16,kg m-2 s-1
dryso4,2003,4.675057239103752e-17,kg m-2 s-1
dryso4,2004,-7.389854718523715e-17,kg m-2 s-1
