variable,year,value,unit
rsutcs,2000,0.01039703956494975,W m-2
rsutcs,2001,0.013643466484310807,W m-2
rsutcs,2002,0.013885601612599885,W m-2
rsutcs,2003,0.024594449060188595,W m-2
rsutcs,2004,0.023166530677777075,W m-2
