variable,year,value,unit
cl,2000,0.001051905066232095,%
cl,2001,0.004311124082035267,%
cl,2002,-0.010957571817954204,%
cl,2003,-0.0027108420930841426,%
cl,2004,0.00025633152226500755,%
