variable,year,value,unit
wetso2,2000,-7.485562135916801e-16,kg m-2 s-1
wetso2,2001,1.0407553639694006e-15,kg m-2 s-1
wetso2,2002,-1.1739402531088427e-15,kg m-2 s-1
wetso2,2003,-1.4330000749762082e-15,kg m-2 s-1
wetso2,2004,1.6707678133275854e-15,kg m-2 s-1
