variable,year,value,unit
clivi,2000,0.0005428133457794498,kg m-2
clivi,2001,-0.00016696840887024667,kg m-2
clivi,2002,-1.834502521079473e-05,kg m-2
clivi,2003,-0.0002604741850414094,kg m-2
clivi,2004,7.771943221920874e-06,kg m-2
