variable,year,value,unit
rsutcs,2000,-0.03455581516171691,W m-2
rsutcs,2001,-0.00029483121753770547,W m-2
rsutcs,2002,0.030201892352707205,W m-2
rsutcs,2003,0.005307707242771187,W m-2
rsutcs,2004,0.00305823773277325,W m-2
