variable,year,value,unit
dms,2000,1.5493013055100482e-15,mol mol-1
dms,2001,-2.4266655545092015e-14,mol mol-1
dms,2002,1.947798382162625e-14,mol mol-1
dms,2003,-4.599672628004032e-14,mol mol-1
dms,2004,6.876845499273074e-14,mol mol-1
