variable,year,value,unit
loadbc,2000,2.960473369714678e-11,kg m-2
loadbc,2001,6.706021764389402e-11,kg m-2
loadbc,2002,1.95208699313963e-09,kg m-2
loadbc,2003,9.717561525174857e-11,kg m-2
loadbc,2004,5.6032687878249935e-11,kg m-2
