variable,year,value,unit
loadso2,2000,1.3959549779299646e-09,kg m-2
loadso2,2001,-8.233254562064078e-10,kg m-2
loadso2,2002,1.187255533188309e-09,kg m-2
loadso2,2003,4.34768449364188e-09,kg m-2
loadso2,2004,1.5683357164880462e-09,kg m-2
