variable,year,value,unit
wetso4,2001,-3.535418983512667e-14,kg m-2 s-1
wetso4,2002,-3.379009420160331e-14,kg m-2 s-1
wetso4,2003,-3.681610994267947e-14,kg m-2 s-1
wetso4,2004,-2.6549660483069044e-14,kg m-2 s-1
