variable,year,value,unit
wetso2,2000,8.667569854662764e-16,kg m-2 s-1
wetso2,2001,1.7642206460122631e-16,kg m-2 s-1
wetso2,2002,-1.2119329477359592e-15,kg m-2 s-1
wetso2,2003,9.716956032011396e-16,kg m-2 s-1
wetso2,2004,-2.9214985037383236e-16,kg m-2 s-1
