variable,year,value,unit
wetso4,2000,-8.859638556887838e-15,kg m-2 s-1
wetso4,2001,-1.6320470490164395e-15,kg m-2 s-1
wetso4,2002,7.089372042060458e-15,kg m-2 s-1
wetso4,2003,5.985100365908732e-15,kg m-2 s-1
wetso4,2004,-1.1113296915098393e-14,kg m-2 s-1
