variable,year,value,unit
emiso2,2000,2.3204749396895323e-18,kg m-2 s-1
emiso2,2001,4.49522582346749e-19,kg m-2 s-1
emiso2,2002,9.179759085149259e-19,kg m-2 s-1
emiso2,2003,1.0178542358783215e-18,kg m-2 s-1
emiso2,2004,-1.3051229853448044e-18,kg m-2 s-1
