variable,year,value,unit
mmrbc,2001,-7.769116997991409e-14,kg kg-1
mmrbc,2002,-3.428277484345457e-14,kg kg-1
mmrbc,2003,-3.77067346606787e-14,kg kg-1
mmrbc,2004,-1.0107114486019326e-13,kg kg-1
