variable,year,value,unit
clt,2001,-0.01626731609563592,%
clt,2002,0.00802190592165175,%
clt,2003,0.023360877014553694,%
clt,2004,-0.012434153614790944,%
