variable,year,value,unit
mmrbc,2000,-9.244931147778983e-13,kg kg-1
mmrbc,2001,-9.94583464826361e-13,kg kg-1
mmrbc,2002,-7.921772194072586e-13,kg kg-1
mmrbc,2003,-7.975090170394341e-13,kg kg-1
mmrbc,2004,-9.954359048490686e-13,kg kg-1
