variable,year,value,unit
od550aer,2001,0.06604338258280633,1
od550aer,2002,0.06619300754127663,1
od550aer,2003,0.06584072591831183,1
od550aer,2004,0.0677722739671419,1
