variable,year,value,unit
rsut,2001,-0.09114008379592065,W m-2
rsut,2002,0.043280461040822615,W m-2
rsut,2003,-0.006450375293539423,W m-2
rsut,2004,0.031106455875416827,W m-2
