variable,year,value,unit
wetso2,2001,2.928991593311026e-16,kg m-2 s-1
wetso2,2002,-1.3828253337580423e-15,kg m-2 s-1
wetso2,2003,1.7556383802822258e-16,kg m-2 s-1
wetso2,2004,1.6102159157609056e-16,kg m-2 s-1
