variable,year,value,unit
loadso4,2000,4.30100800587424e-06,kg m-2
loadso4,2001,4.4202285466811615e-06,kg m-2
loadso4,2002,4.469327468676024e-06,kg m-2
loadso4,2003,4.581289316622387e-06,kg m-2
loadso4,2004,4.691330233274263e-06,kg m-2
