variable,year,value,unit
clt,2000,-0.0098704750493539,%
clt,2001,-0.05716037424377873,%
clt,2002,-0.02956211152049093,%
clt,2003,-0.024200573291608407,%
clt,2004,0.00024331442178038287,%
