variable,year,value,unit
dryso4,2000,-1.1967071894549255e-13,kg m-2 s-1
dryso4,2001,-1.1272499212255002e-13,kg m-2 s-1
dryso4,2002,-1.1534608550698432e-13,kg m-2 s-1
dryso4,2003,-7.110462091621408e-14,kg m-2 s-1
dryso4,2004,-5.403007809955215e-14,kg m-2 s-1
