variable,year,value,unit
dryso2,2000,2.1539835262707466e-13,kg m-2 s-1
dryso2,2001,2.0577282618322396e-13,kg m-2 s-1
dryso2,2002,2.36921982901819e-13,kg m-2 s-1
dryso2,2003,2.6771714142992414e-13,kg m-2 s-1
dryso2,2004,3.1859000602200225e-13,kg m-2 s-1
