variable,year,value,unit
dryso2,2000,-2.713725123042362e-13,kg m-2 s-1
dryso2,2001,-2.7093850422051257e-13,kg m-2 s-1
dryso2,2002,-2.610547111107989e-13,kg m-2 s-1
dryso2,2003,-2.996678073577461e-13,kg m-2 s-1
dryso2,2004,-3.0835702207878017e-13,kg m-2 s-1
