variable,year,value,unit
loadso2,2000,0.13370892568331288,kg m-2
loadso2,2001,-0.04501006217213993,kg m-2
loadso2,2002,0.10561656199611384,kg m-2
loadso2,2003,-0.0905154305842356,kg m-2
loadso2,2004,0.161932153709357,kg m-2
