variable,year,value,unit
od550aer,2000,-0.7279263353073455,1
od550aer,2001,-0.3910543295177215,1
od550aer,2002,-1.069443986971479,1
od550aer,2003,0.012675119880613617,1
od550aer,2004,-0.171382008007493,1
