variable,year,value,unit
mmrbc,2000,-0.6852046196046354,kg kg-1
mmrbc,2001,-0.5824750156726829,kg kg-1
mmrbc,2002,-1.2824815293453427,kg kg-1
mmrbc,2003,-2.2059787249714806,kg kg-1
mmrbc,2004,-0.7166483576215074,kg kg-1
