variable,year,value,unit
rlut,2001,0.02869948435054041,W m-2
rlut,2002,-0.36155209834947954,W m-2
rlut,2003,0.42932196835064396,W m-2
rlut,2004,0.06451648859192285,W m-2
