variable,year,value,unit
mmrso4,2000,0.08250276937355465,kg kg-1
mmrso4,2001,0.29490179134414735,kg kg-1
mmrso4,2002,0.22069396077561673,kg kg-1
mmrso4,2003,0.3305159560577049,kg kg-1
mmrso4,2004,0.36613928312824734,kg kg-1
