variable,year,value,unit
dryso4,2000,0.17703816657772165,kg m-2 s-1
dryso4,2001,0.174641262434061,kg m-2 s-1
dryso4,2002,-0.15472935492826856,kg m-2 s-1
dryso4,2003,-0.11736224962385891,kg m-2 s-1
dryso4,2004,-0.5279528619021168,kg m-2 s-1
