variable,year,value,unit
loadso4,2000,3.89022543486233,kg m-2
loadso4,2001,3.8684468585831278,kg m-2
loadso4,2002,7.06946646823222,kg m-2
loadso4,2003,9.103885258667027,kg m-2
loadso4,2004,6.198261364906911,kg m-2
