variable,year,value,unit
clivi,2000,3.4031110938104665,kg m-2
clivi,2001,2.047722240435048,kg m-2
clivi,2002,1.3535125892740332,kg m-2
clivi,2003,0.41560802306147054,kg m-2
clivi,2004,2.729811095554413,kg m-2
