variable,year,value,unit
wetso2,2000,1.1262793340209933,kg m-2 s-1
wetso2,2001,0.30746282468991,kg m-2 s-1
wetso2,2002,1.0502749365425608,kg m-2 s-1
wetso2,2003,-0.29163054467249366,kg m-2 s-1
wetso2,2004,0.045541098580308,kg m-2 s-1
