variable,year,value,unit
dryso2,2001,-0.021433401036464055,kg m-2 s-1
dryso2,2002,0.16359427280203942,kg m-2 s-1
dryso2,2003,-0.13395829322751365,kg m-2 s-1
dryso2,2004,-0.06584044687722937,kg m-2 s-1
