variable,year,value,unit
wetso4,2001,0.17476277746839938,kg m-2 s-1
wetso4,2002,-0.41400770386201624,kg m-2 s-1
wetso4,2003,0.4703028032034419,kg m-2 s-1
wetso4,2004,0.7320449872772438,kg m-2 s-1
