variable,year,value,unit
wetbc,2001,0.27895835490982,kg m-2 s-1
wetbc,2002,0.6046102951704826,kg m-2 s-1
wetbc,2003,0.14518340609441835,kg m-2 s-1
wetbc,2004,-0.7237362733324844,kg m-2 s-1
