variable,year,value,unit
drybc,2001,-1.4589913454485754,kg m-2 s-1
drybc,2002,-1.8992242788719491,kg m-2 s-1
drybc,2003,-2.172048830898965,kg m-2 s-1
drybc,2004,-1.1826655601527323,kg m-2 s-1
