variable,year,value,unit
cltc,2000,0.19962876610672442,%
cltc,2001,-0.2116853963921225,%
cltc,2002,-0.02193232511207254,%
cltc,2003,0.07855426897666443,%
cltc,2004,0.1973396039071907,%
