variable,year,value,unit
rlut,2001,-0.005245507689181079,W m-2
rlut,2002,-0.06795754289647758,W m-2
rlut,2003,-0.02789052005949233,W m-2
rlut,2004,-0.1687951584370623,W m-2
