variable,year,value,unit
clt,2000,0.6265263636807332,%
clt,2001,0.8243580250830181,%
clt,2002,0.5822386218580651,%
clt,2003,0.0249746391664545,%
clt,2004,0.9420258147736363,%
