variable,year,value,unit
emibc,2000,0.0006520433693662108,kg m-2 s-1
emibc,2001,0.001210203189988918,kg m-2 s-1
emibc,2002,0.0013509751244362132,kg m-2 s-1
emibc,2003,0.0024639885223744825,kg m-2 s-1
emibc,2004,0.0009752701201376992,kg m-2 s-1
