variable,year,value,unit
mmrbc,2001,-1.0992373437894638,kg kg-1
mmrbc,2002,-1.3985972425804487,kg kg-1
mmrbc,2003,-1.4750102274843826,kg kg-1
mmrbc,2004,-1.0433703336837477,kg kg-1
