variable,year,value,unit
clivi,2000,2.294999578566835,kg m-2
clivi,2001,-0.6016646718935063,kg m-2
clivi,2002,0.3235810511312116,kg m-2
clivi,2003,-0.310347173946528,kg m-2
clivi,2004,0.5477077337289766,kg m-2
