variable,year,value,unit
emiso2,2001,-3.3378926546246585e-06,kg m-2 s-1
emiso2,2002,5.224185103267938e-06,kg m-2 s-1
emiso2,2003,1.1074615180953072e-06,kg m-2 s-1
emiso2,2004,-1.9581057519053894e-06,kg m-2 s-1
