variable,year,value,unit
dms,2000,-0.27353371242663,mol mol-1
dms,2001,0.12467762879407565,mol mol-1
dms,2002,0.04713332483234684,mol mol-1
dms,2003,-0.02666773461172324,mol mol-1
dms,2004,0.0035037661156370257,mol mol-1
