variable,year,value,unit
loadso2,2000,0.028282042221299267,kg m-2
loadso2,2001,0.5156216898623888,kg m-2
loadso2,2002,0.15489056076290256,kg m-2
loadso2,2003,-0.10088394280158244,kg m-2
loadso2,2004,0.36540130927067227,kg m-2
