variable,year,value,unit
wetso2,2001,-0.46962018546911666,kg m-2 s-1
wetso2,2002,0.8509240403790705,kg m-2 s-1
wetso2,2003,-0.0765022426903297,kg m-2 s-1
wetso2,2004,0.14532909021317278,kg m-2 s-1
