variable,year,value,unit
cl,2000,0.1412040820814145,%
cl,2001,0.0741005793891042,%
cl,2002,0.07640572834725512,%
cl,2003,0.013891141788972055,%
cl,2004,-0.0003440669675312296,%
