"","models","resolution","bottom.thickness","layers","slopes","r.squared"
"1","CAM-ATRAS","129, 154, 180, 204m",129,4,-136045.695784468,0.844134665315648
"2","CESM1","124, 149, 173, 197m",124,4,73729.924482745,0.00011201811975377
"3","E3SM","25, 54, 72, 77, 82, 87m",25,6,-209518.994191818,0.868829737717409
"4","GEOS","58, 131, 65, 133m",58,4,-246843.967303966,0.993665525274611
"5","GFDL-ESM4","35, 50, 75, 90, 120m",35,5,-210936.862515686,0.969782653298549
"6","GISS modelE","170, 190, 220, 240m",170,4,-459108.428299531,0.965008151969883
"7","NorESM2","127, 152, 176, 201m",127,4,-276060.328596012,0.816897058678613
