variable,year,value,unit
cltc,2000,0.0005492086712167143,%
cltc,2001,0.011668297097391367,%
cltc,2002,-0.1411601047299449,%
cltc,2003,-0.015931373604405875,%
cltc,2004,-0.002893873972045924,%
