variable,year,value,unit
wetso2,2001,1.0577954009542752,kg m-2 s-1
wetso2,2002,0.6533016811112943,kg m-2 s-1
wetso2,2003,0.5246818201585352,kg m-2 s-1
wetso2,2004,0.2707204399202026,kg m-2 s-1
