variable,year,value,unit
dryso4,2000,-0.05526088225643141,kg m-2 s-1
dryso4,2001,0.02758128300970453,kg m-2 s-1
dryso4,2002,-0.06814092558858399,kg m-2 s-1
dryso4,2003,-0.16610162790290045,kg m-2 s-1
dryso4,2004,0.1787127861608117,kg m-2 s-1
