variable,year,value,unit
wetso4,2001,0.08180777781571784,kg m-2 s-1
wetso4,2002,0.11080043823152226,kg m-2 s-1
wetso4,2003,0.09462290663245891,kg m-2 s-1
wetso4,2004,0.09213036954127787,kg m-2 s-1
