variable,year,value,unit
rlutcs,2000,0.02539725245747458,W m-2
rlutcs,2001,-2.6331803348126963e-05,W m-2
rlutcs,2002,2.5061033422042727e-05,W m-2
rlutcs,2003,-0.00059316869705735,W m-2
rlutcs,2004,-0.00015934900806613528,W m-2
