variable,year,value,unit
cl,2000,-0.1429812545971764,%
cl,2001,0.01585824705675537,%
cl,2002,-1.8209775196128062,%
cl,2003,-0.26028741344974243,%
cl,2004,-0.06489993978107524,%
