variable,year,value,unit
loadbc,2000,0.10302773763998947,kg m-2
loadbc,2001,0.0957011448280103,kg m-2
loadbc,2002,-0.21134344694424628,kg m-2
loadbc,2003,0.4394433045141301,kg m-2
loadbc,2004,0.3107618911821002,kg m-2
