variable,year,value,unit
rlut,2000,0.007328445778823355,W m-2
rlut,2001,-0.021756171791312055,W m-2
rlut,2002,0.037098391639676466,W m-2
rlut,2003,-0.020145618500358082,W m-2
rlut,2004,-0.0001317054056139113,W m-2
