variable,year,value,unit
wetbc,2001,-1.1060569108084182,kg m-2 s-1
wetbc,2002,-0.899356153273987,kg m-2 s-1
wetbc,2003,-0.8906789688388156,kg m-2 s-1
wetbc,2004,-1.3500351194845943,kg m-2 s-1
