variable,year,value,unit
cl,2000,-0.0838222968266987,%
cl,2001,0.020792333441750306,%
cl,2002,-0.4236940839799687,%
cl,2003,0.026900426845155236,%
cl,2004,-0.0346676868244567,%
