variable,year,value,unit
dryso2,2001,0.03922912507561343,kg m-2 s-1
dryso2,2002,-0.017151973836712436,kg m-2 s-1
dryso2,2003,0.007423077367068327,kg m-2 s-1
dryso2,2004,0.03699837740394373,kg m-2 s-1
