variable,year,value,unit
cltc,2001,0.08801739368848484,%
cltc,2002,0.14776433081895776,%
cltc,2003,0.22497376369917033,%
cltc,2004,0.14373594152804184,%
