variable,year,value,unit
rlutcs,2000,0.002344368616909691,W m-2
rlutcs,2001,-0.00961524985275862,W m-2
rlutcs,2002,-0.004575834732766599,W m-2
rlutcs,2003,-0.00546168276241581,W m-2
rlutcs,2004,-0.002193531395065157,W m-2
