variable,year,value,unit
clt,2000,0.11856647178183656,%
clt,2001,0.07705416295383644,%
clt,2002,0.22102287881360255,%
clt,2003,0.055247105555013144,%
clt,2004,-0.09806366750353278,%
