variable,year,value,unit
loadso2,2000,-0.01451222908525495,kg m-2
loadso2,2001,0.003950499164117305,kg m-2
loadso2,2002,-0.6427835183770347,kg m-2
loadso2,2003,0.0007911418346339793,kg m-2
loadso2,2004,-0.012314989293853822,kg m-2
