variable,year,value,unit
rlutcs,2001,0.004284046488679303,W m-2
rlutcs,2002,-0.015024256832280074,W m-2
rlutcs,2003,-0.02889175877382782,W m-2
rlutcs,2004,0.009113320464642843,W m-2
