variable,year,value,unit
loadso2,2000,-0.15211607519245227,kg m-2
loadso2,2001,0.1366603929173118,kg m-2
loadso2,2002,-0.10721792257096863,kg m-2
loadso2,2003,-0.05079862603610366,kg m-2
loadso2,2004,-0.14362097124778453,kg m-2
