variable,year,value,unit
so2,2000,-0.23323986302021005,mol mol-1
so2,2001,-0.09672842298367974,mol mol-1
so2,2002,0.3963870562471283,mol mol-1
so2,2003,-0.38799015089772493,mol mol-1
so2,2004,0.35880490332538806,mol mol-1
