variable,year,value,unit
rlutcs,2000,-0.01052303245863829,W m-2
rlutcs,2001,-0.010325485473763964,W m-2
rlutcs,2002,-0.011124653263861615,W m-2
rlutcs,2003,-0.016697799846471913,W m-2
rlutcs,2004,-0.010903510192204362,W m-2
