variable,year,value,unit
emiso2,2001,1.6251892202929309e-06,kg m-2 s-1
emiso2,2002,-2.101228600841289e-05,kg m-2 s-1
emiso2,2003,-6.612789022387758e-06,kg m-2 s-1
emiso2,2004,-5.369095887263145e-05,kg m-2 s-1
