variable,year,value,unit
so2,2000,-99.99999959493408,mol mol-1
so2,2001,-99.99999204180608,mol mol-1
so2,2002,-99.99999532420759,mol mol-1
so2,2003,-99.9910458550309,mol mol-1
so2,2004,-99.9971386724081,mol mol-1
