variable,year,value,unit
so2,2000,-0.05560162261570039,mol mol-1
so2,2001,0.04741229659512789,mol mol-1
so2,2002,0.040466093458606585,mol mol-1
so2,2003,-0.07541847769016118,mol mol-1
so2,2004,0.13499458625312136,mol mol-1
