variable,year,value,unit
loadbc,2000,-0.2899899810301975,kg m-2
loadbc,2001,-0.14712422694759197,kg m-2
loadbc,2002,-0.21141350765039665,kg m-2
loadbc,2003,-0.15520950074848835,kg m-2
loadbc,2004,-0.014192968410921663,kg m-2
