variable,year,value,unit
loadso4,2000,-0.28388414799904893,kg m-2
loadso4,2001,-0.13164035985109382,kg m-2
loadso4,2002,-0.04665454626508588,kg m-2
loadso4,2003,-0.252648850097959,kg m-2
loadso4,2004,0.11454500630755998,kg m-2
