variable,year,value,unit
emiso2,2001,1.3069114237939707e-05,kg m-2 s-1
emiso2,2002,-9.88718416719879e-06,kg m-2 s-1
emiso2,2003,2.2752944576431075e-05,kg m-2 s-1
emiso2,2004,4.477533637424267e-05,kg m-2 s-1
