variable,year,value,unit
od550aer,2000,0.011693063039958679,1
od550aer,2001,0.012821206614246489,1
od550aer,2002,0.011459078296593192,1
od550aer,2003,0.012647925561936085,1
od550aer,2004,0.013379194935823735,1
