variable,year,value,unit
so2,2000,-5.395179683367122e-11,mol mol-1
so2,2001,-5.433370578308776e-11,mol mol-1
so2,2002,-5.6383885784408916e-11,mol mol-1
so2,2003,-4.898241544033815e-11,mol mol-1
so2,2004,-5.357927135385825e-11,mol mol-1
