variable,year,value,unit
wetso4,2001,6.604219113281e-13,kg m-2 s-1
wetso4,2002,6.755338442170057e-13,kg m-2 s-1
wetso4,2003,6.888239786317681e-13,kg m-2 s-1
wetso4,2004,6.540901148587792e-13,kg m-2 s-1
