variable,year,value,unit
clivi,2000,2.5194763222794077e-05,kg m-2
clivi,2001,1.5681006048478587e-05,kg m-2
clivi,2002,3.2924876230085165e-05,kg m-2
clivi,2003,2.0539691142747174e-05,kg m-2
clivi,2004,1.904396847378885e-05,kg m-2
