variable,year,value,unit
cltc,2001,-0.008122013604794809,%
cltc,2002,-0.011463869350639921,%
cltc,2003,-0.011197862549648718,%
cltc,2004,-0.015618515894942675,%
