variable,year,value,unit
rsutcs,2000,0.10065120156500029,W m-2
rsutcs,2001,0.0658780526364211,W m-2
rsutcs,2002,0.016918631974796483,W m-2
rsutcs,2003,0.05690776693506194,W m-2
rsutcs,2004,-0.042607108841338004,W m-2
