variable,year,value,unit
cl,2000,-0.12851676925604494,%
cl,2001,-0.15551382429218563,%
cl,2002,0.028331396469958747,%
cl,2003,-0.041826359991148365,%
cl,2004,0.02145774808370504,%
