variable,year,value,unit
rlut,2001,0.28810095286775095,W m-2
rlut,2002,0.2614423209828942,W m-2
rlut,2003,0.24546110682106814,W m-2
rlut,2004,0.26719377241309417,W m-2
