variable,year,value,unit
dryso2,2001,-3.168716302444436e-13,kg m-2 s-1
dryso2,2002,-3.3561860817550414e-13,kg m-2 s-1
dryso2,2003,-3.1220059700222513e-13,kg m-2 s-1
dryso2,2004,-2.917072541216257e-13,kg m-2 s-1
