variable,year,value,unit
loadbc,2000,-1.9693473559969205e-10,kg m-2
loadbc,2001,-2.1117188133113038e-10,kg m-2
loadbc,2002,-1.1682038321577346e-10,kg m-2
loadbc,2003,-8.721656326734979e-11,kg m-2
loadbc,2004,-1.4702162323307632e-10,kg m-2
