variable,year,value,unit
wetso4,2001,2.4932715351256964e-13,kg m-2 s-1
wetso4,2002,2.993314570838921e-13,kg m-2 s-1
wetso4,2003,2.8116302437808793e-13,kg m-2 s-1
wetso4,2004,2.895550865095841e-13,kg m-2 s-1
