variable,year,value,unit
emibc,2000,-8.46312063124371e-21,kg m-2 s-1
emibc,2001,4.011497509522307e-19,kg m-2 s-1
emibc,2002,7.888030867653689e-21,kg m-2 s-1
emibc,2003,-1.2020437358098977e-20,kg m-2 s-1
emibc,2004,3.4419079279530617e-19,kg m-2 s-1
