variable,year,value,unit
loadbc,2000,6.198299110857806e-11,kg m-2
loadbc,2001,-1.4824771730237207e-10,kg m-2
loadbc,2002,-1.3264095448423457e-11,kg m-2
loadbc,2003,1.0739016883679516e-10,kg m-2
loadbc,2004,5.7322767210172186e-11,kg m-2
