variable,year,value,unit
mmrso4,2000,9.543651584594367e-11,kg kg-1
mmrso4,2001,1.1638583773166079e-10,kg kg-1
mmrso4,2002,1.0166908395669237e-10,kg kg-1
mmrso4,2003,1.3696315579668216e-10,kg kg-1
mmrso4,2004,1.0624863826835329e-10,kg kg-1
