variable,year,value,unit
cl,2000,-0.0627606700833212,%
cl,2001,-0.04573747046729437,%
cl,2002,-0.16164453024072145,%
cl,2003,-0.02504732290825018,%
cl,2004,-0.06422257349610305,%
