variable,year,value,unit
cl,2000,-0.004039706279552746,%
cl,2001,-0.005055788307149811,%
cl,2002,-0.016612880343195968,%
cl,2003,0.004318269798940122,%
cl,2004,0.002210762677869127,%
