variable,year,value,unit
rlutcs,2001,0.3051211745160458,W m-2
rlutcs,2002,0.26791917027711065,W m-2
rlutcs,2003,0.24846131885453815,W m-2
rlutcs,2004,0.26534775375381514,W m-2
