variable,year,value,unit
rlut,2000,0.02884589298852802,W m-2
rlut,2001,-0.03138637501612607,W m-2
rlut,2002,0.014801037276413354,W m-2
rlut,2003,-0.025020424170975275,W m-2
rlut,2004,0.004424538512779463,W m-2
