variable,year,value,unit
rsut,2000,0.1480820085600385,W m-2
rsut,2001,0.06585583010887319,W m-2
rsut,2002,0.09986412670822631,W m-2
rsut,2003,0.06452975277275641,W m-2
rsut,2004,0.08895663728344516,W m-2
