variable,year,value,unit
loadso4,2000,8.223349842402202e-07,kg m-2
loadso4,2001,8.058346947667891e-07,kg m-2
loadso4,2002,8.791610259957473e-07,kg m-2
loadso4,2003,9.027948317812677e-07,kg m-2
loadso4,2004,1.023396824756838e-06,kg m-2
