variable,year,value,unit
od550aer,2000,0.015095399494770206,1
od550aer,2001,0.015187792764023114,1
od550aer,2002,0.01491669384029895,1
od550aer,2003,0.015575375898583196,1
od550aer,2004,0.016275100100277884,1
