variable,year,value,unit
loadbc,2000,1.2357218239428546e-10,kg m-2
loadbc,2001,1.334748387969357e-10,kg m-2
loadbc,2002,1.3411628217135978e-10,kg m-2
loadbc,2003,1.1868934139891512e-10,kg m-2
loadbc,2004,1.8884743604521268e-10,kg m-2
