variable,year,value,unit
loadso2,2000,1.798615181126752e-07,kg m-2
loadso2,2001,1.3474607654642373e-07,kg m-2
loadso2,2002,1.4697146987592819e-07,kg m-2
loadso2,2003,1.2148393557300093e-07,kg m-2
loadso2,2004,1.5394040541359544e-07,kg m-2
