variable,year,value,unit
mmrso4,2000,8.904243250165205e-12,kg kg-1
mmrso4,2001,7.588723790494418e-12,kg kg-1
mmrso4,2002,6.733899546820663e-12,kg kg-1
mmrso4,2003,9.330790561901217e-12,kg kg-1
mmrso4,2004,1.1171060110461276e-11,kg kg-1
