variable,year,value,unit
dryso4,2000,-2.9156389989593706e-16,kg m-2 s-1
dryso4,2001,-9.513109488090195e-17,kg m-2 s-1
dryso4,2002,-9.994673661574224e-16,kg m-2 s-1
dryso4,2003,-9.21856149525547e-16,kg m-2 s-1
dryso4,2004,4.12149335354344e-17,kg m-2 s-1
