variable,year,value,unit
rsdt,2000,-5.6121052693924867e-08,W m-2
rsdt,2001,4.929682972942828e-08,W m-2
rsdt,2002,2.1942918237982667e-07,W m-2
rsdt,2003,5.010576842323644e-09,W m-2
rsdt,2004,2.814482513713301e-08,W m-2
