variable,year,value,unit
emibc,2000,-5.445664285377327e-22,kg m-2 s-1
emibc,2001,5.0231456513755214e-23,kg m-2 s-1
emibc,2002,1.7543500611285205e-21,kg m-2 s-1
emibc,2003,3.986983169565851e-21,kg m-2 s-1
emibc,2004,-4.447448868785264e-21,kg m-2 s-1
