variable,year,value,unit
wetso2,2000,-1.5405047499400951e-18,kg m-2 s-1
wetso2,2001,7.68327012576569e-19,kg m-2 s-1
wetso2,2002,2.7842362261304932e-18,kg m-2 s-1
wetso2,2003,-2.872468546166955e-18,kg m-2 s-1
wetso2,2004,3.2439581700625025e-19,kg m-2 s-1
