variable,year,value,unit
loadbc,2000,-2.8889117293200523e-10,kg m-2
loadbc,2001,-2.1849661205699637e-10,kg m-2
loadbc,2002,-1.7165345132953007e-10,kg m-2
loadbc,2003,1.0185484783146404e-10,kg m-2
loadbc,2004,6.814445306682993e-11,kg m-2
