variable,year,value,unit
mmrbc,2000,-4.301846356549049e-15,kg kg-1
mmrbc,2001,1.9065346977939637e-15,kg kg-1
mmrbc,2002,-1.355002105609502e-15,kg kg-1
mmrbc,2003,3.078413353570739e-15,kg kg-1
mmrbc,2004,-2.080741929178524e-15,kg kg-1
