variable,year,value,unit
rlut,2000,0.019090905819979298,W m-2
rlut,2001,-0.03257094329416077,W m-2
rlut,2002,-0.0344808762242792,W m-2
rlut,2003,-0.02482872609596143,W m-2
rlut,2004,0.004694480252481981,W m-2
