variable,year,value,unit
mmrso4,2000,5.62598673471439e-13,kg kg-1
mmrso4,2001,3.2385790827657473e-13,kg kg-1
mmrso4,2002,-3.923508175091757e-14,kg kg-1
mmrso4,2003,1.272138662834991e-13,kg kg-1
mmrso4,2004,6.373855612944099e-13,kg kg-1
