variable,year,value,unit
loadso4,2000,-2.7091242996794638e-09,kg m-2
loadso4,2001,-5.427107072083937e-09,kg m-2
loadso4,2002,1.517788247669945e-09,kg m-2
loadso4,2003,-2.2713897887132888e-09,kg m-2
loadso4,2004,-3.057157424008533e-09,kg m-2
