variable,year,value,unit
cl,2000,0.008484974466396622,%
cl,2001,-9.786954952062388e-05,%
cl,2002,-0.0007165634143140309,%
cl,2003,-0.008389781872393698,%
cl,2004,0.00501326020922388,%
