variable,year,value,unit
wetso2,2000,1.3744406146800958e-16,kg m-2 s-1
wetso2,2001,1.6208185584341944e-16,kg m-2 s-1
wetso2,2002,-1.5272519465210967e-16,kg m-2 s-1
wetso2,2003,1.3899854626239095e-15,kg m-2 s-1
wetso2,2004,1.3381413017750134e-16,kg m-2 s-1
