variable,year,value,unit
rsut,2000,-0.03702089763390859,W m-2
rsut,2001,0.026046832929665698,W m-2
rsut,2002,0.021681405561082556,W m-2
rsut,2003,0.005911342446111689,W m-2
rsut,2004,-0.0043136565228394375,W m-2
