variable,year,value,unit
dryso4,2000,-0.9716567982279225,kg m-2 s-1
dryso4,2001,-0.9422426354213316,kg m-2 s-1
dryso4,2002,-0.9575777889002778,kg m-2 s-1
dryso4,2003,-0.9820792482117884,kg m-2 s-1
dryso4,2004,-0.7209988101678098,kg m-2 s-1
