variable,year,value,unit
cl,2000,0.03953955709365167,%
cl,2001,-0.24110832006702673,%
cl,2002,-0.0342346704367628,%
cl,2003,0.11091595184675902,%
cl,2004,0.18101052407627072,%
