variable,year,value,unit
rlutcs,2000,0.06816457490455718,W m-2
rlutcs,2001,-0.06325253348086335,W m-2
rlutcs,2002,-0.023408165862718988,W m-2
rlutcs,2003,-0.04158868260890358,W m-2
rlutcs,2004,-0.14581392809137128,W m-2
