variable,year,value,unit
wetbc,2000,-2.848304571312642e-16,kg m-2 s-1
wetbc,2001,-1.8053905273583405e-16,kg m-2 s-1
wetbc,2002,-2.5034750283957373e-16,kg m-2 s-1
wetbc,2003,-5.043761503622201e-16,kg m-2 s-1
wetbc,2004,-2.071922564686836e-16,kg m-2 s-1
