variable,year,value,unit
so2,2000,-7.234509900101186e-11,mol mol-1
so2,2001,-7.420258267597894e-11,mol mol-1
so2,2002,-1.0491255331916438e-10,mol mol-1
so2,2003,-7.780682062436337e-11,mol mol-1
so2,2004,-7.394415943133099e-11,mol mol-1
