variable,year,value,unit
dryso4,2000,-0.3444381875169877,kg m-2 s-1
dryso4,2001,-0.3430983718168978,kg m-2 s-1
dryso4,2002,-0.49603308427908727,kg m-2 s-1
dryso4,2003,-0.40842675708527515,kg m-2 s-1
dryso4,2004,-0.3094548229516945,kg m-2 s-1
