variable,year,value,unit
rlutcs,2000,0.0015202200178823808,W m-2
rlutcs,2001,-0.000806672940922008,W m-2
rlutcs,2002,0.0013594459175931422,W m-2
rlutcs,2003,-0.0011439493954549498,W m-2
rlutcs,2004,-0.0014244153819158087,W m-2
