variable,year,value,unit
rsutcs,2000,-0.0034135154498942492,W m-2
rsutcs,2001,-0.001945191233053834,W m-2
rsutcs,2002,-0.02047411665989082,W m-2
rsutcs,2003,-0.023664377003461353,W m-2
rsutcs,2004,-0.011131726761961782,W m-2
