variable,year,value,unit
rlutcs,2000,-2.4737148866922706e-05,W m-2
rlutcs,2001,-0.00035727234400553706,W m-2
rlutcs,2002,-0.007428641864311678,W m-2
rlutcs,2003,0.006826359286490594,W m-2
rlutcs,2004,0.001552899180629019,W m-2
