variable,year,value,unit
wetbc,2000,0.05252805927849903,kg m-2 s-1
wetbc,2001,0.37005263698598045,kg m-2 s-1
wetbc,2002,-0.06654408171086185,kg m-2 s-1
wetbc,2003,-0.06456399397563624,kg m-2 s-1
wetbc,2004,0.02485892869309665,kg m-2 s-1
