variable,year,value,unit
drybc,2000,0.0214277056004275,kg m-2 s-1
drybc,2001,0.06301574622783371,kg m-2 s-1
drybc,2002,0.2124027449691355,kg m-2 s-1
drybc,2003,0.09724386038663424,kg m-2 s-1
drybc,2004,-0.23258349381688972,kg m-2 s-1
