variable,year,value,unit
loadso4,2000,-0.411388053816544,kg m-2
loadso4,2001,-0.47256072097927976,kg m-2
loadso4,2002,-0.8844679898424678,kg m-2
loadso4,2003,-0.19517360547392376,kg m-2
loadso4,2004,-0.28194233937161095,kg m-2
