variable,year,value,unit
loadso4,2000,-0.4577147195563536,kg m-2
loadso4,2001,-0.464777067810378,kg m-2
loadso4,2002,-0.6821743582146357,kg m-2
loadso4,2003,-0.07573614774492032,kg m-2
loadso4,2004,-0.23059901878314532,kg m-2
