variable,year,value,unit
dryso4,2000,-5.7567331291380135e-15,kg m-2 s-1
dryso4,2001,-5.252939118032812e-15,kg m-2 s-1
dryso4,2002,-1.0280656141853514e-15,kg m-2 s-1
dryso4,2003,8.836246761404782e-16,kg m-2 s-1
dryso4,2004,-3.133593472664387e-15,kg m-2 s-1
