variable,year,value,unit
mmrso4,2000,-8.052359321845131e-13,kg kg-1
mmrso4,2001,-1.1849430106628296e-13,kg kg-1
mmrso4,2002,-9.779736469283078e-13,kg kg-1
mmrso4,2003,-8.103227647042426e-13,kg kg-1
mmrso4,2004,-4.823299114129845e-13,kg kg-1
