variable,year,value,unit
emibc,2001,-1.0136419516928853e-19,kg m-2 s-1
emibc,2002,-6.46385123355344e-20,kg m-2 s-1
emibc,2003,2.238189582751887e-21,kg m-2 s-1
emibc,2004,-4.715508897644021e-19,kg m-2 s-1
