variable,year,value,unit
dryso4,2001,3.244712367739796e-14,kg m-2 s-1
dryso4,2002,3.227180386604241e-14,kg m-2 s-1
dryso4,2003,3.418547510719864e-14,kg m-2 s-1
dryso4,2004,3.549846478551015e-14,kg m-2 s-1
