variable,year,value,unit
emiso2,2000,-5.587858284162449e-14,kg m-2 s-1
emiso2,2001,-5.865543984767334e-14,kg m-2 s-1
emiso2,2002,-5.4716750381128046e-14,kg m-2 s-1
emiso2,2003,-5.6285869188737923e-14,kg m-2 s-1
emiso2,2004,-6.066486088171468e-14,kg m-2 s-1
