variable,year,value,unit
wetbc,2000,-8.490391701093537e-17,kg m-2 s-1
wetbc,2001,-3.861044360083509e-16,kg m-2 s-1
wetbc,2002,5.102711162448242e-17,kg m-2 s-1
wetbc,2003,1.3502089814399036e-16,kg m-2 s-1
wetbc,2004,2.898088675686511e-16,kg m-2 s-1
