variable,year,value,unit
clivi,2000,0.5082689338901673,kg m-2
clivi,2001,0.9692469972353533,kg m-2
clivi,2002,0.8914993724472698,kg m-2
clivi,2003,1.1406465542346989,kg m-2
clivi,2004,1.0008493644803007,kg m-2
