variable,year,value,unit
rlut,2000,-0.0030376476829768436,W m-2
rlut,2001,-0.006676711151208557,W m-2
rlut,2002,-0.003825757249231446,W m-2
rlut,2003,0.0010740194460533473,W m-2
rlut,2004,-0.021789665554249334,W m-2
