variable,year,value,unit
dryso4,2000,1.9121098678837753,kg m-2 s-1
dryso4,2001,2.1969154076748065,kg m-2 s-1
dryso4,2002,2.136429287501366,kg m-2 s-1
dryso4,2003,2.185617049847172,kg m-2 s-1
dryso4,2004,1.934993987145357,kg m-2 s-1
