variable,year,value,unit
clt,2000,0.0026340210559534657,%
clt,2001,-0.009737035191058096,%
clt,2002,0.02521596392627727,%
clt,2003,0.0061411052956923985,%
clt,2004,0.1861053217316378,%
