variable,year,value,unit
drybc,2000,-0.16162665701065093,kg m-2 s-1
drybc,2001,0.04508805158918148,kg m-2 s-1
drybc,2002,-0.03858890098772255,kg m-2 s-1
drybc,2003,-0.06170182231598181,kg m-2 s-1
drybc,2004,-0.04318827556323428,kg m-2 s-1
