variable,year,value,unit
wetbc,2000,-0.10051771786173072,kg m-2 s-1
wetbc,2001,-0.0627097592450922,kg m-2 s-1
wetbc,2002,-0.1688900097540976,kg m-2 s-1
wetbc,2003,0.046393547860028736,kg m-2 s-1
wetbc,2004,0.10450057695998693,kg m-2 s-1
