variable,year,value,unit
rsut,2000,0.1058236866142144,W m-2
rsut,2001,0.17259370118635342,W m-2
rsut,2002,0.15911102082522563,W m-2
rsut,2003,0.07111510564088308,W m-2
rsut,2004,0.267804174144512,W m-2
