variable,year,value,unit
dryso4,2000,1.8525724736166216,kg m-2 s-1
dryso4,2001,1.7303555190522144,kg m-2 s-1
dryso4,2002,1.8289106200196803,kg m-2 s-1
dryso4,2003,1.7068848537786587,kg m-2 s-1
dryso4,2004,1.9038972838876487,kg m-2 s-1
