variable,year,value,unit
mmrbc,2000,-0.23375009812051312,kg kg-1
mmrbc,2001,0.00265139088516924,kg kg-1
mmrbc,2002,-0.02776054440157002,kg kg-1
mmrbc,2003,0.04327412988304717,kg kg-1
mmrbc,2004,0.13509392694453884,kg kg-1
