variable,year,value,unit
wetso4,2000,-5.6085226030367035e-14,kg m-2 s-1
wetso4,2001,-3.772892764563931e-14,kg m-2 s-1
wetso4,2002,-1.1239437160935778e-13,kg m-2 s-1
wetso4,2003,-7.140780830081837e-14,kg m-2 s-1
wetso4,2004,-8.124329319853816e-14,kg m-2 s-1
