variable,year,value,unit
wetbc,2000,-8.435787994387338e-16,kg m-2 s-1
wetbc,2001,-1.499700317009712e-14,kg m-2 s-1
wetbc,2002,5.88417960209442e-15,kg m-2 s-1
wetbc,2003,7.501883066071192e-15,kg m-2 s-1
wetbc,2004,6.050550225286632e-15,kg m-2 s-1
