variable,year,value,unit
dms,2000,8.650007199215776e-15,mol mol-1
dms,2001,-2.0842201158768762e-14,mol mol-1
dms,2002,-9.64533342183903e-15,mol mol-1
dms,2003,-1.460895287429256e-15,mol mol-1
dms,2004,2.0251597320393798e-14,mol mol-1
