variable,year,value,unit
rsut,2000,0.24455433206756538,W m-2
rsut,2001,0.2514201119769979,W m-2
rsut,2002,0.2981215113677109,W m-2
rsut,2003,0.2955390519529857,W m-2
rsut,2004,0.25489691769959677,W m-2
