variable,year,value,unit
cltc,2000,-0.03567354275523016,%
cltc,2001,-0.026572569767339793,%
cltc,2002,-0.03118222414187688,%
cltc,2003,-0.04145812365134116,%
cltc,2004,-0.03897989856712769,%
