variable,year,value,unit
rsutcs,2001,75.39800047859809,W m-2
rsutcs,2002,75.29917428005578,W m-2
rsutcs,2003,75.49399198678363,W m-2
rsutcs,2004,75.31118290270432,W m-2
