variable,year,value,unit
dryso2,2000,5.877596815859515e-12,kg m-2 s-1
dryso2,2001,5.850176598631777e-12,kg m-2 s-1
dryso2,2002,6.216462117434915e-12,kg m-2 s-1
dryso2,2003,6.5996434230551646e-12,kg m-2 s-1
dryso2,2004,6.718290303331673e-12,kg m-2 s-1
