variable,year,value,unit
emiso2,2000,1.3845273081204226e-11,kg m-2 s-1
emiso2,2001,1.4424977671647993e-11,kg m-2 s-1
emiso2,2002,1.4625650325069158e-11,kg m-2 s-1
emiso2,2003,1.4936878886436132e-11,kg m-2 s-1
emiso2,2004,1.4923425357473383e-11,kg m-2 s-1
