variable,year,value,unit
so2,2001,2.000472323403973e-09,mol mol-1
so2,2002,1.9746180396856556e-09,mol mol-1
so2,2003,2.121719530073153e-09,mol mol-1
so2,2004,2.160259488042978e-09,mol mol-1
