variable,year,value,unit
emiso2,2000,2.4363597449121083e-11,kg m-2 s-1
emiso2,2001,2.4503447253510636e-11,kg m-2 s-1
emiso2,2002,2.4390328007816154e-11,kg m-2 s-1
emiso2,2003,2.5576106693448738e-11,kg m-2 s-1
emiso2,2004,2.680563998594057e-11,kg m-2 s-1
