variable,year,value,unit
rsdt,2000,322.9143734029712,W m-2
rsdt,2001,322.9185553160465,W m-2
rsdt,2002,322.8188326561426,W m-2
rsdt,2003,322.5975684946749,W m-2
rsdt,2004,322.7237004534897,W m-2
