variable,year,value,unit
bldep,2001,948.7700902888098,m
bldep,2002,949.1022136023493,m
bldep,2003,939.3300654067585,m
bldep,2004,949.2714270749996,m
