variable,year,value,unit
wetso2,2000,3.7561650934256215e-12,kg m-2 s-1
wetso2,2001,3.772533743063117e-12,kg m-2 s-1
wetso2,2002,3.641715609080551e-12,kg m-2 s-1
wetso2,2003,3.970032205195145e-12,kg m-2 s-1
wetso2,2004,4.2233824621150015e-12,kg m-2 s-1
