variable,year,value,unit
od550aer,2000,0.19786962521794352,1
od550aer,2001,0.20151793724405515,1
od550aer,2002,0.20088434981176903,1
od550aer,2003,0.1960369479435826,1
od550aer,2004,0.2046628629518666,1
