variable,year,value,unit
mmrso4,2000,1.6219046540545292e-09,kg kg-1
mmrso4,2001,1.6454789397183078e-09,kg kg-1
mmrso4,2002,1.6214437492504328e-09,kg kg-1
mmrso4,2003,1.6847307433948791e-09,kg kg-1
mmrso4,2004,1.6724638734534577e-09,kg kg-1
