variable,year,value,unit
so2,2001,2.1001883087622322e-09,mol mol-1
so2,2002,2.0290663577577014e-09,mol mol-1
so2,2003,2.2029675944134616e-09,mol mol-1
so2,2004,2.267047303929982e-09,mol mol-1
