variable,year,value,unit
loadso4,2000,4.021676755673027e-06,kg m-2
loadso4,2001,4.2426672265110476e-06,kg m-2
loadso4,2002,3.951408634241723e-06,kg m-2
loadso4,2003,4.445009008588599e-06,kg m-2
loadso4,2004,3.976810599385732e-06,kg m-2
