variable,year,value,unit
drybc,2000,4.347138359380654e-13,kg m-2 s-1
drybc,2001,4.321811658927633e-13,kg m-2 s-1
drybc,2002,4.542410154161146e-13,kg m-2 s-1
drybc,2003,4.842481385679956e-13,kg m-2 s-1
drybc,2004,4.836063195638585e-13,kg m-2 s-1
