variable,year,value,unit
dryso4,2000,3.5314909601472104e-12,kg m-2 s-1
dryso4,2001,3.5244840104674672e-12,kg m-2 s-1
dryso4,2002,3.487614479592259e-12,kg m-2 s-1
dryso4,2003,3.703435301489728e-12,kg m-2 s-1
dryso4,2004,3.771353883563761e-12,kg m-2 s-1
