variable,year,value,unit
rsut,2001,106.08712196852791,W m-2
rsut,2002,106.33884574699962,W m-2
rsut,2003,106.64285516459854,W m-2
rsut,2004,106.44929285142541,W m-2
