variable,year,value,unit
wetso4,2001,1.4062034052410069e-11,kg m-2 s-1
wetso4,2002,1.4275708725402491e-11,kg m-2 s-1
wetso4,2003,1.4767894369903315e-11,kg m-2 s-1
wetso4,2004,1.5121235464018106e-11,kg m-2 s-1
