variable,year,value,unit
srfdms,2000,6.01293261287733e-12,mol mol-1
srfdms,2001,5.9857113979376694e-12,mol mol-1
srfdms,2002,6.03461056110327e-12,mol mol-1
srfdms,2003,5.985179959375799e-12,mol mol-1
srfdms,2004,5.941259888864477e-12,mol mol-1
