variable,year,value,unit
loadso4,2000,6.774091570315323e-06,kg m-2
loadso4,2001,6.82227577990814e-06,kg m-2
loadso4,2002,6.624722142040199e-06,kg m-2
loadso4,2003,6.888150929519703e-06,kg m-2
loadso4,2004,6.952145782123716e-06,kg m-2
