variable,year,value,unit
rlutcs,2000,253.9338858828136,W m-2
rlutcs,2001,254.26145082542726,W m-2
rlutcs,2002,253.87035216540568,W m-2
rlutcs,2003,254.14530361108172,W m-2
rlutcs,2004,253.9060155131987,W m-2
