variable,year,value,unit
od550aer,2000,0.19117892889066262,1
od550aer,2001,0.1886827653866983,1
od550aer,2002,0.1998243281940602,1
od550aer,2003,0.20313651217269715,1
od550aer,2004,0.2040425261428035,1
