variable,year,value,unit
so2,2000,9.109894696584937e-10,mol mol-1
so2,2001,9.231255990114942e-10,mol mol-1
so2,2002,9.10676384524242e-10,mol mol-1
so2,2003,9.609735681086718e-10,mol mol-1
so2,2004,9.972087484466925e-10,mol mol-1
