variable,year,value,unit
so2,2000,2.230266904055151e-09,mol mol-1
so2,2001,2.2672019164900643e-09,mol mol-1
so2,2002,2.253930305761413e-09,mol mol-1
so2,2003,2.3712032701865492e-09,mol mol-1
so2,2004,2.583408162131254e-09,mol mol-1
