variable,year,value,unit
rlutcs,2000,255.87862541211314,W m-2
rlutcs,2001,256.5214433576038,W m-2
rlutcs,2002,256.31126629566893,W m-2
rlutcs,2003,256.65238318501895,W m-2
rlutcs,2004,256.2665752084292,W m-2
