variable,year,value,unit
loadso2,2000,3.4101405192851963e-06,kg m-2
loadso2,2001,3.4361727919301996e-06,kg m-2
loadso2,2002,3.376826974570669e-06,kg m-2
loadso2,2003,3.439275521489951e-06,kg m-2
loadso2,2004,3.6898959099260043e-06,kg m-2
