variable,year,value,unit
rlutcs,2000,255.21166099117588,W m-2
rlutcs,2001,255.25273415024054,W m-2
rlutcs,2002,255.2888348597832,W m-2
rlutcs,2003,255.86792683433785,W m-2
rlutcs,2004,255.58813468468344,W m-2
