variable,year,value,unit
loadso4,2000,5.588621381277609e-06,kg m-2
loadso4,2001,6.024472040326463e-06,kg m-2
loadso4,2002,6.121335717402442e-06,kg m-2
loadso4,2003,6.27806239815337e-06,kg m-2
loadso4,2004,6.378756710023405e-06,kg m-2
