variable,year,value,unit
dryso2,2001,9.445424844270297e-12,kg m-2 s-1
dryso2,2002,9.219043182222157e-12,kg m-2 s-1
dryso2,2003,9.850898835994749e-12,kg m-2 s-1
dryso2,2004,1.0313987341396216e-11,kg m-2 s-1
