variable,year,value,unit
clt,2001,55.377581153753205,%
clt,2002,56.04898665898881,%
clt,2003,55.69478098681278,%
clt,2004,56.053923604884105,%
