variable,year,value,unit
dryso4,2000,-14.156619131155699,kg m-2 s-1
dryso4,2001,-14.576810285199537,kg m-2 s-1
dryso4,2002,-13.75690469888279,kg m-2 s-1
dryso4,2003,-14.194468994368798,kg m-2 s-1
dryso4,2004,-14.959077035796456,kg m-2 s-1
