variable,year,value,unit
loadso4,2000,-4.85302103454436,kg m-2
loadso4,2001,-4.970342219801792,kg m-2
loadso4,2002,-5.100712148195576,kg m-2
loadso4,2003,-4.441669118584662,kg m-2
loadso4,2004,-5.4580771934698795,kg m-2
