variable,year,value,unit
rsut,2000,-0.0968280904668033,W m-2
rsut,2001,-0.14726887132331504,W m-2
rsut,2002,-0.058441398912741735,W m-2
rsut,2003,-0.15606985958177888,W m-2
rsut,2004,-0.03798969473171894,W m-2
