variable,year,value,unit
emibc,2000,2.1639321815847372e-06,kg m-2 s-1
emibc,2001,2.5089909862630484e-06,kg m-2 s-1
emibc,2002,2.800322370319077e-06,kg m-2 s-1
emibc,2003,2.48195837868959e-06,kg m-2 s-1
emibc,2004,2.5155079761467015e-06,kg m-2 s-1
