variable,year,value,unit
rsut,2000,-0.2772515811572902,W m-2
rsut,2001,-0.4492687075384217,W m-2
rsut,2002,-0.4232389564789045,W m-2
rsut,2003,-0.390443149069608,W m-2
rsut,2004,-0.35331128707848164,W m-2
