variable,year,value,unit
wetso4,2000,1.3431051872535614e-11,kg m-2 s-1
wetso4,2001,1.3563760877903633e-11,kg m-2 s-1
wetso4,2002,1.3387393174561984e-11,kg m-2 s-1
wetso4,2003,1.3679694735977123e-11,kg m-2 s-1
wetso4,2004,1.4005680900120558e-11,kg m-2 s-1
