variable,year,value,unit
loadso4,2000,5.68806090278133e-06,kg m-2
loadso4,2001,5.689036478027765e-06,kg m-2
loadso4,2002,5.533367053515195e-06,kg m-2
loadso4,2003,5.7397483809129525e-06,kg m-2
loadso4,2004,5.861167106518001e-06,kg m-2
