variable,year,value,unit
wetso4,2000,1.311249216217001e-11,kg m-2 s-1
wetso4,2001,1.3145119317496944e-11,kg m-2 s-1
wetso4,2002,1.325759963772801e-11,kg m-2 s-1
wetso4,2003,1.3476139190296574e-11,kg m-2 s-1
wetso4,2004,1.3766036278666945e-11,kg m-2 s-1
