variable,year,value,unit
dryso4,2000,-0.21764677087378045,kg m-2 s-1
dryso4,2001,-0.1553437918520602,kg m-2 s-1
dryso4,2002,-0.12694051978161697,kg m-2 s-1
dryso4,2003,-0.19019955542595585,kg m-2 s-1
dryso4,2004,-0.2124747140317877,kg m-2 s-1
