variable,year,value,unit
so2,2000,-0.10652911727142193,mol mol-1
so2,2001,-0.11461672243337094,mol mol-1
so2,2002,-0.15416299273979395,mol mol-1
so2,2003,-0.22338192968285206,mol mol-1
so2,2004,-0.48454292131680726,mol mol-1
