variable,year,value,unit
rlutcs,2000,0.0042113142463209305,W m-2
rlutcs,2001,0.003048524728516733,W m-2
rlutcs,2002,0.0021224101179350154,W m-2
rlutcs,2003,0.003999576847077308,W m-2
rlutcs,2004,-0.000756817522378314,W m-2
