variable,year,value,unit
cl,2000,-0.020334160564703826,%
cl,2001,-0.060218391782960436,%
cl,2002,0.07032383867700887,%
cl,2003,0.03454359351714966,%
cl,2004,0.021615792970403704,%
