variable,year,value,unit
drybc,2000,-1.0843038749721492e-16,kg m-2 s-1
drybc,2001,-7.170990149016905e-17,kg m-2 s-1
drybc,2002,1.604827561001534e-17,kg m-2 s-1
drybc,2003,-3.7079653545809336e-19,kg m-2 s-1
drybc,2004,1.2701492001090163e-16,kg m-2 s-1
