variable,year,value,unit
wetso2,2000,-1.7740125943100316e-17,kg m-2 s-1
wetso2,2001,-1.8699853128192535e-17,kg m-2 s-1
wetso2,2002,-1.53794879874521e-17,kg m-2 s-1
wetso2,2003,-1.749006172539046e-17,kg m-2 s-1
wetso2,2004,-1.7783676115584012e-17,kg m-2 s-1
