variable,year,value,unit
rsutcs,2000,0.018767259963119898,W m-2
rsutcs,2001,0.012365179980882601,W m-2
rsutcs,2002,0.012876240358977498,W m-2
rsutcs,2003,0.00666443324979582,W m-2
rsutcs,2004,0.013431762196574937,W m-2
