variable,year,value,unit
loadso4,2000,4.458503403266175,kg m-2
loadso4,2001,5.6210193846126115,kg m-2
loadso4,2002,6.503828338237673,kg m-2
loadso4,2003,15.75140532053084,kg m-2
loadso4,2004,8.229377081476487,kg m-2
