variable,year,value,unit
wetso2,2000,-3.5282072915608436,kg m-2 s-1
wetso2,2001,-3.5670383388223237,kg m-2 s-1
wetso2,2002,-3.5868674944039225,kg m-2 s-1
wetso2,2003,-3.730665845637927,kg m-2 s-1
wetso2,2004,-3.516354790541778,kg m-2 s-1
