variable,year,value,unit
cl,2000,0.07030834646024192,%
cl,2001,-0.14451041717099186,%
cl,2002,0.11844418929122855,%
cl,2003,-0.2210294338926918,%
cl,2004,-0.25765553473271996,%
