variable,year,value,unit
od550aer,2000,-0.3536845454736401,1
od550aer,2001,-1.1966021712384953,1
od550aer,2002,1.2778939645811564,1
od550aer,2003,1.7551837175307314,1
od550aer,2004,0.7753592937648507,1
