variable,year,value,unit
cl,2000,-1.7660485179699106,%
cl,2001,0.8839871643016364,%
cl,2002,1.0833442411055598,%
cl,2003,0.615493360339175,%
cl,2004,0.713068210919598,%
