variable,year,value,unit
cl,2000,0.15025002118778905,%
cl,2001,0.1484491007633837,%
cl,2002,0.2590171833047093,%
cl,2003,0.23064942630322488,%
cl,2004,-0.5078754212633734,%
