variable,year,value,unit
emibc,2001,-1.0258906911029048e-05,kg m-2 s-1
emibc,2002,2.9970624419863718e-05,kg m-2 s-1
emibc,2003,4.856971681322468e-05,kg m-2 s-1
emibc,2004,3.023399593810178e-05,kg m-2 s-1
