variable,year,value,unit
so2,2000,-4.946641966420562,mol mol-1
so2,2001,-4.809738485824807,mol mol-1
so2,2002,-4.662770166653524,mol mol-1
so2,2003,-5.0172444075134015,mol mol-1
so2,2004,-5.041965986746937,mol mol-1
