variable,year,value,unit
wetbc,2000,-0.12877763832399783,kg m-2 s-1
wetbc,2001,-0.07875778806652772,kg m-2 s-1
wetbc,2002,0.3777517214061897,kg m-2 s-1
wetbc,2003,0.07355701312452456,kg m-2 s-1
wetbc,2004,0.5529287121854803,kg m-2 s-1
