variable,year,value,unit
clt,2001,0.21109158755667495,%
clt,2002,0.0821684438276353,%
clt,2003,0.030518580913918326,%
clt,2004,-0.11454073107370684,%
