variable,year,value,unit
drybc,2000,-0.15059460359522578,kg m-2 s-1
drybc,2001,0.05493762920959958,kg m-2 s-1
drybc,2002,-0.1993803425951881,kg m-2 s-1
drybc,2003,-0.1576122009169331,kg m-2 s-1
drybc,2004,-0.1561820147657636,kg m-2 s-1
