variable,year,value,unit
loadso2,2000,-2.4971210794710523,kg m-2
loadso2,2001,-2.666174628263105,kg m-2
loadso2,2002,1.0033877011262244,kg m-2
loadso2,2003,-1.8185559183079003,kg m-2
loadso2,2004,-2.866203741660738,kg m-2
