variable,year,value,unit
loadbc,2000,0.0528809271014729,kg m-2
loadbc,2001,0.049139840119993825,kg m-2
loadbc,2002,-0.05224052987030809,kg m-2
loadbc,2003,0.42078946194996114,kg m-2
loadbc,2004,-0.30858787553372036,kg m-2
