variable,year,value,unit
emiso2,2001,-5.128203779657923,kg m-2 s-1
emiso2,2002,-5.128205564200891,kg m-2 s-1
emiso2,2003,-5.1282035413203655,kg m-2 s-1
emiso2,2004,-5.128201755139347,kg m-2 s-1
