variable,year,value,unit
wetso4,2000,1.4106805336205368,kg m-2 s-1
wetso4,2001,1.1350148262345856,kg m-2 s-1
wetso4,2002,1.4388660363029508,kg m-2 s-1
wetso4,2003,1.1195300060039595,kg m-2 s-1
wetso4,2004,1.289899996561176,kg m-2 s-1
