variable,year,value,unit
mmrbc,2000,0.04700370293700417,kg kg-1
mmrbc,2001,0.03531853276024484,kg kg-1
mmrbc,2002,-0.032106734999623576,kg kg-1
mmrbc,2003,-0.0030172820111950415,kg kg-1
mmrbc,2004,0.07709792470029828,kg kg-1
