variable,year,value,unit
emibc,2001,2.707589658803682e-08,kg m-2 s-1
emibc,2002,-2.8692619836979657e-08,kg m-2 s-1
emibc,2003,3.113840117791194e-08,kg m-2 s-1
emibc,2004,-1.0477477600872669e-08,kg m-2 s-1
