variable,year,value,unit
od550aer,2001,1.2513698058060116,1
od550aer,2002,1.418690366199095,1
od550aer,2003,1.9077129943405184,1
od550aer,2004,0.7425630838849251,1
