variable,year,value,unit
mmrso4,2000,12.284951713346167,kg kg-1
mmrso4,2001,11.772325514785763,kg kg-1
mmrso4,2002,12.108338661850931,kg kg-1
mmrso4,2003,11.282702846383101,kg kg-1
mmrso4,2004,11.522443727091815,kg kg-1
