variable,year,value,unit
rlut,2000,-0.06874496237209354,W m-2
rlut,2001,-0.015492077618215808,W m-2
rlut,2002,0.012734000321443435,W m-2
rlut,2003,0.034335499494503596,W m-2
rlut,2004,-0.018432724730957473,W m-2
