variable,year,value,unit
drybc,2001,0.041652088128963136,kg m-2 s-1
drybc,2002,0.035846402004388045,kg m-2 s-1
drybc,2003,0.014459480902730176,kg m-2 s-1
drybc,2004,0.07889852743047185,kg m-2 s-1
