variable,year,value,unit
loadso2,2000,-2.6224086870657097,kg m-2
loadso2,2001,-2.5593733278268203,kg m-2
loadso2,2002,-2.619454843477051,kg m-2
loadso2,2003,-2.42859942732329,kg m-2
loadso2,2004,-2.8023229227684268,kg m-2
