variable,year,value,unit
loadbc,2000,0.8106855067292709,kg m-2
loadbc,2001,0.5303493099139318,kg m-2
loadbc,2002,0.6493413097162711,kg m-2
loadbc,2003,0.6638288765932355,kg m-2
loadbc,2004,0.95074448994403,kg m-2
