variable,year,value,unit
wetbc,2000,0.039300153657334906,kg m-2 s-1
wetbc,2001,-0.3736703748841422,kg m-2 s-1
wetbc,2002,0.5180989036822095,kg m-2 s-1
wetbc,2003,0.15851382743586226,kg m-2 s-1
wetbc,2004,-0.18628057511525078,kg m-2 s-1
