variable,year,value,unit
rlutcs,2000,0.002195827574302449,W m-2
rlutcs,2001,-0.0038290953585817895,W m-2
rlutcs,2002,-0.00152256008271041,W m-2
rlutcs,2003,-0.007083395847252135,W m-2
rlutcs,2004,0.011224697886655545,W m-2
