variable,year,value,unit
rlut,2000,0.17408157827371826,W m-2
rlut,2001,0.02154534255990708,W m-2
rlut,2002,0.00040507529901499014,W m-2
rlut,2003,-0.0002568420146825646,W m-2
rlut,2004,-0.001109259094909184,W m-2
