variable,year,value,unit
rlutcs,2000,0.01183840403113008,W m-2
rlutcs,2001,-0.005909085799736551,W m-2
rlutcs,2002,-0.028501953321860275,W m-2
rlutcs,2003,-0.017753702704000344,W m-2
rlutcs,2004,-0.02839056611798409,W m-2
