variable,year,value,unit
rsdt,2001,6.6153518218925456e-09,W m-2
rsdt,2002,-7.250989142448816e-08,W m-2
rsdt,2003,-1.3463164805216365e-08,W m-2
rsdt,2004,4.912496365250263e-08,W m-2
