variable,year,value,unit
mmrbc,2000,-0.15470676508702585,kg kg-1
mmrbc,2001,-0.0350773237382878,kg kg-1
mmrbc,2002,0.11944293663747889,kg kg-1
mmrbc,2003,0.03632179731953236,kg kg-1
mmrbc,2004,-0.10882955340206693,kg kg-1
