variable,year,value,unit
loadso4,2000,0.10896607656520185,kg m-2
loadso4,2001,0.1388799169852211,kg m-2
loadso4,2002,0.17175658768040658,kg m-2
loadso4,2003,0.346127501818383,kg m-2
loadso4,2004,0.1975201141400576,kg m-2
