variable,year,value,unit
rsut,2000,-0.021258578832306228,W m-2
rsut,2001,-0.009186458271190478,W m-2
rsut,2002,-0.004407035845534948,W m-2
rsut,2003,0.004360956039623714,W m-2
rsut,2004,-0.0011641419733296958,W m-2
