variable,year,value,unit
mmrbc,2000,-0.022157273142548777,kg kg-1
mmrbc,2001,-0.03398425415254819,kg kg-1
mmrbc,2002,-0.006807899266711914,kg kg-1
mmrbc,2003,0.04341199095666802,kg kg-1
mmrbc,2004,0.02340836428688378,kg kg-1
