variable,year,value,unit
loadso2,2000,0.023033148,kg m-2
loadso2,2001,0.024207126,kg m-2
loadso2,2002,0.05799473,kg m-2
loadso2,2003,0.038105246,kg m-2
loadso2,2004,0.069231816,kg m-2
