variable,year,value,unit
wetso4,2000,0.10376838867816549,kg m-2 s-1
wetso4,2001,0.10316818870615518,kg m-2 s-1
wetso4,2002,0.09086122964128802,kg m-2 s-1
wetso4,2003,0.09201676895379489,kg m-2 s-1
wetso4,2004,0.10361308886682764,kg m-2 s-1
