variable,year,value,unit
clt,2001,0.6044263,%
clt,2002,-0.065167665,%
clt,2003,0.05375664,%
clt,2004,0.250713,%
clt,2005,0.6432035,%
