variable,year,value,unit
emiso2,2001,0.007204422,kg m-2 s-1
emiso2,2002,0.01056754,kg m-2 s-1
emiso2,2003,0.008335547,kg m-2 s-1
emiso2,2004,0.005636275,kg m-2 s-1
emiso2,2005,0.011735348,kg m-2 s-1
