variable,year,value,unit
dryso4,2000,-10.378850605752303,kg m-2 s-1
dryso4,2001,-10.75680489464799,kg m-2 s-1
dryso4,2002,-10.284171172753469,kg m-2 s-1
dryso4,2003,-10.300140563893052,kg m-2 s-1
dryso4,2004,-10.270458808976993,kg m-2 s-1
