variable,year,value,unit
dryso4,2000,-2.637738210225259,kg m-2 s-1
dryso4,2001,-2.5561034457341005,kg m-2 s-1
dryso4,2002,-2.5228255138075655,kg m-2 s-1
dryso4,2003,-2.6312910174316197,kg m-2 s-1
dryso4,2004,-2.710087326128007,kg m-2 s-1
