variable,year,value,unit
mmrso4,2000,-2.4159002505471965,kg kg-1
mmrso4,2001,-2.6924358685957106,kg kg-1
mmrso4,2002,-2.4515990710042965,kg kg-1
mmrso4,2003,-2.6238762030526117,kg kg-1
mmrso4,2004,-2.589455497606821,kg kg-1
