variable,year,value,unit
so2,2000,-4.7472273577725375,mol mol-1
so2,2001,-5.010359408168152,mol mol-1
so2,2002,-4.8082188853046475,mol mol-1
so2,2003,-4.9162688750612045,mol mol-1
so2,2004,-5.183337552065194,mol mol-1
