variable,year,value,unit
dryso2,2000,-10.288037334822793,kg m-2 s-1
dryso2,2001,-9.663465607796478,kg m-2 s-1
dryso2,2002,-9.927892385266649,kg m-2 s-1
dryso2,2003,-10.060218517081399,kg m-2 s-1
dryso2,2004,-11.004644858011432,kg m-2 s-1
