variable,year,value,unit
emiso2,2000,-22.93472606617643,kg m-2 s-1
emiso2,2001,-23.694873036400878,kg m-2 s-1
emiso2,2002,-22.61104165882297,kg m-2 s-1
emiso2,2003,-23.057052643719807,kg m-2 s-1
emiso2,2004,-23.998452264395585,kg m-2 s-1
