variable,year,value,unit
rlutcs,2001,0.07464031543188529,W m-2
rlutcs,2002,0.17951324198546034,W m-2
rlutcs,2003,-0.07935323370604165,W m-2
rlutcs,2004,-0.058934807734543904,W m-2
rlutcs,2005,0.20115165847593205,W m-2
