variable,year,value,unit
wetso4,2000,-2.1286335985914,kg m-2 s-1
wetso4,2001,-2.2264603268250216,kg m-2 s-1
wetso4,2002,-2.1146516888563145,kg m-2 s-1
wetso4,2003,-2.1402772725077615,kg m-2 s-1
wetso4,2004,-2.2388332275977274,kg m-2 s-1
