variable,year,value,unit
loadso4,2000,-2.895251957764255,kg m-2
loadso4,2001,-2.8278319666611673,kg m-2
loadso4,2002,-2.459115226244224,kg m-2
loadso4,2003,-2.2343491164443643,kg m-2
loadso4,2004,-2.0610000986697714,kg m-2
