variable,year,value,unit
rlutcs,2000,0.04348846918766723,W m-2
rlutcs,2001,0.053447768757731634,W m-2
rlutcs,2002,0.05275040580693873,W m-2
rlutcs,2003,0.046275148810554945,W m-2
rlutcs,2004,0.04901970468119857,W m-2
