variable,year,value,unit
drybc,2001,-0.37597821579247137,kg m-2 s-1
drybc,2002,0.6348989474405351,kg m-2 s-1
drybc,2003,-3.096136399871539,kg m-2 s-1
drybc,2004,-2.435303033364525,kg m-2 s-1
drybc,2005,-4.631441099035763,kg m-2 s-1
