variable,year,value,unit
dryso4,2000,-1.3586809611467856e-14,kg m-2 s-1
dryso4,2001,-1.353420127011871e-14,kg m-2 s-1
dryso4,2002,-1.3564697422251647e-14,kg m-2 s-1
dryso4,2003,-1.4282536845449585e-14,kg m-2 s-1
dryso4,2004,-1.4938954982828508e-14,kg m-2 s-1
