variable,year,value,unit
clivi,2000,-3.767644808531055e-05,kg m-2
clivi,2001,-1.9766458231401662e-05,kg m-2
clivi,2002,-3.578947971291657e-05,kg m-2
clivi,2003,-6.343467390622706e-05,kg m-2
clivi,2004,-1.0552550599507438e-05,kg m-2
