variable,year,value,unit
emiso2,2000,-2.975586250197257e-13,kg m-2 s-1
emiso2,2001,-3.1035988383322147e-13,kg m-2 s-1
emiso2,2002,-3.1952222360093336e-13,kg m-2 s-1
emiso2,2003,-3.246865966234684e-13,kg m-2 s-1
emiso2,2004,-3.605526069186291e-13,kg m-2 s-1
