variable,year,value,unit
wetbc,2000,-4.041343756492458e-15,kg m-2 s-1
wetbc,2001,-7.388784400062842e-16,kg m-2 s-1
wetbc,2002,-2.445705036863295e-16,kg m-2 s-1
wetbc,2003,8.219586957727475e-16,kg m-2 s-1
wetbc,2004,1.5490241277943584e-15,kg m-2 s-1
