variable,year,value,unit
wetso4,2000,-1.746379596458773e-13,kg m-2 s-1
wetso4,2001,-1.808616748828613e-13,kg m-2 s-1
wetso4,2002,-1.9541925239901155e-13,kg m-2 s-1
wetso4,2003,-1.985022380399592e-13,kg m-2 s-1
wetso4,2004,-2.0392935351488828e-13,kg m-2 s-1
