variable,year,value,unit
loadso2,2000,-2.350477200313801e-08,kg m-2
loadso2,2001,-2.245406898307584e-08,kg m-2
loadso2,2002,-2.344771788719723e-08,kg m-2
loadso2,2003,-2.536461620473043e-08,kg m-2
loadso2,2004,-2.383061349808737e-08,kg m-2
