variable,year,value,unit
loadbc,2000,-1.7856992868400117e-10,kg m-2
loadbc,2001,4.38374296554388e-14,kg m-2
loadbc,2002,-1.98359408751008e-09,kg m-2
loadbc,2003,1.1648538103450058e-09,kg m-2
loadbc,2004,-2.047850102852701e-09,kg m-2
