variable,year,value,unit
wetbc,2001,-1.478562072072618e-14,kg m-2 s-1
wetbc,2002,1.3609497025821715e-15,kg m-2 s-1
wetbc,2003,6.466079395572978e-15,kg m-2 s-1
wetbc,2004,8.842879494044434e-15,kg m-2 s-1
wetbc,2005,-6.476232781222218e-16,kg m-2 s-1
