variable,year,value,unit
clivi,2001,-0.0016229140907163611,kg m-2
clivi,2002,0.00043899783598237707,kg m-2
clivi,2003,0.0016255828297337058,kg m-2
clivi,2004,0.0010729563275703666,kg m-2
clivi,2005,3.236251258448286e-05,kg m-2
