variable,year,value,unit
loadso2,2000,9.166545429534043e-09,kg m-2
loadso2,2001,8.253982410037774e-09,kg m-2
loadso2,2002,5.292599130343674e-11,kg m-2
loadso2,2003,9.423002062526674e-09,kg m-2
loadso2,2004,5.867982794381615e-09,kg m-2
