variable,year,value,unit
loadso2,2000,6.32445044959981e-09,kg m-2
loadso2,2001,2.9147503951007844e-09,kg m-2
loadso2,2002,-3.8584897016352495e-10,kg m-2
loadso2,2003,4.821132370425656e-09,kg m-2
loadso2,2004,4.235110403578152e-09,kg m-2
