variable,year,value,unit
dms,2000,-1.661037519034452e-15,mol mol-1
dms,2001,3.1592738044741483e-15,mol mol-1
dms,2002,-1.6267142497551675e-15,mol mol-1
dms,2003,7.18863559383469e-15,mol mol-1
dms,2004,4.1173725218729944e-15,mol mol-1
