variable,year,value,unit
wetbc,2001,-1.8252191773292793e-15,kg m-2 s-1
wetbc,2002,-2.1447305602596405e-16,kg m-2 s-1
wetbc,2003,-1.0166492764105967e-15,kg m-2 s-1
wetbc,2004,1.2587140347379037e-16,kg m-2 s-1
