variable,year,value,unit
rsutcs,2001,0.011886770859753426,W m-2
rsutcs,2002,0.008835938859014902,W m-2
rsutcs,2003,0.013842951642828893,W m-2
rsutcs,2004,0.011235345252387674,W m-2
