variable,year,value,unit
mmrso4,2001,9.820267073233819e-12,kg kg-1
mmrso4,2002,7.380080670031986e-12,kg kg-1
mmrso4,2003,9.423985181971694e-12,kg kg-1
mmrso4,2004,8.37537279214917e-12,kg kg-1
