variable,year,value,unit
dms,2000,-2.1041150979994493e-14,mol mol-1
dms,2001,-5.945391824433027e-14,mol mol-1
dms,2002,-1.964111947212236e-14,mol mol-1
dms,2003,1.7582143101991068e-15,mol mol-1
dms,2004,3.0282724137722076e-14,mol mol-1
