variable,year,value,unit
clt,2001,-0.023718609691158576,%
clt,2002,0.0031365940783487645,%
clt,2003,-0.2337550992906472,%
clt,2004,0.0935366949136025,%
