variable,year,value,unit
rsut,2000,-0.13897264511474816,W m-2
rsut,2001,0.13096267440560894,W m-2
rsut,2002,0.21714655490600876,W m-2
rsut,2003,0.0617448432755765,W m-2
rsut,2004,0.008548493267895196,W m-2
