variable,year,value,unit
cltc,2000,0.002609752498226481,%
cltc,2001,0.002506974925450045,%
cltc,2002,-0.0014065848312370122,%
cltc,2003,-0.00340767981225909,%
cltc,2004,0.001166281206415043,%
