variable,year,value,unit
rlutcs,2000,0.05516012812296367,W m-2
rlutcs,2001,-0.013784933396948418,W m-2
rlutcs,2002,-0.0077081940738708,W m-2
rlutcs,2003,-0.01113278616912794,W m-2
rlutcs,2004,-0.017373427482027637,W m-2
