variable,year,value,unit
wetbc,2000,-1.5504092164036297e-16,kg m-2 s-1
wetbc,2001,-8.177881348257041e-16,kg m-2 s-1
wetbc,2002,7.434487522674427e-16,kg m-2 s-1
wetbc,2003,4.107159316347064e-16,kg m-2 s-1
wetbc,2004,-2.7221411230524305e-16,kg m-2 s-1
