variable,year,value,unit
wetbc,2000,-2.0645984525478534e-16,kg m-2 s-1
wetbc,2001,-6.86304993025609e-16,kg m-2 s-1
wetbc,2002,6.470553052958938e-16,kg m-2 s-1
wetbc,2003,-5.416786680795899e-17,kg m-2 s-1
wetbc,2004,4.696113873949974e-16,kg m-2 s-1
