variable,year,value,unit
clt,2000,-0.013301040945108866,%
clt,2001,-0.00913457083111524,%
clt,2002,-0.048840706852011806,%
clt,2003,0.012475919708641925,%
clt,2004,0.003995902740783208,%
