variable,year,value,unit
rsdt,2000,5.916512009207509e-07,W m-2
rsdt,2001,-1.7463833046349464e-08,W m-2
rsdt,2002,2.3468521703762235e-07,W m-2
rsdt,2003,-3.120356950603309e-08,W m-2
rsdt,2004,4.659968340092746e-07,W m-2
