variable,year,value,unit
dms,2000,-5.2068670328900016e-14,mol mol-1
dms,2001,-1.039492290203556e-13,mol mol-1
dms,2002,-6.181837411935446e-14,mol mol-1
dms,2003,4.208398273019592e-14,mol mol-1
dms,2004,-7.59341214542572e-14,mol mol-1
