variable,year,value,unit
clt,2001,-0.054650577447944215,%
clt,2002,0.03390484332285837,%
clt,2003,-0.1587324687633469,%
clt,2004,-0.037089681849948875,%
