variable,year,value,unit
mmrso4,2000,1.1173184357239714e-11,kg kg-1
mmrso4,2001,9.090188663370155e-12,kg kg-1
mmrso4,2002,1.0059634855754272e-11,kg kg-1
mmrso4,2003,1.069938447908169e-11,kg kg-1
mmrso4,2004,7.881392212220067e-12,kg kg-1
