variable,year,value,unit
wetso4,2000,-4.044424787395055e-14,kg m-2 s-1
wetso4,2001,-1.1145110566079045e-13,kg m-2 s-1
wetso4,2002,-3.2935520830640855e-14,kg m-2 s-1
wetso4,2003,-5.756059202183648e-14,kg m-2 s-1
wetso4,2004,-2.6119314166879502e-14,kg m-2 s-1
