variable,year,value,unit
rlutcs,2000,-0.02498825577424668,W m-2
rlutcs,2001,-0.026132773581082347,W m-2
rlutcs,2002,-0.009118603858041752,W m-2
rlutcs,2003,-0.016120907613981217,W m-2
rlutcs,2004,-0.005573204181303026,W m-2
