variable,year,value,unit
so2,2000,-5.020100328498319e-13,mol mol-1
so2,2001,-8.996790005286656e-13,mol mol-1
so2,2002,-9.065915067800119e-13,mol mol-1
so2,2003,-7.56719507643849e-13,mol mol-1
so2,2004,-7.858525356183307e-13,mol mol-1
