variable,year,value,unit
loadbc,2000,-9.965990378315025e-12,kg m-2
loadbc,2001,-7.061477676131764e-12,kg m-2
loadbc,2002,-3.2017252023495135e-11,kg m-2
loadbc,2003,-9.558410942302095e-12,kg m-2
loadbc,2004,6.915553388285687e-12,kg m-2
