variable,year,value,unit
mmrso4,2001,1.0191478806043491e-11,kg kg-1
mmrso4,2002,6.705100511517076e-12,kg kg-1
mmrso4,2003,9.657980769623465e-12,kg kg-1
mmrso4,2004,1.0748533998059779e-11,kg kg-1
