variable,year,value,unit
mmrso4,2001,-0.03770858612275762,kg kg-1
mmrso4,2002,-0.07177925817130104,kg kg-1
mmrso4,2003,-0.22217713876325193,kg kg-1
mmrso4,2004,-0.17307107540251734,kg kg-1
