variable,year,value,unit
clivi,2000,0.04699337758580335,kg m-2
clivi,2001,0.052557325453032516,kg m-2
clivi,2002,0.023756463185152475,kg m-2
clivi,2003,0.1699676904784123,kg m-2
clivi,2004,-0.06615855321751957,kg m-2
