variable,year,value,unit
wetso2,2000,-1.1127364759749738,kg m-2 s-1
wetso2,2001,-1.141491239731732,kg m-2 s-1
wetso2,2002,-1.0197191655589177,kg m-2 s-1
wetso2,2003,-1.09959363499262,kg m-2 s-1
wetso2,2004,-1.1561761763448868,kg m-2 s-1
