variable,year,value,unit
wetbc,2000,0.08119968170953419,kg m-2 s-1
wetbc,2001,0.20480037750719854,kg m-2 s-1
wetbc,2002,-0.10844517007915372,kg m-2 s-1
wetbc,2003,0.09194906112490596,kg m-2 s-1
wetbc,2004,-0.1295878550436249,kg m-2 s-1
