variable,year,value,unit
emibc,2000,1.1864606791456246e-06,kg m-2 s-1
emibc,2001,-8.023289534829993e-06,kg m-2 s-1
emibc,2002,6.84047666078084e-06,kg m-2 s-1
emibc,2003,6.196691420589794e-06,kg m-2 s-1
emibc,2004,1.9333115586952315e-06,kg m-2 s-1
