variable,year,value,unit
loadso4,2000,0.7839619770624473,kg m-2
loadso4,2001,0.5248313274492578,kg m-2
loadso4,2002,0.6174762733542458,kg m-2
loadso4,2003,0.7478872157661752,kg m-2
loadso4,2004,0.6674228586788782,kg m-2
