variable,year,value,unit
drybc,2000,-0.17356978761710598,kg m-2 s-1
drybc,2001,-0.5774119975498921,kg m-2 s-1
drybc,2002,0.09608585100119223,kg m-2 s-1
drybc,2003,-0.2589676569322187,kg m-2 s-1
drybc,2004,0.08306043500072453,kg m-2 s-1
