variable,year,value,unit
loadso2,2000,-1.796360133054552,kg m-2
loadso2,2001,-1.6114349703786373,kg m-2
loadso2,2002,-1.6102290116817735,kg m-2
loadso2,2003,-1.3315228675835147,kg m-2
loadso2,2004,-1.3576205337921416,kg m-2
