variable,year,value,unit
drybc,2000,-0.169208633707938,kg m-2 s-1
drybc,2001,0.3356299349141757,kg m-2 s-1
drybc,2002,0.487159754101837,kg m-2 s-1
drybc,2003,0.08717963328925449,kg m-2 s-1
drybc,2004,0.248239109811996,kg m-2 s-1
