variable,year,value,unit
wetso2,2000,-0.23161687684616467,kg m-2 s-1
wetso2,2001,-0.3703500121073631,kg m-2 s-1
wetso2,2002,-0.9115957319173279,kg m-2 s-1
wetso2,2003,-0.35459350351158203,kg m-2 s-1
wetso2,2004,-1.2464839887123913,kg m-2 s-1
