variable,year,value,unit
od550aer,2000,0.12560324445441917,1
od550aer,2001,0.08658486842963216,1
od550aer,2002,0.06557190307364628,1
od550aer,2003,-0.03550251598267605,1
od550aer,2004,0.09254900620927878,1
