variable,year,value,unit
clivi,2000,0.03796493412084183,kg m-2
clivi,2001,0.00377336241737547,kg m-2
clivi,2002,0.006229192398293124,kg m-2
clivi,2003,0.2537219703902944,kg m-2
clivi,2004,0.06931098691985385,kg m-2
