variable,year,value,unit
wetso4,2001,0.053932213569741407,kg m-2 s-1
wetso4,2002,0.03833459549152055,kg m-2 s-1
wetso4,2003,0.14022844580787286,kg m-2 s-1
wetso4,2004,0.11691737246524471,kg m-2 s-1
