variable,year,value,unit
od550aer,2000,-0.07534963405852753,1
od550aer,2001,0.013421600770041982,1
od550aer,2002,0.03237464006272432,1
od550aer,2003,-0.019328598049448007,1
od550aer,2004,-0.002430108176154149,1
