variable,year,value,unit
rlut,2001,0.006394764711574348,W m-2
rlut,2002,-0.007187327588251732,W m-2
rlut,2003,0.0018138223833708816,W m-2
rlut,2004,-0.0012028270918614402,W m-2
