variable,year,value,unit
wetso2,2000,-0.27590055326564283,kg m-2 s-1
wetso2,2001,-0.26030178430497114,kg m-2 s-1
wetso2,2002,-0.19266086776918948,kg m-2 s-1
wetso2,2003,-0.007337693255634888,kg m-2 s-1
wetso2,2004,-0.2907748737554006,kg m-2 s-1
