variable,year,value,unit
drybc,2000,0.044829002881469876,kg m-2 s-1
drybc,2001,0.03808009185518566,kg m-2 s-1
drybc,2002,0.10196898561188235,kg m-2 s-1
drybc,2003,0.10642194436645253,kg m-2 s-1
drybc,2004,-0.10084533566184757,kg m-2 s-1
