variable,year,value,unit
loadbc,2000,0.06467462692603664,kg m-2
loadbc,2001,-0.03161831473494206,kg m-2
loadbc,2002,-0.024728912794202806,kg m-2
loadbc,2003,0.0298133260873577,kg m-2
loadbc,2004,-0.04680013682186431,kg m-2
