variable,year,value,unit
wetso4,2000,0.12618672701698028,kg m-2 s-1
wetso4,2001,-0.05264073089840559,kg m-2 s-1
wetso4,2002,-0.034626485144537575,kg m-2 s-1
wetso4,2003,0.17987423989860318,kg m-2 s-1
wetso4,2004,0.06393378740373168,kg m-2 s-1
