variable,year,value,unit
dryso2,2000,-1.201682678601171,kg m-2 s-1
dryso2,2001,-1.358009540001564,kg m-2 s-1
dryso2,2002,-1.219781970173262,kg m-2 s-1
dryso2,2003,-1.4501071469491307,kg m-2 s-1
dryso2,2004,-1.1912571350269154,kg m-2 s-1
