variable,year,value,unit
emibc,2000,2.2179187916749956e-07,kg m-2 s-1
emibc,2001,-6.818196706094113e-08,kg m-2 s-1
emibc,2002,-6.1719378274843e-08,kg m-2 s-1
emibc,2003,6.966800939844166e-08,kg m-2 s-1
emibc,2004,-1.9293994931495468e-07,kg m-2 s-1
