variable,year,value,unit
wetso4,2001,-0.34910405011911777,kg m-2 s-1
wetso4,2002,-0.3841892969940496,kg m-2 s-1
wetso4,2003,-0.46774266708730744,kg m-2 s-1
wetso4,2004,-0.4634053868437885,kg m-2 s-1
