variable,year,value,unit
rlut,2000,0.0072671853358334025,W m-2
rlut,2001,-0.014383238426087555,W m-2
rlut,2002,-0.009850424930840136,W m-2
rlut,2003,-0.005554483526931321,W m-2
rlut,2004,0.011377588037497003,W m-2
