variable,year,value,unit
clt,2001,0.009391391274071124,%
clt,2002,0.008461312653560843,%
clt,2003,0.015348190288626369,%
clt,2004,-0.0032802144106176693,%
