variable,year,value,unit
clt,2001,0.03368368058611082,%
clt,2002,-0.0031227239370572963,%
clt,2003,-0.12556139887202375,%
clt,2004,0.0897926136347643,%
