variable,year,value,unit
wetbc,2000,-0.39591417830490744,kg m-2 s-1
wetbc,2001,0.15431899959076176,kg m-2 s-1
wetbc,2002,0.06209695900145495,kg m-2 s-1
wetbc,2003,-0.2716011694868485,kg m-2 s-1
wetbc,2004,-0.024244256660734112,kg m-2 s-1
