variable,year,value,unit
wetbc,2001,0.2012885409679456,kg m-2 s-1
wetbc,2002,-0.19780455568552593,kg m-2 s-1
wetbc,2003,-0.00306071933549028,kg m-2 s-1
wetbc,2004,0.10136448922879089,kg m-2 s-1
