variable,year,value,unit
rsut,2000,0.025023081473350993,W m-2
rsut,2001,0.015442078831273744,W m-2
rsut,2002,0.05535362419310213,W m-2
rsut,2003,0.0027767902767041586,W m-2
rsut,2004,0.045017252026311724,W m-2
