variable,year,value,unit
rsutcs,2001,0.019846862282926148,W m-2
rsutcs,2002,0.01783357786792973,W m-2
rsutcs,2003,0.019212826803284858,W m-2
rsutcs,2004,0.02116554371338757,W m-2
