variable,year,value,unit
drybc,2000,0.0,kg m-2 s-1
drybc,2001,0.0005384954777723763,kg m-2 s-1
drybc,2002,0.019983029046428277,kg m-2 s-1
drybc,2003,-0.003085865787646816,kg m-2 s-1
drybc,2004,0.010340141732650835,kg m-2 s-1
