variable,year,value,unit
wetso4,2001,-0.5024038791847959,kg m-2 s-1
wetso4,2002,-0.3414238423897253,kg m-2 s-1
wetso4,2003,-0.3109661224219984,kg m-2 s-1
wetso4,2004,-0.4236485785162416,kg m-2 s-1
