variable,year,value,unit
mmrbc,2001,-0.061441232981442453,kg kg-1
mmrbc,2002,-0.0634867564581479,kg kg-1
mmrbc,2003,-0.023355505000337184,kg kg-1
mmrbc,2004,-0.04435961855006844,kg kg-1
