variable,year,value,unit
rsutcs,2000,0.01878623382886662,W m-2
rsutcs,2001,0.003640307601075455,W m-2
rsutcs,2002,0.011146870569405849,W m-2
rsutcs,2003,0.00280659169143674,W m-2
rsutcs,2004,0.0004753067951295701,W m-2
