variable,year,value,unit
dryso4,2000,0.6749544975699417,kg m-2 s-1
dryso4,2001,0.07689780079574504,kg m-2 s-1
dryso4,2002,-0.14940745270420625,kg m-2 s-1
dryso4,2003,-1.380571179054483,kg m-2 s-1
dryso4,2004,-0.581705880058943,kg m-2 s-1
