variable,year,value,unit
dryso2,2001,-0.9064996776004528,kg m-2 s-1
dryso2,2002,-0.490842928240264,kg m-2 s-1
dryso2,2003,-0.6340131427917954,kg m-2 s-1
dryso2,2004,-1.2526496542282746,kg m-2 s-1
