variable,year,value,unit
loadso4,2000,6.285243179033924,kg m-2
loadso4,2001,3.645928753176422,kg m-2
loadso4,2002,4.708166512618849,kg m-2
loadso4,2003,12.521129317245677,kg m-2
loadso4,2004,5.243604031654862,kg m-2
