variable,year,value,unit
loadso2,2000,-2.0979713189178373,kg m-2
loadso2,2001,-1.9261222222884546,kg m-2
loadso2,2002,-1.669470544576732,kg m-2
loadso2,2003,-1.7692740174852313,kg m-2
loadso2,2004,-1.7675297369486431,kg m-2
