variable,year,value,unit
od550aer,2001,-0.1259519381673941,1
od550aer,2002,-0.047095819102373475,1
od550aer,2003,-0.10997242285217453,1
od550aer,2004,-0.10152136246469505,1
