variable,year,value,unit
dryso2,2000,-1.3665223141261706,kg m-2 s-1
dryso2,2001,-1.3612558208548433,kg m-2 s-1
dryso2,2002,-1.6168081048968566,kg m-2 s-1
dryso2,2003,-1.584084506615389,kg m-2 s-1
dryso2,2004,-1.6876373535400713,kg m-2 s-1
