variable,year,value,unit
dms,2000,-0.02960920994633473,mol mol-1
dms,2001,-0.05694558694222065,mol mol-1
dms,2002,-0.01680863985140191,mol mol-1
dms,2003,0.016044836386137715,mol mol-1
dms,2004,-0.03105901563064286,mol mol-1
