variable,year,value,unit
so2,2000,-0.7150694747133636,mol mol-1
so2,2001,-0.6444558532387856,mol mol-1
so2,2002,-0.34636375096985056,mol mol-1
so2,2003,-0.34002686945394206,mol mol-1
so2,2004,-0.8799466506757151,mol mol-1
