variable,year,value,unit
mmrso4,2001,0.060226350795575416,kg kg-1
mmrso4,2002,0.24381197629156404,kg kg-1
mmrso4,2003,-0.09099743427240514,kg kg-1
mmrso4,2004,0.43077095302430657,kg kg-1
