variable,year,value,unit
rlutcs,2001,-0.0060137853141747155,W m-2
rlutcs,2002,-0.004165988785239173,W m-2
rlutcs,2003,-0.006214457756245711,W m-2
rlutcs,2004,-0.005658622770140867,W m-2
