variable,year,value,unit
so2,2001,-1.2455092216933497,mol mol-1
so2,2002,-1.2882958882318816,mol mol-1
so2,2003,-1.2653289079198395,mol mol-1
so2,2004,-1.2423923119730653,mol mol-1
