variable,year,value,unit
rsdt,2001,-7.086543985035392e-08,W m-2
rsdt,2002,8.296005035224996e-08,W m-2
rsdt,2003,-8.100076603150723e-08,W m-2
rsdt,2004,-3.672482891439692e-08,W m-2
