variable,year,value,unit
rsutcs,2000,0.0764820217936047,W m-2
rsutcs,2001,0.07497461719341414,W m-2
rsutcs,2002,0.04894776799766376,W m-2
rsutcs,2003,0.08255670430580675,W m-2
rsutcs,2004,0.08285464698128034,W m-2
