variable,year,value,unit
loadbc,2000,-0.01566872150190576,kg m-2
loadbc,2001,0.024493879107017058,kg m-2
loadbc,2002,-0.07028572146515398,kg m-2
loadbc,2003,-0.03640120157911577,kg m-2
loadbc,2004,0.037851857202021014,kg m-2
