variable,year,value,unit
wetso2,2000,-0.2989747432691535,kg m-2 s-1
wetso2,2001,-0.2527776981621818,kg m-2 s-1
wetso2,2002,-0.32605749655777944,kg m-2 s-1
wetso2,2003,-0.2368370002372612,kg m-2 s-1
wetso2,2004,-0.24906774133286513,kg m-2 s-1
