variable,year,value,unit
so2,2000,-0.34087032541034823,mol mol-1
so2,2001,-0.3415279974429022,mol mol-1
so2,2002,-0.43698385063721723,mol mol-1
so2,2003,-0.4930626041759978,mol mol-1
so2,2004,-0.5100371325593098,mol mol-1
