variable,year,value,unit
dms,2000,-0.02343315134414464,mol mol-1
dms,2001,0.09645090691110901,mol mol-1
dms,2002,-0.02784236477220095,mol mol-1
dms,2003,-0.08202139647078457,mol mol-1
dms,2004,0.0014886413318026663,mol mol-1
