variable,year,value,unit
clt,2000,0.05143344831874624,%
clt,2001,0.0017671745059891543,%
clt,2002,-0.07504499331350811,%
clt,2003,-0.02740115615239988,%
clt,2004,-0.026580525588693674,%
