variable,year,value,unit
cl,2000,-0.2598771757435595,%
cl,2001,0.11612561095291143,%
cl,2002,0.10560821675452668,%
cl,2003,-0.12378507126048807,%
cl,2004,0.05243473831620361,%
