variable,year,value,unit
drybc,2000,0.12001779851841339,kg m-2 s-1
drybc,2001,0.042017997710608615,kg m-2 s-1
drybc,2002,0.01659746285689704,kg m-2 s-1
drybc,2003,-0.0023838226165368436,kg m-2 s-1
drybc,2004,0.11852686511799454,kg m-2 s-1
