variable,year,value,unit
mmrbc,2000,0.0,kg kg-1
mmrbc,2001,0.02574256690804946,kg kg-1
mmrbc,2002,0.023813385059902218,kg kg-1
mmrbc,2003,0.014924835800007462,kg kg-1
mmrbc,2004,-0.01955172032022016,kg kg-1
