variable,year,value,unit
loadbc,2000,0.04439318814017688,kg m-2
loadbc,2001,-0.08763783817644283,kg m-2
loadbc,2002,0.015406157182171424,kg m-2
loadbc,2003,0.09581649826353625,kg m-2
loadbc,2004,-0.22077807071065775,kg m-2
