variable,year,value,unit
clivi,2000,-0.3344609473651562,kg m-2
clivi,2001,0.15503090501815128,kg m-2
clivi,2002,-0.1907661877353141,kg m-2
clivi,2003,-0.33295591681982795,kg m-2
clivi,2004,-0.17987354400927738,kg m-2
