variable,year,value,unit
wetbc,2001,-0.027707527515017635,kg m-2 s-1
wetbc,2002,0.1254336807910791,kg m-2 s-1
wetbc,2003,-0.4357366591729206,kg m-2 s-1
wetbc,2004,0.11671630458112943,kg m-2 s-1
