variable,year,value,unit
mmrso4,2001,0.12841546816956312,kg kg-1
mmrso4,2002,-0.08527372484023531,kg kg-1
mmrso4,2003,-0.39839747863397573,kg kg-1
mmrso4,2004,-0.001230323564057028,kg kg-1
