variable,year,value,unit
mmrbc,2000,-0.3417522316773065,kg kg-1
mmrbc,2001,0.4126407980901056,kg kg-1
mmrbc,2002,0.3624638475549658,kg kg-1
mmrbc,2003,-0.07659661229781871,kg kg-1
mmrbc,2004,0.18797199028971845,kg kg-1
