variable,year,value,unit
cltc,2001,-0.008056814415881072,%
cltc,2002,0.003928754678208575,%
cltc,2003,-0.04371121227324825,%
cltc,2004,-0.07688437261096155,%
