variable,year,value,unit
emiso2,2000,0.005971090591576164,kg m-2 s-1
emiso2,2001,0.0047164421679296315,kg m-2 s-1
emiso2,2002,0.003512030885782946,kg m-2 s-1
emiso2,2003,0.007872086741087558,kg m-2 s-1
emiso2,2004,0.00748847488103668,kg m-2 s-1
