variable,year,value,unit
dryso2,2001,-1.9325744630080526,kg m-2 s-1
dryso2,2002,-1.2743667225980935,kg m-2 s-1
dryso2,2003,-1.7394176423976833,kg m-2 s-1
dryso2,2004,-1.8784924728613501,kg m-2 s-1
