variable,year,value,unit
emiso2,2000,0.0025767066785573932,kg m-2 s-1
emiso2,2001,0.0004072999917784192,kg m-2 s-1
emiso2,2002,0.009064205352865453,kg m-2 s-1
emiso2,2003,0.00943729945911306,kg m-2 s-1
emiso2,2004,0.004910170490060502,kg m-2 s-1
