variable,year,value,unit
dms,2000,-0.12287011654983622,mol mol-1
dms,2001,-0.12089282245844508,mol mol-1
dms,2002,0.06994170480152768,mol mol-1
dms,2003,-0.2246415055024166,mol mol-1
dms,2004,-0.10752271030013028,mol mol-1
