variable,year,value,unit
rlut,2000,0.0034896037675862302,W m-2
rlut,2001,0.028806061797224003,W m-2
rlut,2002,-0.008868643293151917,W m-2
rlut,2003,0.008157272794599511,W m-2
rlut,2004,0.021414973785717526,W m-2
