variable,year,value,unit
drybc,2000,1.4985842e-15,kg m-2 s-1
drybc,2001,1.6538827e-15,kg m-2 s-1
drybc,2002,6.9406557e-16,kg m-2 s-1
drybc,2003,6.289999e-16,kg m-2 s-1
drybc,2004,1.1294812e-15,kg m-2 s-1
