variable,year,value,unit
clt,2000,-0.00522995,%
clt,2001,-0.010486603,%
clt,2002,-0.003917694,%
clt,2003,0.014152527,%
clt,2004,-0.008636475,%
