variable,year,value,unit
clt,2000,-0.0018577576,%
clt,2001,0.00076293945,%
clt,2002,0.0017280579,%
clt,2003,0.00023269653,%
clt,2004,0.0004234314,%
