variable,year,value,unit
mmrbc,2000,-3.098216e-14,kg kg-1
mmrbc,2001,-2.139261e-14,kg kg-1
mmrbc,2002,-5.7877314e-14,kg kg-1
mmrbc,2003,8.5348395e-15,kg kg-1
mmrbc,2004,-1.4868662e-13,kg kg-1
