variable,year,value,unit
emiso2,2000,-1.3587742e-13,kg m-2 s-1
emiso2,2001,-1.3154235e-13,kg m-2 s-1
emiso2,2002,-1.3720665e-13,kg m-2 s-1
emiso2,2003,-1.4125723e-13,kg m-2 s-1
emiso2,2004,-1.4353753e-13,kg m-2 s-1
