variable,year,value,unit
rsut,2000,-0.0063095093,W m-2
rsut,2001,0.0023269653,W m-2
rsut,2002,-0.00032043457,W m-2
rsut,2003,-0.0031280518,W m-2
rsut,2004,-0.0019454956,W m-2
