variable,year,value,unit
clivi,2000,0.000104486721119193,kg m-2
clivi,2001,-1.0007351913077916e-05,kg m-2
clivi,2002,1.2046433492314892e-05,kg m-2
clivi,2003,-1.672121504465128e-05,kg m-2
clivi,2004,-2.2601812748374375e-05,kg m-2
