variable,year,value,unit
dryso2,2000,-1.7248025061257312e-13,kg m-2 s-1
dryso2,2001,-1.6801782199204563e-13,kg m-2 s-1
dryso2,2002,-1.7911855464072408e-13,kg m-2 s-1
dryso2,2003,-1.8106472179257924e-13,kg m-2 s-1
dryso2,2004,-1.83795105459815e-13,kg m-2 s-1
