variable,year,value,unit
drybc,2000,-9.214307835051255e-17,kg m-2 s-1
drybc,2001,-1.042232162087165e-16,kg m-2 s-1
drybc,2002,7.505282692258477e-17,kg m-2 s-1
drybc,2003,5.226669071851755e-17,kg m-2 s-1
drybc,2004,3.206384098231649e-17,kg m-2 s-1
