variable,year,value,unit
drybc,2000,0.07425810454409015,kg m-2 s-1
drybc,2001,-0.03354710104395997,kg m-2 s-1
drybc,2002,0.0017826635875622721,kg m-2 s-1
drybc,2003,0.04229652293439607,kg m-2 s-1
drybc,2004,-0.007457273850367248,kg m-2 s-1
