variable,year,value,unit
wetbc,2000,-0.04592346643046355,kg m-2 s-1
wetbc,2001,0.023987905078407406,kg m-2 s-1
wetbc,2002,-0.000481458691365794,kg m-2 s-1
wetbc,2003,-0.02598820027982971,kg m-2 s-1
wetbc,2004,0.009820771233967065,kg m-2 s-1
