variable,year,value,unit
dryso4,2000,-0.41865290636875746,kg m-2 s-1
dryso4,2001,-0.3519283276244546,kg m-2 s-1
dryso4,2002,-0.3119664007757121,kg m-2 s-1
dryso4,2003,-0.3961625127668613,kg m-2 s-1
dryso4,2004,-0.3888554913193041,kg m-2 s-1
