variable,year,value,unit
rsut,2000,0.08009023559463155,W m-2
rsut,2001,0.07585426587214568,W m-2
rsut,2002,0.14049839835179,W m-2
rsut,2003,0.17302257942245913,W m-2
rsut,2004,0.14241268981109773,W m-2
