variable,year,value,unit
emibc,2000,119.45822341750261,kg m-2 s-1
emibc,2001,139.65754487934709,kg m-2 s-1
emibc,2002,183.92736197181023,kg m-2 s-1
emibc,2003,154.43095688375786,kg m-2 s-1
emibc,2004,168.0514079649714,kg m-2 s-1
