variable,year,value,unit
dryso4,2000,16.77295822722133,kg m-2 s-1
dryso4,2001,16.093368092936196,kg m-2 s-1
dryso4,2002,15.62237177316878,kg m-2 s-1
dryso4,2003,16.346190407377765,kg m-2 s-1
dryso4,2004,15.642592661730212,kg m-2 s-1
