variable,year,value,unit
loadbc,2000,-7.150470358793798,kg m-2
loadbc,2001,-7.402236157737821,kg m-2
loadbc,2002,-8.550667474653032,kg m-2
loadbc,2003,-8.604051931399551,kg m-2
loadbc,2004,-7.933160056339536,kg m-2
