variable,year,value,unit
loadbc,2000,49.39513868020812,kg m-2
loadbc,2001,60.34860424548213,kg m-2
loadbc,2002,60.09589775371117,kg m-2
loadbc,2003,49.70054191675335,kg m-2
loadbc,2004,70.70155729166446,kg m-2
