variable,year,value,unit
cltc,2000,-0.3023809733540965,%
cltc,2001,-0.3002403715586936,%
cltc,2002,-0.28625224437170543,%
cltc,2003,-0.23219336576556548,%
cltc,2004,-0.3083661495813961,%
