variable,year,value,unit
emibc,2000,-3.8713025215962713e-07,kg m-2 s-1
emibc,2001,-3.035684927042099e-07,kg m-2 s-1
emibc,2002,-5.5335853802729165e-05,kg m-2 s-1
emibc,2003,2.6922580329951128e-06,kg m-2 s-1
emibc,2004,-2.0441235618044464e-05,kg m-2 s-1
