variable,year,value,unit
clt,2000,-0.027281233255006455,%
clt,2001,0.009750901655660511,%
clt,2002,0.05827716075219099,%
clt,2003,0.06288614250909294,%
clt,2004,0.023836117229789067,%
