variable,year,value,unit
loadso2,2000,1.6691414489886678,kg m-2
loadso2,2001,0.42890657819252404,kg m-2
loadso2,2002,-0.32128607343327703,kg m-2
loadso2,2003,-4.713064124953346,kg m-2
loadso2,2004,-10.59322361181685,kg m-2
