variable,year,value,unit
clivi,2000,-0.11882976517880008,kg m-2
clivi,2001,-0.1753671062879046,kg m-2
clivi,2002,0.2673152786022745,kg m-2
clivi,2003,0.013647759641026302,kg m-2
clivi,2004,-0.34776053433125637,kg m-2
