variable,year,value,unit
loadso4,2000,-1.1513247561072584,kg m-2
loadso4,2001,-1.4244864978631482,kg m-2
loadso4,2002,-1.2987492595119299,kg m-2
loadso4,2003,-4.342340249718051,kg m-2
loadso4,2004,-6.455277726949271,kg m-2
