variable,year,value,unit
wetbc,2000,1.8607247076063502,kg m-2 s-1
wetbc,2001,0.37321955853110306,kg m-2 s-1
wetbc,2002,0.1861905007677346,kg m-2 s-1
wetbc,2003,1.3287584413371494,kg m-2 s-1
wetbc,2004,0.5206538199943677,kg m-2 s-1
