variable,year,value,unit
drybc,2000,-0.005020761176576216,kg m-2 s-1
drybc,2001,0.04872690792650295,kg m-2 s-1
drybc,2002,0.12804960303619833,kg m-2 s-1
drybc,2003,-0.06041286187493586,kg m-2 s-1
drybc,2004,0.016128070995833386,kg m-2 s-1
