variable,year,value,unit
rsut,2000,0.08337840672626501,W m-2
rsut,2001,0.08774606506848837,W m-2
rsut,2002,0.10941639288042833,W m-2
rsut,2003,0.10176127357683587,W m-2
rsut,2004,-0.21408212310510688,W m-2
