variable,year,value,unit
dryso4,2000,1.0858256145180398,kg m-2 s-1
dryso4,2001,0.46940657577793654,kg m-2 s-1
dryso4,2002,0.5931852615658266,kg m-2 s-1
dryso4,2003,-1.6728421138414793,kg m-2 s-1
dryso4,2004,-3.3795420118829784,kg m-2 s-1
