variable,year,value,unit
rlutcs,2000,0.02893293851484232,W m-2
rlutcs,2001,0.031847413288919754,W m-2
rlutcs,2002,0.01857379236134025,W m-2
rlutcs,2003,0.014637063252878555,W m-2
rlutcs,2004,0.006515435572494195,W m-2
