variable,year,value,unit
rsut,2000,0.07113198697777655,W m-2
rsut,2001,0.10230276253434957,W m-2
rsut,2002,0.19126929139516083,W m-2
rsut,2003,0.04974993091135943,W m-2
rsut,2004,0.37472310701547756,W m-2
