variable,year,value,unit
mmrso4,2000,3.8838659388614354,kg kg-1
mmrso4,2001,3.0082548896008072,kg kg-1
mmrso4,2002,2.8686746110876102,kg kg-1
mmrso4,2003,-0.20869841507336717,kg kg-1
mmrso4,2004,-4.425056739612997,kg kg-1
