variable,year,value,unit
od550aer,2000,0.4578536787493639,1
od550aer,2001,0.18078175078421305,1
od550aer,2002,0.09241187536022345,1
od550aer,2003,-0.7466335835896007,1
od550aer,2004,-1.8200563692737415,1
