variable,year,value,unit
mmrbc,2000,0.28365089613970357,kg kg-1
mmrbc,2001,0.36770415882982893,kg kg-1
mmrbc,2002,0.3639026664646334,kg kg-1
mmrbc,2003,0.5180616317369326,kg kg-1
mmrbc,2004,0.438498504748792,kg kg-1
