variable,year,value,unit
loadbc,2000,-0.09635927275049819,kg m-2
loadbc,2001,-0.03166706478695434,kg m-2
loadbc,2002,0.15801184589105224,kg m-2
loadbc,2003,-0.11028879481157206,kg m-2
loadbc,2004,0.03394084866723372,kg m-2
