variable,year,value,unit
emiso2,2000,-11.065027030986329,kg m-2 s-1
emiso2,2001,-11.500901722291147,kg m-2 s-1
emiso2,2002,-10.891067079985502,kg m-2 s-1
emiso2,2003,-11.076552119835888,kg m-2 s-1
emiso2,2004,-11.505783074108232,kg m-2 s-1
