variable,year,value,unit
dryso4,2000,-3.1302519503081645,kg m-2 s-1
dryso4,2001,-2.879071687079678,kg m-2 s-1
dryso4,2002,-2.9117941888083334,kg m-2 s-1
dryso4,2003,-3.112052755842203,kg m-2 s-1
dryso4,2004,-3.4009985587841145,kg m-2 s-1
