variable,year,value,unit
loadso4,2000,-2.3852439577234743,kg m-2
loadso4,2001,-2.401803208706093,kg m-2
loadso4,2002,-2.3524140471049684,kg m-2
loadso4,2003,-2.2280752681271805,kg m-2
loadso4,2004,-2.524295770567107,kg m-2
