variable,year,value,unit
mmrso4,2000,-2.565118165818833,kg kg-1
mmrso4,2001,-2.744756611935618,kg kg-1
mmrso4,2002,-2.4932463350772682,kg kg-1
mmrso4,2003,-2.5906883766252764,kg kg-1
mmrso4,2004,-2.747725006105808,kg kg-1
