variable,year,value,unit
dryso2,2000,-66.7191830301399,kg m-2 s-1
dryso2,2001,-67.08146534725677,kg m-2 s-1
dryso2,2002,-66.25225691940074,kg m-2 s-1
dryso2,2003,-66.87498365134348,kg m-2 s-1
dryso2,2004,-66.85353997743061,kg m-2 s-1
