variable,year,value,unit
wetso4,2000,-1.7034615728446743,kg m-2 s-1
wetso4,2001,-1.5899016199680636,kg m-2 s-1
wetso4,2002,-1.6234164445054342,kg m-2 s-1
wetso4,2003,-1.711856735265591,kg m-2 s-1
wetso4,2004,-1.9241161896877228,kg m-2 s-1
