variable,year,value,unit
rlut,2000,-66.60774557464431,W m-2
rlut,2001,-66.56409004708283,W m-2
rlut,2002,-66.69221865358207,W m-2
rlut,2003,-66.67491215448871,W m-2
rlut,2004,-66.68283989404112,W m-2
