variable,year,value,unit
clt,2000,-49.33737089681203,%
clt,2001,-48.93585721100808,%
clt,2002,-48.9478456281879,%
clt,2003,-49.47626818851132,%
clt,2004,-49.4686415449944,%
