variable,year,value,unit
drybc,2000,-1.5373095752217167e-14,kg m-2 s-1
drybc,2001,-2.0082202724961704e-14,kg m-2 s-1
drybc,2002,-1.7755596329601052e-14,kg m-2 s-1
drybc,2003,-2.0128298982937105e-14,kg m-2 s-1
drybc,2004,-1.944700393491918e-14,kg m-2 s-1
