variable,year,value,unit
rsut,2000,-0.04325396094728262,W m-2
rsut,2001,-0.0066361353289607905,W m-2
rsut,2002,-0.061284105520670096,W m-2
rsut,2003,-0.04727278017678316,W m-2
rsut,2004,-0.047135548192770216,W m-2
