variable,year,value,unit
emiso2,2000,-8.115817376410026e-14,kg m-2 s-1
emiso2,2001,-8.578123669211553e-14,kg m-2 s-1
emiso2,2002,-8.022240489481745e-14,kg m-2 s-1
emiso2,2003,-8.208567512776309e-14,kg m-2 s-1
emiso2,2004,-8.832317665829557e-14,kg m-2 s-1
