variable,year,value,unit
loadbc,2000,-4.5824489825759054e-11,kg m-2
loadbc,2001,-2.1770191504292295e-11,kg m-2
loadbc,2002,-6.713003318128316e-12,kg m-2
loadbc,2003,-1.3215920448962725e-11,kg m-2
loadbc,2004,4.706314822679258e-12,kg m-2
