variable,year,value,unit
so2,2000,-1.0985447815672767e-12,mol mol-1
so2,2001,-1.1942385750265469e-12,mol mol-1
so2,2002,-1.0231854106407968e-12,mol mol-1
so2,2003,-1.0978420852585232e-12,mol mol-1
so2,2004,-1.2796744858269554e-12,mol mol-1
