variable,year,value,unit
rlutcs,2000,0.007296310794004057,W m-2
rlutcs,2001,-0.004805549632862949,W m-2
rlutcs,2002,0.003160153865621851,W m-2
rlutcs,2003,0.004982052658704106,W m-2
rlutcs,2004,0.002753510284208005,W m-2
