variable,year,value,unit
cl,2000,0.24303708791152448,%
cl,2001,-0.03897811543761191,%
cl,2002,-0.20645204026951736,%
cl,2003,0.0056535662361131885,%
cl,2004,0.07993988460924668,%
