variable,year,value,unit
mmrbc,2001,-2.9625465825328154,kg kg-1
mmrbc,2002,-1.8316101299110599,kg kg-1
mmrbc,2003,-5.504262668836271,kg kg-1
mmrbc,2004,-2.5003143138926176,kg kg-1
mmrbc,2005,0.8392567292944769,kg kg-1
