variable,year,value,unit
cltc,2001,-62.34793328133977,%
cltc,2002,84.06706263926665,%
cltc,2003,-76.42656203672836,%
cltc,2004,2.7093415725776104,%
cltc,2005,-71.7813912866388,%
