variable,year,value,unit
mmrbc,2000,-0.12602066522959515,kg kg-1
mmrbc,2001,-0.3252327561168507,kg kg-1
mmrbc,2002,0.042016584462484664,kg kg-1
mmrbc,2003,0.2549408873883057,kg kg-1
mmrbc,2004,0.051863118509618486,kg kg-1
