variable,year,value,unit
dryso4,2000,-0.23164340270486602,kg m-2 s-1
dryso4,2001,-0.41026561612064044,kg m-2 s-1
dryso4,2002,-0.17672778943695788,kg m-2 s-1
dryso4,2003,-0.32733651023925403,kg m-2 s-1
dryso4,2004,-0.250340762715734,kg m-2 s-1
