variable,year,value,unit
rsutcs,2001,-0.21550043446034003,W m-2
rsutcs,2002,0.206247430926825,W m-2
rsutcs,2003,1.3598349298795487,W m-2
rsutcs,2004,0.893525541593276,W m-2
rsutcs,2005,1.3724376217248986,W m-2
