variable,year,value,unit
dms,2000,-0.009671242442561958,mol mol-1
dms,2001,0.08541761628831156,mol mol-1
dms,2002,-0.05848587655501609,mol mol-1
dms,2003,-0.08922218555721499,mol mol-1
dms,2004,0.03750628307359992,mol mol-1
