variable,year,value,unit
loadso4,2000,-3.218588524809873e-09,kg m-2
loadso4,2001,-4.855345879142967e-09,kg m-2
loadso4,2002,-4.795895348856212e-09,kg m-2
loadso4,2003,-1.3398991009060705e-09,kg m-2
loadso4,2004,-4.917888753888581e-09,kg m-2
loadso4,2005,-3.576814664627598e-09,kg m-2
loadso4,2006,-7.707411402102038e-09,kg m-2
loadso4,2007,-5.747415088489904e-09,kg m-2
loadso4,2008,-4.9012434127008225e-09,kg m-2
loadso4,2009,-2.2347538666611595e-09,kg m-2
