variable,year,value,unit
clivi,2000,0.9534548973609012,kg m-2
clivi,2001,-1.129215891003849,kg m-2
clivi,2002,0.750144155640853,kg m-2
clivi,2003,-0.25539243119310134,kg m-2
clivi,2004,-1.015056243141111,kg m-2
