variable,year,value,unit
mmrbc,2000,-0.0963190506788507,kg kg-1
mmrbc,2001,-0.15913808870640261,kg kg-1
mmrbc,2002,-0.08564117055339975,kg kg-1
mmrbc,2003,-0.008320327912767801,kg kg-1
mmrbc,2004,-0.13038033444411729,kg kg-1
