variable,year,value,unit
emiso2,2000,-2.4639537435094917e-17,kg m-2 s-1
emiso2,2001,-2.385043396148168e-17,kg m-2 s-1
emiso2,2002,-2.4887929586666738e-17,kg m-2 s-1
emiso2,2003,-2.561059567537846e-17,kg m-2 s-1
emiso2,2004,-2.6059054114302914e-17,kg m-2 s-1
emiso2,2005,-2.8924755402870886e-17,kg m-2 s-1
emiso2,2006,-3.172077899137853e-17,kg m-2 s-1
emiso2,2007,-3.4012285068795295e-17,kg m-2 s-1
emiso2,2008,-3.246352857421033e-17,kg m-2 s-1
emiso2,2009,-3.2403359297721786e-17,kg m-2 s-1
