variable,year,value,unit
rlut,2001,0.056059402782679936,W m-2
rlut,2002,-0.6250836377468125,W m-2
rlut,2003,-0.7022038219471729,W m-2
rlut,2004,0.10995281927020212,W m-2
rlut,2005,-1.2676454200271716,W m-2
