variable,year,value,unit
rsut,2000,-0.07642179436161825,W m-2
rsut,2001,-0.042828448054545186,W m-2
rsut,2002,-0.015942694139376858,W m-2
rsut,2003,0.02794530213108232,W m-2
rsut,2004,-0.019028074146576066,W m-2
