variable,year,value,unit
dryso2,2000,0.14297892557356,kg m-2 s-1
dryso2,2001,-0.1033899353376678,kg m-2 s-1
dryso2,2002,-0.2957755744972369,kg m-2 s-1
dryso2,2003,-0.04833818354506276,kg m-2 s-1
dryso2,2004,-0.05716180211175465,kg m-2 s-1
