variable,year,value,unit
mmrso4,2000,-0.35044392694656024,kg kg-1
mmrso4,2001,-0.3725409122309382,kg kg-1
mmrso4,2002,-0.24256035462617573,kg kg-1
mmrso4,2003,-0.1927776136543904,kg kg-1
mmrso4,2004,-0.1909208049637441,kg kg-1
