variable,year,value,unit
loadbc,2000,0.289401418198451,kg m-2
loadbc,2001,0.25000530648672664,kg m-2
loadbc,2002,0.001223740874292877,kg m-2
loadbc,2003,-0.15127753542658612,kg m-2
loadbc,2004,-0.04652543624041376,kg m-2
