variable,year,value,unit
wetso4,2000,-0.010985248577752167,kg m-2 s-1
wetso4,2001,-0.0005806161633309446,kg m-2 s-1
wetso4,2002,-0.07884002803847577,kg m-2 s-1
wetso4,2003,-0.16580700116703417,kg m-2 s-1
wetso4,2004,-0.054327051198283925,kg m-2 s-1
