variable,year,value,unit
dryso4,2000,-0.2208689264428805,kg m-2 s-1
dryso4,2001,-0.2891261850059859,kg m-2 s-1
dryso4,2002,-0.2666648222150587,kg m-2 s-1
dryso4,2003,-0.2257584299511414,kg m-2 s-1
dryso4,2004,-0.23328992009707464,kg m-2 s-1
