variable,year,value,unit
loadso4,2000,0.018313231243677074,kg m-2
loadso4,2001,-0.035636763122915666,kg m-2
loadso4,2002,-0.03502507457118299,kg m-2
loadso4,2003,-0.015047817516052941,kg m-2
loadso4,2004,-0.0532872621417527,kg m-2
