variable,year,value,unit
dryso4,2000,-0.1403575089045412,kg m-2 s-1
dryso4,2001,-0.06682323719665746,kg m-2 s-1
dryso4,2002,0.06340064962185062,kg m-2 s-1
dryso4,2003,0.04508910638437542,kg m-2 s-1
dryso4,2004,-0.09693940730537556,kg m-2 s-1
