variable,year,value,unit
od550aer,2000,-0.0034520119449672026,1
od550aer,2001,-0.0015636965603261002,1
od550aer,2002,-0.001352119040428804,1
od550aer,2003,-0.016313412437946696,1
od550aer,2004,0.0016034435161357014,1
