variable,year,value,unit
loadso4,2000,0.2814123451638289,kg m-2
loadso4,2001,0.17927811697533574,kg m-2
loadso4,2002,0.24552949434364224,kg m-2
loadso4,2003,0.35588056111496946,kg m-2
loadso4,2004,0.21349444081946198,kg m-2
