variable,year,value,unit
cltc,2000,-0.007415140477778242,%
cltc,2001,0.023571842280365077,%
cltc,2002,-0.01597347184312102,%
cltc,2003,0.009743231418495053,%
cltc,2004,-0.02543695540701775,%
