variable,year,value,unit
dryso4,2000,-0.25661551223552076,kg m-2 s-1
dryso4,2001,-0.23956035044313415,kg m-2 s-1
dryso4,2002,-0.38659239286048686,kg m-2 s-1
dryso4,2003,-0.2591149544972288,kg m-2 s-1
dryso4,2004,-0.30122652787631,kg m-2 s-1
