variable,year,value,unit
mmrso4,2000,0.1273059675819873,kg kg-1
mmrso4,2001,0.09928529377717608,kg kg-1
mmrso4,2002,-0.09218721980425228,kg kg-1
mmrso4,2003,0.1549570137212748,kg kg-1
mmrso4,2004,0.06222776131426128,kg kg-1
