variable,year,value,unit
rlutcs,2000,-0.0016555616401937724,W m-2
rlutcs,2001,0.005089521846011937,W m-2
rlutcs,2002,-0.00258307477864493,W m-2
rlutcs,2003,-0.003261360459873825,W m-2
rlutcs,2004,0.00114007092386588,W m-2
