variable,year,value,unit
dryso2,2000,-0.25160705108186593,kg m-2 s-1
dryso2,2001,-0.2297966309226286,kg m-2 s-1
dryso2,2002,-0.2773391416013532,kg m-2 s-1
dryso2,2003,-0.29036053026674785,kg m-2 s-1
dryso2,2004,-0.2637111018216356,kg m-2 s-1
