variable,year,value,unit
wetso4,2000,5.738756112480721e-14,kg m-2 s-1
wetso4,2001,1.871848344869942e-13,kg m-2 s-1
wetso4,2002,7.353538529445726e-14,kg m-2 s-1
wetso4,2003,1.40653929976918e-13,kg m-2 s-1
wetso4,2004,1.3202277916319847e-13,kg m-2 s-1
