variable,year,value,unit
cltc,2000,0.020436886131356913,%
cltc,2001,0.028921682790509325,%
cltc,2002,0.025238961095823978,%
cltc,2003,0.014667080474904339,%
cltc,2004,-0.02041456250002894,%
