variable,year,value,unit
clt,2000,0.07555651759097395,%
clt,2001,-0.08504712378678035,%
clt,2002,0.05081684289423658,%
clt,2003,-0.06826713594109157,%
clt,2004,-0.019219479240348645,%
