variable,year,value,unit
wetso4,2000,1.501855319266363,kg m-2 s-1
wetso4,2001,1.5022832415876024,kg m-2 s-1
wetso4,2002,1.5798281207054126,kg m-2 s-1
wetso4,2003,1.575252779688379,kg m-2 s-1
wetso4,2004,1.5224276170349202,kg m-2 s-1
