variable,year,value,unit
loadbc,2000,-0.030113405803796033,kg m-2
loadbc,2001,0.0024691413853123755,kg m-2
loadbc,2002,0.040798795658745377,kg m-2
loadbc,2003,0.21910918610283373,kg m-2
loadbc,2004,-0.10949375284658282,kg m-2
