variable,year,value,unit
dms,2000,-0.03049045941023826,mol mol-1
dms,2001,0.0011132749748827937,mol mol-1
dms,2002,0.11065700812812837,mol mol-1
dms,2003,-0.029280118972112322,mol mol-1
dms,2004,0.01346676354569083,mol mol-1
