variable,year,value,unit
mmrso4,2000,2.4129328958658167,kg kg-1
mmrso4,2001,2.5362372062449983,kg kg-1
mmrso4,2002,2.7491639943447,kg kg-1
mmrso4,2003,2.7215680707135754,kg kg-1
mmrso4,2004,2.878156315077406,kg kg-1
