variable,year,value,unit
mmrso4,2000,-1.873476105366102,kg kg-1
mmrso4,2001,-1.917225359737139,kg kg-1
mmrso4,2002,-1.9074272069795994,kg kg-1
mmrso4,2003,-1.9660440834821207,kg kg-1
mmrso4,2004,-2.066361106588381,kg kg-1
