variable,year,value,unit
emiso2,2000,1.7090940989383168,kg m-2 s-1
emiso2,2001,1.6533491486189236,kg m-2 s-1
emiso2,2002,2.0164492192888184,kg m-2 s-1
emiso2,2003,3.4270093225254428,kg m-2 s-1
emiso2,2004,1.6454251217195004,kg m-2 s-1
