variable,year,value,unit
cl,2000,-0.30582665798436953,%
cl,2001,-0.7212002242505838,%
cl,2002,-0.4607139414999525,%
cl,2003,-0.43164026352145324,%
cl,2004,-0.3894838513088629,%
