variable,year,value,unit
dryso2,2000,2.0252185763210755,kg m-2 s-1
dryso2,2001,1.99079041733547,kg m-2 s-1
dryso2,2002,2.0079492789663806,kg m-2 s-1
dryso2,2003,2.114107003633379,kg m-2 s-1
dryso2,2004,2.0229330723985663,kg m-2 s-1
