variable,year,value,unit
cltc,2001,0.016869286465294633,%
cltc,2002,-0.07593744277676677,%
cltc,2003,-0.029876756273913424,%
cltc,2004,-0.022870720174060676,%
