variable,year,value,unit
wetso2,2000,1.6016152171223461,kg m-2 s-1
wetso2,2001,1.7351308019831577,kg m-2 s-1
wetso2,2002,1.8503117531562887,kg m-2 s-1
wetso2,2003,1.8311853423379616,kg m-2 s-1
wetso2,2004,1.7845058138737788,kg m-2 s-1
