variable,year,value,unit
dryso4,2001,-3.2798985503661156,kg m-2 s-1
dryso4,2002,-3.3793903155826586,kg m-2 s-1
dryso4,2003,-3.560093997975907,kg m-2 s-1
dryso4,2004,-3.5491336133687366,kg m-2 s-1
