variable,year,value,unit
rsutcs,2000,-0.06840866927245401,W m-2
rsutcs,2001,-0.048171663905021526,W m-2
rsutcs,2002,-0.019464036244587212,W m-2
rsutcs,2003,-0.051132448285268466,W m-2
rsutcs,2004,-0.04279941310755116,W m-2
