variable,year,value,unit
dms,2000,-0.20924829998997235,mol mol-1
dms,2001,-0.05249820780953391,mol mol-1
dms,2002,0.058756179576898535,mol mol-1
dms,2003,-0.34172462923863767,mol mol-1
dms,2004,0.11066427978810962,mol mol-1
