variable,year,value,unit
emiso2,2000,1.7550160896731841,kg m-2 s-1
emiso2,2001,1.7691342126857899,kg m-2 s-1
emiso2,2002,1.7527247172964777,kg m-2 s-1
emiso2,2003,1.6314202757842795,kg m-2 s-1
emiso2,2004,1.804987748771509,kg m-2 s-1
