variable,year,value,unit
clt,2000,-0.31099871156595044,%
clt,2001,-0.02068901803365681,%
clt,2002,-0.19199978640154614,%
clt,2003,-0.12706397325902632,%
clt,2004,-0.10439622494123281,%
