variable,year,value,unit
mmrso4,2000,-3.515194749084875,kg kg-1
mmrso4,2001,-3.458122892844294,kg kg-1
mmrso4,2002,-3.4653610562862696,kg kg-1
mmrso4,2003,-3.5994357032923356,kg kg-1
mmrso4,2004,-3.520723477233962,kg kg-1
