variable,year,value,unit
loadbc,2000,0.12273410212588706,kg m-2
loadbc,2001,0.015805218931933023,kg m-2
loadbc,2002,0.31518901734290233,kg m-2
loadbc,2003,0.21604606434805596,kg m-2
loadbc,2004,0.25785880697298025,kg m-2
