variable,year,value,unit
dms,2000,-0.0493430615775966,mol mol-1
dms,2001,-0.032299375994228836,mol mol-1
dms,2002,-0.05897218809257521,mol mol-1
dms,2003,-0.1285910458136704,mol mol-1
dms,2004,0.03566775174431419,mol mol-1
