variable,year,value,unit
rlutcs,2000,0.013426610205233872,W m-2
rlutcs,2001,-0.001213898550276886,W m-2
rlutcs,2002,0.012784119805917541,W m-2
rlutcs,2003,0.004884763088251249,W m-2
rlutcs,2004,-0.0023904832462613656,W m-2
