variable,year,value,unit
emiso2,2000,2.2078376406730067,kg m-2 s-1
emiso2,2001,2.2152800607335146,kg m-2 s-1
emiso2,2002,2.2069418493275594,kg m-2 s-1
emiso2,2003,2.2120731761783747,kg m-2 s-1
emiso2,2004,2.23036597520303,kg m-2 s-1
