variable,year,value,unit
wetbc,2001,-0.07377240291149187,kg m-2 s-1
wetbc,2002,-0.10147437198763597,kg m-2 s-1
wetbc,2003,-0.07956829757355652,kg m-2 s-1
wetbc,2004,-0.09103910491472621,kg m-2 s-1
