variable,year,value,unit
emiso2,2000,2.5641011661574935,kg m-2 s-1
emiso2,2001,2.5641010182291013,kg m-2 s-1
emiso2,2002,2.5641008243622165,kg m-2 s-1
emiso2,2003,2.564102054435801,kg m-2 s-1
emiso2,2004,2.5641014540025426,kg m-2 s-1
