variable,year,value,unit
wetso4,2001,-0.7172315260745824,kg m-2 s-1
wetso4,2002,-0.5820697793167628,kg m-2 s-1
wetso4,2003,-0.8570158032494973,kg m-2 s-1
wetso4,2004,-0.6891645253895822,kg m-2 s-1
