variable,year,value,unit
clt,2000,-0.02422073271470765,%
clt,2001,0.06981652853577794,%
clt,2002,0.01460746618001874,%
clt,2003,-0.01650890888499812,%
clt,2004,0.0031589853465257434,%
