variable,year,value,unit
dms,2000,-0.04025750935190264,mol mol-1
dms,2001,-0.05146612704193728,mol mol-1
dms,2002,-0.05859802475316607,mol mol-1
dms,2003,-0.08163164981144772,mol mol-1
dms,2004,-0.08992168935456409,mol mol-1
