variable,year,value,unit
dryso4,2000,-2.0044075180524407e-14,kg m-2 s-1
dryso4,2001,-1.9165367435272107e-14,kg m-2 s-1
dryso4,2002,-1.594916442440103e-14,kg m-2 s-1
dryso4,2003,-2.092699534939216e-14,kg m-2 s-1
dryso4,2004,-1.7950924160028853e-14,kg m-2 s-1
