variable,year,value,unit
rlutcs,2000,0.06975645261024965,W m-2
rlutcs,2001,-3.792577285821608e-05,W m-2
rlutcs,2002,-4.097091675703268e-06,W m-2
rlutcs,2003,-0.00016783279050969213,W m-2
rlutcs,2004,4.6122321805341926e-05,W m-2
