variable,year,value,unit
rsutcs,2000,0.016108131143752757,W m-2
rsutcs,2001,0.010338777002417032,W m-2
rsutcs,2002,0.015296965053032352,W m-2
rsutcs,2003,0.03089840628192775,W m-2
rsutcs,2004,0.027590980548836797,W m-2
