variable,year,value,unit
rlutcs,2000,-0.008818814631752048,W m-2
rlutcs,2001,-0.004710770918677554,W m-2
rlutcs,2002,0.0026377507323331884,W m-2
rlutcs,2003,0.0036899522903581783,W m-2
rlutcs,2004,-0.006224507742047081,W m-2
