variable,year,value,unit
clt,2000,-0.06256268546606236,%
clt,2001,-0.03422827050231092,%
clt,2002,-0.03501307758924099,%
clt,2003,-0.0600859114027088,%
clt,2004,0.0353275189157074,%
