variable,year,value,unit
drybc,2000,-1.0246416086353658e-16,kg m-2 s-1
drybc,2001,-1.5632426969031546e-16,kg m-2 s-1
drybc,2002,3.585510894084601e-17,kg m-2 s-1
drybc,2003,6.050842657991579e-17,kg m-2 s-1
drybc,2004,1.6017567221142104e-16,kg m-2 s-1
