variable,year,value,unit
clt,2000,0.02979228823686242,%
clt,2001,-0.021908196371725808,%
clt,2002,-0.02497491460514567,%
clt,2003,-0.00922402409610612,%
clt,2004,-0.01368355392943954,%
