variable,year,value,unit
cl,2000,-0.006776692163748432,%
cl,2001,-0.004827598883960782,%
cl,2002,-0.008760291345069282,%
cl,2003,0.006656433942556994,%
cl,2004,-0.003942243007235113,%
