variable,year,value,unit
rlut,2000,-0.0532631685746594,W m-2
rlut,2001,-0.0688058819764592,W m-2
rlut,2002,-0.00871957830725023,W m-2
rlut,2003,-0.04699746392211068,W m-2
rlut,2004,-0.09263358964071244,W m-2
