variable,year,value,unit
dryso2,2001,-4.388163852843768e-14,kg m-2 s-1
dryso2,2002,-4.106000962029291e-14,kg m-2 s-1
dryso2,2003,-4.433826857921649e-14,kg m-2 s-1
dryso2,2004,-4.9356996198996426e-14,kg m-2 s-1
