variable,year,value,unit
clivi,2000,1.2211193482969049e-05,kg m-2
clivi,2001,-0.00012477010216044998,kg m-2
clivi,2002,0.00010239577713268277,kg m-2
clivi,2003,9.658240871893847e-05,kg m-2
clivi,2004,0.00011798037031525779,kg m-2
