variable,year,value,unit
clt,2001,0.05808091344025712,%
clt,2002,-0.038657579658938346,%
clt,2003,-0.009235696125131199,%
clt,2004,-0.01152414987791417,%
