variable,year,value,unit
so2,2000,-4.773407703764111e-13,mol mol-1
so2,2001,-6.995660643527418e-13,mol mol-1
so2,2002,-4.989256051867182e-13,mol mol-1
so2,2003,-9.515853473796273e-13,mol mol-1
so2,2004,-9.56224917897039e-13,mol mol-1
