variable,year,value,unit
od550aer,2001,-0.0002373990701767803,1
od550aer,2002,-0.00028212249796766287,1
od550aer,2003,-0.0003393053037117344,1
od550aer,2004,-0.00021493786466930676,1
