variable,year,value,unit
drybc,2001,3.6240323744603515e-16,kg m-2 s-1
drybc,2002,4.63954800327901e-16,kg m-2 s-1
drybc,2003,6.5846248291959906e-18,kg m-2 s-1
drybc,2004,2.0278400679459681e-16,kg m-2 s-1
