variable,year,value,unit
loadso2,2000,-3.7575968998384535e-09,kg m-2
loadso2,2001,-4.197104079253883e-09,kg m-2
loadso2,2002,-4.803340623259213e-09,kg m-2
loadso2,2003,-5.220178934506146e-09,kg m-2
loadso2,2004,-5.8979297366245565e-09,kg m-2
