variable,year,value,unit
cl,2000,0.005943016437734094,%
cl,2001,0.00297146738651044,%
cl,2002,0.010937730859687633,%
cl,2003,-0.017701390539131445,%
cl,2004,-0.010048725685216198,%
