variable,year,value,unit
od550aer,2001,0.0003080093122045935,1
od550aer,2002,0.0005939167732798845,1
od550aer,2003,-0.00010233516587868086,1
od550aer,2004,0.0007916033546138956,1
