variable,year,value,unit
emiso2,2001,9.698337550614021e-16,kg m-2 s-1
emiso2,2002,8.718762499959691e-16,kg m-2 s-1
emiso2,2003,9.716667681460341e-16,kg m-2 s-1
emiso2,2004,1.0924808522694753e-15,kg m-2 s-1
