variable,year,value,unit
mmrso4,2001,-3.983435444543115e-13,kg kg-1
mmrso4,2002,2.231541654152296e-12,kg kg-1
mmrso4,2003,1.1950531575038356e-12,kg kg-1
mmrso4,2004,3.5743895457754103e-12,kg kg-1
