variable,year,value,unit
wetso4,2001,-2.537670802353133e-14,kg m-2 s-1
wetso4,2002,-3.386455491606708e-14,kg m-2 s-1
wetso4,2003,-2.975881103525033e-14,kg m-2 s-1
wetso4,2004,-5.3626301469291205e-14,kg m-2 s-1
