variable,year,value,unit
rsut,2000,-0.010337985876475386,W m-2
rsut,2001,0.11125491018984235,W m-2
rsut,2002,0.02476386879227732,W m-2
rsut,2003,-0.06416479264480301,W m-2
rsut,2004,0.12410758980774972,W m-2
