variable,year,value,unit
dryso2,2000,-5.192941024578281e-14,kg m-2 s-1
dryso2,2001,-5.088746194474789e-14,kg m-2 s-1
dryso2,2002,-5.394212771402491e-14,kg m-2 s-1
dryso2,2003,-6.280899202935632e-14,kg m-2 s-1
dryso2,2004,-7.055203780790779e-14,kg m-2 s-1
