variable,year,value,unit
emiso2,2000,2.938815176791709e-16,kg m-2 s-1
emiso2,2001,5.212038824695117e-16,kg m-2 s-1
emiso2,2002,4.2964015574981267e-16,kg m-2 s-1
emiso2,2003,5.217059009423601e-16,kg m-2 s-1
emiso2,2004,3.3001713094588713e-16,kg m-2 s-1
