variable,year,value,unit
rsutcs,2000,0.00215361303435202,W m-2
rsutcs,2001,0.010968452117879224,W m-2
rsutcs,2002,0.013210488360741124,W m-2
rsutcs,2003,0.00814843966291079,W m-2
rsutcs,2004,0.009946218702907572,W m-2
