variable,year,value,unit
emiso2,2001,1.917135724874868e-15,kg m-2 s-1
emiso2,2002,2.1545836390689875e-14,kg m-2 s-1
emiso2,2003,2.8471184805079146e-14,kg m-2 s-1
emiso2,2004,1.2930296459261666e-16,kg m-2 s-1
