variable,year,value,unit
cl,2000,-0.016311948580226776,%
cl,2001,3.775287966600871e-05,%
cl,2002,-0.0014363730933877328,%
cl,2003,0.022146605416823117,%
cl,2004,0.028243346631172894,%
