variable,year,value,unit
dms,2000,-2.2781031410516275e-14,mol mol-1
dms,2001,9.270703555849302e-14,mol mol-1
dms,2002,-2.7085280232703092e-14,mol mol-1
dms,2003,-7.935024956596222e-14,mol mol-1
dms,2004,1.44103880116665e-15,mol mol-1
