variable,year,value,unit
rsut,2001,0.11399981055376429,W m-2
rsut,2002,-0.011362045861233128,W m-2
rsut,2003,-0.09796628572058808,W m-2
rsut,2004,0.07195910687282492,W m-2
