variable,year,value,unit
rsut,2000,100.53323046641835,W m-2
rsut,2001,100.73589940257614,W m-2
rsut,2002,101.32541873070365,W m-2
rsut,2003,100.95996752114998,W m-2
rsut,2004,100.64573325105295,W m-2
