variable,year,value,unit
clivi,2000,0.00853346226453054,kg m-2
clivi,2001,0.008538448660052036,kg m-2
clivi,2002,0.00805562000153656,kg m-2
clivi,2003,0.008187792290291245,kg m-2
clivi,2004,0.008114383192695527,kg m-2
