variable,year,value,unit
mmrso4,2000,4.705385190372192e-10,kg kg-1
mmrso4,2001,4.777392116976976e-10,kg kg-1
mmrso4,2002,4.786954658509739e-10,kg kg-1
mmrso4,2003,4.887152149436063e-10,kg kg-1
mmrso4,2004,4.847664258532889e-10,kg kg-1
