variable,year,value,unit
loadso4,2000,2.225984448713097e-06,kg m-2
loadso4,2001,2.2460507907684655e-06,kg m-2
loadso4,2002,2.28097597628664e-06,kg m-2
loadso4,2003,2.340990291255879e-06,kg m-2
loadso4,2004,2.353660380633645e-06,kg m-2
