variable,year,value,unit
wetso2,2000,1.5406637157639997e-12,kg m-2 s-1
wetso2,2001,1.4909316188316523e-12,kg m-2 s-1
wetso2,2002,1.5228314694710211e-12,kg m-2 s-1
wetso2,2003,1.4822596055122558e-12,kg m-2 s-1
wetso2,2004,1.5043089326499724e-12,kg m-2 s-1
