variable,year,value,unit
cltc,2000,41.6042915904868,%
cltc,2001,41.42700921924109,%
cltc,2002,41.09952996249284,%
cltc,2003,41.21711832117073,%
cltc,2004,41.38718001446082,%
