variable,year,value,unit
emiso2,2000,6.419785926721253e-12,kg m-2 s-1
emiso2,2001,6.318980873644928e-12,kg m-2 s-1
emiso2,2002,6.418643511332683e-12,kg m-2 s-1
emiso2,2003,6.2913977495500735e-12,kg m-2 s-1
emiso2,2004,6.312738244529855e-12,kg m-2 s-1
