variable,year,value,unit
emibc,2000,3.5542534979918413e-14,kg m-2 s-1
emibc,2001,3.862722548127132e-14,kg m-2 s-1
emibc,2002,3.770687752621529e-14,kg m-2 s-1
emibc,2003,4.019254373844397e-14,kg m-2 s-1
emibc,2004,4.0407055364243366e-14,kg m-2 s-1
