variable,year,value,unit
so2,2000,1.0561180694612429e-10,mol mol-1
so2,2001,1.0586455972943715e-10,mol mol-1
so2,2002,1.0476795725712664e-10,mol mol-1
so2,2003,1.0723505405175876e-10,mol mol-1
so2,2004,1.1126831691374885e-10,mol mol-1
