variable,year,value,unit
rsut,2000,97.95817456835425,W m-2
rsut,2001,98.39494358806091,W m-2
rsut,2002,98.82489811000951,W m-2
rsut,2003,98.29648015480359,W m-2
rsut,2004,98.49009660997123,W m-2
