variable,year,value,unit
clt,2000,61.652960349317205,%
clt,2001,62.404936683387234,%
clt,2002,62.866571318212145,%
clt,2003,62.278427109746275,%
clt,2004,62.522786684943945,%
