variable,year,value,unit
emiso2,2000,2.270864853320604e-12,kg m-2 s-1
emiso2,2001,2.243840991826203e-12,kg m-2 s-1
emiso2,2002,2.262591201590227e-12,kg m-2 s-1
emiso2,2003,2.320720730630844e-12,kg m-2 s-1
emiso2,2004,2.400970856766569e-12,kg m-2 s-1
