variable,year,value,unit
rsut,2000,98.17220173730206,W m-2
rsut,2001,98.60076171038494,W m-2
rsut,2002,99.05996995515906,W m-2
rsut,2003,98.56647407993526,W m-2
rsut,2004,98.760977580445,W m-2
