variable,year,value,unit
wetso4,2000,4.805614115790906e-12,kg m-2 s-1
wetso4,2001,4.8639382328421805e-12,kg m-2 s-1
wetso4,2002,4.860718904991542e-12,kg m-2 s-1
wetso4,2003,4.956940389279849e-12,kg m-2 s-1
wetso4,2004,4.973030729738831e-12,kg m-2 s-1
