variable,year,value,unit
so2,2000,1.5408030672455374e-10,mol mol-1
so2,2001,1.5017821082358417e-10,mol mol-1
so2,2002,1.513257559470492e-10,mol mol-1
so2,2003,1.5129722605058351e-10,mol mol-1
so2,2004,1.4654373662504797e-10,mol mol-1
