variable,year,value,unit
wetso4,2000,4.168479822674539e-12,kg m-2 s-1
wetso4,2001,4.2243498494084315e-12,kg m-2 s-1
wetso4,2002,4.2474407126307934e-12,kg m-2 s-1
wetso4,2003,4.275728549925114e-12,kg m-2 s-1
wetso4,2004,4.228827465279289e-12,kg m-2 s-1
