variable,year,value,unit
rsutcs,2000,39.53239223683509,W m-2
rsutcs,2001,39.41213831473117,W m-2
rsutcs,2002,39.45792053185075,W m-2
rsutcs,2003,39.43901430004619,W m-2
rsutcs,2004,39.45092535333322,W m-2
