variable,year,value,unit
wetso4,2000,4.785751437704515e-12,kg m-2 s-1
wetso4,2001,4.841362534719673e-12,kg m-2 s-1
wetso4,2002,4.834520440962634e-12,kg m-2 s-1
wetso4,2003,4.924619619666018e-12,kg m-2 s-1
wetso4,2004,4.93804903477534e-12,kg m-2 s-1
