variable,year,value,unit
mmrbc,2000,3.193597827723399e-11,kg kg-1
mmrbc,2001,3.236617131248841e-11,kg kg-1
mmrbc,2002,3.475452825474595e-11,kg kg-1
mmrbc,2003,3.575530003997417e-11,kg kg-1
mmrbc,2004,3.7269634215150284e-11,kg kg-1
