variable,year,value,unit
loadbc,2000,4.556513034368201e-09,kg m-2
loadbc,2001,4.8986321755035755e-09,kg m-2
loadbc,2002,5.114758433764071e-09,kg m-2
loadbc,2003,5.272501778910213e-09,kg m-2
loadbc,2004,5.667035272394966e-09,kg m-2
