variable,year,value,unit
mmrbc,2000,-0.03569493152899768,kg kg-1
mmrbc,2001,-0.14533313546164284,kg kg-1
mmrbc,2002,0.07917727802563554,kg kg-1
mmrbc,2003,-0.20309529083659167,kg kg-1
mmrbc,2004,-0.16625708958469315,kg kg-1
