variable,year,value,unit
wetbc,2000,-65.49402061183926,kg m-2 s-1
wetbc,2001,-63.85946698171334,kg m-2 s-1
wetbc,2002,-63.60316893196687,kg m-2 s-1
wetbc,2003,-65.57719534427989,kg m-2 s-1
wetbc,2004,-63.890907724106086,kg m-2 s-1
