variable,year,value,unit
wetso2,2000,-66.93080406985113,kg m-2 s-1
wetso2,2001,-67.58075413352411,kg m-2 s-1
wetso2,2002,-67.30149773170801,kg m-2 s-1
wetso2,2003,-66.57951577551977,kg m-2 s-1
wetso2,2004,-67.0465873107924,kg m-2 s-1
