variable,year,value,unit
rlutcs,2000,7.748167086525161e-05,W m-2
rlutcs,2001,0.0019147368859030976,W m-2
rlutcs,2002,0.007066713011259662,W m-2
rlutcs,2003,-0.004280506017293305,W m-2
rlutcs,2004,-0.0015766169737670105,W m-2
