variable,year,value,unit
mmrso4,2000,-2.0417633862502678,kg kg-1
mmrso4,2001,-2.4028898463122017,kg kg-1
mmrso4,2002,-1.9460199596582666,kg kg-1
mmrso4,2003,-2.1795597637926036,kg kg-1
mmrso4,2004,-1.9638469022229779,kg kg-1
