variable,year,value,unit
wetbc,2000,-1.2834203504411204,kg m-2 s-1
wetbc,2001,-1.7207142007067036,kg m-2 s-1
wetbc,2002,-1.7184163563731238,kg m-2 s-1
wetbc,2003,-1.3764063643627917,kg m-2 s-1
wetbc,2004,-1.6816161903842812,kg m-2 s-1
