variable,year,value,unit
mmrso4,2000,-2.961938968718047,kg kg-1
mmrso4,2001,-3.193697086000028,kg kg-1
mmrso4,2002,-2.848402052371205,kg kg-1
mmrso4,2003,-3.023245808850051,kg kg-1
mmrso4,2004,-3.1620872830852487,kg kg-1
