variable,year,value,unit
rsutcs,2000,-0.4831700816451686,W m-2
rsutcs,2001,-0.48146324642358007,W m-2
rsutcs,2002,-0.4526182293699454,W m-2
rsutcs,2003,-0.5041963405633464,W m-2
rsutcs,2004,-0.5710354514248906,W m-2
