variable,year,value,unit
clt,2000,-66.33588197335094,%
clt,2001,-66.80481721454089,%
clt,2002,-66.4518849491732,%
clt,2003,-66.65249882409097,%
clt,2004,-66.77760453725357,%
