variable,year,value,unit
wetso4,2000,-3.864437088929027e-13,kg m-2 s-1
wetso4,2001,-4.0923617715502137e-13,kg m-2 s-1
wetso4,2002,-3.800333567898566e-13,kg m-2 s-1
wetso4,2003,-3.802566727069955e-13,kg m-2 s-1
wetso4,2004,-4.1385878778585726e-13,kg m-2 s-1
