variable,year,value,unit
rsutcs,2000,-0.06867165925172003,W m-2
rsutcs,2001,-0.07488410572550919,W m-2
rsutcs,2002,-0.0691588209985241,W m-2
rsutcs,2003,-0.06938925818182895,W m-2
rsutcs,2004,-0.07304743270543668,W m-2
