variable,year,value,unit
loadbc,2000,-3.9412348843908694e-11,kg m-2
loadbc,2001,-1.4873790185233966e-11,kg m-2
loadbc,2002,-4.230923553352905e-12,kg m-2
loadbc,2003,1.5588308733704835e-12,kg m-2
loadbc,2004,2.2477591154756053e-11,kg m-2
