variable,year,value,unit
rsut,2000,-0.4631558283155499,W m-2
rsut,2001,-0.4614493545835785,W m-2
rsut,2002,-0.3605647241289063,W m-2
rsut,2003,-0.34129033810218345,W m-2
rsut,2004,-0.38193838575942607,W m-2
