variable,year,value,unit
emiso2,2000,-6.525429929448749e-13,kg m-2 s-1
emiso2,2001,-6.845032063476398e-13,kg m-2 s-1
emiso2,2002,-6.397581003105092e-13,kg m-2 s-1
emiso2,2003,-6.578878169261006e-13,kg m-2 s-1
emiso2,2004,-7.060906884320507e-13,kg m-2 s-1
