variable,year,value,unit
rsdt,2000,1.2703253560175654e-07,W m-2
rsdt,2001,1.9756305391638307e-07,W m-2
rsdt,2002,9.852294624579372e-08,W m-2
rsdt,2003,8.547402785552549e-08,W m-2
rsdt,2004,1.3174133073334815e-07,W m-2
