variable,year,value,unit
emibc,2000,2.8689924489801934e-24,kg m-2 s-1
emibc,2001,-1.3506169599823086e-23,kg m-2 s-1
emibc,2002,8.556919389338876e-24,kg m-2 s-1
emibc,2003,9.458316035855096e-24,kg m-2 s-1
emibc,2004,-9.298511749119044e-24,kg m-2 s-1
