variable,year,value,unit
wetso2,2000,-3.208824489731754e-17,kg m-2 s-1
wetso2,2001,-2.9463989022264456e-17,kg m-2 s-1
wetso2,2002,-3.4374101077775153e-17,kg m-2 s-1
wetso2,2003,-3.300546599153756e-17,kg m-2 s-1
wetso2,2004,-3.162657241505458e-17,kg m-2 s-1
