variable,year,value,unit
loadbc,2000,-1.6804270157761603e-10,kg m-2
loadbc,2001,1.8314999943453658e-10,kg m-2
loadbc,2002,2.7592514212576376e-10,kg m-2
loadbc,2003,9.778746709608075e-11,kg m-2
loadbc,2004,2.2183136676601658e-11,kg m-2
