variable,year,value,unit
mmrbc,2000,-1.0583956544863598e-13,kg kg-1
mmrbc,2001,5.898108171676961e-14,kg kg-1
mmrbc,2002,-1.1976487003194948e-13,kg kg-1
mmrbc,2003,1.0391760146452777e-14,kg kg-1
mmrbc,2004,-9.49419144560502e-14,kg kg-1
