variable,year,value,unit
rsutcs,2000,-0.06768652146294585,W m-2
rsutcs,2001,-0.021120386514652978,W m-2
rsutcs,2002,0.02050485049452533,W m-2
rsutcs,2003,0.05832830626467711,W m-2
rsutcs,2004,-0.05310186038413178,W m-2
