variable,year,value,unit
wetso4,2000,-2.4507384109410065e-14,kg m-2 s-1
wetso4,2001,-1.4914930529357467e-14,kg m-2 s-1
wetso4,2002,-8.490541552985481e-15,kg m-2 s-1
wetso4,2003,-3.6411114661174624e-14,kg m-2 s-1
wetso4,2004,-8.780586391677565e-15,kg m-2 s-1
