variable,year,value,unit
rlutcs,2000,0.004451837304230821,W m-2
rlutcs,2001,-0.0008928060716755226,W m-2
rlutcs,2002,0.00040433386772065205,W m-2
rlutcs,2003,0.006330157225704625,W m-2
rlutcs,2004,-0.0018727791750450251,W m-2
