variable,year,value,unit
rlutcs,2000,0.026109220763714802,W m-2
rlutcs,2001,0.011339856456743291,W m-2
rlutcs,2002,0.013508337449110286,W m-2
rlutcs,2003,-0.0021350508980617633,W m-2
rlutcs,2004,0.0009483511179837478,W m-2
