variable,year,value,unit
clivi,2000,5.0564601687310556e-05,kg m-2
clivi,2001,0.00010393874497389294,kg m-2
clivi,2002,-2.736827683610943e-05,kg m-2
clivi,2003,-5.17403302192701e-05,kg m-2
clivi,2004,2.2752117403788963e-05,kg m-2
