variable,year,value,unit
mmrso4,2000,-4.23879499488315e-13,kg kg-1
mmrso4,2001,-1.0807021693313313e-12,kg kg-1
mmrso4,2002,-9.072183005671229e-13,kg kg-1
mmrso4,2003,-9.89541297695195e-13,kg kg-1
mmrso4,2004,-1.0463236563023032e-12,kg kg-1
