variable,year,value,unit
rlut,2000,-0.02377354398468409,W m-2
rlut,2001,0.0030166569211772867,W m-2
rlut,2002,0.00034627462673050087,W m-2
rlut,2003,0.001034864348948379,W m-2
rlut,2004,-0.0018786989484755893,W m-2
