variable,year,value,unit
wetso4,2000,3.3539698110808702,kg m-2 s-1
wetso4,2001,3.5838405867782583,kg m-2 s-1
wetso4,2002,3.396536210103739,kg m-2 s-1
wetso4,2003,3.489923334870442,kg m-2 s-1
wetso4,2004,3.764023500756888,kg m-2 s-1
