variable,year,value,unit
drybc,2000,-0.26067824416922025,kg m-2 s-1
drybc,2001,0.0022444062861007533,kg m-2 s-1
drybc,2002,-0.006259890928457906,kg m-2 s-1
drybc,2003,0.02891147168348665,kg m-2 s-1
drybc,2004,-0.04328315241984056,kg m-2 s-1
