variable,year,value,unit
clt,2000,0.023646030028574364,%
clt,2001,-0.04841498475026961,%
clt,2002,0.012023135874016079,%
clt,2003,0.039362059364995275,%
clt,2004,0.0233552736491431,%
