variable,year,value,unit
mmrbc,2000,0.1152137752404862,kg kg-1
mmrbc,2001,-0.009506933705505994,kg kg-1
mmrbc,2002,-0.007094354289013975,kg kg-1
mmrbc,2003,0.031157545612013653,kg kg-1
mmrbc,2004,-0.05050474852498089,kg kg-1
