variable,year,value,unit
rlutcs,2000,-0.0016316283947288427,W m-2
rlutcs,2001,-0.0024421551944804765,W m-2
rlutcs,2002,-0.004057797638179386,W m-2
rlutcs,2003,-0.0021753304317584064,W m-2
rlutcs,2004,-0.00032341418570010325,W m-2
