variable,year,value,unit
mmrbc,2000,-0.19377945368615365,kg kg-1
mmrbc,2001,-0.04235010360858964,kg kg-1
mmrbc,2002,-0.03823893219537749,kg kg-1
mmrbc,2003,0.20804965346881746,kg kg-1
mmrbc,2004,0.18494474618627546,kg kg-1
