variable,year,value,unit
rlutcs,2000,-0.018705215746602905,W m-2
rlutcs,2001,-8.727734532168136e-05,W m-2
rlutcs,2002,2.412734730538176e-05,W m-2
rlutcs,2003,0.00012028731026471919,W m-2
rlutcs,2004,-0.000252134600939075,W m-2
