variable,year,value,unit
emiso2,2000,26.15732359037459,kg m-2 s-1
emiso2,2001,26.535220464051907,kg m-2 s-1
emiso2,2002,25.881578172557372,kg m-2 s-1
emiso2,2003,25.957780081739372,kg m-2 s-1
emiso2,2004,27.418265658870254,kg m-2 s-1
