variable,year,value,unit
rsutcs,2000,0.024528655828690005,W m-2
rsutcs,2001,0.04252117947808329,W m-2
rsutcs,2002,0.03357970279229833,W m-2
rsutcs,2003,0.033692615070330896,W m-2
rsutcs,2004,0.04356058132989644,W m-2
