variable,year,value,unit
loadso4,2000,-3.092789074657076e-08,kg m-2
loadso4,2001,-3.209794563604354e-08,kg m-2
loadso4,2002,-3.222067114837604e-08,kg m-2
loadso4,2003,-2.8880717359602846e-08,kg m-2
loadso4,2004,-3.9483091341197546e-08,kg m-2
