variable,year,value,unit
drybc,2000,-1.8252655482584559,kg m-2 s-1
drybc,2001,-1.998216387540986,kg m-2 s-1
drybc,2002,-2.0569017394484086,kg m-2 s-1
drybc,2003,-1.876489998937485,kg m-2 s-1
drybc,2004,-1.7507001639447475,kg m-2 s-1
