variable,year,value,unit
wetso2,2001,0.7169067085795953,kg m-2 s-1
wetso2,2002,0.7950393677417615,kg m-2 s-1
wetso2,2003,0.22797730150825266,kg m-2 s-1
wetso2,2004,0.09516310725816357,kg m-2 s-1
