variable,year,value,unit
so2,2001,-0.010758520513287828,mol mol-1
so2,2002,-0.004407830611915345,mol mol-1
so2,2003,0.0030134189198636617,mol mol-1
so2,2004,-0.11354699317817243,mol mol-1
