variable,year,value,unit
clt,2000,0.07667774212244452,%
clt,2001,0.0024238776826814,%
clt,2002,-0.3935121564945132,%
clt,2003,-0.025141607446258218,%
clt,2004,-0.009755799948594893,%
