variable,year,value,unit
clivi,2000,-0.021639880775769966,kg m-2
clivi,2001,-0.0722084789025708,kg m-2
clivi,2002,0.0908855460772348,kg m-2
clivi,2003,-0.11108660307704123,kg m-2
clivi,2004,-0.07362844996495063,kg m-2
