variable,year,value,unit
dms,2000,-0.034387204554553595,mol mol-1
dms,2001,-0.03067901020281392,mol mol-1
dms,2002,0.022907461797567755,mol mol-1
dms,2003,-0.06888007869698158,mol mol-1
dms,2004,0.0399765503697452,mol mol-1
