variable,year,value,unit
wetso4,2000,-0.0076933120699802845,kg m-2 s-1
wetso4,2001,-0.025156020493190517,kg m-2 s-1
wetso4,2002,0.03814895982865801,kg m-2 s-1
wetso4,2003,-0.01481172904590239,kg m-2 s-1
wetso4,2004,-0.1991321684675851,kg m-2 s-1
