variable,year,value,unit
emibc,2000,-0.04408077338718197,kg m-2 s-1
emibc,2001,-0.055411923021305584,kg m-2 s-1
emibc,2002,-0.05615892334466126,kg m-2 s-1
emibc,2003,-0.05556050579019694,kg m-2 s-1
emibc,2004,-0.04041671075835445,kg m-2 s-1
