variable,year,value,unit
wetso2,2001,-0.023610559230640746,kg m-2 s-1
wetso2,2002,-0.44039136511114224,kg m-2 s-1
wetso2,2003,0.24032422375651843,kg m-2 s-1
wetso2,2004,-0.45931219821962327,kg m-2 s-1
