variable,year,value,unit
dryso2,2001,0.23608110213442385,kg m-2 s-1
dryso2,2002,0.04894951979931555,kg m-2 s-1
dryso2,2003,-0.02872701865614713,kg m-2 s-1
dryso2,2004,0.057624095046845,kg m-2 s-1
