variable,year,value,unit
so2,2001,0.4187748859856396,mol mol-1
so2,2002,0.3244272823571962,mol mol-1
so2,2003,0.1123357719421838,mol mol-1
so2,2004,-0.04089595763463967,mol mol-1
