variable,year,value,unit
mmrso4,2000,-0.11538868303990626,kg kg-1
mmrso4,2001,-0.14978252531919758,kg kg-1
mmrso4,2002,-0.05731722442641308,kg kg-1
mmrso4,2003,-0.08222295731068018,kg kg-1
mmrso4,2004,-0.07739947328411607,kg kg-1
