variable,year,value,unit
wetso4,2000,-0.09974731072083427,kg m-2 s-1
wetso4,2001,-0.08491197816586424,kg m-2 s-1
wetso4,2002,-0.16053298194056626,kg m-2 s-1
wetso4,2003,0.11329324715502373,kg m-2 s-1
wetso4,2004,-0.11163700653253446,kg m-2 s-1
