variable,year,value,unit
od550aer,2000,-0.1336067428028069,1
od550aer,2001,-0.17858773676004858,1
od550aer,2002,0.15940376568267858,1
od550aer,2003,0.2827971399736109,1
od550aer,2004,-0.10984842143291573,1
