variable,year,value,unit
rsut,2000,-0.01573228577684127,W m-2
rsut,2001,-0.018663840697198498,W m-2
rsut,2002,0.002182114977969093,W m-2
rsut,2003,-0.004516965338872005,W m-2
rsut,2004,0.040179333137892084,W m-2
