variable,year,value,unit
dryso4,2001,-0.10700728500385272,kg m-2 s-1
dryso4,2002,-0.3107810071504988,kg m-2 s-1
dryso4,2003,-0.002308064896542449,kg m-2 s-1
dryso4,2004,-0.14241627599074735,kg m-2 s-1
