variable,year,value,unit
rlut,2000,-0.02197375989238292,W m-2
rlut,2001,0.006186577328918486,W m-2
rlut,2002,-0.01235219384174378,W m-2
rlut,2003,-0.003809006331974562,W m-2
rlut,2004,0.011238598234813097,W m-2
