variable,year,value,unit
wetso2,2001,-0.01773739856446979,kg m-2 s-1
wetso2,2002,0.09016810051318802,kg m-2 s-1
wetso2,2003,-0.10227144257836328,kg m-2 s-1
wetso2,2004,0.02312934117632349,kg m-2 s-1
