variable,year,value,unit
rsutcs,2001,-0.002527036300591487,W m-2
rsutcs,2002,-1.3990460301182375,W m-2
rsutcs,2003,0.00011621479184393621,W m-2
rsutcs,2004,-0.0011951267854869647,W m-2
