variable,year,value,unit
wetbc,2001,1.2210723792134912,kg m-2 s-1
wetbc,2002,0.5298739241558877,kg m-2 s-1
wetbc,2003,1.6612943246181628,kg m-2 s-1
wetbc,2004,1.1306882874539466,kg m-2 s-1
