variable,year,value,unit
rsutcs,2000,0.010101162577290492,W m-2
rsutcs,2001,-0.00415013805512669,W m-2
rsutcs,2002,-0.0070527196224505016,W m-2
rsutcs,2003,0.00632092884376913,W m-2
rsutcs,2004,0.0006204567024609665,W m-2
