variable,year,value,unit
wetso2,2001,-0.0929451442910223,kg m-2 s-1
wetso2,2002,0.20101732403155675,kg m-2 s-1
wetso2,2003,-0.07245617909637773,kg m-2 s-1
wetso2,2004,-0.08964453775088982,kg m-2 s-1
