variable,year,value,unit
drybc,2001,-2.486455636682061,kg m-2 s-1
drybc,2002,-1.927895411080673,kg m-2 s-1
drybc,2003,-2.7268325396288637,kg m-2 s-1
drybc,2004,-2.124591395601609,kg m-2 s-1
