variable,year,value,unit
drybc,2001,-2.743055521737493,kg m-2 s-1
drybc,2002,-2.1349616631321924,kg m-2 s-1
drybc,2003,-1.6145335329955632,kg m-2 s-1
drybc,2004,-2.3790130472895625,kg m-2 s-1
