variable,year,value,unit
wetso4,2001,-0.0722053181588005,kg m-2 s-1
wetso4,2002,-0.08245309348322469,kg m-2 s-1
wetso4,2003,0.1914943142330158,kg m-2 s-1
wetso4,2004,0.3267596272661854,kg m-2 s-1
