variable,year,value,unit
loadso4,2000,-0.22651137860082468,kg m-2
loadso4,2001,-0.21994342390597382,kg m-2
loadso4,2002,-0.2088642022469244,kg m-2
loadso4,2003,-0.22900276635920896,kg m-2
loadso4,2004,-0.13386413779112283,kg m-2
