variable,year,value,unit
dms,2000,0.2414338591561563,mol mol-1
dms,2001,0.3876121344517505,mol mol-1
dms,2002,1.2577544625977581,mol mol-1
dms,2003,0.746370322924428,mol mol-1
dms,2004,-0.23617598314330823,mol mol-1
