variable,year,value,unit
loadso2,2000,-0.12917978656776902,kg m-2
loadso2,2001,-0.05645433358639556,kg m-2
loadso2,2002,-0.16963758829353015,kg m-2
loadso2,2003,-0.19542740513614532,kg m-2
loadso2,2004,-0.1503386870552621,kg m-2
