variable,year,value,unit
mmrso4,2000,7.431026099839837,kg kg-1
mmrso4,2001,7.117548981076063,kg kg-1
mmrso4,2002,7.531426149659276,kg kg-1
mmrso4,2003,7.625695205512104,kg kg-1
mmrso4,2004,7.677597163719311,kg kg-1
