variable,year,value,unit
wetso2,2001,0.08453330491769903,kg m-2 s-1
wetso2,2002,-0.05030942110407199,kg m-2 s-1
wetso2,2003,-0.11404922807351917,kg m-2 s-1
wetso2,2004,0.04205986630053934,kg m-2 s-1
