variable,year,value,unit
wetso2,2000,0.0,kg m-2 s-1
wetso2,2001,-0.03771023864106062,kg m-2 s-1
wetso2,2002,-1.699801794766358,kg m-2 s-1
wetso2,2003,-0.12136053903172865,kg m-2 s-1
wetso2,2004,-0.00561229736912885,kg m-2 s-1
