variable,year,value,unit
mmrbc,2001,-1.2836810258600087,kg kg-1
mmrbc,2002,-1.387020275199829,kg kg-1
mmrbc,2003,-1.6724781695770166,kg kg-1
mmrbc,2004,-1.4415159576771668,kg kg-1
