variable,year,value,unit
wetbc,2000,0.4959658848255914,kg m-2 s-1
wetbc,2001,0.5609040208124307,kg m-2 s-1
wetbc,2002,0.6765284000767838,kg m-2 s-1
wetbc,2003,0.7014304868400936,kg m-2 s-1
wetbc,2004,0.27587053908729164,kg m-2 s-1
