variable,year,value,unit
dms,2000,-0.13353798337099723,mol mol-1
dms,2001,-0.11139259920537109,mol mol-1
dms,2002,-0.09317226568613678,mol mol-1
dms,2003,-0.20171679966562162,mol mol-1
dms,2004,-0.18009934993122578,mol mol-1
