variable,year,value,unit
wetbc,2001,9.64256714305308,kg m-2 s-1
wetbc,2002,9.08695553142899,kg m-2 s-1
wetbc,2003,9.320699035815013,kg m-2 s-1
wetbc,2004,10.93746243543898,kg m-2 s-1
