variable,year,value,unit
rlut,2000,0.03767786882963739,W m-2
rlut,2001,-0.00035930933714672356,W m-2
rlut,2002,-0.009698239674374755,W m-2
rlut,2003,0.00751344447228561,W m-2
rlut,2004,0.03638458988105415,W m-2
