variable,year,value,unit
clivi,2000,0.4431800884610557,kg m-2
clivi,2001,0.1979361941596103,kg m-2
clivi,2002,0.2474134370256525,kg m-2
clivi,2003,-0.1421407816837295,kg m-2
clivi,2004,-0.008809881547277002,kg m-2
