variable,year,value,unit
rsdt,2000,-2.190487398831275e-08,W m-2
rsdt,2001,3.484469987475207e-08,W m-2
rsdt,2002,2.7809223469448003e-08,W m-2
rsdt,2003,4.4023093012372177e-08,W m-2
rsdt,2004,3.408834389791141e-08,W m-2
