variable,year,value,unit
clt,2001,-0.08822655350508041,%
clt,2002,-0.02733547329198597,%
clt,2003,0.03921756230219533,%
clt,2004,0.10909135244727694,%
