variable,year,value,unit
mmrbc,2000,-2.6216512392906232e-15,kg kg-1
mmrbc,2001,1.115160694530016e-15,kg kg-1
mmrbc,2002,-1.5009397717005754e-15,kg kg-1
mmrbc,2003,1.1465697582536884e-14,kg kg-1
mmrbc,2004,1.2205946516279262e-14,kg kg-1
