variable,year,value,unit
wetbc,2001,0.3833246076981557,kg m-2 s-1
wetbc,2002,-1.1667126011841968,kg m-2 s-1
wetbc,2003,2.0045574221802065,kg m-2 s-1
wetbc,2004,2.6590321933311065,kg m-2 s-1
wetbc,2005,-5.036171923652528,kg m-2 s-1
