variable,year,value,unit
loadso2,2000,-0.9590272386382095,kg m-2
loadso2,2001,-0.8931840294404128,kg m-2
loadso2,2002,-0.9457476855478915,kg m-2
loadso2,2003,-0.8885820599154364,kg m-2
loadso2,2004,-1.0918338111026045,kg m-2
