variable,year,value,unit
emiso2,2000,-11.001200751273625,kg m-2 s-1
emiso2,2001,-10.541264830087737,kg m-2 s-1
emiso2,2002,-10.757556254558676,kg m-2 s-1
emiso2,2003,-11.158607868927799,kg m-2 s-1
emiso2,2004,-11.949860493828245,kg m-2 s-1
