variable,year,value,unit
srfdms,2000,-0.04154838759947155,mol mol-1
srfdms,2001,-0.07833301974102978,mol mol-1
srfdms,2002,-0.03719878419263063,mol mol-1
srfdms,2003,-0.024369718980117007,mol mol-1
srfdms,2004,-0.051017854988125874,mol mol-1
