variable,year,value,unit
rsutcs,2000,-0.0014923328863614617,W m-2
rsutcs,2001,-7.299285679097104e-05,W m-2
rsutcs,2002,-0.009863051864061601,W m-2
rsutcs,2003,-0.0030503391923491084,W m-2
rsutcs,2004,-0.012410983869448621,W m-2
