variable,year,value,unit
od550aer,2000,-0.001373095453107931,1
od550aer,2001,-0.001470882685572522,1
od550aer,2002,-0.0018612922798470488,1
od550aer,2003,-0.0012255420469247102,1
od550aer,2004,-0.0020501833354011623,1
