variable,year,value,unit
emiso2,2001,-1.2941628903352882e-12,kg m-2 s-1
emiso2,2002,-1.2125604141397281e-12,kg m-2 s-1
emiso2,2003,-1.2458484710417016e-12,kg m-2 s-1
emiso2,2004,-1.3376811797986572e-12,kg m-2 s-1
emiso2,2005,-1.495825840379026e-12,kg m-2 s-1
