variable,year,value,unit
loadbc,2000,4.617663633564916e-08,kg m-2
loadbc,2001,4.493999166043564e-08,kg m-2
loadbc,2002,4.41072395252701e-08,kg m-2
loadbc,2003,4.483571377837331e-08,kg m-2
loadbc,2004,4.995048149061026e-08,kg m-2
