variable,year,value,unit
wetbc,2001,-5.113169731564846e-15,kg m-2 s-1
wetbc,2002,2.0525967789246667e-15,kg m-2 s-1
wetbc,2003,6.2230881486506616e-15,kg m-2 s-1
wetbc,2004,-6.504239749107703e-15,kg m-2 s-1
wetbc,2005,-1.0383252589678043e-14,kg m-2 s-1
