variable,year,value,unit
wetbc,2000,-4.562040363083336e-16,kg m-2 s-1
wetbc,2001,-5.185022089277397e-16,kg m-2 s-1
wetbc,2002,1.1865656960401477e-15,kg m-2 s-1
wetbc,2003,8.900736443371596e-16,kg m-2 s-1
wetbc,2004,-8.943004844346276e-16,kg m-2 s-1
