variable,year,value,unit
loadso2,2000,-9.295105869354372e-08,kg m-2
loadso2,2001,-9.465917151067313e-08,kg m-2
loadso2,2002,-9.337667001723722e-08,kg m-2
loadso2,2003,-9.488394593685701e-08,kg m-2
loadso2,2004,-1.0090402786872256e-07,kg m-2
