variable,year,value,unit
cl,2001,0.14872319738663986,%
cl,2002,0.021277362597036387,%
cl,2003,0.003930875804732281,%
cl,2004,0.08641912152939524,%
cl,2005,-0.18307490361713707,%
