variable,year,value,unit
dms,2001,1.9683153360516855e-13,mol mol-1
dms,2002,1.1495154287344082e-12,mol mol-1
dms,2003,7.997110209757439e-13,mol mol-1
dms,2004,-1.2677948179201823e-12,mol mol-1
dms,2005,-5.746227783665813e-13,mol mol-1
