variable,year,value,unit
od550aer,2000,0.013289815230047936,1
od550aer,2001,0.011074358690104313,1
od550aer,2002,0.012121167837235686,1
od550aer,2003,0.012970202720345186,1
od550aer,2004,0.0109197201771489,1
