variable,year,value,unit
rlutcs,2000,0.0008380569597160291,W m-2
rlutcs,2001,0.00396106280253492,W m-2
rlutcs,2002,-0.00024054451093987136,W m-2
rlutcs,2003,0.005912911389069949,W m-2
rlutcs,2004,-0.0011064826078204637,W m-2
