variable,year,value,unit
clt,2000,0.043231711213166164,%
clt,2001,-0.06779878680279022,%
clt,2002,-0.04538157926881366,%
clt,2003,0.02059781654068883,%
clt,2004,-0.09326549736619344,%
