variable,year,value,unit
rsut,2000,-0.006846962466055148,W m-2
rsut,2001,-0.04664078220720698,W m-2
rsut,2002,0.0015228972988856947,W m-2
rsut,2003,-0.019428088951081543,W m-2
rsut,2004,-0.05428761471614802,W m-2
