variable,year,value,unit
od550aer,2000,4.3854117e-05,1
od550aer,2001,-7.2196126e-05,1
od550aer,2002,-4.902482e-06,1
od550aer,2003,-3.618747e-05,1
od550aer,2004,-9.909272e-06,1
