variable,year,value,unit
dryso4,2000,1.0840938e-15,kg m-2 s-1
dryso4,2001,1.1029047e-15,kg m-2 s-1
dryso4,2002,1.558649e-15,kg m-2 s-1
dryso4,2003,1.8347953e-15,kg m-2 s-1
dryso4,2004,8.1011586e-16,kg m-2 s-1
