variable,year,value,unit
drybc,2001,-3.970318525968617e-15,kg m-2 s-1
drybc,2002,-3.9618284416599355e-15,kg m-2 s-1
drybc,2003,4.160004209086034e-15,kg m-2 s-1
drybc,2004,-1.6862865537231946e-15,kg m-2 s-1
drybc,2005,8.337375834434035e-15,kg m-2 s-1
