variable,year,value,unit
loadso2,2000,-1.5799536904587493e-08,kg m-2
loadso2,2001,-1.4879737916503768e-08,kg m-2
loadso2,2002,-1.607215674279278e-08,kg m-2
loadso2,2003,-1.4612920230758987e-08,kg m-2
loadso2,2004,-1.6092343732797435e-08,kg m-2
