variable,year,value,unit
clivi,2000,6.3739767363207855e-06,kg m-2
clivi,2001,3.512607286340619e-05,kg m-2
clivi,2002,-1.4362465503400118e-05,kg m-2
clivi,2003,-2.13665208470791e-05,kg m-2
clivi,2004,-1.243144832632076e-05,kg m-2
