variable,year,value,unit
dryso2,2000,4.5453609319364e-12,kg m-2 s-1
dryso2,2001,4.615515550228147e-12,kg m-2 s-1
dryso2,2002,4.696743185670172e-12,kg m-2 s-1
dryso2,2003,5.306523172753907e-12,kg m-2 s-1
dryso2,2004,6.015620466377126e-12,kg m-2 s-1
