variable,year,value,unit
so2,2005,-9.171120811723404e-12,mol mol-1
so2,2006,-7.202235124001679e-12,mol mol-1
so2,2007,-8.31687170029161e-12,mol mol-1
so2,2008,-8.695739545008092e-12,mol mol-1
so2,2009,-9.286416786713774e-12,mol mol-1
