variable,year,value,unit
loadso2,2000,-5.8470896263216165e-09,kg m-2
loadso2,2001,-4.117897730544855e-09,kg m-2
loadso2,2002,-7.188935305165538e-09,kg m-2
loadso2,2003,-6.639621401222262e-09,kg m-2
loadso2,2004,-9.560198622632444e-09,kg m-2
