variable,year,value,unit
cltc,2001,-0.11075555867128895,%
cltc,2002,0.14373873330449438,%
cltc,2003,0.1183334978031656,%
cltc,2004,0.201012309983426,%
cltc,2005,-0.10150324086564488,%
