variable,year,value,unit
mmrso4,2005,-1.5149625778003256e-11,kg kg-1
mmrso4,2006,-2.2005329552419694e-11,kg kg-1
mmrso4,2007,-2.605505357510344e-11,kg kg-1
mmrso4,2008,-2.637970254337935e-11,kg kg-1
mmrso4,2009,-2.0097705226053133e-11,kg kg-1
