variable,year,value,unit
od550aer,2000,0.0732276949687683,1
od550aer,2001,0.06994630327981297,1
od550aer,2002,0.07803627426393275,1
od550aer,2003,0.0844663432934201,1
od550aer,2004,0.0798586455701219,1
