variable,year,value,unit
loadbc,2000,-1.0583086820402606e-11,kg m-2
loadbc,2001,1.3436867413696381e-11,kg m-2
loadbc,2002,1.4834305654729674e-10,kg m-2
loadbc,2003,-7.01087101528081e-11,kg m-2
loadbc,2004,-9.507097398909189e-11,kg m-2
