variable,year,value,unit
dryso2,2000,-3.418882449534188e-14,kg m-2 s-1
dryso2,2001,-3.367171443610829e-14,kg m-2 s-1
dryso2,2002,-3.3749884498682855e-14,kg m-2 s-1
dryso2,2003,-3.182248508390033e-14,kg m-2 s-1
dryso2,2004,-3.461566702661184e-14,kg m-2 s-1
