variable,year,value,unit
rlut,2000,-0.04053911256184506,W m-2
rlut,2001,-0.10670562436618525,W m-2
rlut,2002,0.09184828076411122,W m-2
rlut,2003,-0.048803552319981236,W m-2
rlut,2004,-0.07264402284792482,W m-2
