variable,year,value,unit
drybc,2001,-0.016298195312255643,kg m-2 s-1
drybc,2002,-0.027876910039724336,kg m-2 s-1
drybc,2003,0.014966954284945475,kg m-2 s-1
drybc,2004,0.02423011084913441,kg m-2 s-1
