variable,year,value,unit
rsutcs,2001,0.11849558913033054,W m-2
rsutcs,2002,0.08567574327086416,W m-2
rsutcs,2003,0.10492775792253352,W m-2
rsutcs,2004,0.1046205022947779,W m-2
