variable,year,value,unit
emibc,2001,6.4645446791374596e-06,kg m-2 s-1
emibc,2002,-3.5650334547382066e-07,kg m-2 s-1
emibc,2003,1.2592836458351614e-05,kg m-2 s-1
emibc,2004,-1.336581283596541e-06,kg m-2 s-1
