variable,year,value,unit
wetso2,2001,1.156286114107673,kg m-2 s-1
wetso2,2002,1.5579342585076472,kg m-2 s-1
wetso2,2003,2.315285697766038,kg m-2 s-1
wetso2,2004,1.7599363566924116,kg m-2 s-1
