variable,year,value,unit
dryso2,2001,0.324958485276081,kg m-2 s-1
dryso2,2002,0.3275603932489795,kg m-2 s-1
dryso2,2003,0.3456408977027898,kg m-2 s-1
dryso2,2004,0.4475257151624015,kg m-2 s-1
