variable,year,value,unit
loadso2,2000,3.677995693565729e-06,kg m-2
loadso2,2001,3.624572483316764e-06,kg m-2
loadso2,2002,3.5952568809299274e-06,kg m-2
loadso2,2003,3.7288542794667095e-06,kg m-2
loadso2,2004,3.668204307578665e-06,kg m-2
