variable,year,value,unit
drybc,2000,-1.1636091490060139,kg m-2 s-1
drybc,2001,-0.9510696792830968,kg m-2 s-1
drybc,2002,-1.0452459427888021,kg m-2 s-1
drybc,2003,-1.0843218678959743,kg m-2 s-1
drybc,2004,-0.8802333594926336,kg m-2 s-1
