variable,year,value,unit
rlutcs,2000,0.0026000759310042362,W m-2
rlutcs,2001,0.0015039118042714447,W m-2
rlutcs,2002,-0.0014571740645909716,W m-2
rlutcs,2003,0.0033889122999682855,W m-2
rlutcs,2004,0.008910150432550992,W m-2
