variable,year,value,unit
rsutcs,2000,-0.030526428220962992,W m-2
rsutcs,2001,-0.04277678369050971,W m-2
rsutcs,2002,-0.04153577259010388,W m-2
rsutcs,2003,-0.03376115689743301,W m-2
rsutcs,2004,-0.03401915338268208,W m-2
