variable,year,value,unit
wetbc,2000,0.05207048293685348,kg m-2 s-1
wetbc,2001,-0.007086877681694267,kg m-2 s-1
wetbc,2002,-0.14068537675457704,kg m-2 s-1
wetbc,2003,0.06296900780983361,kg m-2 s-1
wetbc,2004,-0.055068737177016866,kg m-2 s-1
