variable,year,value,unit
wetbc,2000,-0.6142386492372479,kg m-2 s-1
wetbc,2001,-0.6126036138967381,kg m-2 s-1
wetbc,2002,-0.6241072241170089,kg m-2 s-1
wetbc,2003,-0.7631124019422648,kg m-2 s-1
wetbc,2004,-0.5391928226336099,kg m-2 s-1
