variable,year,value,unit
wetso4,2000,-0.7664936934506441,kg m-2 s-1
wetso4,2001,-0.8160929953432773,kg m-2 s-1
wetso4,2002,-0.7092335920177338,kg m-2 s-1
wetso4,2003,-0.7379969042260804,kg m-2 s-1
wetso4,2004,-0.7924244980197457,kg m-2 s-1
