variable,year,value,unit
emibc,2000,3.260417025997445e-23,kg m-2 s-1
emibc,2001,-1.3911473395606796e-21,kg m-2 s-1
emibc,2002,-2.9351656989158597e-21,kg m-2 s-1
emibc,2003,1.2034273479816461e-21,kg m-2 s-1
emibc,2004,6.7609788994356535e-22,kg m-2 s-1
