variable,year,value,unit
wetso4,2000,-2.4049935771403e-13,kg m-2 s-1
wetso4,2001,-2.519833779209236e-13,kg m-2 s-1
wetso4,2002,-2.323929238159237e-13,kg m-2 s-1
wetso4,2003,-2.353910362511306e-13,kg m-2 s-1
wetso4,2004,-2.5148166503731534e-13,kg m-2 s-1
