variable,year,value,unit
wetso4,2000,-1.8120094063586938e-13,kg m-2 s-1
wetso4,2001,-1.8932088576216538e-13,kg m-2 s-1
wetso4,2002,-1.826669987799857e-13,kg m-2 s-1
wetso4,2003,-1.833888582227531e-13,kg m-2 s-1
wetso4,2004,-1.99655675797629e-13,kg m-2 s-1
