variable,year,value,unit
emibc,2000,-2.0765791453307903e-23,kg m-2 s-1
emibc,2001,-3.478090886563062e-23,kg m-2 s-1
emibc,2002,3.4973346750293854e-23,kg m-2 s-1
emibc,2003,1.384648419433543e-23,kg m-2 s-1
emibc,2004,-1.6777802965715326e-23,kg m-2 s-1
