variable,year,value,unit
loadbc,2000,-5.6422650866369653e-11,kg m-2
loadbc,2001,-6.715192581306138e-11,kg m-2
loadbc,2002,2.486846084036056e-10,kg m-2
loadbc,2003,3.1590592532906025e-10,kg m-2
loadbc,2004,3.3262849588507037e-11,kg m-2
