variable,year,value,unit
rlutcs,2000,0.00020243529874739994,W m-2
rlutcs,2001,0.0020318041298177034,W m-2
rlutcs,2002,-0.006110098170415914,W m-2
rlutcs,2003,-0.006787338014837501,W m-2
rlutcs,2004,0.0004941717958013968,W m-2
