variable,year,value,unit
loadso4,2000,4.745789979268116,kg m-2
loadso4,2001,4.794660568214299,kg m-2
loadso4,2002,4.625256247865315,kg m-2
loadso4,2003,4.80580434367594,kg m-2
loadso4,2004,5.196858537425183,kg m-2
