variable,year,value,unit
dryso4,2000,1.0377408751789257e-12,kg m-2 s-1
dryso4,2001,1.0165329012170926e-12,kg m-2 s-1
dryso4,2002,1.019980426100813e-12,kg m-2 s-1
dryso4,2003,1.0523672852086484e-12,kg m-2 s-1
dryso4,2004,1.0405127111635222e-12,kg m-2 s-1
