variable,year,value,unit
rlutcs,2000,253.72377472298214,W m-2
rlutcs,2001,253.83314811036055,W m-2
rlutcs,2002,253.54439979132002,W m-2
rlutcs,2003,253.53232122616566,W m-2
rlutcs,2004,253.33601984247568,W m-2
