variable,year,value,unit
od550aer,2000,0.1826626840905368,1
od550aer,2001,0.1856194681034457,1
od550aer,2002,0.19260030525626057,1
od550aer,2003,0.1884204508960983,1
od550aer,2004,0.18856288312267727,1
