variable,year,value,unit
rsut,2000,110.55586359362604,W m-2
rsut,2001,110.36385504428212,W m-2
rsut,2002,110.81406521853359,W m-2
rsut,2003,110.8607116105211,W m-2
rsut,2004,111.2618159557387,W m-2
