variable,year,value,unit
drybc,2000,2.8763458299738913e-13,kg m-2 s-1
drybc,2001,3.0093013882427253e-13,kg m-2 s-1
drybc,2002,2.974147792132275e-13,kg m-2 s-1
drybc,2003,3.1673256632324724e-13,kg m-2 s-1
drybc,2004,3.2689974281667067e-13,kg m-2 s-1
