variable,year,value,unit
dryso2,2000,6.518239844666928e-12,kg m-2 s-1
dryso2,2001,6.555785388029516e-12,kg m-2 s-1
dryso2,2002,6.546047257373883e-12,kg m-2 s-1
dryso2,2003,6.908630529586959e-12,kg m-2 s-1
dryso2,2004,7.178753355167487e-12,kg m-2 s-1
