variable,year,value,unit
clivi,2000,0.010426299869626687,kg m-2
clivi,2001,0.010678311519895099,kg m-2
clivi,2002,0.010248402049058629,kg m-2
clivi,2003,0.010163724209386221,kg m-2
clivi,2004,0.01060548229257308,kg m-2
