variable,year,value,unit
loadso2,2000,3.7372539395796764e-06,kg m-2
loadso2,2001,3.7416313000041127e-06,kg m-2
loadso2,2002,3.6865956412544586e-06,kg m-2
loadso2,2003,3.841984903122051e-06,kg m-2
loadso2,2004,4.094997420056603e-06,kg m-2
