variable,year,value,unit
clt,2000,60.317190156180224,%
clt,2001,60.357023077478225,%
clt,2002,61.239113081005975,%
clt,2003,61.28872560489806,%
clt,2004,61.29413857752093,%
