variable,year,value,unit
wetbc,2000,8.16769435366861e-13,kg m-2 s-1
wetbc,2001,8.053933986598376e-13,kg m-2 s-1
wetbc,2002,8.472943390320424e-13,kg m-2 s-1
wetbc,2003,9.26823566793595e-13,kg m-2 s-1
wetbc,2004,9.38672225128543e-13,kg m-2 s-1
