variable,year,value,unit
od550aer,2000,0.1783361272163528,1
od550aer,2001,0.17880216435260948,1
od550aer,2002,0.17646693869820093,1
od550aer,2003,0.18270672069105215,1
od550aer,2004,0.1804602767677235,1
