variable,year,value,unit
emibc,2000,1.662539188112027e-12,kg m-2 s-1
emibc,2001,1.6283262076168839e-12,kg m-2 s-1
emibc,2002,1.722758108409434e-12,kg m-2 s-1
emibc,2003,1.8219091304769698e-12,kg m-2 s-1
emibc,2004,1.843375117349562e-12,kg m-2 s-1
