variable,year,value,unit
od550aer,2000,0.2013054424482478,1
od550aer,2001,0.20093222215205692,1
od550aer,2002,0.20831143531290802,1
od550aer,2003,0.20446812764127276,1
od550aer,2004,0.2088645909912407,1
