variable,year,value,unit
loadso2,2000,4.267676727841998e-06,kg m-2
loadso2,2001,4.2057434248885666e-06,kg m-2
loadso2,2002,4.442834139331358e-06,kg m-2
loadso2,2003,4.655755224295195e-06,kg m-2
loadso2,2004,4.770202271797198e-06,kg m-2
