variable,year,value,unit
rlutcs,2000,257.12628187719656,W m-2
rlutcs,2001,257.55623658778416,W m-2
rlutcs,2002,257.35411586792384,W m-2
rlutcs,2003,257.3815732119964,W m-2
rlutcs,2004,256.97499401437653,W m-2
