variable,year,value,unit
mmrbc,2000,3.2164673371671655e-10,kg kg-1
mmrbc,2001,3.219707749443043e-10,kg kg-1
mmrbc,2002,3.455022038244536e-10,kg kg-1
mmrbc,2003,3.640618882158454e-10,kg kg-1
mmrbc,2004,3.6898027176475987e-10,kg kg-1
