variable,year,value,unit
dms,2000,2.533674787631905e-11,mol mol-1
dms,2001,2.531578681744067e-11,mol mol-1
dms,2002,2.526641265255714e-11,mol mol-1
dms,2003,2.540482193449196e-11,mol mol-1
dms,2004,2.5101520695914983e-11,mol mol-1
