variable,year,value,unit
dryso2,2000,5.636083870340484e-12,kg m-2 s-1
dryso2,2001,5.647084367543124e-12,kg m-2 s-1
dryso2,2002,5.539117705010514e-12,kg m-2 s-1
dryso2,2003,5.925158006343508e-12,kg m-2 s-1
dryso2,2004,6.173577795906874e-12,kg m-2 s-1
