variable,year,value,unit
rsutcs,2000,76.24148842070473,W m-2
rsutcs,2001,76.12877859879798,W m-2
rsutcs,2002,76.19108070104298,W m-2
rsutcs,2003,76.35088434464339,W m-2
rsutcs,2004,76.56637604675319,W m-2
