variable,year,value,unit
loadso4,2000,4.498552600547966e-06,kg m-2
loadso4,2001,4.418119022115125e-06,kg m-2
loadso4,2002,4.177047572057859e-06,kg m-2
loadso4,2003,4.2161892638981125e-06,kg m-2
loadso4,2004,4.282297576502582e-06,kg m-2
