variable,year,value,unit
so2,2000,4.6354481779468474e-10,mol mol-1
so2,2001,4.690813752373312e-10,mol mol-1
so2,2002,4.573675723219746e-10,mol mol-1
so2,2003,4.840514507541575e-10,mol mol-1
so2,2004,4.854293798081792e-10,mol mol-1
