variable,year,value,unit
rsut,2000,110.64708565174405,W m-2
rsut,2001,110.66568848179953,W m-2
rsut,2002,110.99793699766805,W m-2
rsut,2003,111.68444625097644,W m-2
rsut,2004,111.30537116612041,W m-2
