variable,year,value,unit
dryso2,2000,6.07884235057301e-12,kg m-2 s-1
dryso2,2001,6.175521846886521e-12,kg m-2 s-1
dryso2,2002,6.0412479915173395e-12,kg m-2 s-1
dryso2,2003,6.48463785372388e-12,kg m-2 s-1
dryso2,2004,6.729098864743671e-12,kg m-2 s-1
