variable,year,value,unit
dryso2,2000,3.822249782032208e-12,kg m-2 s-1
dryso2,2001,3.8027403998576e-12,kg m-2 s-1
dryso2,2002,3.779145839142207e-12,kg m-2 s-1
dryso2,2003,4.088529111708526e-12,kg m-2 s-1
dryso2,2004,4.236781961020417e-12,kg m-2 s-1
