variable,year,value,unit
wetso2,2000,2.467327299375872e-12,kg m-2 s-1
wetso2,2001,2.46601064715064e-12,kg m-2 s-1
wetso2,2002,2.541589332526088e-12,kg m-2 s-1
wetso2,2003,2.7268253646493522e-12,kg m-2 s-1
wetso2,2004,2.9114830331266623e-12,kg m-2 s-1
