variable,year,value,unit
rsutcs,2000,69.71646443720641,W m-2
rsutcs,2001,69.9117290251572,W m-2
rsutcs,2002,69.88451166611125,W m-2
rsutcs,2003,69.63784627337756,W m-2
rsutcs,2004,70.35694572272521,W m-2
