variable,year,value,unit
rlut,2000,246.4142742691091,W m-2
rlut,2001,246.04784019402254,W m-2
rlut,2002,245.09168286348387,W m-2
rlut,2003,244.96418155498262,W m-2
rlut,2004,244.60217932942382,W m-2
