variable,year,value,unit
rsutcs,2000,0.0007096475125862867,W m-2
rsutcs,2001,-0.005030927053105927,W m-2
rsutcs,2002,0.004666681980168619,W m-2
rsutcs,2003,0.002994750403921387,W m-2
rsutcs,2004,-0.003285374559261811,W m-2
