variable,year,value,unit
rsut,2000,0.017791530138765665,W m-2
rsut,2001,0.5126648660986461,W m-2
rsut,2002,-0.0976654569832931,W m-2
rsut,2003,0.01196702546390327,W m-2
rsut,2004,-0.12776220812313,W m-2
