variable,year,value,unit
wetso4,2000,7.531420607339029e-15,kg m-2 s-1
wetso4,2001,4.306206175880134e-16,kg m-2 s-1
wetso4,2002,-2.1020453859013746e-14,kg m-2 s-1
wetso4,2003,-3.121657952378936e-14,kg m-2 s-1
wetso4,2004,-1.841761542633728e-14,kg m-2 s-1
