variable,year,value,unit
clt,2000,0.186317852567484,%
clt,2001,0.25905764182251545,%
clt,2002,-0.2255872283906939,%
clt,2003,-0.01769454690705885,%
clt,2004,0.19775262683650396,%
