variable,year,value,unit
clt,2000,0.09270475287684121,%
clt,2001,0.13221898459266868,%
clt,2002,-0.004562417839139243,%
clt,2003,0.059691236212188414,%
clt,2004,-0.12042109042209859,%
