variable,year,value,unit
mmrso4,2000,1.4217192770079467e-13,kg kg-1
mmrso4,2001,-1.0429877067896726e-12,kg kg-1
mmrso4,2002,-5.02500839547913e-13,kg kg-1
mmrso4,2003,-4.257678501974927e-13,kg kg-1
mmrso4,2004,-1.4549185758413061e-12,kg kg-1
