variable,year,value,unit
clt,2000,-0.12752928776524897,%
clt,2001,0.19699877628426776,%
clt,2002,0.35515400252671725,%
clt,2003,-0.03196222264027426,%
clt,2004,0.07420323536715046,%
