variable,year,value,unit
wetbc,2000,7.538338918803406e-16,kg m-2 s-1
wetbc,2001,4.5170440256237845e-15,kg m-2 s-1
wetbc,2002,-3.649060462167207e-15,kg m-2 s-1
wetbc,2003,-1.5845028618622086e-15,kg m-2 s-1
wetbc,2004,3.017521515897798e-16,kg m-2 s-1
