variable,year,value,unit
loadso4,2000,2.876045618878518e-09,kg m-2
loadso4,2001,4.725795449426586e-09,kg m-2
loadso4,2002,1.5550675117293116e-09,kg m-2
loadso4,2003,-5.393746698092322e-09,kg m-2
loadso4,2004,-1.475047788357827e-09,kg m-2
