variable,year,value,unit
clt,2000,-0.011115919373061445,%
clt,2001,0.009184489741080881,%
clt,2002,0.016867146068307193,%
clt,2003,0.011546341148871875,%
clt,2004,-0.024760801110403463,%
clt,2005,0.016600997915759308,%
clt,2006,0.006116846746841986,%
clt,2007,-0.007564883965706315,%
clt,2008,-9.745733488841779e-05,%
clt,2009,-0.019477686509240755,%
