variable,year,value,unit
wetso4,2000,-8.633448350294601e-15,kg m-2 s-1
wetso4,2001,-7.526609472484357e-15,kg m-2 s-1
wetso4,2002,-1.2799672287682769e-14,kg m-2 s-1
wetso4,2003,-8.649649014223831e-15,kg m-2 s-1
wetso4,2004,-8.76523953270775e-15,kg m-2 s-1
wetso4,2005,-1.4494623577351245e-14,kg m-2 s-1
wetso4,2006,-1.3503342369545422e-14,kg m-2 s-1
wetso4,2007,-1.3222054849672478e-14,kg m-2 s-1
wetso4,2008,-1.508383297610618e-14,kg m-2 s-1
wetso4,2009,-1.662051571080886e-14,kg m-2 s-1
