variable,year,value,unit
wetso4,2000,-4.578096582453701e-15,kg m-2 s-1
wetso4,2001,-4.7844681386160474e-15,kg m-2 s-1
wetso4,2002,-4.17585842203969e-15,kg m-2 s-1
wetso4,2003,-3.0405147725772016e-15,kg m-2 s-1
wetso4,2004,-7.279664651934347e-15,kg m-2 s-1
