variable,year,value,unit
rlutcs,2000,-0.0026436987440092707,W m-2
rlutcs,2001,0.00012644505488879076,W m-2
rlutcs,2002,-0.002079287457377177,W m-2
rlutcs,2003,0.0006323678395574461,W m-2
rlutcs,2004,-0.0009827452120134694,W m-2
