variable,year,value,unit
dryso2,2000,-1.0470816455192492e-14,kg m-2 s-1
dryso2,2001,-1.0700936333816378e-14,kg m-2 s-1
dryso2,2002,-1.0287085709021379e-14,kg m-2 s-1
dryso2,2003,-1.0409153392613092e-14,kg m-2 s-1
dryso2,2004,-1.0491582892736462e-14,kg m-2 s-1
dryso2,2005,-1.0428510288457444e-14,kg m-2 s-1
dryso2,2006,-1.0529742726909263e-14,kg m-2 s-1
dryso2,2007,-9.794199281426529e-15,kg m-2 s-1
dryso2,2008,-8.25242151240083e-15,kg m-2 s-1
dryso2,2009,-6.425398440047804e-15,kg m-2 s-1
