variable,year,value,unit
so2,2000,-3.101760409831109e-13,mol mol-1
so2,2001,-2.5270782881285106e-13,mol mol-1
so2,2002,-3.9180475525731554e-13,mol mol-1
so2,2003,-9.805053135556133e-14,mol mol-1
so2,2004,-3.2400075194857525e-13,mol mol-1
