variable,year,value,unit
dryso4,2000,-4.852476092590216e-16,kg m-2 s-1
dryso4,2001,5.7898581704834e-17,kg m-2 s-1
dryso4,2002,-2.0971013781884218e-19,kg m-2 s-1
dryso4,2003,-5.858883842073542e-18,kg m-2 s-1
dryso4,2004,-9.325566604105667e-16,kg m-2 s-1
