variable,year,value,unit
rlutcs,2000,0.011785701921837699,W m-2
rlutcs,2001,-0.008177702459818192,W m-2
rlutcs,2002,-0.0010054850125698067,W m-2
rlutcs,2003,0.007884373359331676,W m-2
rlutcs,2004,-0.0030610162339712588,W m-2
rlutcs,2005,0.008372759812289132,W m-2
rlutcs,2006,0.01618410619101951,W m-2
rlutcs,2007,-0.01067045709521608,W m-2
rlutcs,2008,0.004076449665546988,W m-2
rlutcs,2009,0.002618568043715186,W m-2
