variable,year,value,unit
clivi,2001,-2.1902646406522785e-05,kg m-2
clivi,2002,6.642536373047125e-05,kg m-2
clivi,2003,-1.8219272670302877e-05,kg m-2
clivi,2004,8.179423773924804e-05,kg m-2
clivi,2005,1.282773798923914e-05,kg m-2
