variable,year,value,unit
wetbc,2001,8.261849179537645e-16,kg m-2 s-1
wetbc,2002,9.53549537332918e-16,kg m-2 s-1
wetbc,2003,1.333121990278443e-16,kg m-2 s-1
wetbc,2004,-1.077036380907443e-15,kg m-2 s-1
wetbc,2005,2.8728748145496918e-15,kg m-2 s-1
