variable,year,value,unit
so2,2000,8.712185637515933e-15,mol mol-1
so2,2001,-6.385562310161685e-14,mol mol-1
so2,2002,-1.7733652919004396e-13,mol mol-1
so2,2003,-2.4391639177847375e-13,mol mol-1
so2,2004,-1.6635256077273567e-13,mol mol-1
so2,2005,-1.4238500740543713e-13,mol mol-1
so2,2006,-1.0393665569661289e-13,mol mol-1
so2,2007,-1.4317099252849178e-13,mol mol-1
so2,2008,-3.0679724466321274e-13,mol mol-1
so2,2009,-5.85302350234175e-14,mol mol-1
