variable,year,value,unit
wetbc,2000,2.052021092064697e-17,kg m-2 s-1
wetbc,2001,1.9262011186969535e-16,kg m-2 s-1
wetbc,2002,-8.248241967191203e-17,kg m-2 s-1
wetbc,2003,-1.4116680569592093e-16,kg m-2 s-1
wetbc,2004,-5.218607813722299e-17,kg m-2 s-1
wetbc,2005,5.352994117389042e-17,kg m-2 s-1
wetbc,2006,-3.231834233554262e-17,kg m-2 s-1
wetbc,2007,1.1456957435464619e-17,kg m-2 s-1
wetbc,2008,1.7800424261361466e-16,kg m-2 s-1
wetbc,2009,2.848746592755632e-17,kg m-2 s-1
