variable,year,value,unit
mmrso4,2000,-2.6069508731103475e-13,kg kg-1
mmrso4,2001,-3.611838144410008e-13,kg kg-1
mmrso4,2002,-5.944746949371081e-13,kg kg-1
mmrso4,2003,-6.632708789891718e-13,kg kg-1
mmrso4,2004,-1.6474111734517873e-13,kg kg-1
