variable,year,value,unit
wetso4,2001,-2.5858320320516788e-14,kg m-2 s-1
wetso4,2002,-1.7803590872346933e-14,kg m-2 s-1
wetso4,2003,-3.203220116760206e-14,kg m-2 s-1
wetso4,2004,-7.56854283547847e-14,kg m-2 s-1
wetso4,2005,5.895324271209747e-14,kg m-2 s-1
