variable,year,value,unit
loadso4,2000,-3.8681173611442955e-09,kg m-2
loadso4,2001,-2.898180891482452e-09,kg m-2
loadso4,2002,-1.594940034992178e-09,kg m-2
loadso4,2003,-1.8636422207295542e-09,kg m-2
loadso4,2004,-2.068155874584966e-09,kg m-2
