variable,year,value,unit
rsutcs,2000,-0.0018524462568052513,W m-2
rsutcs,2001,-0.002374518050437757,W m-2
rsutcs,2002,-0.0003203964400952941,W m-2
rsutcs,2003,-0.00243035488864507,W m-2
rsutcs,2004,-0.0035213389081150126,W m-2
