variable,year,value,unit
dryso2,2000,-1.0470813600172953e-14,kg m-2 s-1
dryso2,2001,-1.0700934798149916e-14,kg m-2 s-1
dryso2,2002,-1.0287081446771324e-14,kg m-2 s-1
dryso2,2003,-1.0409152288862541e-14,kg m-2 s-1
dryso2,2004,-1.0491584846916732e-14,kg m-2 s-1
