variable,year,value,unit
rlutcs,2001,-6.583053054350884e-05,W m-2
rlutcs,2002,0.028340756577837023,W m-2
rlutcs,2003,0.0012998141897403246,W m-2
rlutcs,2004,0.0004840929036247894,W m-2
