variable,year,value,unit
rlut,2000,-0.0014618520361501664,W m-2
rlut,2001,0.009238218525366805,W m-2
rlut,2002,-0.009627202569156407,W m-2
rlut,2003,-0.0024446771404901283,W m-2
rlut,2004,0.0042309480018694915,W m-2
