variable,year,value,unit
mmrso4,2001,0.1504424264403213,kg kg-1
mmrso4,2002,-0.08134280495998965,kg kg-1
mmrso4,2003,-0.2282267854390598,kg kg-1
mmrso4,2004,-0.28049871264438214,kg kg-1
