variable,year,value,unit
clt,2001,-0.08909302150751537,%
clt,2002,-0.08851467668609185,%
clt,2003,-0.15529209771524083,%
clt,2004,-0.045590828631873394,%
