variable,year,value,unit
drybc,2001,-1.4528739242287794,kg m-2 s-1
drybc,2002,-1.3379716881791062,kg m-2 s-1
drybc,2003,-1.7534490759618941,kg m-2 s-1
drybc,2004,-1.6272924731112224,kg m-2 s-1
