variable,year,value,unit
od550aer,2001,-0.06999954478946163,1
od550aer,2002,0.0063750178486482465,1
od550aer,2003,0.10851867278773314,1
od550aer,2004,0.09938315459467187,1
