variable,year,value,unit
cltc,2001,-0.014736577253764097,%
cltc,2002,0.13268740240059235,%
cltc,2003,0.1701433428986814,%
cltc,2004,0.09586774112679793,%
