variable,year,value,unit
dryso2,2000,0.00830973937308185,kg m-2 s-1
dryso2,2001,0.05439960847415705,kg m-2 s-1
dryso2,2002,0.06764394059977163,kg m-2 s-1
dryso2,2003,-0.004324773885623515,kg m-2 s-1
dryso2,2004,0.06693716082894396,kg m-2 s-1
