variable,year,value,unit
emiso2,2000,-6.561962751919494e-06,kg m-2 s-1
emiso2,2001,4.567249822204067e-06,kg m-2 s-1
emiso2,2002,-1.0416538390367895e-05,kg m-2 s-1
emiso2,2003,-7.6039640089071065e-06,kg m-2 s-1
emiso2,2004,-9.806930246234366e-06,kg m-2 s-1
