variable,year,value,unit
wetso2,2000,0.054796423227121124,kg m-2 s-1
wetso2,2001,0.004581171868121694,kg m-2 s-1
wetso2,2002,-0.056445342307973524,kg m-2 s-1
wetso2,2003,0.036525385584950346,kg m-2 s-1
wetso2,2004,-0.036390979554110976,kg m-2 s-1
