variable,year,value,unit
loadbc,2000,2.7878690068805985,kg m-2
loadbc,2001,2.7944795161660796,kg m-2
loadbc,2002,1.4810980635334334,kg m-2
loadbc,2003,1.428313703784583,kg m-2
loadbc,2004,1.202006777259319,kg m-2
