variable,year,value,unit
wetbc,2000,0.020145702058366747,kg m-2 s-1
wetbc,2001,0.18935551904322576,kg m-2 s-1
wetbc,2002,-0.15378829933477697,kg m-2 s-1
wetbc,2003,0.08536336616529397,kg m-2 s-1
wetbc,2004,-0.0957251738407814,kg m-2 s-1
