variable,year,value,unit
rsut,2000,-0.053047872489217184,W m-2
rsut,2001,-0.07852335568619043,W m-2
rsut,2002,0.027472321695338076,W m-2
rsut,2003,-0.02385672452555261,W m-2
rsut,2004,-0.04353548374340081,W m-2
