variable,year,value,unit
drybc,2000,-0.005217823670626207,kg m-2 s-1
drybc,2001,0.02216319153732994,kg m-2 s-1
drybc,2002,0.01611542274900746,kg m-2 s-1
drybc,2003,0.029882697959589543,kg m-2 s-1
drybc,2004,0.00651854133321317,kg m-2 s-1
