variable,year,value,unit
rsut,2000,-0.03981442295189197,W m-2
rsut,2001,-0.06004851188636451,W m-2
rsut,2002,-0.09650465063189984,W m-2
rsut,2003,0.011748079885393281,W m-2
rsut,2004,0.0046270558954972785,W m-2
