variable,year,value,unit
emiso2,2000,-4.5121306661483844e-14,kg m-2 s-1
emiso2,2001,-4.3690497529167965e-14,kg m-2 s-1
emiso2,2002,-4.5573583214963934e-14,kg m-2 s-1
emiso2,2003,-4.691778500263096e-14,kg m-2 s-1
emiso2,2004,-4.767481534470471e-14,kg m-2 s-1
