variable,year,value,unit
wetso4,2000,-2.4412724536760936e-14,kg m-2 s-1
wetso4,2001,-2.5634474557084284e-14,kg m-2 s-1
wetso4,2002,-2.4345679757896758e-14,kg m-2 s-1
wetso4,2003,-2.3631247063105217e-14,kg m-2 s-1
wetso4,2004,-2.697501790270705e-14,kg m-2 s-1
