variable,year,value,unit
wetbc,2000,-8.966787630977744e-17,kg m-2 s-1
wetbc,2001,4.5605307345673585e-17,kg m-2 s-1
wetbc,2002,-9.223014429098236e-19,kg m-2 s-1
wetbc,2003,-5.106208375860835e-17,kg m-2 s-1
wetbc,2004,1.9693284072277813e-17,kg m-2 s-1
