variable,year,value,unit
rsutcs,2000,-0.004077322910376324,W m-2
rsutcs,2001,-0.007620381582349012,W m-2
rsutcs,2002,-0.006711339753536549,W m-2
rsutcs,2003,-0.005691478859667143,W m-2
rsutcs,2004,-0.005698551628285031,W m-2
