variable,year,value,unit
rsutcs,2000,-0.00827220606797141,W m-2
rsutcs,2001,0.0014871266980307496,W m-2
rsutcs,2002,-0.005858104313595902,W m-2
rsutcs,2003,-0.0026823910963003073,W m-2
rsutcs,2004,-0.004822861329266459,W m-2
