variable,year,value,unit
clt,2001,0.009842698508762737,%
clt,2002,0.03259112649176643,%
clt,2003,-0.009185016554724257,%
clt,2004,-0.06892038485375451,%
clt,2005,0.551340097123628,%
