variable,year,value,unit
rsutcs,2001,-0.025074256456314004,W m-2
rsutcs,2002,0.09377390909984484,W m-2
rsutcs,2003,-0.12044563521953222,W m-2
rsutcs,2004,-0.10345014534806296,W m-2
rsutcs,2005,-0.0320630500797634,W m-2
