variable,year,value,unit
so2,2005,-7.784281346576108e-12,mol mol-1
so2,2006,-7.882844640582783e-12,mol mol-1
so2,2007,-7.704776621799952e-12,mol mol-1
so2,2008,-8.084632160509161e-12,mol mol-1
so2,2009,-6.943175711281101e-12,mol mol-1
