variable,year,value,unit
emiso2,2000,1.8035622905939258e-13,kg m-2 s-1
emiso2,2001,1.9202870780424794e-13,kg m-2 s-1
emiso2,2002,1.8532675124415085e-13,kg m-2 s-1
emiso2,2003,1.8470813934900238e-13,kg m-2 s-1
emiso2,2004,1.991558525006249e-13,kg m-2 s-1
