variable,year,value,unit
loadso2,2000,-1.88787550885582e-08,kg m-2
loadso2,2001,-1.7423665326544026e-08,kg m-2
loadso2,2002,-1.7437537696179174e-08,kg m-2
loadso2,2003,-1.9139825260070454e-08,kg m-2
loadso2,2004,-2.099280977276293e-08,kg m-2
