variable,year,value,unit
mmrbc,2001,-3.9340657604985787e-13,kg kg-1
mmrbc,2002,6.642237807353476e-13,kg kg-1
mmrbc,2003,6.081752337988826e-13,kg kg-1
mmrbc,2004,1.494386512216923e-13,kg kg-1
mmrbc,2005,-5.050744294354936e-13,kg kg-1
