variable,year,value,unit
wetso4,2000,-1.291029691526736e-13,kg m-2 s-1
wetso4,2001,-1.2378875027099526e-13,kg m-2 s-1
wetso4,2002,-1.2732203582965443e-13,kg m-2 s-1
wetso4,2003,-1.3678353620823123e-13,kg m-2 s-1
wetso4,2004,-1.542366359890036e-13,kg m-2 s-1
