variable,year,value,unit
so2,2000,7.71219300219435e-10,mol mol-1
so2,2001,7.98815481839425e-10,mol mol-1
so2,2002,8.189311578480173e-10,mol mol-1
so2,2003,8.472867969234608e-10,mol mol-1
so2,2004,8.554609797519555e-10,mol mol-1
