variable,year,value,unit
dms,2000,-0.10398334,mol mol-1
dms,2001,0.017774248,mol mol-1
dms,2002,-0.04357007,mol mol-1
dms,2003,-0.054537736,mol mol-1
dms,2004,-0.03834111,mol mol-1
