variable,year,value,unit
drybc,2000,0.006160218,kg m-2 s-1
drybc,2001,0.04538611,kg m-2 s-1
drybc,2002,0.024937682,kg m-2 s-1
drybc,2003,0.0540872,kg m-2 s-1
drybc,2004,0.011508523,kg m-2 s-1
