variable,year,value,unit
emiso2,2000,-3.8451266,kg m-2 s-1
emiso2,2001,-4.009285,kg m-2 s-1
emiso2,2002,-3.7740507,kg m-2 s-1
emiso2,2003,-3.7709866,kg m-2 s-1
emiso2,2004,-3.8972218,kg m-2 s-1
