variable,year,value,unit
drybc,2000,0.004631468,kg m-2 s-1
drybc,2001,0.010085038,kg m-2 s-1
drybc,2002,0.00091673003,kg m-2 s-1
drybc,2003,0.0035679762,kg m-2 s-1
drybc,2004,-0.0073602553,kg m-2 s-1
