variable,year,value,unit
loadso4,2000,1.7244292952695827e-08,kg m-2
loadso4,2001,1.980638912370111e-09,kg m-2
loadso4,2002,-1.1387251040097724e-09,kg m-2
loadso4,2003,-2.4475891143616384e-09,kg m-2
loadso4,2004,-4.235198430035926e-08,kg m-2
