variable,year,value,unit
cltc,2000,-0.00723677852112381,%
cltc,2001,-0.001050815264640903,%
cltc,2002,-0.0007519173419394676,%
cltc,2003,-0.0014941560597172554,%
cltc,2004,-0.007215243368595914,%
