variable,year,value,unit
rsut,2000,0.021330742377344336,W m-2
rsut,2001,0.019763800661806386,W m-2
rsut,2002,0.03740529515815183,W m-2
rsut,2003,0.017634843400244904,W m-2
rsut,2004,-0.0027151490133690004,W m-2
