variable,year,value,unit
loadbc,2000,2.2403135848084306e-10,kg m-2
loadbc,2001,6.729022877000583e-10,kg m-2
loadbc,2002,-8.00889896027665e-10,kg m-2
loadbc,2003,4.742190364429525e-10,kg m-2
loadbc,2004,4.906490200797612e-10,kg m-2
