variable,year,value,unit
rsutcs,2000,0.002539025510422732,W m-2
rsutcs,2001,0.0003664194911721097,W m-2
rsutcs,2002,0.00046776255675951006,W m-2
rsutcs,2003,0.003536750808727618,W m-2
rsutcs,2004,-0.006644371176562913,W m-2
