variable,year,value,unit
rsutcs,2001,-0.0027919509962686107,W m-2
rsutcs,2002,0.0033166111012974397,W m-2
rsutcs,2003,-0.0035283158151315774,W m-2
rsutcs,2004,-0.008800259546603684,W m-2
