variable,year,value,unit
mmrbc,2001,-1.7308753651895109e-13,kg kg-1
mmrbc,2002,-1.9670432779295578e-13,kg kg-1
mmrbc,2003,-2.3127925970364503e-13,kg kg-1
mmrbc,2004,-9.8431397563382e-14,kg kg-1
