variable,year,value,unit
rsut,2001,0.14626658596986886,W m-2
rsut,2002,-0.15597497273745375,W m-2
rsut,2003,0.07984422638597266,W m-2
rsut,2004,-0.07452118531068663,W m-2
