variable,year,value,unit
so2,2000,-1.1346283026164306,mol mol-1
so2,2001,-1.2913772604182718,mol mol-1
so2,2002,-1.2751004733959725,mol mol-1
so2,2003,-1.218842835290992,mol mol-1
so2,2004,-1.1608871244251437,mol mol-1
