variable,year,value,unit
rsut,2000,0.023929581825684266,W m-2
rsut,2001,-0.0038909295119833095,W m-2
rsut,2002,-0.008822314036072944,W m-2
rsut,2003,-0.006396496936954488,W m-2
rsut,2004,-0.0014484143452850443,W m-2
