variable,year,value,unit
so2,2000,-0.2746268424747858,mol mol-1
so2,2001,-0.4058678297812871,mol mol-1
so2,2002,-0.16550493726942878,mol mol-1
so2,2003,-0.10500823750239695,mol mol-1
so2,2004,-0.29228386044223564,mol mol-1
