variable,year,value,unit
rsutcs,2000,-0.04475697383407751,W m-2
rsutcs,2001,0.03738471558367994,W m-2
rsutcs,2002,0.010775693151570545,W m-2
rsutcs,2003,0.053651748838941714,W m-2
rsutcs,2004,-0.03937158159855397,W m-2
