variable,year,value,unit
od550aer,2000,-0.13486094467749846,1
od550aer,2001,-0.08553102095046633,1
od550aer,2002,-0.11279234799089183,1
od550aer,2003,-0.16938295033639472,1
od550aer,2004,-0.10217087662723152,1
