variable,year,value,unit
dryso4,2000,-0.2978367326333717,kg m-2 s-1
dryso4,2001,-0.27833245046916166,kg m-2 s-1
dryso4,2002,-0.2774284286868853,kg m-2 s-1
dryso4,2003,-0.17977428102458787,kg m-2 s-1
dryso4,2004,-0.3255799928491988,kg m-2 s-1
