variable,year,value,unit
dryso2,2000,-3.080461953129853,kg m-2 s-1
dryso2,2001,-3.132778389390097,kg m-2 s-1
dryso2,2002,-3.4332149589386525,kg m-2 s-1
dryso2,2003,-3.379537519242638,kg m-2 s-1
dryso2,2004,-3.1615591713847264,kg m-2 s-1
