variable,year,value,unit
so2,2000,-4.097821975431175e-11,mol mol-1
so2,2001,-4.297395859678184e-11,mol mol-1
so2,2002,-4.044839071544375e-11,mol mol-1
so2,2003,-4.314656926430804e-11,mol mol-1
so2,2004,-4.519868794722172e-11,mol mol-1
