variable,year,value,unit
rsutcs,2000,-0.005003761452807419,W m-2
rsutcs,2001,-0.006683161515659127,W m-2
rsutcs,2002,-0.005149240204998934,W m-2
rsutcs,2003,-0.006450640103131626,W m-2
rsutcs,2004,-0.007390566354400345,W m-2
