variable,year,value,unit
rsut,2000,0.014407282036419363,W m-2
rsut,2001,0.014575764153243478,W m-2
rsut,2002,-0.00903845008829278,W m-2
rsut,2003,-0.023508233867887276,W m-2
rsut,2004,-0.0721709288167377,W m-2
