variable,year,value,unit
wetso2,2001,-0.9313293640326489,kg m-2 s-1
wetso2,2002,1.1025335946927683,kg m-2 s-1
wetso2,2003,4.416694034700408,kg m-2 s-1
wetso2,2004,1.8253675560114968,kg m-2 s-1
wetso2,2005,-4.087574150905852,kg m-2 s-1
