variable,year,value,unit
wetbc,2000,-0.0035638748515765327,kg m-2 s-1
wetbc,2001,0.025148676551812913,kg m-2 s-1
wetbc,2002,-0.0722234549805241,kg m-2 s-1
wetbc,2003,0.007703735842284014,kg m-2 s-1
wetbc,2004,0.030873323744007176,kg m-2 s-1
