variable,year,value,unit
rlut,2000,0.03171944162345441,W m-2
rlut,2001,0.038451502259614447,W m-2
rlut,2002,0.018204653581042913,W m-2
rlut,2003,0.045161053852807206,W m-2
rlut,2004,-0.016894185007917065,W m-2
