variable,year,value,unit
so2,2000,-2.850584853214551,mol mol-1
so2,2001,-2.784515142931341,mol mol-1
so2,2002,-2.69697996063146,mol mol-1
so2,2003,-2.924041003431093,mol mol-1
so2,2004,-2.7453990925245626,mol mol-1
