variable,year,value,unit
rsutcs,2000,-0.04805017066484425,W m-2
rsutcs,2001,-0.01581736601528635,W m-2
rsutcs,2002,0.008914984518000707,W m-2
rsutcs,2003,-0.015098407242899715,W m-2
rsutcs,2004,-0.03874275754931213,W m-2
