variable,year,value,unit
mmrbc,2000,0.39199489132692633,kg kg-1
mmrbc,2001,0.31224532793206705,kg kg-1
mmrbc,2002,0.7986675307891229,kg kg-1
mmrbc,2003,0.8404492416747129,kg kg-1
mmrbc,2004,0.45322327411826774,kg kg-1
