variable,year,value,unit
dryso2,2001,0.08991419597139468,kg m-2 s-1
dryso2,2002,-0.7808457369780678,kg m-2 s-1
dryso2,2003,0.9166317311755073,kg m-2 s-1
dryso2,2004,-1.7042217645528126,kg m-2 s-1
dryso2,2005,-2.89663195773412,kg m-2 s-1
