variable,year,value,unit
rlut,2001,0.03524998723906843,W m-2
rlut,2002,0.1955509931208512,W m-2
rlut,2003,-0.10121411860062066,W m-2
rlut,2004,0.2078251086514114,W m-2
rlut,2005,0.5680921252379915,W m-2
