variable,year,value,unit
mmrso4,2000,0.10579268529670026,kg kg-1
mmrso4,2001,0.13051064700109813,kg kg-1
mmrso4,2002,0.20551168255737393,kg kg-1
mmrso4,2003,0.37425520034543314,kg kg-1
mmrso4,2004,0.11040686574911468,kg kg-1
