variable,year,value,unit
emiso2,2000,-0.324548336840858,kg m-2 s-1
emiso2,2001,-0.3373232454893214,kg m-2 s-1
emiso2,2002,-0.31967271704690875,kg m-2 s-1
emiso2,2003,-0.3238628823464809,kg m-2 s-1
emiso2,2004,-0.3345399992957493,kg m-2 s-1
