variable,year,value,unit
od550aer,2000,-0.18813680236376054,1
od550aer,2001,-0.1798069278016945,1
od550aer,2002,-0.15133601711194555,1
od550aer,2003,-0.19841526831126188,1
od550aer,2004,-0.1395131397324609,1
