variable,year,value,unit
mmrso4,2000,0.23687197380647565,kg kg-1
mmrso4,2001,0.14749124614703765,kg kg-1
mmrso4,2002,0.27007581138475184,kg kg-1
mmrso4,2003,0.09658963107835007,kg kg-1
mmrso4,2004,0.07177134475597756,kg kg-1
