variable,year,value,unit
clivi,2000,0.19366300355951055,kg m-2
clivi,2001,0.046299541283030654,kg m-2
clivi,2002,-0.13550182884231593,kg m-2
clivi,2003,0.23868912661844421,kg m-2
clivi,2004,-0.18870053142352186,kg m-2
