variable,year,value,unit
drybc,2001,-1.1943621199468706,kg m-2 s-1
drybc,2002,0.7828981557054064,kg m-2 s-1
drybc,2003,0.35689345177055243,kg m-2 s-1
drybc,2004,-2.4193634155796317,kg m-2 s-1
drybc,2005,-2.566678500295009,kg m-2 s-1
