variable,year,value,unit
wetbc,2001,-4.1214825077590715,kg m-2 s-1
wetbc,2002,-1.3425405950584604,kg m-2 s-1
wetbc,2003,4.688438858522094,kg m-2 s-1
wetbc,2004,-2.895601315803,kg m-2 s-1
wetbc,2005,-5.07627963847869,kg m-2 s-1
