variable,year,value,unit
loadbc,2000,2.6028992844992602e-11,kg m-2
loadbc,2001,5.530437634123878e-11,kg m-2
loadbc,2002,-9.027085615520376e-11,kg m-2
loadbc,2003,9.306601033585413e-11,kg m-2
loadbc,2004,7.703849419959976e-11,kg m-2
