variable,year,value,unit
dms,2000,6.59902846125875e-14,mol mol-1
dms,2001,4.09669242870501e-13,mol mol-1
dms,2002,-3.1569553842980817e-13,mol mol-1
dms,2003,-5.230238370522333e-13,mol mol-1
dms,2004,-2.8803405322363983e-13,mol mol-1
