variable,year,value,unit
wetso4,2000,-2.1147651064412642e-14,kg m-2 s-1
wetso4,2001,-2.667117781656109e-14,kg m-2 s-1
wetso4,2002,-2.7826213171915952e-14,kg m-2 s-1
wetso4,2003,-3.093153445254124e-14,kg m-2 s-1
wetso4,2004,-2.605536559619897e-14,kg m-2 s-1
