variable,year,value,unit
loadso2,2000,-1.118697617721107e-08,kg m-2
loadso2,2001,-4.119256022227588e-09,kg m-2
loadso2,2002,-5.132983811929111e-09,kg m-2
loadso2,2003,-8.888718951564678e-09,kg m-2
loadso2,2004,-8.916798239030668e-09,kg m-2
