variable,year,value,unit
rlut,2001,0.017006233754131017,W m-2
rlut,2002,-0.024727901303208455,W m-2
rlut,2003,-0.07043205384533735,W m-2
rlut,2004,0.04603727338786712,W m-2
rlut,2005,0.031981463251867126,W m-2
