variable,year,value,unit
loadso2,2000,-1.7576247072964444e-08,kg m-2
loadso2,2001,-1.9321966298597565e-08,kg m-2
loadso2,2002,-1.7871247969517152e-08,kg m-2
loadso2,2003,-1.8279903484785273e-08,kg m-2
loadso2,2004,-2.280630949449501e-08,kg m-2
