variable,year,value,unit
drybc,2000,8.458509382358056e-17,kg m-2 s-1
drybc,2001,-1.7308843860745708e-17,kg m-2 s-1
drybc,2002,2.5481953904438075e-17,kg m-2 s-1
drybc,2003,1.4081814811753425e-17,kg m-2 s-1
drybc,2004,6.209041296139026e-17,kg m-2 s-1
