variable,year,value,unit
rlut,2000,0.005501070599706281,W m-2
rlut,2001,0.008832017349391208,W m-2
rlut,2002,0.009425874751372021,W m-2
rlut,2003,0.009372965436483582,W m-2
rlut,2004,-0.01650095781550931,W m-2
