variable,year,value,unit
dryso4,2000,-1.61076841043839e-15,kg m-2 s-1
dryso4,2001,-1.6217830540961787e-15,kg m-2 s-1
dryso4,2002,-1.8425051556085487e-15,kg m-2 s-1
dryso4,2003,-2.431620239467734e-15,kg m-2 s-1
dryso4,2004,-2.0862664678939233e-15,kg m-2 s-1
