variable,year,value,unit
rsut,2001,-0.00868490909023438,W m-2
rsut,2002,0.015089513910284917,W m-2
rsut,2003,0.013801752345938686,W m-2
rsut,2004,-0.011259893593445196,W m-2
