variable,year,value,unit
dryso2,2001,-5.026390452663002,kg m-2 s-1
dryso2,2002,-4.954876309124255,kg m-2 s-1
dryso2,2003,-5.040159191579972,kg m-2 s-1
dryso2,2004,-4.97207654270983,kg m-2 s-1
