variable,year,value,unit
clt,2000,0.036069065,%
clt,2001,0.04722279,%
clt,2002,0.018286537,%
clt,2003,0.0060349265,%
clt,2004,-0.025419716,%
