variable,year,value,unit
clivi,2000,-0.01778772,kg m-2
clivi,2001,0.006749556,kg m-2
clivi,2002,0.20931351,kg m-2
clivi,2003,-0.01497315,kg m-2
clivi,2004,-0.020024095,kg m-2
