variable,year,value,unit
rlutcs,2000,-0.023171954,W m-2
rlutcs,2001,-0.027415758,W m-2
rlutcs,2002,-0.024194112,W m-2
rlutcs,2003,-0.02538507,W m-2
rlutcs,2004,-0.022933228,W m-2
