variable,year,value,unit
dryso4,2000,31.484067638228037,kg m-2 s-1
dryso4,2001,31.66139575194485,kg m-2 s-1
dryso4,2002,31.827870122968633,kg m-2 s-1
dryso4,2003,32.387278165733875,kg m-2 s-1
dryso4,2004,33.69759556413507,kg m-2 s-1
