variable,year,value,unit
drybc,2000,0.6876162,kg m-2 s-1
drybc,2001,0.6762414,kg m-2 s-1
drybc,2002,0.67045957,kg m-2 s-1
drybc,2003,0.68288624,kg m-2 s-1
drybc,2004,0.725238,kg m-2 s-1
