variable,year,value,unit
wetso2,2000,18.691210420189694,kg m-2 s-1
wetso2,2001,19.07830839799227,kg m-2 s-1
wetso2,2002,19.044727194234984,kg m-2 s-1
wetso2,2003,20.957050724701798,kg m-2 s-1
wetso2,2004,22.048212024592033,kg m-2 s-1
