variable,year,value,unit
loadso4,2000,8.389464014483625,kg m-2
loadso4,2001,8.156583341626988,kg m-2
loadso4,2002,8.483914226550684,kg m-2
loadso4,2003,8.345908341963524,kg m-2
loadso4,2004,8.868162174626836,kg m-2
