variable,year,value,unit
mmrbc,2000,0.06508968343545825,kg kg-1
mmrbc,2001,0.02868900283432855,kg kg-1
mmrbc,2002,0.05991176970863715,kg kg-1
mmrbc,2003,0.03548079018592666,kg kg-1
mmrbc,2004,0.09313605637653459,kg kg-1
