variable,year,value,unit
dryso2,2000,-20.63244854781113,kg m-2 s-1
dryso2,2001,-21.09440620165281,kg m-2 s-1
dryso2,2002,-21.081648636882395,kg m-2 s-1
dryso2,2003,-21.590087487560446,kg m-2 s-1
dryso2,2004,-22.38298023333426,kg m-2 s-1
