variable,year,value,unit
cl,2000,0.059409935,%
cl,2001,0.051386096,%
cl,2002,0.093901254,%
cl,2003,0.05597174,%
cl,2004,-0.03917548,%
