variable,year,value,unit
loadso2,2000,3.5253352778065334,kg m-2
loadso2,2001,4.036941390677242,kg m-2
loadso2,2002,5.145076330490832,kg m-2
loadso2,2003,6.228952779015016,kg m-2
loadso2,2004,7.600432129678519,kg m-2
