variable,year,value,unit
rsut,2000,0.40131801411488327,W m-2
rsut,2001,-0.14592816252352253,W m-2
rsut,2002,0.0039056054876461218,W m-2
rsut,2003,0.0033660420871103837,W m-2
rsut,2004,0.0014541864961396017,W m-2
