variable,year,value,unit
rlut,2001,0.08919532780127196,W m-2
rlut,2002,0.021840163699503295,W m-2
rlut,2003,0.1050212328086097,W m-2
rlut,2004,0.08647733036525282,W m-2
