variable,year,value,unit
drybc,2000,0.0,kg m-2 s-1
drybc,2001,0.5700221579937346,kg m-2 s-1
drybc,2002,0.041420467494213464,kg m-2 s-1
drybc,2003,0.018567758574062797,kg m-2 s-1
drybc,2004,-0.016980390962893627,kg m-2 s-1
