variable,year,value,unit
dms,2000,0.030112283908766475,mol mol-1
dms,2001,0.06257893940539523,mol mol-1
dms,2002,0.017153684420410025,mol mol-1
dms,2003,-0.0421322884113644,mol mol-1
dms,2004,0.03472983078949481,mol mol-1
