variable,year,value,unit
cltc,2001,-0.004964054051029748,%
cltc,2002,-0.03856245248714099,%
cltc,2003,-0.095295385907982,%
cltc,2004,0.07088699477137549,%
