variable,year,value,unit
rlut,2001,0.019430814579668082,W m-2
rlut,2002,0.04276426003053697,W m-2
rlut,2003,-0.020815586643921368,W m-2
rlut,2004,0.0017151437115282334,W m-2
