variable,year,value,unit
loadbc,2000,-0.27175132095019366,kg m-2
loadbc,2001,-0.44605317210303613,kg m-2
loadbc,2002,-0.30698192908503674,kg m-2
loadbc,2003,-0.6645028021093317,kg m-2
loadbc,2004,-0.3421111160695179,kg m-2
