variable,year,value,unit
rlut,2001,0.027222429943985486,W m-2
rlut,2002,0.0012137846603735671,W m-2
rlut,2003,7.159341714255955e-05,W m-2
rlut,2004,0.0008934939036706874,W m-2
