variable,year,value,unit
wetbc,2001,-0.1491541693344061,kg m-2 s-1
wetbc,2002,-0.12438551587293839,kg m-2 s-1
wetbc,2003,-0.13292136539196128,kg m-2 s-1
wetbc,2004,-0.018576370375387573,kg m-2 s-1
