variable,year,value,unit
dryso2,2000,1.498630126528606,kg m-2 s-1
dryso2,2001,2.0414790716098876,kg m-2 s-1
dryso2,2002,1.8976978044578545,kg m-2 s-1
dryso2,2003,1.9501186260586212,kg m-2 s-1
dryso2,2004,1.646440050275997,kg m-2 s-1
