variable,year,value,unit
loadbc,2000,0.012120637356735063,kg m-2
loadbc,2001,-0.20531632053135815,kg m-2
loadbc,2002,0.08085373216713271,kg m-2
loadbc,2003,-0.27757254466898873,kg m-2
loadbc,2004,0.29860117039453316,kg m-2
