variable,year,value,unit
wetso4,2001,-0.1078218217650361,kg m-2 s-1
wetso4,2002,-0.12563710893552707,kg m-2 s-1
wetso4,2003,-0.15068604097775334,kg m-2 s-1
wetso4,2004,-0.14678071708058843,kg m-2 s-1
