variable,year,value,unit
rsutcs,2000,-0.029378065530225452,W m-2
rsutcs,2001,-0.04269278544789865,W m-2
rsutcs,2002,-0.020456239201621065,W m-2
rsutcs,2003,0.004087408129903241,W m-2
rsutcs,2004,-0.03039551795154717,W m-2
