variable,year,value,unit
clt,2000,0.03242288961750359,%
clt,2001,0.01098149582763822,%
clt,2002,-0.14093086856998643,%
clt,2003,0.09314156257742823,%
clt,2004,-0.0012092030609972125,%
