variable,year,value,unit
rsdt,2000,6.0507449674363325e-09,W m-2
rsdt,2001,2.6335227693432654e-08,W m-2
rsdt,2002,-1.7871490738995624e-08,W m-2
rsdt,2003,-7.386037264914826e-08,W m-2
rsdt,2004,-6.072321146738948e-08,W m-2
