variable,year,value,unit
dms,2000,0.04127155139123274,mol mol-1
dms,2001,-0.04382844902034381,mol mol-1
dms,2002,-0.0022549011301906674,mol mol-1
dms,2003,0.0013161386857622824,mol mol-1
dms,2004,0.014903936084209085,mol mol-1
