variable,year,value,unit
so2,2001,1.7251478664041167,mol mol-1
so2,2002,1.6990654125202616,mol mol-1
so2,2003,1.6470931427050721,mol mol-1
so2,2004,1.8085291323023394,mol mol-1
