variable,year,value,unit
clt,2000,-0.20486351363436847,%
clt,2001,0.04744603045012731,%
clt,2002,-0.27813030117865356,%
clt,2003,-0.1113643844305126,%
clt,2004,-0.06037279888560582,%
