variable,year,value,unit
clivi,2000,-0.23768121434273046,kg m-2
clivi,2001,-0.686971396249228,kg m-2
clivi,2002,0.6034795275900707,kg m-2
clivi,2003,0.6988323390338809,kg m-2
clivi,2004,-0.2599519383793654,kg m-2
