variable,year,value,unit
wetbc,2000,-0.6430387485207626,kg m-2 s-1
wetbc,2001,-0.3547602680655041,kg m-2 s-1
wetbc,2002,-0.10880865111951406,kg m-2 s-1
wetbc,2003,-0.6555519862518795,kg m-2 s-1
wetbc,2004,-0.029743214454788443,kg m-2 s-1
