variable,year,value,unit
clivi,2000,0.13821757335012932,kg m-2
clivi,2001,-0.1120632917341686,kg m-2
clivi,2002,-0.17245185681211167,kg m-2
clivi,2003,-0.05449622074050692,kg m-2
clivi,2004,0.05803234082703765,kg m-2
