variable,year,value,unit
mmrso4,2001,-1.7329893626383752,kg kg-1
mmrso4,2002,-1.9274461104989964,kg kg-1
mmrso4,2003,-1.7934302775409312,kg kg-1
mmrso4,2004,-1.9438493789384164,kg kg-1
