variable,year,value,unit
so2,2001,1.1444284563987452,mol mol-1
so2,2002,1.1440669633925096,mol mol-1
so2,2003,1.155956415126353,mol mol-1
so2,2004,1.182367987489646,mol mol-1
