variable,year,value,unit
rlut,2000,0.0029365054608071423,W m-2
rlut,2001,-0.011671276506215428,W m-2
rlut,2002,-0.008488586208895497,W m-2
rlut,2003,-0.004205979685215687,W m-2
rlut,2004,0.0005977646467237698,W m-2
