variable,year,value,unit
dryso4,2000,-2.246478781293833,kg m-2 s-1
dryso4,2001,-2.176817320474026,kg m-2 s-1
dryso4,2002,-2.0340349519421705,kg m-2 s-1
dryso4,2003,-2.3711974118743764,kg m-2 s-1
dryso4,2004,-2.0351978032973763,kg m-2 s-1
