variable,year,value,unit
wetbc,2000,-0.7626763249384013,kg m-2 s-1
wetbc,2001,-0.3977868790604582,kg m-2 s-1
wetbc,2002,0.22618955805843344,kg m-2 s-1
wetbc,2003,0.2252470138145792,kg m-2 s-1
wetbc,2004,-0.06159773537547876,kg m-2 s-1
