variable,year,value,unit
wetbc,2001,0.43876190676255167,kg m-2 s-1
wetbc,2002,0.04804797595351709,kg m-2 s-1
wetbc,2003,-0.05557555102059201,kg m-2 s-1
wetbc,2004,0.022159512869326225,kg m-2 s-1
