variable,year,value,unit
mmrbc,2000,-0.9525232447356724,kg kg-1
mmrbc,2001,-0.5131083053141563,kg kg-1
mmrbc,2002,-0.04860513900162734,kg kg-1
mmrbc,2003,-0.6598467600317843,kg kg-1
mmrbc,2004,-0.13349604490115616,kg kg-1
