variable,year,value,unit
dryso4,2000,-1.2271807362136289,kg m-2 s-1
dryso4,2001,-1.2585251068332253,kg m-2 s-1
dryso4,2002,-1.293889523442205,kg m-2 s-1
dryso4,2003,-1.3731998402195573,kg m-2 s-1
dryso4,2004,-1.4996307438160097,kg m-2 s-1
