variable,year,value,unit
drybc,2000,0.012241002490001183,kg m-2 s-1
drybc,2001,-0.06767762658875762,kg m-2 s-1
drybc,2002,0.028355878115167037,kg m-2 s-1
drybc,2003,0.056045323754339516,kg m-2 s-1
drybc,2004,-0.04948338596497442,kg m-2 s-1
