variable,year,value,unit
rlutcs,2000,-0.0005533775074899073,W m-2
rlutcs,2001,-0.0006898058981210144,W m-2
rlutcs,2002,0.0002479449135498502,W m-2
rlutcs,2003,0.0024941092145903767,W m-2
rlutcs,2004,-0.0017556912274735812,W m-2
