variable,year,value,unit
drybc,2000,-0.037771244487455544,kg m-2 s-1
drybc,2001,-0.00023950032063840222,kg m-2 s-1
drybc,2002,-0.006080706148106153,kg m-2 s-1
drybc,2003,-0.03570266295418394,kg m-2 s-1
drybc,2004,0.04787150674818577,kg m-2 s-1
