variable,year,value,unit
emibc,2000,-0.016823946276711917,kg m-2 s-1
emibc,2001,-0.016823946276711917,kg m-2 s-1
emibc,2002,-0.016823946276711917,kg m-2 s-1
emibc,2003,-0.016823946276711917,kg m-2 s-1
emibc,2004,-0.016823946276711917,kg m-2 s-1
