variable,year,value,unit
rlutcs,2000,-0.000318084955564651,W m-2
rlutcs,2001,-0.0009547478538531555,W m-2
rlutcs,2002,-0.00012248766985343082,W m-2
rlutcs,2003,0.001892620452846569,W m-2
rlutcs,2004,-0.0001356091267017989,W m-2
