variable,year,value,unit
so2,2000,-1.7863086090693854e-12,mol mol-1
so2,2001,-2.9157533401593625e-13,mol mol-1
so2,2002,-9.24198829272386e-13,mol mol-1
so2,2003,-7.913008675371573e-13,mol mol-1
so2,2004,-2.314136619244182e-12,mol mol-1
