variable,year,value,unit
wetso4,2000,-2.1610578957624915e-14,kg m-2 s-1
wetso4,2001,-2.750093968156706e-14,kg m-2 s-1
wetso4,2002,-2.1733222991448754e-14,kg m-2 s-1
wetso4,2003,-2.5010703092102217e-14,kg m-2 s-1
wetso4,2004,-3.216518286155917e-14,kg m-2 s-1
