variable,year,value,unit
loadso2,2000,2.3467754135582436e-10,kg m-2
loadso2,2001,2.3047381250737277e-10,kg m-2
loadso2,2002,-1.5769209153955363e-11,kg m-2
loadso2,2003,-8.077808848840032e-10,kg m-2
loadso2,2004,-6.014391311254359e-10,kg m-2
