variable,year,value,unit
dryso4,2000,-5.909408437064145e-13,kg m-2 s-1
dryso4,2001,-5.648957403926445e-13,kg m-2 s-1
dryso4,2002,-5.492483874651421e-13,kg m-2 s-1
dryso4,2003,-5.646193983224534e-13,kg m-2 s-1
dryso4,2004,-6.485329622548298e-13,kg m-2 s-1
