variable,year,value,unit
wetbc,2000,-1.947073560635289e-16,kg m-2 s-1
wetbc,2001,5.615474137746145e-17,kg m-2 s-1
wetbc,2002,-2.468262496552938e-16,kg m-2 s-1
wetbc,2003,-8.652454382293398e-17,kg m-2 s-1
wetbc,2004,3.6134280364770146e-17,kg m-2 s-1
