variable,year,value,unit
srfdms,2000,1.4947010201548557e-13,mol mol-1
srfdms,2001,4.7404583007522925e-14,mol mol-1
srfdms,2002,9.583552936759519e-14,mol mol-1
srfdms,2003,5.994755821762717e-14,mol mol-1
srfdms,2004,6.395193906277183e-14,mol mol-1
