variable,year,value,unit
rlutcs,2000,0.03507454733068016,W m-2
rlutcs,2001,0.03058260351537001,W m-2
rlutcs,2002,0.02472730566557857,W m-2
rlutcs,2003,0.024459811503504625,W m-2
rlutcs,2004,-0.005850750434490237,W m-2
