variable,year,value,unit
od550aer,2000,-0.00011157347061466205,1
od550aer,2001,-0.00011328648259911756,1
od550aer,2002,-8.70065428240363e-05,1
od550aer,2003,-0.00012992284094137663,1
od550aer,2004,-0.0001517221900296517,1
