variable,year,value,unit
rsutcs,2000,-0.0040030565890063485,W m-2
rsutcs,2001,-0.010465271303012003,W m-2
rsutcs,2002,-0.010074464819574303,W m-2
rsutcs,2003,-0.004776089745263334,W m-2
rsutcs,2004,-0.008388076266165001,W m-2
