variable,year,value,unit
mmrbc,2001,-1.824520795363018e-12,kg kg-1
mmrbc,2002,1.736392866557754e-13,kg kg-1
mmrbc,2003,6.509144776839727e-14,kg kg-1
mmrbc,2004,-1.8069177004611072e-12,kg kg-1
mmrbc,2005,-1.5267859594062531e-12,kg kg-1
