variable,year,value,unit
loadso4,2000,-0.4764242200551634,kg m-2
loadso4,2001,-0.0847924673115525,kg m-2
loadso4,2002,-0.35510049965515,kg m-2
loadso4,2003,-0.03890474115684783,kg m-2
loadso4,2004,-0.21669897387100936,kg m-2
