variable,year,value,unit
wetbc,2000,-0.0715951236221394,kg m-2 s-1
wetbc,2001,0.12178610066656956,kg m-2 s-1
wetbc,2002,0.05071159024301003,kg m-2 s-1
wetbc,2003,0.03437365796291002,kg m-2 s-1
wetbc,2004,-0.066773075132674,kg m-2 s-1
