variable,year,value,unit
loadbc,2000,-0.008228076612077497,kg m-2
loadbc,2001,-0.048644701115338036,kg m-2
loadbc,2002,-0.04710874940716442,kg m-2
loadbc,2003,0.027822646170502004,kg m-2
loadbc,2004,0.06974953249915725,kg m-2
