variable,year,value,unit
wetbc,2000,-0.024964723695135384,kg m-2 s-1
wetbc,2001,-0.01959219900718271,kg m-2 s-1
wetbc,2002,0.038612966666495226,kg m-2 s-1
wetbc,2003,-0.0625104383204889,kg m-2 s-1
wetbc,2004,-0.0025665069732377257,kg m-2 s-1
