variable,year,value,unit
rsut,2000,-0.024025054590399074,W m-2
rsut,2001,-0.03566138325037509,W m-2
rsut,2002,-0.06485399495161484,W m-2
rsut,2003,0.013358313833382459,W m-2
rsut,2004,0.002326212221022951,W m-2
