variable,year,value,unit
mmrbc,2001,-4.785474912671372e-14,kg kg-1
mmrbc,2002,4.884185494331757e-13,kg kg-1
mmrbc,2003,-2.0841478696649582e-13,kg kg-1
mmrbc,2004,5.584323749269349e-13,kg kg-1
mmrbc,2005,3.231990076323651e-13,kg kg-1
