variable,year,value,unit
od550aer,2000,-0.00013221730900286888,1
od550aer,2001,-4.6786316817579165e-05,1
od550aer,2002,-0.00011265370966438704,1
od550aer,2003,-0.000138144689169728,1
od550aer,2004,-0.0002595464549335763,1
