variable,year,value,unit
rsdt,2000,4.1472355860605603e-07,W m-2
rsdt,2001,9.800538691706606e-08,W m-2
rsdt,2002,-3.1107782660910743e-07,W m-2
rsdt,2003,9.909780374073307e-08,W m-2
rsdt,2004,-1.1334043392707827e-07,W m-2
