variable,year,value,unit
dms,2001,-6.595059403627464e-13,mol mol-1
dms,2002,2.0663061399291545e-13,mol mol-1
dms,2003,3.5600099334168506e-14,mol mol-1
dms,2004,6.222249877397408e-14,mol mol-1
dms,2005,-1.1857760794332648e-13,mol mol-1
