variable,year,value,unit
wetbc,2001,-2.0442011774746994e-15,kg m-2 s-1
wetbc,2002,-1.09722943070122e-16,kg m-2 s-1
wetbc,2003,-3.497725020000587e-16,kg m-2 s-1
wetbc,2004,-6.8583179802942e-16,kg m-2 s-1
wetbc,2005,-2.607423962198345e-15,kg m-2 s-1
