variable,year,value,unit
loadso2,2000,-5.277003276988812e-09,kg m-2
loadso2,2001,-4.931329905947988e-09,kg m-2
loadso2,2002,-4.963879993109922e-09,kg m-2
loadso2,2003,-5.405348619013113e-09,kg m-2
loadso2,2004,-5.99877666436895e-09,kg m-2
