variable,year,value,unit
clt,2000,-0.002710085683155228,%
clt,2001,0.011290499537452092,%
clt,2002,-0.009168376370006115,%
clt,2003,-0.009813973827284883,%
clt,2004,0.005986418560326001,%
