variable,year,value,unit
dryso2,2000,-6.061814031514981e-14,kg m-2 s-1
dryso2,2001,-5.747033023097119e-14,kg m-2 s-1
dryso2,2002,-5.894885797682638e-14,kg m-2 s-1
dryso2,2003,-6.209915385529135e-14,kg m-2 s-1
dryso2,2004,-6.949303279595197e-14,kg m-2 s-1
