variable,year,value,unit
drybc,2000,1.1360976707391683e-17,kg m-2 s-1
drybc,2001,3.501931593293575e-17,kg m-2 s-1
drybc,2002,-2.311827110961627e-17,kg m-2 s-1
drybc,2003,6.2947867199836805e-18,kg m-2 s-1
drybc,2004,-1.3472024612950357e-17,kg m-2 s-1
