variable,year,value,unit
loadbc,2000,1.5800403149397688e-08,kg m-2
loadbc,2001,2.3051594037833696e-08,kg m-2
loadbc,2002,2.28016980676183e-08,kg m-2
loadbc,2003,1.9177498350722085e-08,kg m-2
loadbc,2004,2.9340925418190526e-08,kg m-2
