variable,year,value,unit
od550aer,2000,-0.4989373809739548,1
od550aer,2001,-0.02892165014765727,1
od550aer,2002,-0.18679179890594075,1
od550aer,2003,-0.25209459759745206,1
od550aer,2004,-0.2100310404747628,1
