variable,year,value,unit
emiso2,2001,-9.57317055208864,kg m-2 s-1
emiso2,2002,-9.779370404996197,kg m-2 s-1
emiso2,2003,-9.298826424613518,kg m-2 s-1
emiso2,2004,-10.246253722048175,kg m-2 s-1
emiso2,2005,-8.350923244894686,kg m-2 s-1
