variable,year,value,unit
dryso4,2000,-2.462278286880666,kg m-2 s-1
dryso4,2001,-2.562283105322994,kg m-2 s-1
dryso4,2002,-2.6360997956941903,kg m-2 s-1
dryso4,2003,-2.6417823231005833,kg m-2 s-1
dryso4,2004,-2.6159204801966833,kg m-2 s-1
