variable,year,value,unit
rsutcs,2000,-0.043651181130254645,W m-2
rsutcs,2001,-0.006601613367234531,W m-2
rsutcs,2002,-0.018576075124177506,W m-2
rsutcs,2003,-0.024958841362650114,W m-2
rsutcs,2004,-0.02076777968448303,W m-2
