variable,year,value,unit
clivi,2000,-0.3180560435824906,kg m-2
clivi,2001,0.6624554498429333,kg m-2
clivi,2002,-0.11388109439578861,kg m-2
clivi,2003,0.20964704635679726,kg m-2
clivi,2004,-0.20847106269851015,kg m-2
