variable,year,value,unit
dryso4,2001,-3.377394632621686,kg m-2 s-1
dryso4,2002,-3.388569429285711,kg m-2 s-1
dryso4,2003,-3.607891424890032,kg m-2 s-1
dryso4,2004,-3.556582996604944,kg m-2 s-1
dryso4,2005,-3.8081835199679275,kg m-2 s-1
