variable,year,value,unit
dryso2,2000,-5.1087564833980315,kg m-2 s-1
dryso2,2001,-4.813372685385525,kg m-2 s-1
dryso2,2002,-4.934705317633929,kg m-2 s-1
dryso2,2003,-5.134143845631495,kg m-2 s-1
dryso2,2004,-5.183708279051377,kg m-2 s-1
