variable,year,value,unit
rsut,2000,-0.06844778210494314,W m-2
rsut,2001,-0.015693739597283506,W m-2
rsut,2002,0.005728193750145687,W m-2
rsut,2003,-0.014209306408305061,W m-2
rsut,2004,-0.04181379651828332,W m-2
