variable,year,value,unit
rlut,2000,-0.024482551450432766,W m-2
rlut,2001,-0.044572979283202585,W m-2
rlut,2002,-0.06512948765654869,W m-2
rlut,2003,-0.06401265131134437,W m-2
rlut,2004,0.02135706030566098,W m-2
