variable,year,value,unit
emiso2,2001,-2.803125751466254,kg m-2 s-1
emiso2,2002,-2.548981187101183,kg m-2 s-1
emiso2,2003,-3.403907688419136,kg m-2 s-1
emiso2,2004,-2.5463843203223204,kg m-2 s-1
