variable,year,value,unit
emiso2,2001,-3.1644930902034165,kg m-2 s-1
emiso2,2002,-3.1146032443144933,kg m-2 s-1
emiso2,2003,-3.1367830299762525,kg m-2 s-1
emiso2,2004,-3.139176318517768,kg m-2 s-1
