variable,year,value,unit
dryso2,2000,5.264621453995302e-14,kg m-2 s-1
dryso2,2001,5.5506307473579174e-14,kg m-2 s-1
dryso2,2002,5.108516001797992e-14,kg m-2 s-1
dryso2,2003,5.208001681139937e-14,kg m-2 s-1
dryso2,2004,5.4495136374917075e-14,kg m-2 s-1
