variable,year,value,unit
loadso4,2000,3.303385720287184e-08,kg m-2
loadso4,2001,3.1954360384663395e-08,kg m-2
loadso4,2002,3.402089637975452e-08,kg m-2
loadso4,2003,3.151168452835889e-08,kg m-2
loadso4,2004,3.2512673931866076e-08,kg m-2
