variable,year,value,unit
clt,2000,0.04012771292632118,%
clt,2001,-0.47934249256285566,%
clt,2002,-0.0677792646709523,%
clt,2003,-0.5542553934932287,%
clt,2004,0.523257756339368,%
