variable,year,value,unit
mmrbc,2000,-0.21692168249473467,kg kg-1
mmrbc,2001,-0.17613493248269335,kg kg-1
mmrbc,2002,0.12916696931051475,kg kg-1
mmrbc,2003,0.31010131663130786,kg kg-1
mmrbc,2004,0.2426967342310045,kg kg-1
