variable,year,value,unit
loadbc,2000,-0.04756337712373562,kg m-2
loadbc,2001,0.23639207647433272,kg m-2
loadbc,2002,-0.02032496252244879,kg m-2
loadbc,2003,0.31697581609975967,kg m-2
loadbc,2004,0.09877223277450436,kg m-2
