variable,year,value,unit
dryso4,2000,-0.2753863015150561,kg m-2 s-1
dryso4,2001,-0.09678571363550552,kg m-2 s-1
dryso4,2002,-0.4317523017610617,kg m-2 s-1
dryso4,2003,-0.3477446787999559,kg m-2 s-1
dryso4,2004,-0.14299040302434873,kg m-2 s-1
