variable,year,value,unit
so2,2000,-0.22909303206263432,mol mol-1
so2,2001,-0.040261483680229984,mol mol-1
so2,2002,-0.09986784724058953,mol mol-1
so2,2003,-0.09749568785044574,mol mol-1
so2,2004,-0.2486437171892392,mol mol-1
