variable,year,value,unit
emibc,2000,-1.3119582457135045e-06,kg m-2 s-1
emibc,2001,1.9910556040319435e-06,kg m-2 s-1
emibc,2002,-9.809223734762898e-06,kg m-2 s-1
emibc,2003,1.788194913357981e-06,kg m-2 s-1
emibc,2004,4.777389006409936e-06,kg m-2 s-1
