variable,year,value,unit
dryso2,2000,-0.12308985287864413,kg m-2 s-1
dryso2,2001,-0.12394051120717688,kg m-2 s-1
dryso2,2002,-0.12867506805471854,kg m-2 s-1
dryso2,2003,-0.11989487663815052,kg m-2 s-1
dryso2,2004,-0.14196920078918088,kg m-2 s-1
