variable,year,value,unit
rlut,2000,0.014231794557927401,W m-2
rlut,2001,0.021369870243415263,W m-2
rlut,2002,-0.0037645296054253275,W m-2
rlut,2003,-0.006885537385336481,W m-2
rlut,2004,0.007713051905064956,W m-2
