variable,year,value,unit
so2,2000,-1.5092354160498473e-11,mol mol-1
so2,2001,-1.5919609434936977e-11,mol mol-1
so2,2002,-1.5274475995719846e-11,mol mol-1
so2,2003,-1.631758504199663e-11,mol mol-1
so2,2004,-1.7140951654004268e-11,mol mol-1
