variable,year,value,unit
wetso2,2000,-5.93940509583818,kg m-2 s-1
wetso2,2001,-5.407207782270962,kg m-2 s-1
wetso2,2002,-5.732399705394474,kg m-2 s-1
wetso2,2003,-6.0369101112601005,kg m-2 s-1
wetso2,2004,-6.616083359879611,kg m-2 s-1
