variable,year,value,unit
emibc,2000,-5.691833455291984e-21,kg m-2 s-1
emibc,2001,-4.380068387141015e-22,kg m-2 s-1
emibc,2002,-8.297530311669682e-22,kg m-2 s-1
emibc,2003,1.8131927895479844e-21,kg m-2 s-1
emibc,2004,3.736663650967533e-21,kg m-2 s-1
