variable,year,value,unit
emibc,2000,2.3749866717674083e-21,kg m-2 s-1
emibc,2001,-6.600464069905051e-22,kg m-2 s-1
emibc,2002,-5.0314949047092826e-21,kg m-2 s-1
emibc,2003,4.0585278743793634e-21,kg m-2 s-1
emibc,2004,-3.1482868223163925e-22,kg m-2 s-1
