variable,year,value,unit
dryso2,2000,-4.106027866244207e-13,kg m-2 s-1
dryso2,2001,-4.3363328430602414e-13,kg m-2 s-1
dryso2,2002,-4.0802887292995183e-13,kg m-2 s-1
dryso2,2003,-4.2273341578234083e-13,kg m-2 s-1
dryso2,2004,-4.4256023348193687e-13,kg m-2 s-1
