variable,year,value,unit
cltc,2000,0.12219275745065344,%
cltc,2001,0.03028264632581924,%
cltc,2002,-0.11203180731247174,%
cltc,2003,-0.035127963553132385,%
cltc,2004,-0.0652320003640982,%
