variable,year,value,unit
loadso4,2000,-1.0239632109344781e-07,kg m-2
loadso4,2001,-1.0076997649116083e-07,kg m-2
loadso4,2002,-9.091393706494064e-08,kg m-2
loadso4,2003,-9.840589933170752e-08,kg m-2
loadso4,2004,-1.119269279599455e-07,kg m-2
