variable,year,value,unit
emibc,2000,1.1775026091188247e-06,kg m-2 s-1
emibc,2001,-3.235539615910079e-07,kg m-2 s-1
emibc,2002,-2.483943375346519e-06,kg m-2 s-1
emibc,2003,1.8859363587171948e-06,kg m-2 s-1
emibc,2004,-1.4423842483002757e-07,kg m-2 s-1
