variable,year,value,unit
dryso4,2001,-3.0438861129152546,kg m-2 s-1
dryso4,2002,-5.924967901513165,kg m-2 s-1
dryso4,2003,-5.770453937570082,kg m-2 s-1
dryso4,2004,-3.035787902623187,kg m-2 s-1
dryso4,2005,-3.9930883579520646,kg m-2 s-1
