variable,year,value,unit
loadso2,2000,-2.4962574178211674,kg m-2
loadso2,2001,-2.691752561099249,kg m-2
loadso2,2002,-2.4723440450666576,kg m-2
loadso2,2003,-2.6166968882416506,kg m-2
loadso2,2004,-2.8766812051637505,kg m-2
