variable,year,value,unit
dms,2001,2.6291984172562404,mol mol-1
dms,2002,-0.06982843486844689,mol mol-1
dms,2003,-2.531447890678241,mol mol-1
dms,2004,-0.31550631378380967,mol mol-1
dms,2005,-3.1308743574433633,mol mol-1
