variable,year,value,unit
wetbc,2000,-1.1908214310007975e-16,kg m-2 s-1
wetbc,2001,-7.010978965319725e-16,kg m-2 s-1
wetbc,2002,2.768769766840741e-16,kg m-2 s-1
wetbc,2003,-4.659029763361507e-16,kg m-2 s-1
wetbc,2004,4.822400513196449e-16,kg m-2 s-1
