variable,year,value,unit
clt,2000,-0.02201316917045418,%
clt,2001,0.0033164570690862776,%
clt,2002,0.03598486194146814,%
clt,2003,-0.009016715462594043,%
clt,2004,-0.016140897946742564,%
