variable,year,value,unit
clivi,2000,0.11087809790180207,kg m-2
clivi,2001,-0.021859621757866037,kg m-2
clivi,2002,0.10908066133029225,kg m-2
clivi,2003,0.03840430402941289,kg m-2
clivi,2004,-0.03125249352065263,kg m-2
