variable,year,value,unit
wetbc,2000,0.1787469809799129,kg m-2 s-1
wetbc,2001,0.20028741537892186,kg m-2 s-1
wetbc,2002,0.16456217592342592,kg m-2 s-1
wetbc,2003,0.22796662789403066,kg m-2 s-1
wetbc,2004,0.20099114256779751,kg m-2 s-1
