variable,year,value,unit
mmrbc,2000,0.044542298752476006,kg kg-1
mmrbc,2001,0.10763353736472081,kg kg-1
mmrbc,2002,0.016332094038702654,kg kg-1
mmrbc,2003,0.16588091609562988,kg kg-1
mmrbc,2004,0.05167044925636322,kg kg-1
