variable,year,value,unit
cl,2000,-0.08639289340192258,%
cl,2001,0.07521555403373038,%
cl,2002,0.09289976604964581,%
cl,2003,0.21403269973200395,%
cl,2004,-0.03206863230275466,%
