variable,year,value,unit
rsut,2000,0.2707982195460728,W m-2
rsut,2001,0.2757530387535822,W m-2
rsut,2002,0.3197819066473486,W m-2
rsut,2003,0.3273179420437209,W m-2
rsut,2004,0.4287056163970716,W m-2
