variable,year,value,unit
od550aer,2000,0.24518737915056824,1
od550aer,2001,0.09072551076751681,1
od550aer,2002,0.16371528901559967,1
od550aer,2003,-0.2867458368081292,1
od550aer,2004,-0.8560174753933348,1
