variable,year,value,unit
emiso2,2000,-26.46220261771167,kg m-2 s-1
emiso2,2001,-26.709229735914413,kg m-2 s-1
emiso2,2002,-24.821085043100428,kg m-2 s-1
emiso2,2003,-24.582451145188443,kg m-2 s-1
emiso2,2004,-25.909932918022633,kg m-2 s-1
