variable,year,value,unit
loadso4,2000,-0.6628934694831602,kg m-2
loadso4,2001,-0.6089205559954112,kg m-2
loadso4,2002,-0.5712858880764393,kg m-2
loadso4,2003,-0.6395944316000629,kg m-2
loadso4,2004,-0.6022671537425348,kg m-2
