variable,year,value,unit
wetso2,2000,-5.363289504304709,kg m-2 s-1
wetso2,2001,-4.785373214372414,kg m-2 s-1
wetso2,2002,-4.392361257454101,kg m-2 s-1
wetso2,2003,-4.716853313625603,kg m-2 s-1
wetso2,2004,-4.715412310251145,kg m-2 s-1
