variable,year,value,unit
clt,2001,0.02918245428618716,%
clt,2002,-0.02388482664605036,%
clt,2003,-0.03978984439265337,%
clt,2004,-0.0039492364910148495,%
