variable,year,value,unit
rlut,2001,-0.014765076141040062,W m-2
rlut,2002,-0.009559413021453602,W m-2
rlut,2003,0.0008922815763065987,W m-2
rlut,2004,0.00819228763879722,W m-2
