variable,year,value,unit
rsut,2001,-0.15842449745016154,W m-2
rsut,2002,-0.10943070841048577,W m-2
rsut,2003,-0.1406998611453265,W m-2
rsut,2004,-0.16140678577967443,W m-2
