variable,year,value,unit
dms,2000,1.8338614244302844,mol mol-1
dms,2001,3.49341208569539,mol mol-1
dms,2002,2.134400036141851,mol mol-1
dms,2003,1.9493726713271784,mol mol-1
dms,2004,3.79805051537807,mol mol-1
