variable,year,value,unit
wetso4,2001,2.1094686876773383,kg m-2 s-1
wetso4,2002,2.07343469845452,kg m-2 s-1
wetso4,2003,2.213937158600637,kg m-2 s-1
wetso4,2004,2.327653879734252,kg m-2 s-1
