variable,year,value,unit
mmrso4,2000,47.689382658247645,kg kg-1
mmrso4,2001,44.259446545531404,kg kg-1
mmrso4,2002,42.70871663910371,kg kg-1
mmrso4,2003,40.10161793021213,kg kg-1
mmrso4,2004,42.34557771209723,kg kg-1
