variable,year,value,unit
od550aer,2000,-0.3516004134766169,1
od550aer,2001,-0.3043971119678881,1
od550aer,2002,-0.260250768575217,1
od550aer,2003,-0.2921256159818194,1
od550aer,2004,-0.27729872761893387,1
