variable,year,value,unit
od550aer,2001,-57.542068688799816,1
od550aer,2002,-58.82910235217649,1
od550aer,2003,-59.26752564582862,1
od550aer,2004,-57.34781819418213,1
