variable,year,value,unit
loadbc,2000,0.06846529144612291,kg m-2
loadbc,2001,-0.018592922964136317,kg m-2
loadbc,2002,-0.26534655640474136,kg m-2
loadbc,2003,-0.17555782124133015,kg m-2
loadbc,2004,-0.25705653020567265,kg m-2
