variable,year,value,unit
rsut,2000,0.4067391854307308,W m-2
rsut,2001,0.6622188031185161,W m-2
rsut,2002,0.5802209833631486,W m-2
rsut,2003,0.789043808470693,W m-2
rsut,2004,0.5419547331918796,W m-2
