variable,year,value,unit
wetso4,2000,1.198163287400892,kg m-2 s-1
wetso4,2001,1.3385797630483165,kg m-2 s-1
wetso4,2002,1.1808721152548174,kg m-2 s-1
wetso4,2003,1.2307063154732438,kg m-2 s-1
wetso4,2004,1.2159504735999551,kg m-2 s-1
