variable,year,value,unit
dryso2,2001,-2.9852004211847625,kg m-2 s-1
dryso2,2002,-2.8160998593297624,kg m-2 s-1
dryso2,2003,-2.823017265464568,kg m-2 s-1
dryso2,2004,-2.8706395184394067,kg m-2 s-1
