variable,year,value,unit
cltc,2000,-0.16453376009668197,%
cltc,2001,-0.2236049359080485,%
cltc,2002,-0.034192439448548,%
cltc,2003,-0.044747132152183136,%
cltc,2004,0.0909293599756442,%
