variable,year,value,unit
dryso4,2000,7.973679519750346,kg m-2 s-1
dryso4,2001,7.122193783843894,kg m-2 s-1
dryso4,2002,6.667587805066412,kg m-2 s-1
dryso4,2003,7.741863100002249,kg m-2 s-1
dryso4,2004,7.685162196026535,kg m-2 s-1
