variable,year,value,unit
drybc,2000,0.3297776438430121,kg m-2 s-1
drybc,2001,-0.07913006960815042,kg m-2 s-1
drybc,2002,-0.4174958968732068,kg m-2 s-1
drybc,2003,-0.05820337067866396,kg m-2 s-1
drybc,2004,-0.11302566163995796,kg m-2 s-1
