variable,year,value,unit
mmrso4,2000,15.177115635520675,kg kg-1
mmrso4,2001,14.028740720480048,kg kg-1
mmrso4,2002,14.469072108835595,kg kg-1
mmrso4,2003,13.92444093350457,kg kg-1
mmrso4,2004,13.328496033330179,kg kg-1
