variable,year,value,unit
mmrso4,2000,5.344243160157975,kg kg-1
mmrso4,2001,5.27593060857923,kg kg-1
mmrso4,2002,5.001698913726578,kg kg-1
mmrso4,2003,4.351829699126662,kg kg-1
mmrso4,2004,5.3834824073888585,kg kg-1
