variable,year,value,unit
loadso2,2000,-5.080066456807249,kg m-2
loadso2,2001,-5.270773459700447,kg m-2
loadso2,2002,-5.124821007725662,kg m-2
loadso2,2003,-5.203362727393427,kg m-2
loadso2,2004,-4.851973422847654,kg m-2
