variable,year,value,unit
clt,2001,-0.041609969171895266,%
clt,2002,-0.036535567175288775,%
clt,2003,-0.05548800598842749,%
clt,2004,-0.023970036257303116,%
