variable,year,value,unit
loadso4,2000,0.10804779875333295,kg m-2
loadso4,2001,0.1824992595788121,kg m-2
loadso4,2002,0.053601476961524556,kg m-2
loadso4,2003,0.10964580201831453,kg m-2
loadso4,2004,-0.06466044263530221,kg m-2
