variable,year,value,unit
rlutcs,2000,-0.002060865367429265,W m-2
rlutcs,2001,-0.0038039633992377315,W m-2
rlutcs,2002,0.00016493225020843344,W m-2
rlutcs,2003,0.0004818787219378349,W m-2
rlutcs,2004,-0.0018952413759854142,W m-2
