variable,year,value,unit
rsutcs,2001,-0.011427134246348567,W m-2
rsutcs,2002,-0.0017030954660160506,W m-2
rsutcs,2003,-0.006483156022052097,W m-2
rsutcs,2004,-0.005320920085707419,W m-2
