variable,year,value,unit
dryso2,2000,1.4708976863403327,kg m-2 s-1
dryso2,2001,1.4866077859657962,kg m-2 s-1
dryso2,2002,1.557054639604588,kg m-2 s-1
dryso2,2003,1.4713306883637478,kg m-2 s-1
dryso2,2004,1.529308092571198,kg m-2 s-1
