variable,year,value,unit
rsutcs,2001,-0.033248757439667084,W m-2
rsutcs,2002,-0.00470586975093638,W m-2
rsutcs,2003,-0.006014723139996114,W m-2
rsutcs,2004,-0.020803910973841287,W m-2
