variable,year,value,unit
rsut,2001,0.021373203969497743,W m-2
rsut,2002,-0.06995696185347675,W m-2
rsut,2003,0.0011151042726331626,W m-2
rsut,2004,-0.012389358879831395,W m-2
