variable,year,value,unit
rlut,2001,-0.0017394067867837215,W m-2
rlut,2002,-0.0018334215071279674,W m-2
rlut,2003,-0.0006380042915816025,W m-2
rlut,2004,0.00024213767844549704,W m-2
