variable,year,value,unit
od550aer,2000,-0.641645973515442,1
od550aer,2001,-0.5861551919547735,1
od550aer,2002,-0.5148133566098385,1
od550aer,2003,-0.6333015065893455,1
od550aer,2004,-0.7514050890906472,1
