variable,year,value,unit
wetso2,2000,1.1774868535595575,kg m-2 s-1
wetso2,2001,1.2087051704710687,kg m-2 s-1
wetso2,2002,1.2307395314054106,kg m-2 s-1
wetso2,2003,1.2281799282962678,kg m-2 s-1
wetso2,2004,1.1827593959467408,kg m-2 s-1
