variable,year,value,unit
so2,2001,0.9630958717733513,mol mol-1
so2,2002,0.9887586700453542,mol mol-1
so2,2003,0.9392020415930609,mol mol-1
so2,2004,0.9375688498469031,mol mol-1
