variable,year,value,unit
mmrbc,2001,0.032572972255857986,kg kg-1
mmrbc,2002,-0.00959276986536556,kg kg-1
mmrbc,2003,0.05478272328625768,kg kg-1
mmrbc,2004,-0.05936418568891237,kg kg-1
