variable,year,value,unit
clt,2000,-0.03460315133922576,%
clt,2001,-0.030356660655738187,%
clt,2002,-0.03382592045393061,%
clt,2003,-0.044240402580827606,%
clt,2004,-0.015895226319652178,%
