variable,year,value,unit
rsdt,2001,1.189480237234293e-08,W m-2
rsdt,2002,-1.1027329911406494e-08,W m-2
rsdt,2003,5.960229687186455e-09,W m-2
rsdt,2004,-1.686605970006555e-08,W m-2
