variable,year,value,unit
wetso2,2000,0.7936872960027455,kg m-2 s-1
wetso2,2001,0.5186485793732859,kg m-2 s-1
wetso2,2002,0.6602124126163619,kg m-2 s-1
wetso2,2003,0.9432543798926055,kg m-2 s-1
wetso2,2004,1.0584323115946768,kg m-2 s-1
