variable,year,value,unit
emiso2,2001,0.8792427620654315,kg m-2 s-1
emiso2,2002,0.8660054889744226,kg m-2 s-1
emiso2,2003,0.8796177625987562,kg m-2 s-1
emiso2,2004,0.8841944152552865,kg m-2 s-1
