variable,year,value,unit
emiso2,2001,-0.0006526469413710465,kg m-2 s-1
emiso2,2002,-0.0006432944378586478,kg m-2 s-1
emiso2,2003,-0.0006509330488709565,kg m-2 s-1
emiso2,2004,-0.0006671310604162875,kg m-2 s-1
