variable,year,value,unit
rlut,2001,-0.010563116323711364,W m-2
rlut,2002,0.016639059628529608,W m-2
rlut,2003,-0.011838197299454485,W m-2
rlut,2004,-0.001967541791853083,W m-2
