variable,year,value,unit
rlutcs,2000,0.006787830926997652,W m-2
rlutcs,2001,0.0015647472979485781,W m-2
rlutcs,2002,-0.0026104693909301197,W m-2
rlutcs,2003,0.005627577353394427,W m-2
rlutcs,2004,0.0022730518329406265,W m-2
