variable,year,value,unit
clivi,2000,0.04311253619493847,kg m-2
clivi,2001,-0.06672631702337012,kg m-2
clivi,2002,0.010495506281427577,kg m-2
clivi,2003,-0.06288017629552714,kg m-2
clivi,2004,0.165971120543612,kg m-2
