variable,year,value,unit
rlut,2000,0.010121809376308303,W m-2
rlut,2001,0.011199145995829243,W m-2
rlut,2002,0.01912686033367077,W m-2
rlut,2003,-0.009488657340613908,W m-2
rlut,2004,-0.003256323023169461,W m-2
