variable,year,value,unit
rsut,2000,0.0005310888221957044,W m-2
rsut,2001,0.0004514831333814132,W m-2
rsut,2002,0.00046362203876092634,W m-2
rsut,2003,-8.3426282628159e-05,W m-2
rsut,2004,-0.0002032807287618963,W m-2
