variable,year,value,unit
mmrso4,2001,-0.9467596535110451,kg kg-1
mmrso4,2002,-0.8847606362276963,kg kg-1
mmrso4,2003,-0.9684133656951323,kg kg-1
mmrso4,2004,-0.9632757675546725,kg kg-1
