variable,year,value,unit
wetso2,2001,0.599444847519305,kg m-2 s-1
wetso2,2002,0.5799239449107796,kg m-2 s-1
wetso2,2003,0.578011648052009,kg m-2 s-1
wetso2,2004,0.5976738192059083,kg m-2 s-1
