variable,year,value,unit
loadso2,2000,1.0588310658609075,kg m-2
loadso2,2001,1.0216495749236953,kg m-2
loadso2,2002,0.8114270502266939,kg m-2
loadso2,2003,0.9444531128113738,kg m-2
loadso2,2004,0.5492269301645838,kg m-2
