variable,year,value,unit
drybc,2001,-0.05777732303094863,kg m-2 s-1
drybc,2002,-0.010441154162343232,kg m-2 s-1
drybc,2003,-0.06691259028516224,kg m-2 s-1
drybc,2004,-0.1015552525864658,kg m-2 s-1
