variable,year,value,unit
drybc,2000,-0.08991328312275644,kg m-2 s-1
drybc,2001,-0.010089331235607046,kg m-2 s-1
drybc,2002,-0.003468530952445192,kg m-2 s-1
drybc,2003,-0.007813775572627846,kg m-2 s-1
drybc,2004,0.12584181932425895,kg m-2 s-1
