variable,year,value,unit
od550aer,2001,-0.2174895563940053,1
od550aer,2002,-0.17767861424735623,1
od550aer,2003,-0.3337951633552855,1
od550aer,2004,-0.2203854554693603,1
