variable,year,value,unit
rlutcs,2001,0.007065844907887878,W m-2
rlutcs,2002,0.002348200938244547,W m-2
rlutcs,2003,0.005485464471944496,W m-2
rlutcs,2004,0.00733966959685055,W m-2
