variable,year,value,unit
drybc,2001,0.28506190658574004,kg m-2 s-1
drybc,2002,0.04167557898319536,kg m-2 s-1
drybc,2003,0.0014250541528193048,kg m-2 s-1
drybc,2004,0.011049783081952966,kg m-2 s-1
