variable,year,value,unit
loadso2,2000,1.3328485943528277,kg m-2
loadso2,2001,1.339240596774976,kg m-2
loadso2,2002,1.2687230531448968,kg m-2
loadso2,2003,1.3165872942305648,kg m-2
loadso2,2004,1.3841401776684925,kg m-2
