variable,year,value,unit
dryso2,2000,0.8779550025163041,kg m-2 s-1
dryso2,2001,0.8973632743829426,kg m-2 s-1
dryso2,2002,0.8751017302272828,kg m-2 s-1
dryso2,2003,0.8942143653862386,kg m-2 s-1
dryso2,2004,0.9253693240093839,kg m-2 s-1
