variable,year,value,unit
emibc,2001,-1.7648485067422389e-06,kg m-2 s-1
emibc,2002,5.925455326106826e-06,kg m-2 s-1
emibc,2003,-2.6766878120262063e-06,kg m-2 s-1
emibc,2004,-2.235990130239344e-06,kg m-2 s-1
