variable,year,value,unit
od550aer,2000,0.01756771594002534,1
od550aer,2001,0.1810957122624146,1
od550aer,2002,-0.02135312059283704,1
od550aer,2003,0.1754770487154097,1
od550aer,2004,-0.037318137149917434,1
