variable,year,value,unit
wetbc,2000,-0.2353014600776472,kg m-2 s-1
wetbc,2001,-0.12582884822908907,kg m-2 s-1
wetbc,2002,-0.044855889401674745,kg m-2 s-1
wetbc,2003,-0.1781401578705142,kg m-2 s-1
wetbc,2004,-0.2896652814810801,kg m-2 s-1
