variable,year,value,unit
emiso2,2001,1.1535218232964324,kg m-2 s-1
emiso2,2002,1.1293058645091976,kg m-2 s-1
emiso2,2003,1.1205027032167865,kg m-2 s-1
emiso2,2004,1.1798502890065505,kg m-2 s-1
