variable,year,value,unit
mmrso4,2000,-1.6662621128795918,kg kg-1
mmrso4,2001,-1.8058530713817493,kg kg-1
mmrso4,2002,-1.5315778892474736,kg kg-1
mmrso4,2003,-1.6199801606273454,kg kg-1
mmrso4,2004,-1.7311873627134982,kg kg-1
