variable,year,value,unit
dms,2000,0.016713881395560137,mol mol-1
dms,2001,0.07133900699034099,mol mol-1
dms,2002,0.0073518905283330984,mol mol-1
dms,2003,0.04046187440575769,mol mol-1
dms,2004,0.1188466435036847,mol mol-1
