variable,year,value,unit
loadso4,2000,0.02737045563618856,kg m-2
loadso4,2001,0.02753476977497899,kg m-2
loadso4,2002,0.02606911060033823,kg m-2
loadso4,2003,0.04158604785913993,kg m-2
loadso4,2004,0.027385439869898883,kg m-2
