variable,year,value,unit
clt,2000,-0.006279900022917673,%
clt,2001,0.013461742309630154,%
clt,2002,-0.015501107119078483,%
clt,2003,0.006339703237408401,%
clt,2004,-0.006208776080107725,%
