variable,year,value,unit
loadbc,2000,6.501270177061459e-08,kg m-2
loadbc,2001,8.738080356655348e-08,kg m-2
loadbc,2002,1.0485207966096052e-07,kg m-2
loadbc,2003,8.812331118891915e-08,kg m-2
loadbc,2004,1.2817030546174607e-07,kg m-2
