variable,year,value,unit
drybc,2000,7.24271618288848e-14,kg m-2 s-1
drybc,2001,9.825406116269011e-14,kg m-2 s-1
drybc,2002,1.1563882256648475e-13,kg m-2 s-1
drybc,2003,1.0764077193913467e-13,kg m-2 s-1
drybc,2004,1.3143522086980846e-13,kg m-2 s-1
