variable,year,value,unit
rlut,2000,0.021200129237342935,W m-2
rlut,2001,0.009944036013365576,W m-2
rlut,2002,0.0018409312061464789,W m-2
rlut,2003,-0.016919663078198255,W m-2
rlut,2004,-0.003932660311022573,W m-2
