variable,year,value,unit
cltc,2000,0.018432723575365628,%
cltc,2001,0.0136568984776968,%
cltc,2002,0.012482100726039391,%
cltc,2003,-0.005691982771969251,%
cltc,2004,-0.017242147420343912,%
