variable,year,value,unit
clt,2000,0.09908130401939275,%
clt,2001,-0.20881586921332485,%
clt,2002,0.1304730373031049,%
clt,2003,-0.07413684036035306,%
clt,2004,0.05616195747165875,%
