variable,year,value,unit
rlutcs,2000,0.008028930359643027,W m-2
rlutcs,2001,0.004677196423045871,W m-2
rlutcs,2002,0.0015865359235078813,W m-2
rlutcs,2003,-0.0034928786664352174,W m-2
rlutcs,2004,0.0041846795452613605,W m-2
