variable,year,value,unit
drybc,2000,5.164382020415828e-18,kg m-2 s-1
drybc,2001,1.2920928116519697e-17,kg m-2 s-1
drybc,2002,1.944076321931536e-17,kg m-2 s-1
drybc,2003,-6.506812805515143e-18,kg m-2 s-1
drybc,2004,-1.1580753726543364e-17,kg m-2 s-1
