variable,year,value,unit
mmrbc,2000,-1.1168559532903769e-14,kg kg-1
mmrbc,2001,9.676390996784416e-15,kg kg-1
mmrbc,2002,1.8249064001139458e-14,kg kg-1
mmrbc,2003,-1.0342775709734012e-14,kg kg-1
mmrbc,2004,-9.842462985210187e-15,kg kg-1
