variable,year,value,unit
clivi,2000,-9.085342122559098e-05,kg m-2
clivi,2001,9.933506147351973e-05,kg m-2
clivi,2002,-3.725298023723664e-05,kg m-2
clivi,2003,-2.0035132348005663e-05,kg m-2
clivi,2004,2.1299405086813716e-05,kg m-2
