variable,year,value,unit
clt,2000,-0.15063769269410443,%
clt,2001,0.031099669267021568,%
clt,2002,0.00418108351759372,%
clt,2003,0.005078268471351066,%
clt,2004,-0.006139714374356231,%
