variable,year,value,unit
wetbc,2000,2.913225816633634e-18,kg m-2 s-1
wetbc,2001,1.17860828550527e-16,kg m-2 s-1
wetbc,2002,1.241235607659645e-16,kg m-2 s-1
wetbc,2003,1.0663056328402146e-16,kg m-2 s-1
wetbc,2004,9.693892716459542e-17,kg m-2 s-1
