variable,year,value,unit
wetbc,2000,3.704915176395159e-18,kg m-2 s-1
wetbc,2001,-1.8858676944875422e-16,kg m-2 s-1
wetbc,2002,-1.5136963255138995e-16,kg m-2 s-1
wetbc,2003,-3.3621454162418726e-17,kg m-2 s-1
wetbc,2004,-7.55048441454511e-17,kg m-2 s-1
