variable,year,value,unit
dms,2000,-3.941003409850243e-11,mol mol-1
dms,2001,-3.9992076240909095e-11,mol mol-1
dms,2002,-3.982917970342354e-11,mol mol-1
dms,2003,-3.927622783012855e-11,mol mol-1
dms,2004,-4.2571124010531693e-11,mol mol-1
