variable,year,value,unit
emibc,2000,1.6523259943899645e-05,kg m-2 s-1
emibc,2001,-2.828769125665962e-06,kg m-2 s-1
emibc,2002,-9.839821715275588e-07,kg m-2 s-1
emibc,2003,-2.2008597336908256e-06,kg m-2 s-1
emibc,2004,-7.3343261977113386e-06,kg m-2 s-1
