variable,year,value,unit
clivi,2000,-0.9108874771052657,kg m-2
clivi,2001,0.3737070197733887,kg m-2
clivi,2002,-0.815167257718144,kg m-2
clivi,2003,-0.7309950486572026,kg m-2
clivi,2004,-0.7793525237719195,kg m-2
