variable,year,value,unit
loadso4,2000,34.6181296757469,kg m-2
loadso4,2001,34.565488360340765,kg m-2
loadso4,2002,34.64955689471257,kg m-2
loadso4,2003,35.149698786148626,kg m-2
loadso4,2004,36.37168639836919,kg m-2
