variable,year,value,unit
clt,2001,0.0628012776733218,%
clt,2002,-0.034560949472179706,%
clt,2003,-0.010445793636791907,%
clt,2004,-0.02828634080591944,%
