variable,year,value,unit
dryso4,2001,7.761048833587049,kg m-2 s-1
dryso4,2002,7.858859574944127,kg m-2 s-1
dryso4,2003,8.256013186946767,kg m-2 s-1
dryso4,2004,8.454316520255615,kg m-2 s-1
