variable,year,value,unit
wetso2,2000,1.5847712466840524,kg m-2 s-1
wetso2,2001,1.6324988794145685,kg m-2 s-1
wetso2,2002,1.9801292061683837,kg m-2 s-1
wetso2,2003,2.0839474674154923,kg m-2 s-1
wetso2,2004,2.1626914815489564,kg m-2 s-1
