variable,year,value,unit
drybc,2001,0.5059510206375547,kg m-2 s-1
drybc,2002,0.4567192031488943,kg m-2 s-1
drybc,2003,0.4101384160928222,kg m-2 s-1
drybc,2004,0.47566073287420757,kg m-2 s-1
