variable,year,value,unit
wetso2,2000,42.19471242356485,kg m-2 s-1
wetso2,2001,42.23273462183978,kg m-2 s-1
wetso2,2002,42.40169815267761,kg m-2 s-1
wetso2,2003,45.28608436309169,kg m-2 s-1
wetso2,2004,46.62779600377103,kg m-2 s-1
