variable,year,value,unit
dryso4,2001,-68.73774405462379,kg m-2 s-1
dryso4,2002,-68.5316287603846,kg m-2 s-1
dryso4,2003,-68.52766605253524,kg m-2 s-1
dryso4,2004,-69.60014872368309,kg m-2 s-1
