variable,year,value,unit
od550aer,2000,-66.9030267754752,1
od550aer,2001,-66.87064558339614,1
od550aer,2002,-67.6140936086929,1
od550aer,2003,-66.61411921416264,1
od550aer,2004,-66.55389062506278,1
