variable,year,value,unit
dryso2,2000,-45.038844546363066,kg m-2 s-1
dryso2,2001,-45.47572893512423,kg m-2 s-1
dryso2,2002,-44.83334678501586,kg m-2 s-1
dryso2,2003,-45.20241786650148,kg m-2 s-1
dryso2,2004,-44.69947178866787,kg m-2 s-1
