variable,year,value,unit
rlut,2001,0.10253629570383163,W m-2
rlut,2002,-0.04296619139524106,W m-2
rlut,2003,-0.026789234119596078,W m-2
rlut,2004,-0.020676376844039335,W m-2
