variable,year,value,unit
loadso2,2000,18.359577787404447,kg m-2
loadso2,2001,18.71755696764752,kg m-2
loadso2,2002,18.787712048793217,kg m-2
loadso2,2003,18.394406517830415,kg m-2
loadso2,2004,19.311239302104013,kg m-2
