variable,year,value,unit
drybc,2001,0.6881686367621493,kg m-2 s-1
drybc,2002,0.6737788439892917,kg m-2 s-1
drybc,2003,0.6758032391176663,kg m-2 s-1
drybc,2004,0.7447955772105678,kg m-2 s-1
