variable,year,value,unit
wetso4,2000,16.85886095803904,kg m-2 s-1
wetso4,2001,17.173898896696844,kg m-2 s-1
wetso4,2002,17.01412375449781,kg m-2 s-1
wetso4,2003,17.6392511412809,kg m-2 s-1
wetso4,2004,17.061150702808508,kg m-2 s-1
