variable,year,value,unit
rsutcs,2000,0.30870531293060416,W m-2
rsutcs,2001,0.2830098631316867,W m-2
rsutcs,2002,0.3262733140775997,W m-2
rsutcs,2003,0.36847595023992075,W m-2
rsutcs,2004,0.37221229856552823,W m-2
