variable,year,value,unit
rsutcs,2000,0.9691555670458447,W m-2
rsutcs,2001,0.1215720515926342,W m-2
rsutcs,2002,0.11588335412578597,W m-2
rsutcs,2003,0.11865001193311052,W m-2
rsutcs,2004,0.12624312273834237,W m-2
