variable,year,value,unit
mmrso4,2001,-68.63965394676707,kg kg-1
mmrso4,2002,-68.62823557847751,kg kg-1
mmrso4,2003,-68.53886349088506,kg kg-1
mmrso4,2004,-69.85907601284799,kg kg-1
