variable,year,value,unit
rlut,2001,-0.0024957328704965868,W m-2
rlut,2002,-0.0017419711408935721,W m-2
rlut,2003,-0.0006354789920863136,W m-2
rlut,2004,-0.002545261811183359,W m-2
