variable,year,value,unit
wetso4,2001,39.327144519529675,kg m-2 s-1
wetso4,2002,38.67543159851905,kg m-2 s-1
wetso4,2003,39.62399238264173,kg m-2 s-1
wetso4,2004,39.58013490447419,kg m-2 s-1
