variable,year,value,unit
cltc,2000,-0.5323415471090234,%
cltc,2001,-0.24283126546222578,%
cltc,2002,-0.5955280844585145,%
cltc,2003,-0.5280291742059946,%
cltc,2004,-0.5892085774164224,%
