variable,year,value,unit
so2,2001,-93.86439859378525,mol mol-1
so2,2002,-93.48224155087668,mol mol-1
so2,2003,-93.7865217218525,mol mol-1
so2,2004,-94.72184321781627,mol mol-1
