variable,year,value,unit
rlutcs,2000,-0.02909036285973786,W m-2
rlutcs,2001,-0.02564176280082244,W m-2
rlutcs,2002,-0.034347386185983875,W m-2
rlutcs,2003,-0.03612736251382138,W m-2
rlutcs,2004,-0.05077417226765997,W m-2
