variable,year,value,unit
rlut,2000,-0.05967206920798595,W m-2
rlut,2001,0.0018590049201409869,W m-2
rlut,2002,0.0014835053075004186,W m-2
rlut,2003,-0.04741943760228148,W m-2
rlut,2004,0.011163991381988467,W m-2
