variable,year,value,unit
so2,2000,-66.03674863596429,mol mol-1
so2,2001,-66.37273925211052,mol mol-1
so2,2002,-65.50305403412021,mol mol-1
so2,2003,-64.65849104691512,mol mol-1
so2,2004,-66.06682357833749,mol mol-1
