variable,year,value,unit
mmrso4,2000,12.703616315085892,kg kg-1
mmrso4,2001,12.546944669635993,kg kg-1
mmrso4,2002,13.373859584473982,kg kg-1
mmrso4,2003,12.578144540020277,kg kg-1
mmrso4,2004,13.43493682118957,kg kg-1
