variable,year,value,unit
wetbc,2000,-0.12077257426043511,kg m-2 s-1
wetbc,2001,0.04105785047365323,kg m-2 s-1
wetbc,2002,0.17944572390372532,kg m-2 s-1
wetbc,2003,-0.07862255478188505,kg m-2 s-1
wetbc,2004,0.11113057835503538,kg m-2 s-1
