variable,year,value,unit
loadbc,2000,-0.43252215038249653,kg m-2
loadbc,2001,-0.40521372147841567,kg m-2
loadbc,2002,-0.6323065194817613,kg m-2
loadbc,2003,-0.1541925704490492,kg m-2
loadbc,2004,-0.34484406390858546,kg m-2
