variable,year,value,unit
wetso2,2000,-0.37647632108039447,kg m-2 s-1
wetso2,2001,-0.3302681257290305,kg m-2 s-1
wetso2,2002,-0.5193694153504312,kg m-2 s-1
wetso2,2003,-0.5478687015194368,kg m-2 s-1
wetso2,2004,-0.4511893206938395,kg m-2 s-1
