variable,year,value,unit
emiso2,2000,-3.7527520732811412,kg m-2 s-1
emiso2,2001,-3.905064272123919,kg m-2 s-1
emiso2,2002,-3.692547916112997,kg m-2 s-1
emiso2,2003,-3.7851112892204974,kg m-2 s-1
emiso2,2004,-4.021292260787456,kg m-2 s-1
