variable,year,value,unit
clt,2000,-0.033132571041686314,%
clt,2001,-0.029651883466790582,%
clt,2002,-0.019496988615355138,%
clt,2003,-0.0201214558550228,%
clt,2004,-0.0048574808909603705,%
