variable,year,value,unit
rsut,2000,-0.016943753823717208,W m-2
rsut,2001,-0.03363136505620795,W m-2
rsut,2002,-0.05865341919287193,W m-2
rsut,2003,-0.048224224958077114,W m-2
rsut,2004,-0.03640284087210164,W m-2
