variable,year,value,unit
rlut,2000,0.011154175,W m-2
rlut,2001,0.023025513,W m-2
rlut,2002,0.05647278,W m-2
rlut,2003,0.009460449,W m-2
rlut,2004,0.017303467,W m-2
