variable,year,value,unit
rlut,2000,0.030838013,W m-2
rlut,2001,-0.00090026855,W m-2
rlut,2002,0.0011749268,W m-2
rlut,2003,-0.00076293945,W m-2
rlut,2004,0.0009613037,W m-2
