variable,year,value,unit
wetbc,2000,-2.6400323e-17,kg m-2 s-1
wetbc,2001,8.5462236e-17,kg m-2 s-1
wetbc,2002,-8.2019894e-17,kg m-2 s-1
wetbc,2003,1.17635936e-17,kg m-2 s-1
wetbc,2004,2.3933763e-17,kg m-2 s-1
