variable,year,value,unit
dryso4,2000,-5.3422978e-15,kg m-2 s-1
dryso4,2001,-3.0196115e-15,kg m-2 s-1
dryso4,2002,-2.4715473e-15,kg m-2 s-1
dryso4,2003,-4.773417e-15,kg m-2 s-1
dryso4,2004,-2.3457798e-15,kg m-2 s-1
