variable,year,value,unit
drybc,2000,-3.4061567e-16,kg m-2 s-1
drybc,2001,1.3213714e-17,kg m-2 s-1
drybc,2002,-3.3881318e-19,kg m-2 s-1
drybc,2003,-1.9109063e-18,kg m-2 s-1
drybc,2004,8.890458e-18,kg m-2 s-1
