variable,year,value,unit
emiso2,2000,3.556183e-17,kg m-2 s-1
emiso2,2001,3.2092384e-17,kg m-2 s-1
emiso2,2002,3.2959746e-17,kg m-2 s-1
emiso2,2003,3.2092384e-17,kg m-2 s-1
emiso2,2004,3.8163916e-17,kg m-2 s-1
