variable,year,value,unit
clt,2000,60.27126099211372,%
clt,2001,60.28882064631368,%
clt,2002,59.938773295229225,%
clt,2003,60.5195320648608,%
clt,2004,59.81580353091551,%
