variable,year,value,unit
od550aer,2000,0.15493172625147641,1
od550aer,2001,0.15586273259754257,1
od550aer,2002,0.16166554216557497,1
od550aer,2003,0.1597079575170292,1
od550aer,2004,0.1608211355788855,1
