variable,year,value,unit
rlut,2000,249.0501547814824,W m-2
rlut,2001,248.62193602908587,W m-2
rlut,2002,248.9226854552072,W m-2
rlut,2003,249.95164488414167,W m-2
rlut,2004,249.14758256619572,W m-2
