variable,year,value,unit
cl,2000,9.850779937059155,%
cl,2001,10.003537330739766,%
cl,2002,9.999366797677618,%
cl,2003,10.337631941488967,%
cl,2004,10.15352749091739,%
