variable,year,value,unit
so2,2001,1.1089916825754435e-10,mol mol-1
so2,2002,1.1137252214951714e-10,mol mol-1
so2,2003,1.1580449082561662e-10,mol mol-1
so2,2004,1.1111989718563751e-10,mol mol-1
