variable,year,value,unit
clt,2000,62.176471146471734,%
clt,2001,62.35985699550178,%
clt,2002,62.140188785779465,%
clt,2003,62.32964452871153,%
clt,2004,62.566147984498876,%
