variable,year,value,unit
loadbc,2000,1.342213960720145e-07,kg m-2
loadbc,2001,1.4156410571449857e-07,kg m-2
loadbc,2002,1.4599623625287818e-07,kg m-2
loadbc,2003,1.4712023757514858e-07,kg m-2
loadbc,2004,1.5024168618832534e-07,kg m-2
