variable,year,value,unit
emiso2,2000,2.9086887293349857e-12,kg m-2 s-1
emiso2,2001,2.964588006943878e-12,kg m-2 s-1
emiso2,2002,2.9057428976114677e-12,kg m-2 s-1
emiso2,2003,2.9499012560419676e-12,kg m-2 s-1
emiso2,2004,3.1117091418168845e-12,kg m-2 s-1
