variable,year,value,unit
cltc,2001,1.0021265158292298,%
cltc,2002,0.9918159915749305,%
cltc,2003,0.9823971387642576,%
cltc,2004,1.0154187989725287,%
