variable,year,value,unit
bldep,2000,727.0665093383252,m
bldep,2001,722.0057104929431,m
bldep,2002,721.6663444012607,m
bldep,2003,719.7445280419895,m
bldep,2004,725.0483766120045,m
