variable,year,value,unit
dryso2,2000,1.2567121330316915e-12,kg m-2 s-1
dryso2,2001,1.2677348285381664e-12,kg m-2 s-1
dryso2,2002,1.2661148281664364e-12,kg m-2 s-1
dryso2,2003,1.271290233508834e-12,kg m-2 s-1
dryso2,2004,1.3429891161203957e-12,kg m-2 s-1
