variable,year,value,unit
loadso2,2000,8.507847706833874e-07,kg m-2
loadso2,2001,8.595601603109186e-07,kg m-2
loadso2,2002,8.518643035068843e-07,kg m-2
loadso2,2003,8.458297972975607e-07,kg m-2
loadso2,2004,8.735462751768911e-07,kg m-2
