variable,year,value,unit
drybc,2000,4.1496892186073334e-14,kg m-2 s-1
drybc,2001,4.114651651668283e-14,kg m-2 s-1
drybc,2002,4.5175506708753706e-14,kg m-2 s-1
drybc,2003,4.6123591778424263e-14,kg m-2 s-1
drybc,2004,4.7966048343972216e-14,kg m-2 s-1
