variable,year,value,unit
dms,2000,8.222176565926195e-11,mol mol-1
dms,2001,8.10656062690108e-11,mol mol-1
dms,2002,8.105350787048826e-11,mol mol-1
dms,2003,7.789019994169674e-11,mol mol-1
dms,2004,7.633947346755641e-11,mol mol-1
