variable,year,value,unit
mmrbc,2000,4.716237049053325e-11,kg kg-1
mmrbc,2001,5.062256950384412e-11,kg kg-1
mmrbc,2002,5.317957525552026e-11,kg kg-1
mmrbc,2003,5.615748108889553e-11,kg kg-1
mmrbc,2004,5.5531507859781854e-11,kg kg-1
