variable,year,value,unit
loadso4,2000,1.8270153134584564e-06,kg m-2
loadso4,2001,1.913055375311543e-06,kg m-2
loadso4,2002,1.8835894283150455e-06,kg m-2
loadso4,2003,2.0730858585663396e-06,kg m-2
loadso4,2004,1.9309831554640654e-06,kg m-2
