variable,year,value,unit
rlut,2000,243.34523311324497,W m-2
rlut,2001,242.70165551914886,W m-2
rlut,2002,242.6234341759744,W m-2
rlut,2003,243.6344642648118,W m-2
rlut,2004,242.80599058448192,W m-2
