variable,year,value,unit
od550aer,2000,0.13033494727098416,1
od550aer,2001,0.1311265226922011,1
od550aer,2002,0.13802779803190293,1
od550aer,2003,0.13874431643161522,1
od550aer,2004,0.1392202829792718,1
