variable,year,value,unit
emibc,2001,5.916442550996445e-14,kg m-2 s-1
emibc,2002,6.110335488613933e-14,kg m-2 s-1
emibc,2003,6.343862153157902e-14,kg m-2 s-1
emibc,2004,6.68880887342721e-14,kg m-2 s-1
