variable,year,value,unit
od550aer,2001,0.1370610568962657,1
od550aer,2002,0.14083457312496442,1
od550aer,2003,0.14218392289920026,1
od550aer,2004,0.14054161270619395,1
