variable,year,value,unit
loadso2,2000,1.1611145822703445e-06,kg m-2
loadso2,2001,1.16916320172427e-06,kg m-2
loadso2,2002,1.168635816817247e-06,kg m-2
loadso2,2003,1.1777164042610689e-06,kg m-2
loadso2,2004,1.2255208803737553e-06,kg m-2
