variable,year,value,unit
od550aer,2000,0.13851521329961974,1
od550aer,2001,0.13685668442223922,1
od550aer,2002,0.13822246872652513,1
od550aer,2003,0.13305160007850228,1
od550aer,2004,0.1360549798961352,1
