variable,year,value,unit
drybc,2000,8.73002113573996e-14,kg m-2 s-1
drybc,2001,9.231262336581054e-14,kg m-2 s-1
drybc,2002,9.82300856641321e-14,kg m-2 s-1
drybc,2003,1.0120784993235007e-13,kg m-2 s-1
drybc,2004,1.0254819377971125e-13,kg m-2 s-1
