variable,year,value,unit
dryso2,2000,2.421440025125948e-12,kg m-2 s-1
dryso2,2001,2.438974010339198e-12,kg m-2 s-1
dryso2,2002,2.497371241036593e-12,kg m-2 s-1
dryso2,2003,2.4429032152427547e-12,kg m-2 s-1
dryso2,2004,2.5779403973403317e-12,kg m-2 s-1
