variable,year,value,unit
wetbc,2001,2.9716077699786227e-13,kg m-2 s-1
wetbc,2002,3.190895582988078e-13,kg m-2 s-1
wetbc,2003,3.1657678832880197e-13,kg m-2 s-1
wetbc,2004,3.3361421558090865e-13,kg m-2 s-1
