variable,year,value,unit
rsdt,2000,355.11572578921334,W m-2
rsdt,2001,355.2594625397511,W m-2
rsdt,2002,355.2594627119803,W m-2
rsdt,2003,355.2594626463506,W m-2
rsdt,2004,355.11572675855155,W m-2
