variable,year,value,unit
so2,2000,6.64950629447841e-11,mol mol-1
so2,2001,6.79486523174309e-11,mol mol-1
so2,2002,6.880920066860839e-11,mol mol-1
so2,2003,6.803253240802921e-11,mol mol-1
so2,2004,7.022649853285682e-11,mol mol-1
