variable,year,value,unit
wetso2,2000,0.03198883826131429,kg m-2 s-1
wetso2,2001,0.03204096337313915,kg m-2 s-1
wetso2,2002,0.032131865481104534,kg m-2 s-1
wetso2,2003,0.03180290844392241,kg m-2 s-1
wetso2,2004,0.03251512485273372,kg m-2 s-1
