variable,year,value,unit
rsutcs,2000,43.47678682480627,W m-2
rsutcs,2001,43.47438257381995,W m-2
rsutcs,2002,43.52535355901328,W m-2
rsutcs,2003,43.362647249837146,W m-2
rsutcs,2004,43.32691831883813,W m-2
