variable,year,value,unit
mmrso4,2000,1.013269386350121e-09,kg kg-1
mmrso4,2001,1.0235262326096852e-09,kg kg-1
mmrso4,2002,1.0155930950963467e-09,kg kg-1
mmrso4,2003,1.040943065783017e-09,kg kg-1
mmrso4,2004,1.0717217098322658e-09,kg kg-1
