variable,year,value,unit
mmrso4,2001,5.046650979637536e-10,kg kg-1
mmrso4,2002,5.064429303161835e-10,kg kg-1
mmrso4,2003,5.063601168254877e-10,kg kg-1
mmrso4,2004,5.152217756730232e-10,kg kg-1
