variable,year,value,unit
bldep,2001,761.5285249673424,m
bldep,2002,757.7570712717189,m
bldep,2003,760.4832968863531,m
bldep,2004,755.8040558517769,m
