variable,year,value,unit
od550aer,2000,0.12218784297422025,1
od550aer,2001,0.12108467293144277,1
od550aer,2002,0.12306683646171886,1
od550aer,2003,0.12222904237025808,1
od550aer,2004,0.12259048522018787,1
