variable,year,value,unit
mmrso4,2001,6.295245994460899,kg kg-1
mmrso4,2002,6.17866150842895,kg kg-1
mmrso4,2003,6.216267858613055,kg kg-1
mmrso4,2004,6.508411671091598,kg kg-1
