variable,year,value,unit
wetso4,2000,13.776770428948137,kg m-2 s-1
wetso4,2001,13.643227473829603,kg m-2 s-1
wetso4,2002,13.472513512102141,kg m-2 s-1
wetso4,2003,13.912376059796824,kg m-2 s-1
wetso4,2004,14.030247699613833,kg m-2 s-1
