variable,year,value,unit
loadbc,2000,-0.06845287098517369,kg m-2
loadbc,2001,-0.08508055262970184,kg m-2
loadbc,2002,-0.026620877707029734,kg m-2
loadbc,2003,-0.05851792272489638,kg m-2
loadbc,2004,-0.047555939283802195,kg m-2
