variable,year,value,unit
cl,2000,0.006138440033959685,%
cl,2001,-0.017993747681719307,%
cl,2002,-0.013174708609139713,%
cl,2003,-0.016541508096172178,%
cl,2004,0.026063381234340773,%
