variable,year,value,unit
drybc,2000,0.0672699102662292,kg m-2 s-1
drybc,2001,0.04296869274472407,kg m-2 s-1
drybc,2002,0.0999954654183964,kg m-2 s-1
drybc,2003,0.17332841931452866,kg m-2 s-1
drybc,2004,0.11691017048797568,kg m-2 s-1
