variable,year,value,unit
clivi,2000,-0.17433791174192526,kg m-2
clivi,2001,-0.056584687085556445,kg m-2
clivi,2002,0.008695446172968475,kg m-2
clivi,2003,0.23023573250535953,kg m-2
clivi,2004,0.06994365081206144,kg m-2
