variable,year,value,unit
drybc,2001,-0.16927108332979687,kg m-2 s-1
drybc,2002,-0.15189019741863985,kg m-2 s-1
drybc,2003,-0.2588143497886368,kg m-2 s-1
drybc,2004,-0.1701588277726388,kg m-2 s-1
