variable,year,value,unit
emiso2,2000,0.04993748456324541,kg m-2 s-1
emiso2,2001,0.04976647781115639,kg m-2 s-1
emiso2,2002,0.04947324750976721,kg m-2 s-1
emiso2,2003,0.05001720341286872,kg m-2 s-1
emiso2,2004,0.050318524685029925,kg m-2 s-1
