variable,year,value,unit
loadso2,2000,5.054427487301298,kg m-2
loadso2,2001,4.945405718427217,kg m-2
loadso2,2002,5.118437546151856,kg m-2
loadso2,2003,4.798906537259081,kg m-2
loadso2,2004,5.081660280688089,kg m-2
