variable,year,value,unit
mmrso4,2000,7.819890593050899,kg kg-1
mmrso4,2001,6.259309179302004,kg kg-1
mmrso4,2002,9.095676527027804,kg kg-1
mmrso4,2003,10.346865126252816,kg kg-1
mmrso4,2004,10.47676126693107,kg kg-1
