variable,year,value,unit
mmrbc,2000,0.2217705596550303,kg kg-1
mmrbc,2001,0.15518061149708953,kg kg-1
mmrbc,2002,0.17703374121770424,kg kg-1
mmrbc,2003,0.14184219438189868,kg kg-1
mmrbc,2004,0.21420118657989126,kg kg-1
