variable,year,value,unit
loadbc,2000,0.085795462969699,kg m-2
loadbc,2001,0.14790607819817034,kg m-2
loadbc,2002,0.18086257303248054,kg m-2
loadbc,2003,0.26857260505276564,kg m-2
loadbc,2004,0.13958850662997943,kg m-2
