variable,year,value,unit
dms,2000,-0.058260293100742315,mol mol-1
dms,2001,-0.05252693669299439,mol mol-1
dms,2002,-0.003567591998837147,mol mol-1
dms,2003,0.0047210678633507076,mol mol-1
dms,2004,-0.018338110504887564,mol mol-1
