variable,year,value,unit
mmrbc,2000,-0.17069030257291853,kg kg-1
mmrbc,2001,-0.15723469538053242,kg kg-1
mmrbc,2002,-0.05741829824103008,kg kg-1
mmrbc,2003,8.250069258910185e-05,kg kg-1
mmrbc,2004,-0.15817500337118887,kg kg-1
