variable,year,value,unit
rlut,2000,0.0024566389482253643,W m-2
rlut,2001,-0.00240366402511005,W m-2
rlut,2002,0.0032623102848268744,W m-2
rlut,2003,0.00234713757024917,W m-2
rlut,2004,-0.0009727142029907355,W m-2
