variable,year,value,unit
cltc,2001,0.0026536096334979697,%
cltc,2002,0.007080244718550441,%
cltc,2003,-0.03334635732032277,%
cltc,2004,-0.049744905965682526,%
