variable,year,value,unit
od550aer,2000,6.186135203918334,1
od550aer,2001,5.5888656850319745,1
od550aer,2002,6.68059843137301,1
od550aer,2003,7.788727672283237,1
od550aer,2004,7.883126284839228,1
