variable,year,value,unit
emibc,2000,4.106207813937723e-23,kg m-2 s-1
emibc,2001,-6.63508635461986e-23,kg m-2 s-1
emibc,2002,2.3229755702950235e-21,kg m-2 s-1
emibc,2003,1.5511906763945623e-21,kg m-2 s-1
emibc,2004,-1.1810658739328061e-21,kg m-2 s-1
