variable,year,value,unit
rsutcs,2000,0.01942362402154174,W m-2
rsutcs,2001,0.018765710804814262,W m-2
rsutcs,2002,0.021778943300049036,W m-2
rsutcs,2003,0.021863982001612214,W m-2
rsutcs,2004,0.022296903642583743,W m-2
