variable,year,value,unit
mmrbc,2000,-9.398872751940894e-14,kg kg-1
mmrbc,2001,-2.0213705019138982e-14,kg kg-1
mmrbc,2002,-1.9041440580866412e-14,kg kg-1
mmrbc,2003,1.0956667690761703e-13,kg kg-1
mmrbc,2004,9.726672766930192e-14,kg kg-1
