variable,year,value,unit
wetso2,2000,1.562647242972427e-13,kg m-2 s-1
wetso2,2001,1.4359158448239777e-13,kg m-2 s-1
wetso2,2002,1.4723958630798513e-13,kg m-2 s-1
wetso2,2003,1.5957217092103522e-13,kg m-2 s-1
wetso2,2004,1.789914808086257e-13,kg m-2 s-1
