variable,year,value,unit
mmrso4,2000,-1.244074554102815e-11,kg kg-1
mmrso4,2001,-9.909519708524457e-12,kg kg-1
mmrso4,2002,-1.1026365017888765e-11,kg kg-1
mmrso4,2003,-1.1437854720170147e-11,kg kg-1
mmrso4,2004,-1.2845821953728956e-11,kg kg-1
