variable,year,value,unit
mmrso4,2000,-9.092332856103752e-12,kg kg-1
mmrso4,2001,-7.759370842034572e-12,kg kg-1
mmrso4,2002,-1.0737927000571122e-11,kg kg-1
mmrso4,2003,-1.0719767573843125e-11,kg kg-1
mmrso4,2004,-1.0825698907561411e-11,kg kg-1
