variable,year,value,unit
rsutcs,2000,-0.003781372906914271,W m-2
rsutcs,2001,-0.010144715804514703,W m-2
rsutcs,2002,-0.009998456572681391,W m-2
rsutcs,2003,-0.012005509827247351,W m-2
rsutcs,2004,-0.015302229984335725,W m-2
