variable,year,value,unit
wetbc,2000,3.1135489345827917e-16,kg m-2 s-1
wetbc,2001,-3.521820807963375e-16,kg m-2 s-1
wetbc,2002,-4.1066818400245103e-16,kg m-2 s-1
wetbc,2003,-1.2363659065747493e-16,kg m-2 s-1
wetbc,2004,6.384695205770127e-17,kg m-2 s-1
