variable,year,value,unit
mmrso4,2000,-6.7994459163236195e-12,kg kg-1
mmrso4,2001,-8.064018855845938e-12,kg kg-1
mmrso4,2002,-7.834909914409364e-12,kg kg-1
mmrso4,2003,-7.491467599564902e-12,kg kg-1
mmrso4,2004,-9.171799254331766e-12,kg kg-1
