variable,year,value,unit
rlut,2000,0.0033016560385306093,W m-2
rlut,2001,-0.0007917389995384383,W m-2
rlut,2002,0.0031729350004638945,W m-2
rlut,2003,0.005519020491391302,W m-2
rlut,2004,-0.0008859999862806944,W m-2
