variable,year,value,unit
loadbc,2000,-3.7578939659129976e-10,kg m-2
loadbc,2001,-1.6237800594330572e-11,kg m-2
loadbc,2002,-3.6088405375727866e-10,kg m-2
loadbc,2003,-1.7828916570683505e-10,kg m-2
loadbc,2004,2.2832724903288993e-11,kg m-2
