variable,year,value,unit
loadso4,2000,-2.8489750321147147e-08,kg m-2
loadso4,2001,-2.5637850230348168e-08,kg m-2
loadso4,2002,-2.3253479029248862e-08,kg m-2
loadso4,2003,-3.013277547470577e-08,kg m-2
loadso4,2004,-2.8581185996838843e-08,kg m-2
