variable,year,value,unit
drybc,2000,9.006336749390478e-17,kg m-2 s-1
drybc,2001,-4.667676654460069e-17,kg m-2 s-1
drybc,2002,-8.181403430700513e-17,kg m-2 s-1
drybc,2003,-1.5609890349184045e-17,kg m-2 s-1
drybc,2004,-4.4736836378527126e-17,kg m-2 s-1
