variable,year,value,unit
emiso2,2001,1.1133424468719959e-14,kg m-2 s-1
emiso2,2002,1.107237626746166e-14,kg m-2 s-1
emiso2,2003,1.1535198320590132e-14,kg m-2 s-1
emiso2,2004,1.200104076162217e-14,kg m-2 s-1
