variable,year,value,unit
wetbc,2000,-0.444610076668686,kg m-2 s-1
wetbc,2001,-0.3641160950657572,kg m-2 s-1
wetbc,2002,-0.34810859705161773,kg m-2 s-1
wetbc,2003,-0.41177176679791583,kg m-2 s-1
wetbc,2004,-0.4688619679059696,kg m-2 s-1
