variable,year,value,unit
emiso2,2000,-0.43973616477720595,kg m-2 s-1
emiso2,2001,-0.45967683541983106,kg m-2 s-1
emiso2,2002,-0.42951215624684813,kg m-2 s-1
emiso2,2003,-0.4196582340504664,kg m-2 s-1
emiso2,2004,-0.4312721456817557,kg m-2 s-1
