variable,year,value,unit
wetso2,2000,-0.8749933478591416,kg m-2 s-1
wetso2,2001,-0.9618117635812407,kg m-2 s-1
wetso2,2002,-0.5736424305253007,kg m-2 s-1
wetso2,2003,-0.9166471605512798,kg m-2 s-1
wetso2,2004,-1.0594529309304557,kg m-2 s-1
