variable,year,value,unit
drybc,2000,-0.22008128997950854,kg m-2 s-1
drybc,2001,-0.25984124189913926,kg m-2 s-1
drybc,2002,-0.2593770113864937,kg m-2 s-1
drybc,2003,-0.23488934075283915,kg m-2 s-1
drybc,2004,-0.26882199009622926,kg m-2 s-1
