variable,year,value,unit
rsutcs,2000,0.03928167954367143,W m-2
rsutcs,2001,0.030812744398021827,W m-2
rsutcs,2002,-0.04974137383470157,W m-2
rsutcs,2003,0.05331272934938835,W m-2
rsutcs,2004,-0.026510261625027245,W m-2
