variable,year,value,unit
cl,2000,0.01617148716187868,%
cl,2001,0.2789208927192126,%
cl,2002,0.3162476535305464,%
cl,2003,0.13623140972682854,%
cl,2004,-0.346305734797252,%
