variable,year,value,unit
dryso4,2000,-0.02178616263543726,kg m-2 s-1
dryso4,2001,-0.7593166986956639,kg m-2 s-1
dryso4,2002,0.0024372033877440406,kg m-2 s-1
dryso4,2003,-0.5747645509411403,kg m-2 s-1
dryso4,2004,-0.23633657223818813,kg m-2 s-1
