variable,year,value,unit
wetso2,2000,-0.15600577368549412,kg m-2 s-1
wetso2,2001,0.03599449017256784,kg m-2 s-1
wetso2,2002,-0.23082967098986126,kg m-2 s-1
wetso2,2003,-0.09200630877672152,kg m-2 s-1
wetso2,2004,-0.15661623225448215,kg m-2 s-1
