variable,year,value,unit
dryso4,2000,-0.04252870988419768,kg m-2 s-1
dryso4,2001,0.17497321985467015,kg m-2 s-1
dryso4,2002,-0.06725175099209274,kg m-2 s-1
dryso4,2003,-0.06374399137113367,kg m-2 s-1
dryso4,2004,0.12696764339751382,kg m-2 s-1
