variable,year,value,unit
drybc,2000,-0.15006950161660085,kg m-2 s-1
drybc,2001,-0.1436772738706069,kg m-2 s-1
drybc,2002,-0.03932261469522072,kg m-2 s-1
drybc,2003,0.052808279515055956,kg m-2 s-1
drybc,2004,0.013007890623379438,kg m-2 s-1
