variable,year,value,unit
mmrbc,2001,0.010250575029875518,kg kg-1
mmrbc,2002,-0.007678258997411157,kg kg-1
mmrbc,2003,0.00012256934573203434,kg kg-1
mmrbc,2004,0.0068407455754616485,kg kg-1
