variable,year,value,unit
loadbc,2000,-0.0028177320598163193,kg m-2
loadbc,2001,-0.22063762712313906,kg m-2
loadbc,2002,-0.09926016164898831,kg m-2
loadbc,2003,0.039270088663860586,kg m-2
loadbc,2004,-0.017683513768242086,kg m-2
