variable,year,value,unit
mmrbc,2001,-0.0907039824441918,kg kg-1
mmrbc,2002,0.10206509009573468,kg kg-1
mmrbc,2003,-0.13491709618155756,kg kg-1
mmrbc,2004,0.005054155047073343,kg kg-1
