variable,year,value,unit
loadso4,2000,1.2975092302550335,kg m-2
loadso4,2001,1.3935325048971634,kg m-2
loadso4,2002,1.1531819822902702,kg m-2
loadso4,2003,1.1383805283224273,kg m-2
loadso4,2004,1.1973349367671657,kg m-2
