variable,year,value,unit
dryso4,2000,2.8557794066028026,kg m-2 s-1
dryso4,2001,2.7630423446356964,kg m-2 s-1
dryso4,2002,2.3330246059006465,kg m-2 s-1
dryso4,2003,2.6142170102425046,kg m-2 s-1
dryso4,2004,2.2626484698397173,kg m-2 s-1
