variable,year,value,unit
wetso4,2000,1.626016300421627,kg m-2 s-1
wetso4,2001,1.4074193154941583,kg m-2 s-1
wetso4,2002,1.4899655083998267,kg m-2 s-1
wetso4,2003,1.3335892105539,kg m-2 s-1
wetso4,2004,1.3847785089632334,kg m-2 s-1
