variable,year,value,unit
dryso2,2000,-1.1704980392834727,kg m-2 s-1
dryso2,2001,-1.0881799808044028,kg m-2 s-1
dryso2,2002,-1.0740020960308108,kg m-2 s-1
dryso2,2003,-1.1113209656963015,kg m-2 s-1
dryso2,2004,-1.0319810799905136,kg m-2 s-1
