variable,year,value,unit
drybc,2000,0.028496374760193333,kg m-2 s-1
drybc,2001,0.14068678483787983,kg m-2 s-1
drybc,2002,0.013191320646724382,kg m-2 s-1
drybc,2003,0.06335426921299896,kg m-2 s-1
drybc,2004,0.13085464496476268,kg m-2 s-1
