variable,year,value,unit
dryso2,2001,-1.1076145973903577,kg m-2 s-1
dryso2,2002,-0.3629634558815601,kg m-2 s-1
dryso2,2003,-0.9065809461695307,kg m-2 s-1
dryso2,2004,-1.0017220825373505,kg m-2 s-1
