variable,year,value,unit
emiso2,2000,-0.03352933234652731,kg m-2 s-1
emiso2,2001,-0.044176093000061534,kg m-2 s-1
emiso2,2002,-0.036497416183220874,kg m-2 s-1
emiso2,2003,-0.029750647314443657,kg m-2 s-1
emiso2,2004,-0.038939552898114085,kg m-2 s-1
