variable,year,value,unit
cl,2000,0.21003306517478065,%
cl,2001,0.11388102082417975,%
cl,2002,-0.011947325533273033,%
cl,2003,-0.050128803540002875,%
cl,2004,-0.010344211676712418,%
