variable,year,value,unit
emiso2,2001,-0.025393297920690745,kg m-2 s-1
emiso2,2002,-0.024480920162370495,kg m-2 s-1
emiso2,2003,-0.02549662592308767,kg m-2 s-1
emiso2,2004,-0.026146899461505616,kg m-2 s-1
