variable,year,value,unit
wetbc,2000,-0.25531991459250836,kg m-2 s-1
wetbc,2001,-0.2770573203434477,kg m-2 s-1
wetbc,2002,0.02236679505488885,kg m-2 s-1
wetbc,2003,0.12465474601151938,kg m-2 s-1
wetbc,2004,0.46389731858446775,kg m-2 s-1
