variable,year,value,unit
cltc,2000,-0.16366626639437507,%
cltc,2001,-0.17838546518840803,%
cltc,2002,-0.119918919815604,%
cltc,2003,-0.10691297348436894,%
cltc,2004,-0.228558349396096,%
