variable,year,value,unit
loadso4,2000,2.2930873598916586,kg m-2
loadso4,2001,1.9338371536876446,kg m-2
loadso4,2002,2.290412854419289,kg m-2
loadso4,2003,2.0186512105752286,kg m-2
loadso4,2004,2.0858670201597413,kg m-2
