variable,year,value,unit
loadso4,2000,2.0300155781287286,kg m-2
loadso4,2001,2.1270261558653702,kg m-2
loadso4,2002,1.8339180166332372,kg m-2
loadso4,2003,2.0757481756274996,kg m-2
loadso4,2004,1.8219884222471436,kg m-2
