variable,year,value,unit
wetso2,2000,2.74919985086637,kg m-2 s-1
wetso2,2001,2.7210507997412954,kg m-2 s-1
wetso2,2002,2.587766517544014,kg m-2 s-1
wetso2,2003,2.4526725434938066,kg m-2 s-1
wetso2,2004,2.352982103259104,kg m-2 s-1
