variable,year,value,unit
dryso2,2000,0.3867243340482573,kg m-2 s-1
dryso2,2001,0.5311322471854742,kg m-2 s-1
dryso2,2002,0.12081111864219697,kg m-2 s-1
dryso2,2003,0.4306683111700637,kg m-2 s-1
dryso2,2004,0.5288330902360665,kg m-2 s-1
