variable,year,value,unit
clivi,2000,-0.23051142999592636,kg m-2
clivi,2001,-0.1609057892941503,kg m-2
clivi,2002,0.9570682539634983,kg m-2
clivi,2003,-0.6418355588344521,kg m-2
clivi,2004,0.11753148453737258,kg m-2
