variable,year,value,unit
dryso4,2001,1.630648486692102,kg m-2 s-1
dryso4,2002,1.2976754462553066,kg m-2 s-1
dryso4,2003,1.1392591817774145,kg m-2 s-1
dryso4,2004,1.3325447841466111,kg m-2 s-1
