variable,year,value,unit
wetso2,2000,1.2614436077812283,kg m-2 s-1
wetso2,2001,1.2458782932343966,kg m-2 s-1
wetso2,2002,0.35578767760406427,kg m-2 s-1
wetso2,2003,1.5840787229186888,kg m-2 s-1
wetso2,2004,1.0357510327209758,kg m-2 s-1
