variable,year,value,unit
drybc,2000,-0.2579238752941955,kg m-2 s-1
drybc,2001,0.17444837329358387,kg m-2 s-1
drybc,2002,0.16573442754754897,kg m-2 s-1
drybc,2003,-0.159249533636229,kg m-2 s-1
drybc,2004,0.038135948503782054,kg m-2 s-1
