variable,year,value,unit
wetso4,2001,3.326871904334445,kg m-2 s-1
wetso4,2002,2.6611162967073465,kg m-2 s-1
wetso4,2003,2.8362366169389346,kg m-2 s-1
wetso4,2004,3.054061255010923,kg m-2 s-1
