variable,year,value,unit
cl,2000,0.279435472247524,%
cl,2001,0.4776765929003491,%
cl,2002,-0.04037914905653625,%
cl,2003,0.26863806355620845,%
cl,2004,0.022244228777314367,%
