variable,year,value,unit
rlutcs,2000,0.0011637774666118318,W m-2
rlutcs,2001,-0.006090730992604597,W m-2
rlutcs,2002,-0.010798063634992078,W m-2
rlutcs,2003,-0.006462604706131038,W m-2
rlutcs,2004,-0.011548497999141512,W m-2
