variable,year,value,unit
rsut,2000,0.03900495756263235,W m-2
rsut,2001,0.03947038491530615,W m-2
rsut,2002,0.030675249177141952,W m-2
rsut,2003,-0.018925482316798192,W m-2
rsut,2004,0.01077825349414334,W m-2
