variable,year,value,unit
rsut,2000,0.022307466521633082,W m-2
rsut,2001,0.007525562046871119,W m-2
rsut,2002,0.07631509374573696,W m-2
rsut,2003,0.0024953460932477887,W m-2
rsut,2004,0.05517382831026126,W m-2
