variable,year,value,unit
emiso2,2001,-0.1364836127575765,kg m-2 s-1
emiso2,2002,0.4916271216433575,kg m-2 s-1
emiso2,2003,0.10816147462822288,kg m-2 s-1
emiso2,2004,-0.14046488676015018,kg m-2 s-1
