variable,year,value,unit
od550aer,2000,0.3968143263101682,1
od550aer,2001,0.69024544570625,1
od550aer,2002,0.5815199934521164,1
od550aer,2003,0.8722329473225885,1
od550aer,2004,0.5548987453621665,1
