variable,year,value,unit
cl,2000,0.1675855497803139,%
cl,2001,0.34110013530677585,%
cl,2002,0.002152097507191523,%
cl,2003,-0.03820580601443912,%
cl,2004,-0.07516018120530067,%
