variable,year,value,unit
wetbc,2000,-2.983558260666487,kg m-2 s-1
wetbc,2001,6.435973500393436,kg m-2 s-1
wetbc,2002,10.801106237383843,kg m-2 s-1
wetbc,2003,-3.272120844063874,kg m-2 s-1
wetbc,2004,-1.4120276578083542,kg m-2 s-1
