variable,year,value,unit
dryso4,2000,3.3160601054779852,kg m-2 s-1
dryso4,2001,0.9454792100153977,kg m-2 s-1
dryso4,2002,-11.02274160881633,kg m-2 s-1
dryso4,2003,-13.83541345410982,kg m-2 s-1
dryso4,2004,-12.373500941767372,kg m-2 s-1
