variable,year,value,unit
dryso4,2000,-1.6008613952344979,kg m-2 s-1
dryso4,2001,-1.7122780378999927,kg m-2 s-1
dryso4,2002,-1.6124154685808598,kg m-2 s-1
dryso4,2003,-1.6336612607368506,kg m-2 s-1
dryso4,2004,-1.747547881799043,kg m-2 s-1
