variable,year,value,unit
wetso4,2000,-0.6312692401714735,kg m-2 s-1
wetso4,2001,-0.833393433444188,kg m-2 s-1
wetso4,2002,-0.8297039784573006,kg m-2 s-1
wetso4,2003,-0.9167342486257115,kg m-2 s-1
wetso4,2004,-0.8262737458479092,kg m-2 s-1
