variable,year,value,unit
dryso4,2000,-0.5677215052401107,kg m-2 s-1
dryso4,2001,-0.5819688081371721,kg m-2 s-1
dryso4,2002,-0.6501992977666938,kg m-2 s-1
dryso4,2003,-0.8734909915011437,kg m-2 s-1
dryso4,2004,-0.7620865258911671,kg m-2 s-1
