variable,year,value,unit
mmrbc,2000,-0.44221551278684307,kg kg-1
mmrbc,2001,-0.7196440799759017,kg kg-1
mmrbc,2002,0.27216134814398607,kg kg-1
mmrbc,2003,-0.10863297229190463,kg kg-1
mmrbc,2004,0.11057913549687641,kg kg-1
