variable,year,value,unit
so2,2000,-0.7933428370031718,mol mol-1
so2,2001,-0.7430071757782359,mol mol-1
so2,2002,-0.592970518695114,mol mol-1
so2,2003,-0.9253638103535345,mol mol-1
so2,2004,-0.5326341534991462,mol mol-1
