variable,year,value,unit
emiso2,2000,-5.191983517776102,kg m-2 s-1
emiso2,2001,-4.699832706788224,kg m-2 s-1
emiso2,2002,-4.171311184342589,kg m-2 s-1
emiso2,2003,-4.391836798120949,kg m-2 s-1
emiso2,2004,-4.289863829113964,kg m-2 s-1
