variable,year,value,unit
mmrbc,2000,-0.030289293132115667,kg kg-1
mmrbc,2001,-0.03447254318283491,kg kg-1
mmrbc,2002,0.071088656702366,kg kg-1
mmrbc,2003,-0.07935340563088503,kg kg-1
mmrbc,2004,0.1666545303634069,kg kg-1
