variable,year,value,unit
dryso2,2000,-4.509900093484047,kg m-2 s-1
dryso2,2001,-4.21354833545768,kg m-2 s-1
dryso2,2002,-4.700440430714779,kg m-2 s-1
dryso2,2003,-4.094617413010963,kg m-2 s-1
dryso2,2004,-4.214006248083702,kg m-2 s-1
