variable,year,value,unit
wetbc,2000,-6.061733014285336e-16,kg m-2 s-1
wetbc,2001,3.43834377697393e-17,kg m-2 s-1
wetbc,2002,1.0694567891101211e-17,kg m-2 s-1
wetbc,2003,-2.5637295697553265e-17,kg m-2 s-1
wetbc,2004,-1.120271624546891e-16,kg m-2 s-1
