variable,year,value,unit
clt,2001,2.129071782650729,%
clt,2002,1.131837077357527,%
clt,2003,-1.8573024571047554,%
clt,2004,0.5216077807388692,%
clt,2005,0.890506268506702,%
