variable,year,value,unit
loadso2,2000,-2.523503324688173,kg m-2
loadso2,2001,-2.3787174567771077,kg m-2
loadso2,2002,-2.520161748132425,kg m-2
loadso2,2003,-2.524142110716193,kg m-2
loadso2,2004,-2.6483335248326343,kg m-2
