variable,year,value,unit
mmrso4,2000,-4.763970929244808,kg kg-1
mmrso4,2001,-4.500938328605551,kg kg-1
mmrso4,2002,-4.702541514770059,kg kg-1
mmrso4,2003,-4.913146424508178,kg kg-1
mmrso4,2004,-5.092884490212765,kg kg-1
