variable,year,value,unit
drybc,2001,-0.08525779220902778,kg m-2 s-1
drybc,2002,-0.03653564292364571,kg m-2 s-1
drybc,2003,-0.04935698158911733,kg m-2 s-1
drybc,2004,0.07546259398601628,kg m-2 s-1
drybc,2005,0.09294234619739228,kg m-2 s-1
