variable,year,value,unit
od550aer,2000,-0.0014291263085173533,1
od550aer,2001,-0.001492431669189942,1
od550aer,2002,-0.0013364831412449873,1
od550aer,2003,-0.001462993702772003,1
od550aer,2004,-0.001613911294725101,1
