variable,year,value,unit
dryso4,2001,-6.470514338977354,kg m-2 s-1
dryso4,2002,-0.4769946451453953,kg m-2 s-1
dryso4,2003,-2.6821271000114995,kg m-2 s-1
dryso4,2004,-1.919049907149868,kg m-2 s-1
dryso4,2005,-1.87176030412382,kg m-2 s-1
