variable,year,value,unit
loadso2,2000,-2.4892708487180912,kg m-2
loadso2,2001,-2.699735620132463,kg m-2
loadso2,2002,-2.873354051979086,kg m-2
loadso2,2003,-3.135835276868483,kg m-2
loadso2,2004,-3.1910695232048223,kg m-2
