variable,year,value,unit
mmrbc,2001,-4.7135777876277505,kg kg-1
mmrbc,2002,4.815975233397053,kg kg-1
mmrbc,2003,3.143008977731438,kg kg-1
mmrbc,2004,0.7300486449627734,kg kg-1
mmrbc,2005,-7.837251024176842,kg kg-1
