variable,year,value,unit
dms,2000,-0.13173305246844136,mol mol-1
dms,2001,-0.09869055829484157,mol mol-1
dms,2002,-0.21373803257463284,mol mol-1
dms,2003,-0.08803018371138716,mol mol-1
dms,2004,-0.12843903899661654,mol mol-1
