variable,year,value,unit
loadso4,2001,-2.3768208333933045,kg m-2
loadso4,2002,-2.24580531055462,kg m-2
loadso4,2003,-2.624169099910801,kg m-2
loadso4,2004,-2.289137860186428,kg m-2
loadso4,2005,-2.6810897180093725,kg m-2
