variable,year,value,unit
od550aer,2000,-0.35468965253695306,1
od550aer,2001,-0.4050994306958791,1
od550aer,2002,-0.40124138583849883,1
od550aer,2003,-0.4307607783877374,1
od550aer,2004,-0.5344384537152148,1
