variable,year,value,unit
so2,2000,-6.465410923997994,mol mol-1
so2,2001,-6.055255649928862,mol mol-1
so2,2002,-6.317737582855772,mol mol-1
so2,2003,-6.304825333366447,mol mol-1
so2,2004,-6.212058810960511,mol mol-1
