variable,year,value,unit
clt,2000,-0.0011811314370167932,%
clt,2001,-0.11838791227478268,%
clt,2002,0.03860310374421325,%
clt,2003,-0.010538805360931922,%
clt,2004,-0.04527093724998793,%
