variable,year,value,unit
wetso4,2000,-1.7536899629960416,kg m-2 s-1
wetso4,2001,-1.76527852407663,kg m-2 s-1
wetso4,2002,-1.7849669752049762,kg m-2 s-1
wetso4,2003,-1.725807866475335,kg m-2 s-1
wetso4,2004,-1.8957595802087075,kg m-2 s-1
