variable,year,value,unit
rlut,2000,0.0006495541605832303,W m-2
rlut,2001,-0.0052143000899711476,W m-2
rlut,2002,0.003834108155453002,W m-2
rlut,2003,0.004478998946957605,W m-2
rlut,2004,-0.005195053655547507,W m-2
