variable,year,value,unit
emibc,2000,3.0412268567306115e-06,kg m-2 s-1
emibc,2001,-3.879294759839014e-07,kg m-2 s-1
emibc,2002,-2.753325540523472e-06,kg m-2 s-1
emibc,2003,2.2670639185967797e-06,kg m-2 s-1
emibc,2004,-1.8687241965085233e-06,kg m-2 s-1
