variable,year,value,unit
so2,2000,-1.562940159344036,mol mol-1
so2,2001,-1.6437905885590713,mol mol-1
so2,2002,-1.5465505220135012,mol mol-1
so2,2003,-1.6511191465873523,mol mol-1
so2,2004,-1.703845889395856,mol mol-1
