variable,year,value,unit
dryso2,2000,-5.3827059391224035,kg m-2 s-1
dryso2,2001,-4.918472076358057,kg m-2 s-1
dryso2,2002,-5.192524088325987,kg m-2 s-1
dryso2,2003,-5.411502246702874,kg m-2 s-1
dryso2,2004,-5.998219832906315,kg m-2 s-1
