variable,year,value,unit
wetso4,2000,-0.9477645254767729,kg m-2 s-1
wetso4,2001,-0.7397687211317477,kg m-2 s-1
wetso4,2002,-0.9441155019438054,kg m-2 s-1
wetso4,2003,-0.9788321734350427,kg m-2 s-1
wetso4,2004,-1.0008717995674146,kg m-2 s-1
