variable,year,value,unit
mmrso4,2000,-1.3896303168903046,kg kg-1
mmrso4,2001,-1.6442169395441304,kg kg-1
mmrso4,2002,-1.3589116129428642,kg kg-1
mmrso4,2003,-1.3687664499621202,kg kg-1
mmrso4,2004,-1.4957717200943406,kg kg-1
