variable,year,value,unit
so2,2001,-1.2929853594316513e-13,mol mol-1
so2,2002,6.70633386522109e-12,mol mol-1
so2,2003,8.281521402626378e-12,mol mol-1
so2,2004,5.786317398950554e-12,mol mol-1
