variable,year,value,unit
dryso2,2000,-1.7184936721935939e-13,kg m-2 s-1
dryso2,2001,-1.6873856124928224e-13,kg m-2 s-1
dryso2,2002,-1.5886583627613027e-13,kg m-2 s-1
dryso2,2003,-1.9359112216428433e-13,kg m-2 s-1
dryso2,2004,-1.8683625242103153e-13,kg m-2 s-1
