variable,year,value,unit
rsut,2000,0.21342170113169345,W m-2
rsut,2001,0.15763662147141133,W m-2
rsut,2002,0.17003770682349284,W m-2
rsut,2003,0.25145802149755525,W m-2
rsut,2004,0.20750703099049872,W m-2
