variable,year,value,unit
mmrbc,2000,5.347530592132597e-14,kg kg-1
mmrbc,2001,1.2699107329976202e-15,kg kg-1
mmrbc,2002,5.82810441799013e-14,kg kg-1
mmrbc,2003,2.986159984571118e-14,kg kg-1
mmrbc,2004,1.154344617589942e-13,kg kg-1
