variable,year,value,unit
rlutcs,2001,-0.002082282093113008,W m-2
rlutcs,2002,-0.0020411118162542152,W m-2
rlutcs,2003,-0.0017861580244016295,W m-2
rlutcs,2004,-0.0027583880099086855,W m-2
