variable,year,value,unit
so2,2000,-1.0097738813688491e-12,mol mol-1
so2,2001,-7.240415200051259e-13,mol mol-1
so2,2002,-1.310175649074743e-12,mol mol-1
so2,2003,-1.6077705564255281e-12,mol mol-1
so2,2004,-6.432620101493443e-13,mol mol-1
