variable,year,value,unit
rlutcs,2000,-0.008327493784634044,W m-2
rlutcs,2001,-0.002692048010430881,W m-2
rlutcs,2002,-0.025294129241274277,W m-2
rlutcs,2003,-0.038958117636468614,W m-2
rlutcs,2004,-0.02550601403345354,W m-2
