variable,year,value,unit
dms,2000,2.0367281915976206e-13,mol mol-1
dms,2001,4.4836642704915134e-13,mol mol-1
dms,2002,5.921415796047408e-13,mol mol-1
dms,2003,3.8540761343317717e-13,mol mol-1
dms,2004,3.2597337284971815e-13,mol mol-1
