variable,year,value,unit
rsutcs,2000,0.02155384018637818,W m-2
rsutcs,2001,0.022921906490758204,W m-2
rsutcs,2002,0.023961605571678035,W m-2
rsutcs,2003,0.024326771990956786,W m-2
rsutcs,2004,0.02443062328655543,W m-2
