variable,year,value,unit
rsutcs,2001,0.3427284089120306,W m-2
rsutcs,2002,0.4318434075387003,W m-2
rsutcs,2003,0.47724773056683745,W m-2
rsutcs,2004,0.5080036120006284,W m-2
