variable,year,value,unit
dryso4,2001,2.0462208023194663e-13,kg m-2 s-1
dryso4,2002,2.1970364164506672e-13,kg m-2 s-1
dryso4,2003,2.1978449975673304e-13,kg m-2 s-1
dryso4,2004,2.5615883864442006e-13,kg m-2 s-1
