variable,year,value,unit
dryso4,2001,2.1341262588437128e-13,kg m-2 s-1
dryso4,2002,2.3673792673424986e-13,kg m-2 s-1
dryso4,2003,2.3062511973012684e-13,kg m-2 s-1
dryso4,2004,2.66212285738961e-13,kg m-2 s-1
