variable,year,value,unit
mmrso4,2000,8.894948717020105e-11,kg kg-1
mmrso4,2001,8.101137105379792e-11,kg kg-1
mmrso4,2002,1.089091039236505e-10,kg kg-1
mmrso4,2003,1.1565685041027571e-10,kg kg-1
mmrso4,2004,1.194376006040986e-10,kg kg-1
