variable,year,value,unit
wetso4,2001,2.3949500731981208e-12,kg m-2 s-1
wetso4,2002,2.5921973684966498e-12,kg m-2 s-1
wetso4,2003,2.6024450874173442e-12,kg m-2 s-1
wetso4,2004,2.994434777279415e-12,kg m-2 s-1
