variable,year,value,unit
rsutcs,2000,0.4050895611705343,W m-2
rsutcs,2001,0.42540766972781086,W m-2
rsutcs,2002,0.4353432057201658,W m-2
rsutcs,2003,0.4435671999797677,W m-2
rsutcs,2004,0.5200097918808737,W m-2
