variable,year,value,unit
clivi,2000,-3.989507723652086e-05,kg m-2
clivi,2001,5.695888623578546e-05,kg m-2
clivi,2002,-2.0782591841468634e-05,kg m-2
clivi,2003,9.560146673308345e-05,kg m-2
clivi,2004,5.5984989283938e-05,kg m-2
