variable,year,value,unit
rsut,2000,0.5108333417096702,W m-2
rsut,2001,0.45018314639763446,W m-2
rsut,2002,0.6254073449711797,W m-2
rsut,2003,0.7086755651850325,W m-2
rsut,2004,0.7566068971705704,W m-2
