variable,year,value,unit
so2,2000,-1.798378286442301e-11,mol mol-1
so2,2001,-1.789508211680151e-11,mol mol-1
so2,2002,-1.7162103218417998e-11,mol mol-1
so2,2003,-1.8309024199498352e-11,mol mol-1
so2,2004,-1.978400957959323e-11,mol mol-1
