variable,year,value,unit
wetso2,2000,6.095922042124141e-14,kg m-2 s-1
wetso2,2001,6.234787163144228e-14,kg m-2 s-1
wetso2,2002,5.904977173366481e-14,kg m-2 s-1
wetso2,2003,7.456101353642643e-14,kg m-2 s-1
wetso2,2004,7.602264766676566e-14,kg m-2 s-1
