variable,year,value,unit
mmrso4,2000,8.951804291052388e-11,kg kg-1
mmrso4,2001,9.587891386773864e-11,kg kg-1
mmrso4,2002,9.984824714295878e-11,kg kg-1
mmrso4,2003,1.1460216782064993e-10,kg kg-1
mmrso4,2004,1.1023395010195059e-10,kg kg-1
