variable,year,value,unit
rlut,2001,-0.0006900014721509251,W m-2
rlut,2002,-0.004457834532303195,W m-2
rlut,2003,-0.0014202831238492308,W m-2
rlut,2004,0.00233680316833329,W m-2
