variable,year,value,unit
so2,2001,-2.3821196333028e-12,mol mol-1
so2,2002,-2.554387559397316e-12,mol mol-1
so2,2003,-2.5408227450884116e-12,mol mol-1
so2,2004,-2.047670442191169e-12,mol mol-1
