variable,year,value,unit
cltc,2001,3.7559529703154015e+35,%
cltc,2002,-0.008961050456385067,%
cltc,2003,0.004979702200813563,%
cltc,2004,-0.0021711901899905683,%
