variable,year,value,unit
rsutcs,2000,0.14305850535414777,W m-2
rsutcs,2001,0.15841075719600894,W m-2
rsutcs,2002,0.17569336030509675,W m-2
rsutcs,2003,0.14857995166079974,W m-2
rsutcs,2004,0.19992245964064637,W m-2
