variable,year,value,unit
wetso4,2000,2.2815604212224043e-12,kg m-2 s-1
wetso4,2001,2.3398784162641248e-12,kg m-2 s-1
wetso4,2002,2.4312093010879656e-12,kg m-2 s-1
wetso4,2003,2.4795827028724757e-12,kg m-2 s-1
wetso4,2004,2.9169631499016393e-12,kg m-2 s-1
