variable,year,value,unit
rlutcs,2000,-0.04635850608667624,W m-2
rlutcs,2001,0.08313981561019546,W m-2
rlutcs,2002,-0.13659987762264336,W m-2
rlutcs,2003,0.05318018804530311,W m-2
rlutcs,2004,0.10475135654473888,W m-2
