variable,year,value,unit
od550aer,2000,8.073621697609543,1
od550aer,2001,7.66462027409606,1
od550aer,2002,6.981444506302907,1
od550aer,2003,7.397538618823209,1
od550aer,2004,7.062506967633688,1
