variable,year,value,unit
srfdms,2000,-0.03735124276581335,mol mol-1
srfdms,2001,0.016868319497493955,mol mol-1
srfdms,2002,-0.17459249788955472,mol mol-1
srfdms,2003,-0.01174794967918642,mol mol-1
srfdms,2004,-0.12323367554473187,mol mol-1
