variable,year,value,unit
cl,2000,-0.10582035454003269,%
cl,2001,0.0950143998285061,%
cl,2002,-0.05392548359853955,%
cl,2003,0.04532404822254409,%
cl,2004,0.008164614753795431,%
