variable,year,value,unit
so2,2000,1.6375085524656234e-12,mol mol-1
so2,2001,1.9801900346369174e-12,mol mol-1
so2,2002,2.147234492400359e-12,mol mol-1
so2,2003,1.1305598226621835e-12,mol mol-1
so2,2004,1.2333757118752752e-12,mol mol-1
