variable,year,value,unit
wetbc,2000,-1.4842623395253926e-16,kg m-2 s-1
wetbc,2001,-1.4468157256554086e-16,kg m-2 s-1
wetbc,2002,1.0503483154810952e-16,kg m-2 s-1
wetbc,2003,1.226708852331667e-16,kg m-2 s-1
wetbc,2004,8.383766278525154e-17,kg m-2 s-1
