variable,year,value,unit
mmrso4,2000,-9.132539243457294e-13,kg kg-1
mmrso4,2001,-9.944881832960059e-13,kg kg-1
mmrso4,2002,-8.445726202855223e-13,kg kg-1
mmrso4,2003,-6.262875873272485e-13,kg kg-1
mmrso4,2004,-6.843154814203904e-13,kg kg-1
