variable,year,value,unit
rsut,2000,-0.06512318500389824,W m-2
rsut,2001,-0.03480481968766469,W m-2
rsut,2002,-0.12761931972822538,W m-2
rsut,2003,0.06344231561401159,W m-2
rsut,2004,-0.020394874905193205,W m-2
