variable,year,value,unit
rlutcs,2000,-0.0011737622799046221,W m-2
rlutcs,2001,-0.0023859007982309777,W m-2
rlutcs,2002,-0.003818790733220112,W m-2
rlutcs,2003,0.0019024871912165509,W m-2
rlutcs,2004,0.0005504980645980595,W m-2
