variable,year,value,unit
emiso2,2000,-1.8485438655849648e-15,kg m-2 s-1
emiso2,2001,7.581287077456302e-16,kg m-2 s-1
emiso2,2002,-1.5916124157333158e-16,kg m-2 s-1
emiso2,2003,-1.6884698647396637e-15,kg m-2 s-1
emiso2,2004,-2.2994207315995785e-15,kg m-2 s-1
