variable,year,value,unit
rlut,2000,-0.02613322885878233,W m-2
rlut,2001,-0.0015277734789549413,W m-2
rlut,2002,0.016072203383259875,W m-2
rlut,2003,0.006232366233547282,W m-2
rlut,2004,0.02271170025505853,W m-2
