variable,year,value,unit
emiso2,2000,-9.429710756653171e-15,kg m-2 s-1
emiso2,2001,-9.01619446728466e-15,kg m-2 s-1
emiso2,2002,-9.357150305908842e-15,kg m-2 s-1
emiso2,2003,-9.485478225449037e-15,kg m-2 s-1
emiso2,2004,-1.002274422737506e-14,kg m-2 s-1
