variable,year,value,unit
loadso2,2000,-0.021818006644249557,kg m-2
loadso2,2001,-0.030502230827653288,kg m-2
loadso2,2002,-0.035706970129927726,kg m-2
loadso2,2003,0.0005095005517134155,kg m-2
loadso2,2004,0.003867815451232753,kg m-2
