variable,year,value,unit
rlut,2000,0.006065607907538288,W m-2
rlut,2001,-0.002656343973191134,W m-2
rlut,2002,0.0033866701161645195,W m-2
rlut,2003,0.003333323409797008,W m-2
rlut,2004,-0.0034186600276626335,W m-2
