variable,year,value,unit
loadso4,2000,5.710081071192551e-06,kg m-2
loadso4,2001,5.701832731267114e-06,kg m-2
loadso4,2002,5.530118439918e-06,kg m-2
loadso4,2003,5.706494901363126e-06,kg m-2
loadso4,2004,5.81085292886666e-06,kg m-2
