variable,year,value,unit
rsutcs,2000,72.01452641765498,W m-2
rsutcs,2001,72.13618252866951,W m-2
rsutcs,2002,72.13992922968143,W m-2
rsutcs,2003,71.9456268572555,W m-2
rsutcs,2004,72.49230553773015,W m-2
