variable,year,value,unit
mmrso4,2000,-31.82825668341015,kg kg-1
mmrso4,2001,-31.39534047144364,kg kg-1
mmrso4,2002,-30.422070616547554,kg kg-1
mmrso4,2003,-32.64244725759157,kg kg-1
mmrso4,2004,-37.092721554784234,kg kg-1
