variable,year,value,unit
rsut,2000,-0.25604919411696775,W m-2
rsut,2001,-0.2900099703344351,W m-2
rsut,2002,-0.21369166361279718,W m-2
rsut,2003,-0.18224135462518284,W m-2
rsut,2004,-0.19198714705168843,W m-2
