variable,year,value,unit
wetbc,2000,0.07240814983430248,kg m-2 s-1
wetbc,2001,-0.03247514805193426,kg m-2 s-1
wetbc,2002,0.019660135185701547,kg m-2 s-1
wetbc,2003,-0.001597705169623191,kg m-2 s-1
wetbc,2004,0.03490080735256087,kg m-2 s-1
