variable,year,value,unit
wetso4,2000,-2.1214815653285775,kg m-2 s-1
wetso4,2001,-2.193023667120397,kg m-2 s-1
wetso4,2002,-2.1157139182753393,kg m-2 s-1
wetso4,2003,-2.1046482156746182,kg m-2 s-1
wetso4,2004,-2.11436685734368,kg m-2 s-1
