variable,year,value,unit
rsut,2000,-0.3868300136859722,W m-2
rsut,2001,-0.2250649855398471,W m-2
rsut,2002,-0.31001057768651336,W m-2
rsut,2003,-0.3240663771751777,W m-2
rsut,2004,-0.3022606124424352,W m-2
