variable,year,value,unit
od550aer,2000,-0.00025464419074811007,1
od550aer,2001,-0.0007756948442611544,1
od550aer,2002,-0.00016719779646501287,1
od550aer,2003,-0.000647890553784114,1
od550aer,2004,-0.0006686106350604626,1
