variable,year,value,unit
od550aer,2000,-0.5658988977277646,1
od550aer,2001,-0.32808703365308217,1
od550aer,2002,-0.09990182760138874,1
od550aer,2003,-0.010202802457740325,1
od550aer,2004,-0.13745798574004128,1
