variable,year,value,unit
dms,2000,0.021241223275161907,mol mol-1
dms,2001,-0.0727488442986624,mol mol-1
dms,2002,-0.3073434668040596,mol mol-1
dms,2003,-0.17818729904167765,mol mol-1
dms,2004,-0.2552343676393304,mol mol-1
