variable,year,value,unit
dms,2000,-0.1600976496437513,mol mol-1
dms,2001,-0.25491259481722794,mol mol-1
dms,2002,-0.014622744448121512,mol mol-1
dms,2003,-0.06345559658896906,mol mol-1
dms,2004,0.04932917278430226,mol mol-1
