variable,year,value,unit
rsdt,2001,-0.6183217950042607,W m-2
rsdt,2002,-0.19465802326491394,W m-2
rsdt,2003,-0.14423490402654637,W m-2
rsdt,2004,0.1879339914794156,W m-2
rsdt,2005,0.17065290584385218,W m-2
