variable,year,value,unit
rsutcs,2000,-0.0011637674983973056,W m-2
rsutcs,2001,-0.02020421267233985,W m-2
rsutcs,2002,-0.013336965883894436,W m-2
rsutcs,2003,-0.011771554108094051,W m-2
rsutcs,2004,-0.022530567959591963,W m-2
