variable,year,value,unit
clt,2000,-0.0017695473056775768,%
clt,2001,-0.00868875343095965,%
clt,2002,-0.017120521721501802,%
clt,2003,-0.00810565455727641,%
clt,2004,0.0015348490191939845,%
