variable,year,value,unit
cltc,2000,-0.0021575372835149764,%
cltc,2001,-0.009369916757887342,%
cltc,2002,-0.004105434627941218,%
cltc,2003,0.003166964469512479,%
cltc,2004,0.0077357652652119135,%
