variable,year,value,unit
so2,2001,-2.070458556387207,mol mol-1
so2,2002,-1.7462586027315048,mol mol-1
so2,2003,-1.3510684367237926,mol mol-1
so2,2004,0.6162070029972178,mol mol-1
so2,2005,1.157727395179116,mol mol-1
