variable,year,value,unit
wetso4,2000,0.9139512902965647,kg m-2 s-1
wetso4,2001,1.00939808084242,kg m-2 s-1
wetso4,2002,1.0111764560327163,kg m-2 s-1
wetso4,2003,0.965355549040648,kg m-2 s-1
wetso4,2004,0.9012962519836092,kg m-2 s-1
