variable,year,value,unit
so2,2000,-2.04834936896044,mol mol-1
so2,2001,-2.071695976445396,mol mol-1
so2,2002,-2.0337495112398245,mol mol-1
so2,2003,-2.0980407363724525,mol mol-1
so2,2004,-2.027827341282952,mol mol-1
