variable,year,value,unit
rsutcs,2001,0.039676430327885474,W m-2
rsutcs,2002,0.0370197921637311,W m-2
rsutcs,2003,0.03882072668078498,W m-2
rsutcs,2004,0.02255708590604384,W m-2
