variable,year,value,unit
mmrbc,2001,0.10756275748321352,kg kg-1
mmrbc,2002,0.2708088242096791,kg kg-1
mmrbc,2003,0.29406770601828586,kg kg-1
mmrbc,2004,0.5896201186346288,kg kg-1
