variable,year,value,unit
dryso4,2001,3.665783990279604,kg m-2 s-1
dryso4,2002,3.676878829583046,kg m-2 s-1
dryso4,2003,3.62887235547552,kg m-2 s-1
dryso4,2004,3.7773494162108947,kg m-2 s-1
