variable,year,value,unit
so2,2000,-3.1563824221767742,mol mol-1
so2,2001,-3.2003147111953916,mol mol-1
so2,2002,-3.1759082493550883,mol mol-1
so2,2003,-3.2307939437994273,mol mol-1
so2,2004,-3.2808836886618757,mol mol-1
