variable,year,value,unit
so2,2001,-3.0861780939029693,mol mol-1
so2,2002,-3.2017972079166035,mol mol-1
so2,2003,-3.107115926864375,mol mol-1
so2,2004,-3.020168050946823,mol mol-1
