variable,year,value,unit
mmrso4,2001,2.7405511384832875,kg kg-1
mmrso4,2002,2.8126744748008226,kg kg-1
mmrso4,2003,2.6566303716413655,kg kg-1
mmrso4,2004,2.743566838453375,kg kg-1
