variable,year,value,unit
loadbc,2000,0.9099405672219582,kg m-2
loadbc,2001,1.5533525123574798,kg m-2
loadbc,2002,1.171445799084259,kg m-2
loadbc,2003,0.8117387712920495,kg m-2
loadbc,2004,1.1364039384684697,kg m-2
