variable,year,value,unit
so2,2001,-3.424340487961966,mol mol-1
so2,2002,-3.355722501832404,mol mol-1
so2,2003,-3.4286548088572,mol mol-1
so2,2004,-3.4687983045816932,mol mol-1
