variable,year,value,unit
rsut,2000,0.10038907188163813,W m-2
rsut,2001,0.13246094894895122,W m-2
rsut,2002,0.06328238733526402,W m-2
rsut,2003,0.11865125542334229,W m-2
rsut,2004,0.10342314841792202,W m-2
