variable,year,value,unit
wetbc,2000,-0.11504922242650359,kg m-2 s-1
wetbc,2001,-0.09308216758059953,kg m-2 s-1
wetbc,2002,0.19222410732917333,kg m-2 s-1
wetbc,2003,0.05059821185932983,kg m-2 s-1
wetbc,2004,-0.11115319048094628,kg m-2 s-1
