variable,year,value,unit
mmrbc,2001,0.07406861439420831,kg kg-1
mmrbc,2002,0.002305969410352464,kg kg-1
mmrbc,2003,-0.010146331966633849,kg kg-1
mmrbc,2004,0.014609708227923473,kg kg-1
