variable,year,value,unit
loadbc,2000,0.02397213994236908,kg m-2
loadbc,2001,-0.11029261846222185,kg m-2
loadbc,2002,0.055937338872735734,kg m-2
loadbc,2003,-0.10708459115094618,kg m-2
loadbc,2004,-0.052168569214344804,kg m-2
