variable,year,value,unit
dms,2000,-0.004494124600538479,mol mol-1
dms,2001,-0.005243744526147477,mol mol-1
dms,2002,-0.004432545985876338,mol mol-1
dms,2003,-0.004570542920640864,mol mol-1
dms,2004,-0.004321152475260195,mol mol-1
