variable,year,value,unit
drybc,2000,0.002028472000730643,kg m-2 s-1
drybc,2001,0.08823341716075749,kg m-2 s-1
drybc,2002,0.1494668565163437,kg m-2 s-1
drybc,2003,0.06120707159751561,kg m-2 s-1
drybc,2004,-0.03698790046871461,kg m-2 s-1
