variable,year,value,unit
dms,2000,0.7271317467869863,mol mol-1
dms,2001,0.7048764080969606,mol mol-1
dms,2002,0.9191065891115553,mol mol-1
dms,2003,0.8057698495726805,mol mol-1
dms,2004,0.9478017265195868,mol mol-1
