variable,year,value,unit
rsutcs,2000,0.06324500691260873,W m-2
rsutcs,2001,0.07214507605458356,W m-2
rsutcs,2002,0.06876517840193398,W m-2
rsutcs,2003,0.06975595131095134,W m-2
rsutcs,2004,0.07006329664890441,W m-2
