variable,year,value,unit
loadso2,2000,-2.0314993812521753,kg m-2
loadso2,2001,-2.0317199732631597,kg m-2
loadso2,2002,-2.4435862108539266,kg m-2
loadso2,2003,-2.0366752234889556,kg m-2
loadso2,2004,-2.179229474394182,kg m-2
