variable,year,value,unit
cl,2000,-0.03747359954143278,%
cl,2001,-0.10755720776822696,%
cl,2002,-0.01386373833743753,%
cl,2003,-0.0069140578794547195,%
cl,2004,-0.13266720386013445,%
