variable,year,value,unit
rsut,2000,0.041766872693948624,W m-2
rsut,2001,0.0085744943962802,W m-2
rsut,2002,0.03931254948720509,W m-2
rsut,2003,0.06335063526700457,W m-2
rsut,2004,0.014006767967144132,W m-2
