variable,year,value,unit
loadbc,2000,0.15961062304337853,kg m-2
loadbc,2001,0.2668865592869991,kg m-2
loadbc,2002,0.14687529183145104,kg m-2
loadbc,2003,-0.006225385349282091,kg m-2
loadbc,2004,0.0389773727759921,kg m-2
