variable,year,value,unit
mmrbc,2001,-0.08280502713718825,kg kg-1
mmrbc,2002,-0.05488654010039972,kg kg-1
mmrbc,2003,-0.07558430045255346,kg kg-1
mmrbc,2004,0.0446080794075922,kg kg-1
