variable,year,value,unit
dms,2000,0.04954200139653071,mol mol-1
dms,2001,-0.0888396577992655,mol mol-1
dms,2002,0.010465807985088478,mol mol-1
dms,2003,-0.02991253556987233,mol mol-1
dms,2004,0.11963960075775142,mol mol-1
