variable,year,value,unit
od550aer,2001,241.99856904394278,1
od550aer,2002,247.0061664541972,1
od550aer,2003,253.942793949843,1
od550aer,2004,252.26675665181818,1
