variable,year,value,unit
od550aer,2000,0.4271360341489886,1
od550aer,2001,0.3955519363704255,1
od550aer,2002,0.4661635542881088,1
od550aer,2003,0.45710172234421037,1
od550aer,2004,0.38573191076689994,1
