variable,year,value,unit
drybc,2001,0.36392611490244137,kg m-2 s-1
drybc,2002,0.24680792935611912,kg m-2 s-1
drybc,2003,0.47483530210883174,kg m-2 s-1
drybc,2004,0.07499524449049795,kg m-2 s-1
