variable,year,value,unit
emiso2,2000,-1.718888484022234,kg m-2 s-1
emiso2,2001,-1.7583596826732681,kg m-2 s-1
emiso2,2002,-1.7176894000134661,kg m-2 s-1
emiso2,2003,-1.7548984322706025,kg m-2 s-1
emiso2,2004,-1.7684324641443396,kg m-2 s-1
