variable,year,value,unit
loadso2,2000,-2.7074776043767477,kg m-2
loadso2,2001,-2.6834809932939514,kg m-2
loadso2,2002,-3.0063431682805364,kg m-2
loadso2,2003,-3.235148971983005,kg m-2
loadso2,2004,-3.3381593590719323,kg m-2
