variable,year,value,unit
wetbc,2000,2.295341084698493e-15,kg m-2 s-1
wetbc,2001,-5.208433045400809e-16,kg m-2 s-1
wetbc,2002,-1.4236877660833802e-15,kg m-2 s-1
wetbc,2003,2.96245966529266e-16,kg m-2 s-1
wetbc,2004,9.070111902262795e-16,kg m-2 s-1
