variable,year,value,unit
rlut,2000,-0.15240830345999257,W m-2
rlut,2001,-0.08943165966701372,W m-2
rlut,2002,0.03293069882599298,W m-2
rlut,2003,0.06418728404733542,W m-2
rlut,2004,-0.06256642801793078,W m-2
