variable,year,value,unit
wetso2,2001,-3.09119072222143e-14,kg m-2 s-1
wetso2,2002,-2.330787968322805e-14,kg m-2 s-1
wetso2,2003,-2.2099513049316587e-14,kg m-2 s-1
wetso2,2004,-3.294555856649046e-14,kg m-2 s-1
