variable,year,value,unit
loadbc,2000,-1.0611768594309505e-10,kg m-2
loadbc,2001,-1.1316808037576009e-11,kg m-2
loadbc,2002,-6.312973115643469e-11,kg m-2
loadbc,2003,-5.509673705026556e-11,kg m-2
loadbc,2004,-7.625737059322578e-11,kg m-2
