variable,year,value,unit
od550aer,2000,-0.0002856835302532945,1
od550aer,2001,2.1094944127816873e-05,1
od550aer,2002,-9.982344503225993e-05,1
od550aer,2003,-0.0003370835900813954,1
od550aer,2004,-0.00039581661958382197,1
