variable,year,value,unit
wetso2,2001,7.145943594401496e-15,kg m-2 s-1
wetso2,2002,8.216551243289182e-15,kg m-2 s-1
wetso2,2003,6.787491937860315e-15,kg m-2 s-1
wetso2,2004,4.136073836831766e-15,kg m-2 s-1
