variable,year,value,unit
rsutcs,2001,-0.049343604017124676,W m-2
rsutcs,2002,0.006064760868909502,W m-2
rsutcs,2003,-0.002616002213954971,W m-2
rsutcs,2004,-0.01484733739526689,W m-2
