variable,year,value,unit
loadso4,2000,-2.825931189548525e-08,kg m-2
loadso4,2001,1.6407539695727974e-08,kg m-2
loadso4,2002,1.763647383254414e-08,kg m-2
loadso4,2003,-9.201269831560303e-11,kg m-2
loadso4,2004,-9.50191588741475e-09,kg m-2
