variable,year,value,unit
rsut,2001,0.026218845128440194,W m-2
rsut,2002,-0.04438746423781481,W m-2
rsut,2003,-0.04289327930376885,W m-2
rsut,2004,-0.11468599734966745,W m-2
