variable,year,value,unit
loadso4,2000,-3.6844952595843866e-08,kg m-2
loadso4,2001,-3.2477506773758075e-08,kg m-2
loadso4,2002,-3.209341155780381e-08,kg m-2
loadso4,2003,-3.332767200561601e-08,kg m-2
loadso4,2004,-3.926672516195724e-08,kg m-2
