variable,year,value,unit
clivi,2000,2.09975687314283e-05,kg m-2
clivi,2001,-1.679427764340359e-05,kg m-2
clivi,2002,3.856602196115888e-06,kg m-2
clivi,2003,1.4522531952410392e-05,kg m-2
clivi,2004,2.5900841416383324e-05,kg m-2
