variable,year,value,unit
wetso2,2000,3.1100700362705106e-14,kg m-2 s-1
wetso2,2001,3.7864951026834095e-14,kg m-2 s-1
wetso2,2002,2.6284472476148685e-14,kg m-2 s-1
wetso2,2003,2.866869565641864e-14,kg m-2 s-1
wetso2,2004,3.705760974174856e-14,kg m-2 s-1
