variable,year,value,unit
dms,2000,7.785723782469975e-15,mol mol-1
dms,2001,-5.822650635519456e-15,mol mol-1
dms,2002,-6.784535203327265e-15,mol mol-1
dms,2003,1.1651342251508626e-15,mol mol-1
dms,2004,1.7177531987539076e-15,mol mol-1
