variable,year,value,unit
wetso2,2001,1.7390106804209698e-15,kg m-2 s-1
wetso2,2002,1.6325658910233912e-15,kg m-2 s-1
wetso2,2003,1.5398306059370408e-15,kg m-2 s-1
wetso2,2004,1.7257847291695655e-15,kg m-2 s-1
