variable,year,value,unit
cl,2000,0.005861920769460127,%
cl,2001,-0.011603922881732842,%
cl,2002,-0.0033372085422644915,%
cl,2003,0.010630141043504793,%
cl,2004,-0.008602601037820179,%
