variable,year,value,unit
mmrbc,2000,-1.1516349765083138e-13,kg kg-1
mmrbc,2001,-8.131166163414095e-14,kg kg-1
mmrbc,2002,-9.884008281024748e-14,kg kg-1
mmrbc,2003,4.684205763310011e-14,kg kg-1
mmrbc,2004,9.800971888213235e-14,kg kg-1
