variable,year,value,unit
od550aer,2001,0.0010249311081200474,1
od550aer,2002,-0.000521277391521191,1
od550aer,2003,0.0010000731166133203,1
od550aer,2004,0.0005315884879845412,1
