variable,year,value,unit
wetbc,2000,0.0,kg m-2 s-1
wetbc,2001,-3.833747886334157e-15,kg m-2 s-1
wetbc,2002,-4.010335061036853e-16,kg m-2 s-1
wetbc,2003,8.554294918173555e-18,kg m-2 s-1
wetbc,2004,-7.776930786128824e-17,kg m-2 s-1
