variable,year,value,unit
mmrbc,2000,2.3710135541689507e-13,kg kg-1
mmrbc,2001,6.042386811562545e-14,kg kg-1
mmrbc,2002,2.552725527065679e-13,kg kg-1
mmrbc,2003,-5.5659343881268486e-14,kg kg-1
mmrbc,2004,6.362845933688206e-14,kg kg-1
