variable,year,value,unit
od550aer,2001,-0.0009033441162047823,1
od550aer,2002,0.0003065656328108679,1
od550aer,2003,-0.0001998286588357906,1
od550aer,2004,0.0003164069836200656,1
