variable,year,value,unit
od550aer,2001,-0.0009457183727939744,1
od550aer,2002,-0.00018997891355264362,1
od550aer,2003,-0.000420086598739669,1
od550aer,2004,-0.0005682244839215062,1
