variable,year,value,unit
emibc,2000,-8.746508559696015e-20,kg m-2 s-1
emibc,2001,3.953641389873253e-19,kg m-2 s-1
emibc,2002,2.4189469279373395e-19,kg m-2 s-1
emibc,2003,2.454895656137204e-19,kg m-2 s-1
emibc,2004,2.3450063778337663e-19,kg m-2 s-1
