variable,year,value,unit
rlutcs,2000,0.019173839315612895,W m-2
rlutcs,2001,-0.016796511223390098,W m-2
rlutcs,2002,-0.003206370797784075,W m-2
rlutcs,2003,-0.012889941881354616,W m-2
rlutcs,2004,0.016097675429676883,W m-2
