variable,year,value,unit
loadso2,2000,6.827269265631976e-09,kg m-2
loadso2,2001,6.799752639447865e-09,kg m-2
loadso2,2002,6.874780520013838e-09,kg m-2
loadso2,2003,6.898895937693746e-09,kg m-2
loadso2,2004,6.835198025422501e-09,kg m-2
