variable,year,value,unit
dryso2,2001,2.914028572877465e-14,kg m-2 s-1
dryso2,2002,2.7315935788618653e-14,kg m-2 s-1
dryso2,2003,2.924137514544502e-14,kg m-2 s-1
dryso2,2004,3.143247883977605e-14,kg m-2 s-1
