variable,year,value,unit
dms,2000,-1.210339773508782e-13,mol mol-1
dms,2001,-1.1658632034349328e-13,mol mol-1
dms,2002,-1.2848803194657318e-13,mol mol-1
dms,2003,-8.508017331006756e-14,mol mol-1
dms,2004,-1.3978641211954185e-13,mol mol-1
