variable,year,value,unit
wetso2,2000,2.7442740889039645e-14,kg m-2 s-1
wetso2,2001,2.629314177545897e-14,kg m-2 s-1
wetso2,2002,2.7334231459256767e-14,kg m-2 s-1
wetso2,2003,2.8864962145304284e-14,kg m-2 s-1
wetso2,2004,2.7980751988422515e-14,kg m-2 s-1
