variable,year,value,unit
rlut,2001,-0.01584030232984901,W m-2
rlut,2002,0.0005264785779388603,W m-2
rlut,2003,-0.04966412277062204,W m-2
rlut,2004,-0.008601517235121037,W m-2
