variable,year,value,unit
rlutcs,2001,-0.0014264899012914611,W m-2
rlutcs,2002,0.000907151871217593,W m-2
rlutcs,2003,0.006224029797635922,W m-2
rlutcs,2004,-0.0007687842685299984,W m-2
