variable,year,value,unit
mmrbc,2000,4.1264568644609374e-14,kg kg-1
mmrbc,2001,1.4936442515115576e-14,kg kg-1
mmrbc,2002,2.0262652702069554e-14,kg kg-1
mmrbc,2003,1.0888069731158247e-14,kg kg-1
mmrbc,2004,-7.931728040405066e-15,kg kg-1
