variable,year,value,unit
loadbc,2000,-5.297219565330645e-12,kg m-2
loadbc,2001,-1.866894943822481e-11,kg m-2
loadbc,2002,-1.7695665301442063e-11,kg m-2
loadbc,2003,2.965984927664465e-11,kg m-2
loadbc,2004,3.5373640716377428e-12,kg m-2
