variable,year,value,unit
drybc,2000,5.37734970233054e-17,kg m-2 s-1
drybc,2001,3.201552047282833e-20,kg m-2 s-1
drybc,2002,-9.767497708913458e-18,kg m-2 s-1
drybc,2003,1.630695671089989e-17,kg m-2 s-1
drybc,2004,-5.191659186308207e-18,kg m-2 s-1
