variable,year,value,unit
rsut,2000,-0.06638694777245746,W m-2
rsut,2001,-0.03645341524973844,W m-2
rsut,2002,-0.01101525859785113,W m-2
rsut,2003,-0.03861668804523788,W m-2
rsut,2004,-0.06809421970815777,W m-2
