variable,year,value,unit
rsutcs,2000,-0.07402666059100227,W m-2
rsutcs,2001,-0.0458269602148107,W m-2
rsutcs,2002,-0.03666398089248446,W m-2
rsutcs,2003,0.0007297983795808705,W m-2
rsutcs,2004,-0.07678908849183586,W m-2
