variable,year,value,unit
rsut,2000,0.03296277541376469,W m-2
rsut,2001,0.08786719961186407,W m-2
rsut,2002,0.023618564320116775,W m-2
rsut,2003,0.020496427772954462,W m-2
rsut,2004,0.031004213808643044,W m-2
