variable,year,value,unit
dryso4,2000,-5.60828881840355e-15,kg m-2 s-1
dryso4,2001,-5.257629276847856e-15,kg m-2 s-1
dryso4,2002,-5.855327758770597e-15,kg m-2 s-1
dryso4,2003,-6.828624511343352e-15,kg m-2 s-1
dryso4,2004,-7.015647314169964e-15,kg m-2 s-1
