variable,year,value,unit
dryso2,2000,-1.4024392347590645e-13,kg m-2 s-1
dryso2,2001,-1.3171860918152806e-13,kg m-2 s-1
dryso2,2002,-1.2238693521780273e-13,kg m-2 s-1
dryso2,2003,-1.1979214883330604e-13,kg m-2 s-1
dryso2,2004,-1.4527781277376357e-13,kg m-2 s-1
