variable,year,value,unit
wetbc,2000,0.04000777356186018,kg m-2 s-1
wetbc,2001,-0.12107669268744967,kg m-2 s-1
wetbc,2002,-0.058649394496561945,kg m-2 s-1
wetbc,2003,0.08261472338197251,kg m-2 s-1
wetbc,2004,-0.04199940519620974,kg m-2 s-1
