variable,year,value,unit
rsdt,2001,353.98682013901646,W m-2
rsdt,2002,353.9922587238426,W m-2
rsdt,2003,353.87824893234773,W m-2
rsdt,2004,353.6811287241894,W m-2
