variable,year,value,unit
dms,2000,-3.18230813744076e-14,mol mol-1
dms,2001,7.151876303261725e-14,mol mol-1
dms,2002,1.6971953072208968e-14,mol mol-1
dms,2003,-2.6483174573616182e-14,mol mol-1
dms,2004,4.692794659080874e-14,mol mol-1
