variable,year,value,unit
wetso4,2000,-2.992674588276605e-14,kg m-2 s-1
wetso4,2001,-3.413978309794791e-14,kg m-2 s-1
wetso4,2002,-3.927982375575972e-14,kg m-2 s-1
wetso4,2003,-2.923847684435378e-14,kg m-2 s-1
wetso4,2004,-1.682658798445247e-14,kg m-2 s-1
