variable,year,value,unit
dryso4,2000,-4.42220108059611e-15,kg m-2 s-1
dryso4,2001,-6.560840978827017e-15,kg m-2 s-1
dryso4,2002,-6.991439136387591e-15,kg m-2 s-1
dryso4,2003,-8.217999152541745e-15,kg m-2 s-1
dryso4,2004,-5.667349588189869e-15,kg m-2 s-1
