variable,year,value,unit
so2,2000,-9.72981385274369e-13,mol mol-1
so2,2001,-8.37461799275825e-13,mol mol-1
so2,2002,-8.936619658651678e-13,mol mol-1
so2,2003,-6.62960379766468e-13,mol mol-1
so2,2004,-8.512045626832521e-13,mol mol-1
