variable,year,value,unit
wetso4,2000,3.407232705573404,kg m-2 s-1
wetso4,2001,3.6970366034845283,kg m-2 s-1
wetso4,2002,3.6838101387661095,kg m-2 s-1
wetso4,2003,3.594359841648421,kg m-2 s-1
wetso4,2004,3.5898935581745244,kg m-2 s-1
