variable,year,value,unit
dms,2000,-0.001953072384211475,mol mol-1
dms,2001,0.017198437220553246,mol mol-1
dms,2002,-0.08647113802446445,mol mol-1
dms,2003,-0.07661270058012926,mol mol-1
dms,2004,-0.012020809511603546,mol mol-1
