variable,year,value,unit
clt,2000,-0.012251291386508524,%
clt,2001,0.2891009962265192,%
clt,2002,0.20838582655533125,%
clt,2003,0.18467289489111374,%
clt,2004,0.3576638265613904,%
