variable,year,value,unit
clt,2001,-0.11950768992975949,%
clt,2002,-0.04232904015029689,%
clt,2003,-0.2031201605159136,%
clt,2004,-0.11437837209141,%
