variable,year,value,unit
cltc,2000,-0.11329534839392759,%
cltc,2001,0.18851756714417722,%
cltc,2002,0.08446486223719563,%
cltc,2003,0.025176773857318504,%
cltc,2004,0.2555873766969864,%
