variable,year,value,unit
clt,2001,0.05479640325118726,%
clt,2002,-0.20990125613215366,%
clt,2003,-0.0042166264307559225,%
clt,2004,-0.08094043878572785,%
