variable,year,value,unit
cltc,2001,0.02878538823454412,%
cltc,2002,-0.0032387517370969384,%
cltc,2003,-0.0004189782642872222,%
cltc,2004,-0.013081279539691347,%
