variable,year,value,unit
mmrbc,2000,0.0,kg kg-1
mmrbc,2001,0.23189143214807256,kg kg-1
mmrbc,2002,0.013816640783534949,kg kg-1
mmrbc,2003,-0.00577617819077702,kg kg-1
mmrbc,2004,-0.009572618932849511,kg kg-1
