variable,year,value,unit
dms,2000,0.4417033153941826,mol mol-1
dms,2001,0.3647750987383963,mol mol-1
dms,2002,0.5985244882258176,mol mol-1
dms,2003,0.295683580392771,mol mol-1
dms,2004,0.46795343720779076,mol mol-1
