variable,year,value,unit
dms,2000,-0.22118179684696918,mol mol-1
dms,2001,-0.008441677124846982,mol mol-1
dms,2002,0.0005804197738007765,mol mol-1
dms,2003,0.0037742220622193168,mol mol-1
dms,2004,-0.010350015355068437,mol mol-1
