variable,year,value,unit
od550aer,2000,1.0049192751760008,1
od550aer,2001,0.7967724023518434,1
od550aer,2002,1.085430746474014,1
od550aer,2003,1.787477294804761,1
od550aer,2004,1.250152995855202,1
