variable,year,value,unit
wetso4,2000,0.9978956598061223,kg m-2 s-1
wetso4,2001,1.0177668303314644,kg m-2 s-1
wetso4,2002,0.9699063152262535,kg m-2 s-1
wetso4,2003,0.9750108640130055,kg m-2 s-1
wetso4,2004,0.9918987282202952,kg m-2 s-1
