variable,year,value,unit
rsut,2001,0.0044955830847595545,W m-2
rsut,2002,0.0036121221889462134,W m-2
rsut,2003,0.003532633768573184,W m-2
rsut,2004,0.003326997432916414,W m-2
