variable,year,value,unit
loadso2,2000,-2.406808339911081,kg m-2
loadso2,2001,-2.4170369765821085,kg m-2
loadso2,2002,-2.2682122269708613,kg m-2
loadso2,2003,-2.2838664827945654,kg m-2
loadso2,2004,-2.249751048688,kg m-2
