variable,year,value,unit
rsdt,2001,7.7092644176826e-08,W m-2
rsdt,2002,7.202029091231449e-08,W m-2
rsdt,2003,1.9019066933894162e-08,W m-2
rsdt,2004,-5.50155972742875e-08,W m-2
