variable,year,value,unit
wetso2,2001,-3.347016961611171,kg m-2 s-1
wetso2,2002,-3.1595711558411317,kg m-2 s-1
wetso2,2003,-3.194102503231902,kg m-2 s-1
wetso2,2004,-2.9560823389892,kg m-2 s-1
