variable,year,value,unit
wetso2,2000,-4.26166296457353,kg m-2 s-1
wetso2,2001,-3.9352177566869866,kg m-2 s-1
wetso2,2002,-3.479793499575755,kg m-2 s-1
wetso2,2003,-4.862476360389391,kg m-2 s-1
wetso2,2004,-3.9857912187768885,kg m-2 s-1
