variable,year,value,unit
mmrso4,2001,3.6141609370683696,kg kg-1
mmrso4,2002,3.4682557845983024,kg kg-1
mmrso4,2003,3.629839694359912,kg kg-1
mmrso4,2004,3.4129461306533884,kg kg-1
