variable,year,value,unit
cl,2000,0.9788972851558373,%
cl,2001,0.49864564596653466,%
cl,2002,0.5046859085496236,%
cl,2003,-0.3158168852028886,%
cl,2004,0.483592789054536,%
