variable,year,value,unit
wetbc,2000,0.0,kg m-2 s-1
wetbc,2001,0.5256789270513667,kg m-2 s-1
wetbc,2002,-0.02748486492229618,kg m-2 s-1
wetbc,2003,-0.006961535898962833,kg m-2 s-1
wetbc,2004,0.06135827323465446,kg m-2 s-1
