variable,year,value,unit
mmrbc,2001,-0.5264058137458599,kg kg-1
mmrbc,2002,-0.20249234879416425,kg kg-1
mmrbc,2003,-0.35429303602466267,kg kg-1
mmrbc,2004,-0.06743177570466892,kg kg-1
