variable,year,value,unit
emibc,2001,1.1623346721077618e-05,kg m-2 s-1
emibc,2002,1.1888136933785083e-05,kg m-2 s-1
emibc,2003,-7.152025477096068e-06,kg m-2 s-1
emibc,2004,1.2351624457729411e-05,kg m-2 s-1
