variable,year,value,unit
dryso2,2000,-4.226991176230665,kg m-2 s-1
dryso2,2001,-4.360129388659492,kg m-2 s-1
dryso2,2002,-4.368061248855668,kg m-2 s-1
dryso2,2003,-4.369670415337637,kg m-2 s-1
dryso2,2004,-4.401671649332086,kg m-2 s-1
