variable,year,value,unit
so2,2001,-4.277922098138073,mol mol-1
so2,2002,-4.097559343404225,mol mol-1
so2,2003,-3.979495876065353,mol mol-1
so2,2004,-4.116892628948178,mol mol-1
