variable,year,value,unit
emiso2,2001,-5.128204692298918,kg m-2 s-1
emiso2,2002,-5.128205382823213,kg m-2 s-1
emiso2,2003,-5.128205464293061,kg m-2 s-1
emiso2,2004,-5.128205738116491,kg m-2 s-1
