variable,year,value,unit
loadbc,2000,-0.1192435557057457,kg m-2
loadbc,2001,0.09537096180466109,kg m-2
loadbc,2002,0.061080194207582816,kg m-2
loadbc,2003,-0.06583945943834991,kg m-2
loadbc,2004,0.3217610669725252,kg m-2
