variable,year,value,unit
clt,2000,0.22732595267286063,%
clt,2001,0.197497974034292,%
clt,2002,0.1363712036959139,%
clt,2003,0.14525251343412302,%
clt,2004,0.14840943204619167,%
