variable,year,value,unit
rlutcs,2001,-0.009849386809767784,W m-2
rlutcs,2002,-0.001451890222267104,W m-2
rlutcs,2003,-0.014488836676858506,W m-2
rlutcs,2004,-0.012256990002180784,W m-2
