variable,year,value,unit
drybc,2000,0.010979964659795071,kg m-2 s-1
drybc,2001,0.5546753162530614,kg m-2 s-1
drybc,2002,1.1483100834089617,kg m-2 s-1
drybc,2003,0.3627695165904982,kg m-2 s-1
drybc,2004,0.35033560145362846,kg m-2 s-1
