variable,year,value,unit
loadso4,2000,0.5827664145683096,kg m-2
loadso4,2001,0.623678523453081,kg m-2
loadso4,2002,0.25905554193085595,kg m-2
loadso4,2003,0.36221607024917896,kg m-2
loadso4,2004,0.21190197736135258,kg m-2
