variable,year,value,unit
loadbc,2000,0.06998390873553402,kg m-2
loadbc,2001,-0.20404134319536893,kg m-2
loadbc,2002,-0.19894522494927433,kg m-2
loadbc,2003,-0.4083891902027087,kg m-2
loadbc,2004,-0.4273089216268976,kg m-2
