variable,year,value,unit
emiso2,2001,-4.071732557884887,kg m-2 s-1
emiso2,2002,-4.087291985500008,kg m-2 s-1
emiso2,2003,-3.925593451388404,kg m-2 s-1
emiso2,2004,-4.169311067880195,kg m-2 s-1
