variable,year,value,unit
clivi,2000,-0.01070920098015867,kg m-2
clivi,2001,-0.11046341430860293,kg m-2
clivi,2002,0.13840395286544793,kg m-2
clivi,2003,0.019817886652295287,kg m-2
clivi,2004,-0.013823197607313637,kg m-2
