variable,year,value,unit
loadso4,2000,4.479259082510145e-06,kg m-2
loadso4,2001,4.572305352843043e-06,kg m-2
loadso4,2002,4.383908687465053e-06,kg m-2
loadso4,2003,4.723667122497011e-06,kg m-2
loadso4,2004,4.562333754309925e-06,kg m-2
