variable,year,value,unit
dryso4,2000,1.555177219800287e-12,kg m-2 s-1
dryso4,2001,1.574367269455456e-12,kg m-2 s-1
dryso4,2002,1.6491074757413026e-12,kg m-2 s-1
dryso4,2003,1.6565557891308647e-12,kg m-2 s-1
dryso4,2004,1.7054047779168433e-12,kg m-2 s-1
