variable,year,value,unit
dryso4,2000,9.833798440094147e-13,kg m-2 s-1
dryso4,2001,9.950725463171544e-13,kg m-2 s-1
dryso4,2002,1.0019779135082832e-12,kg m-2 s-1
dryso4,2003,1.038356310909525e-12,kg m-2 s-1
dryso4,2004,1.0375394571118832e-12,kg m-2 s-1
