variable,year,value,unit
dryso4,2000,2.4639202845750724e-12,kg m-2 s-1
dryso4,2001,2.4646595236663965e-12,kg m-2 s-1
dryso4,2002,2.4429336024372606e-12,kg m-2 s-1
dryso4,2003,2.5243109424988555e-12,kg m-2 s-1
dryso4,2004,2.5845778626055244e-12,kg m-2 s-1
