variable,year,value,unit
loadbc,2000,2.277721379436703e-10,kg m-2
loadbc,2001,2.4728467340793524e-10,kg m-2
loadbc,2002,-3.0549032704644116e-10,kg m-2
loadbc,2003,-2.0494259961313664e-10,kg m-2
loadbc,2004,2.3058602310235141e-10,kg m-2
loadbc,2005,3.475140279630009e-10,kg m-2
loadbc,2006,3.060531204546065e-11,kg m-2
loadbc,2007,-2.0715730153937185e-10,kg m-2
loadbc,2008,1.139926900052093e-10,kg m-2
loadbc,2009,1.959604654008477e-10,kg m-2
