variable,year,value,unit
rsut,2000,0.0011559274954890952,W m-2
rsut,2001,0.05484978389819162,W m-2
rsut,2002,0.07115418263140327,W m-2
rsut,2003,-0.01800527826027576,W m-2
rsut,2004,0.017346920378869868,W m-2
