variable,year,value,unit
loadbc,2000,-9.387483741745761e-12,kg m-2
loadbc,2001,-6.933203111913727e-12,kg m-2
loadbc,2002,-9.123765430102265e-12,kg m-2
loadbc,2003,4.020566296393942e-12,kg m-2
loadbc,2004,-1.6760985085097442e-12,kg m-2
