variable,year,value,unit
od550aer,2001,-0.002692783998962202,1
od550aer,2002,0.001199964770045428,1
od550aer,2003,0.002915332375101498,1
od550aer,2004,-0.0009023313816580517,1
od550aer,2005,0.0005589196256407664,1
