variable,year,value,unit
dryso4,2000,4.0555452430621136e-14,kg m-2 s-1
dryso4,2001,3.9525153541633127e-14,kg m-2 s-1
dryso4,2002,4.0203307723483584e-14,kg m-2 s-1
dryso4,2003,3.9597478864129913e-14,kg m-2 s-1
dryso4,2004,4.2964007465161986e-14,kg m-2 s-1
dryso4,2005,4.848515699238507e-14,kg m-2 s-1
dryso4,2006,4.957977478497641e-14,kg m-2 s-1
dryso4,2007,5.6725375305671163e-14,kg m-2 s-1
dryso4,2008,5.278142556977529e-14,kg m-2 s-1
dryso4,2009,5.243070832843852e-14,kg m-2 s-1
