variable,year,value,unit
mmrso4,2000,-1.685608729979466e-11,kg kg-1
mmrso4,2001,-1.3448719925896069e-11,kg kg-1
mmrso4,2002,-1.3096974380772546e-11,kg kg-1
mmrso4,2003,-1.3970623225736357e-11,kg kg-1
mmrso4,2004,-1.5465509531812883e-11,kg kg-1
mmrso4,2005,-1.481730175107345e-11,kg kg-1
mmrso4,2006,-1.2764388347005669e-11,kg kg-1
mmrso4,2007,-2.2518723361866247e-11,kg kg-1
mmrso4,2008,-1.9084705148835508e-11,kg kg-1
mmrso4,2009,-2.090797305041456e-11,kg kg-1
