variable,year,value,unit
wetbc,2000,1.7296681545015944e-16,kg m-2 s-1
wetbc,2001,9.047113185474533e-16,kg m-2 s-1
wetbc,2002,1.1820411832726648e-16,kg m-2 s-1
wetbc,2003,-3.6055024720479905e-16,kg m-2 s-1
wetbc,2004,5.234822978900826e-16,kg m-2 s-1
