variable,year,value,unit
mmrbc,2001,-1.8714716010650908e-12,kg kg-1
mmrbc,2002,4.101484962761623e-12,kg kg-1
mmrbc,2003,3.3820756033599317e-12,kg kg-1
mmrbc,2004,-1.9348951097133543e-12,kg kg-1
mmrbc,2005,-4.682504488496915e-13,kg kg-1
