variable,year,value,unit
mmrso4,2000,2.1287698876853882e-11,kg kg-1
mmrso4,2001,2.1549619809545134e-11,kg kg-1
mmrso4,2002,2.0200548244828787e-11,kg kg-1
mmrso4,2003,2.1327757720776735e-11,kg kg-1
mmrso4,2004,1.8575561075699607e-11,kg kg-1
