variable,year,value,unit
wetbc,2000,1.7165401382867448e-16,kg m-2 s-1
wetbc,2001,1.8146375387887533e-16,kg m-2 s-1
wetbc,2002,4.592398532802177e-16,kg m-2 s-1
wetbc,2003,-2.252317025714085e-16,kg m-2 s-1
wetbc,2004,-3.000396620007959e-16,kg m-2 s-1
