variable,year,value,unit
rsutcs,2000,0.01867703762117401,W m-2
rsutcs,2001,-0.00065926310271891,W m-2
rsutcs,2002,0.011743653542126253,W m-2
rsutcs,2003,0.01788396674407977,W m-2
rsutcs,2004,0.023167104325530374,W m-2
