variable,year,value,unit
cltc,2000,0.002919090718832784,%
cltc,2001,0.030050817178982392,%
cltc,2002,-0.0005673349987738163,%
cltc,2003,0.0016226572146003093,%
cltc,2004,0.007682584471610632,%
cltc,2005,-0.02022577121680058,%
cltc,2006,0.007079607942267252,%
cltc,2007,0.002804483124414503,%
cltc,2008,-0.015229085971382617,%
cltc,2009,-0.0017110596739655648,%
