variable,year,value,unit
mmrso4,2000,2.1287701726826307e-11,kg kg-1
mmrso4,2001,2.154962092976337e-11,kg kg-1
mmrso4,2002,2.0200547491287515e-11,kg kg-1
mmrso4,2003,2.1327758423602116e-11,kg kg-1
mmrso4,2004,1.8575562307202174e-11,kg kg-1
mmrso4,2005,1.844059376825926e-11,kg kg-1
mmrso4,2006,2.0199373703312292e-11,kg kg-1
mmrso4,2007,2.0349664181183108e-11,kg kg-1
mmrso4,2008,1.947387585761996e-11,kg kg-1
mmrso4,2009,2.0322678766093372e-11,kg kg-1
