variable,year,value,unit
rsut,2001,1.0018978886233327,W m-2
rsut,2002,0.7909862273325814,W m-2
rsut,2003,-0.1960528306106113,W m-2
rsut,2004,1.227839098953794,W m-2
rsut,2005,-0.36759279751149165,W m-2
