variable,year,value,unit
wetbc,2000,1.759496302419256e-16,kg m-2 s-1
wetbc,2001,5.909421179323527e-16,kg m-2 s-1
wetbc,2002,7.290152080209241e-16,kg m-2 s-1
wetbc,2003,2.234517332395865e-16,kg m-2 s-1
wetbc,2004,4.50260803170556e-16,kg m-2 s-1
