variable,year,value,unit
wetso2,2001,1.7090816626310762e-15,kg m-2 s-1
wetso2,2002,3.1975666905580554e-15,kg m-2 s-1
wetso2,2003,4.198864872767912e-15,kg m-2 s-1
wetso2,2004,9.898761649566727e-16,kg m-2 s-1
wetso2,2005,1.5268962809630709e-15,kg m-2 s-1
