variable,year,value,unit
loadbc,2000,1.2420371659376461e-12,kg m-2
loadbc,2001,-4.376950642324563e-12,kg m-2
loadbc,2002,1.0543787095707219e-12,kg m-2
loadbc,2003,1.0703616425584211e-12,kg m-2
loadbc,2004,-6.786633642480537e-13,kg m-2
