variable,year,value,unit
dryso4,2000,-6.700652170382718e-16,kg m-2 s-1
dryso4,2001,-9.773233721162614e-16,kg m-2 s-1
dryso4,2002,-9.791052649381047e-16,kg m-2 s-1
dryso4,2003,-8.17867491416498e-16,kg m-2 s-1
dryso4,2004,-5.089672411356999e-16,kg m-2 s-1
