variable,year,value,unit
wetbc,2000,-9.440116464866177e-17,kg m-2 s-1
wetbc,2001,4.158509734344547e-17,kg m-2 s-1
wetbc,2002,-1.4069239297080904e-16,kg m-2 s-1
wetbc,2003,-1.7952875270127767e-18,kg m-2 s-1
wetbc,2004,5.25274548146277e-17,kg m-2 s-1
