variable,year,value,unit
emiso2,2000,-1.7496020613750405e-14,kg m-2 s-1
emiso2,2001,-1.8341996407779615e-14,kg m-2 s-1
emiso2,2002,-1.7189222729927015e-14,kg m-2 s-1
emiso2,2003,-1.7663435995016075e-14,kg m-2 s-1
emiso2,2004,-1.8957856617041532e-14,kg m-2 s-1
