variable,year,value,unit
wetso4,2001,-8.652131051909173e-14,kg m-2 s-1
wetso4,2002,-1.0463828377176336e-13,kg m-2 s-1
wetso4,2003,2.872224310434977e-14,kg m-2 s-1
wetso4,2004,-2.779606890278597e-14,kg m-2 s-1
wetso4,2005,-5.673856430771477e-14,kg m-2 s-1
