variable,year,value,unit
mmrso4,2000,-0.8704042923347578,kg kg-1
mmrso4,2001,-0.7551140833048556,kg kg-1
mmrso4,2002,-0.7251603174494258,kg kg-1
mmrso4,2003,-0.8004221281241201,kg kg-1
mmrso4,2004,-0.637517750169654,kg kg-1
