variable,year,value,unit
loadso4,2000,-0.5219653006009918,kg m-2
loadso4,2001,-0.31650234493238794,kg m-2
loadso4,2002,-0.7172863394898994,kg m-2
loadso4,2003,-0.3950235646728137,kg m-2
loadso4,2004,-0.5048498704166724,kg m-2
