variable,year,value,unit
loadbc,2000,-0.03556798012455544,kg m-2
loadbc,2001,0.044200662151046406,kg m-2
loadbc,2002,-0.14389165100271634,kg m-2
loadbc,2003,0.12676923305824334,kg m-2
loadbc,2004,-0.00636501917525978,kg m-2
