variable,year,value,unit
dryso2,2000,0.1488405,kg m-2 s-1
dryso2,2001,0.12422126,kg m-2 s-1
dryso2,2002,0.1373749,kg m-2 s-1
dryso2,2003,0.12888177,kg m-2 s-1
dryso2,2004,0.14152832,kg m-2 s-1
