variable,year,value,unit
rsutcs,2000,0.03807085,W m-2
rsutcs,2001,0.035130505,W m-2
rsutcs,2002,0.009104788,W m-2
rsutcs,2003,0.0058421358,W m-2
rsutcs,2004,0.007952603,W m-2
