variable,year,value,unit
dryso2,2000,-38.490063,kg m-2 s-1
dryso2,2001,-36.4039,kg m-2 s-1
dryso2,2002,-35.159824,kg m-2 s-1
dryso2,2003,-35.836494,kg m-2 s-1
dryso2,2004,-39.38425,kg m-2 s-1
