variable,year,value,unit
wetbc,2000,0.018903231,kg m-2 s-1
wetbc,2001,0.0010492031,kg m-2 s-1
wetbc,2002,-0.0102858,kg m-2 s-1
wetbc,2003,-0.014032522,kg m-2 s-1
wetbc,2004,-0.004627521,kg m-2 s-1
