variable,year,value,unit
rlut,2000,0.008320191269247134,W m-2
rlut,2001,0.0018212223655804272,W m-2
rlut,2002,0.0032364508854299066,W m-2
rlut,2003,0.007277272553581635,W m-2
rlut,2004,0.005804162336365236,W m-2
