variable,year,value,unit
wetbc,2000,-3.502082302955995,kg m-2 s-1
wetbc,2001,-3.468259639867783,kg m-2 s-1
wetbc,2002,-3.3284386216047688,kg m-2 s-1
wetbc,2003,-3.3983468654847555,kg m-2 s-1
wetbc,2004,-3.5329346208584287,kg m-2 s-1
