variable,year,value,unit
wetbc,2000,0.01795759746239333,kg m-2 s-1
wetbc,2001,0.005994297181653519,kg m-2 s-1
wetbc,2002,-0.002120647635788168,kg m-2 s-1
wetbc,2003,-0.009782486883095732,kg m-2 s-1
wetbc,2004,0.02500538569674577,kg m-2 s-1
