variable,year,value,unit
dryso2,2000,-6.673267614864889,kg m-2 s-1
dryso2,2001,-7.146728413286378,kg m-2 s-1
dryso2,2002,-6.625254873688539,kg m-2 s-1
dryso2,2003,-6.950745197014549,kg m-2 s-1
dryso2,2004,-7.28899088284074,kg m-2 s-1
