variable,year,value,unit
mmrso4,2000,-4.411906711657316,kg kg-1
mmrso4,2001,-4.597350879891882,kg kg-1
mmrso4,2002,-4.395393338296902,kg kg-1
mmrso4,2003,-4.466288842696868,kg kg-1
mmrso4,2004,-4.711496579721212,kg kg-1
