variable,year,value,unit
emibc,2000,-27.72220929006283,kg m-2 s-1
emibc,2001,-27.94395663649791,kg m-2 s-1
emibc,2002,-27.56638625335818,kg m-2 s-1
emibc,2003,-28.055620953730333,kg m-2 s-1
emibc,2004,-29.459446077129897,kg m-2 s-1
