variable,year,value,unit
mmrbc,2000,-5.4432317079548485,kg kg-1
mmrbc,2001,-5.584780231647133,kg kg-1
mmrbc,2002,-5.314255249839381,kg kg-1
mmrbc,2003,-5.390354365920204,kg kg-1
mmrbc,2004,-5.66989093455799,kg kg-1
