variable,year,value,unit
rlutcs,2000,0.003903941369051187,W m-2
rlutcs,2001,0.002600016485197792,W m-2
rlutcs,2002,0.0010926482615432956,W m-2
rlutcs,2003,0.0017500074432485902,W m-2
rlutcs,2004,0.0022206343526066288,W m-2
