variable,year,value,unit
emiso2,2000,-9.663302094575029,kg m-2 s-1
emiso2,2001,-10.167226790832459,kg m-2 s-1
emiso2,2002,-9.428383083286823,kg m-2 s-1
emiso2,2003,-9.859074694820075,kg m-2 s-1
emiso2,2004,-10.485378674541886,kg m-2 s-1
