variable,year,value,unit
rsut,2000,-0.18311203099952997,W m-2
rsut,2001,-0.1166161111563197,W m-2
rsut,2002,-0.07286085199157666,W m-2
rsut,2003,-0.08291925900871784,W m-2
rsut,2004,-0.13870062676241318,W m-2
