variable,year,value,unit
mmrbc,2000,-0.010042899996113516,kg kg-1
mmrbc,2001,0.06841167225008997,kg kg-1
mmrbc,2002,0.029654520536577654,kg kg-1
mmrbc,2003,0.046145504227725787,kg kg-1
mmrbc,2004,0.020047396073500087,kg kg-1
