variable,year,value,unit
dryso4,2000,-0.05500103067268196,kg m-2 s-1
dryso4,2001,-0.01800174724886313,kg m-2 s-1
dryso4,2002,-0.18546081074685083,kg m-2 s-1
dryso4,2003,-0.16986608021852787,kg m-2 s-1
dryso4,2004,0.007556944413323581,kg m-2 s-1
