variable,year,value,unit
clt,2000,-0.019839482200851875,%
clt,2001,0.07228390538391065,%
clt,2002,0.03954266547749249,%
clt,2003,0.05283269886203785,%
clt,2004,0.027514719991732845,%
