variable,year,value,unit
loadso4,2000,0.049798493647576034,kg m-2
loadso4,2001,-0.05609615562690852,kg m-2
loadso4,2002,-0.006934419334522886,kg m-2
loadso4,2003,0.006363385945921879,kg m-2
loadso4,2004,-0.05897989062172846,kg m-2
