variable,year,value,unit
wetbc,2000,0.14355325196166296,kg m-2 s-1
wetbc,2001,0.1992839470272991,kg m-2 s-1
wetbc,2002,0.0794493029498508,kg m-2 s-1
wetbc,2003,-0.22973196346557492,kg m-2 s-1
wetbc,2004,-0.3103739252841465,kg m-2 s-1
