variable,year,value,unit
wetso2,2000,-0.05272936118027587,kg m-2 s-1
wetso2,2001,-0.016707187355194095,kg m-2 s-1
wetso2,2002,0.0374026136905716,kg m-2 s-1
wetso2,2003,0.04661926416092994,kg m-2 s-1
wetso2,2004,-0.09342130416579073,kg m-2 s-1
