variable,year,value,unit
wetbc,2000,-0.3865500023713393,kg m-2 s-1
wetbc,2001,0.09243361771092533,kg m-2 s-1
wetbc,2002,-0.08188547428342831,kg m-2 s-1
wetbc,2003,0.1257255239205205,kg m-2 s-1
wetbc,2004,-0.23018179427712845,kg m-2 s-1
