variable,year,value,unit
mmrso4,2000,-0.03760816093417546,kg kg-1
mmrso4,2001,-0.048658304995218726,kg kg-1
mmrso4,2002,0.010208376310399461,kg kg-1
mmrso4,2003,0.06485887188417354,kg kg-1
mmrso4,2004,-0.031138820615843894,kg kg-1
