variable,year,value,unit
loadso4,2000,-8.249514341429685e-09,kg m-2
loadso4,2001,-1.0854925616242773e-08,kg m-2
loadso4,2002,-7.339834770832796e-09,kg m-2
loadso4,2003,-9.799048270957193e-09,kg m-2
loadso4,2004,-1.2027710702232652e-08,kg m-2
