variable,year,value,unit
rlutcs,2000,0.015498339906059755,W m-2
rlutcs,2001,-0.01600453555289505,W m-2
rlutcs,2002,-0.010732942983281646,W m-2
rlutcs,2003,-0.019181625825012816,W m-2
rlutcs,2004,0.014407511054685074,W m-2
