variable,year,value,unit
rsut,2000,0.03697166774783511,W m-2
rsut,2001,-0.01781366416943797,W m-2
rsut,2002,-0.006060617154915349,W m-2
rsut,2003,0.00570407315824184,W m-2
rsut,2004,-0.0219569893572924,W m-2
