variable,year,value,unit
so2,2000,-2.6446489601364266e-12,mol mol-1
so2,2001,-2.4368682026189977e-12,mol mol-1
so2,2002,-2.585835066344558e-12,mol mol-1
so2,2003,-2.3778944980750783e-12,mol mol-1
so2,2004,-2.7938153861960322e-12,mol mol-1
