variable,year,value,unit
wetbc,2000,-4.9524006339205114e-17,kg m-2 s-1
wetbc,2001,2.0994083132862425e-16,kg m-2 s-1
wetbc,2002,-2.013463783806412e-16,kg m-2 s-1
wetbc,2003,6.263585449386815e-18,kg m-2 s-1
wetbc,2004,-2.2832979165562532e-17,kg m-2 s-1
