variable,year,value,unit
drybc,2000,-0.23818953715807506,kg m-2 s-1
drybc,2001,-0.2557928200240336,kg m-2 s-1
drybc,2002,-0.2469479687715429,kg m-2 s-1
drybc,2003,-0.2175166414455965,kg m-2 s-1
drybc,2004,-0.2525348707543783,kg m-2 s-1
