variable,year,value,unit
mmrbc,2000,-0.020055933543542175,kg kg-1
mmrbc,2001,0.008382342655376875,kg kg-1
mmrbc,2002,0.017849400646613146,kg kg-1
mmrbc,2003,-0.012222566652196997,kg kg-1
mmrbc,2004,-0.01989207934941528,kg kg-1
