variable,year,value,unit
wetso2,2000,-0.8196837700238234,kg m-2 s-1
wetso2,2001,-0.734043115841393,kg m-2 s-1
wetso2,2002,-0.5412399017207942,kg m-2 s-1
wetso2,2003,-0.7833341919494283,kg m-2 s-1
wetso2,2004,-0.8085934350796516,kg m-2 s-1
