variable,year,value,unit
rlutcs,2000,-0.002347770972492862,W m-2
rlutcs,2001,-0.002067160452518328,W m-2
rlutcs,2002,-0.0019894700641797107,W m-2
rlutcs,2003,-0.0017365727646406416,W m-2
rlutcs,2004,-0.0008915171783767194,W m-2
