variable,year,value,unit
dryso2,2000,-0.07581390183210193,kg m-2 s-1
dryso2,2001,-0.17986325984721108,kg m-2 s-1
dryso2,2002,-0.05874805481772507,kg m-2 s-1
dryso2,2003,-0.09181021398982275,kg m-2 s-1
dryso2,2004,-0.16230057598228256,kg m-2 s-1
