variable,year,value,unit
wetso2,2000,-3.987932258327256,kg m-2 s-1
wetso2,2001,-3.8395408175696875,kg m-2 s-1
wetso2,2002,-3.5289857505586415,kg m-2 s-1
wetso2,2003,-3.8085833422571165,kg m-2 s-1
wetso2,2004,-4.168436315594271,kg m-2 s-1
