variable,year,value,unit
clivi,2000,-0.07103834548793694,kg m-2
clivi,2001,-0.03543874139635762,kg m-2
clivi,2002,-0.15336502331188684,kg m-2
clivi,2003,0.18165692186547353,kg m-2
clivi,2004,0.0550612436347603,kg m-2
