variable,year,value,unit
wetso4,2000,-2.4258576051902323,kg m-2 s-1
wetso4,2001,-2.6159891773957487,kg m-2 s-1
wetso4,2002,-2.497684474339695,kg m-2 s-1
wetso4,2003,-2.4762288396490417,kg m-2 s-1
wetso4,2004,-2.978410736860755,kg m-2 s-1
