variable,year,value,unit
loadbc,2000,-73.11836548676683,kg m-2
loadbc,2001,-69.44871640953464,kg m-2
loadbc,2002,-70.35142462354283,kg m-2
loadbc,2003,-72.55099181045985,kg m-2
loadbc,2004,-71.23014477753152,kg m-2
