variable,year,value,unit
rlut,2000,0.028403533805693788,W m-2
rlut,2001,-0.043155926420844135,W m-2
rlut,2002,-0.048796459366543886,W m-2
rlut,2003,-0.045473976432462024,W m-2
rlut,2004,0.00733290191006086,W m-2
