variable,year,value,unit
emiso2,2000,-14.598536412590038,kg m-2 s-1
emiso2,2001,-14.904279117649535,kg m-2 s-1
emiso2,2002,-14.649385427590666,kg m-2 s-1
emiso2,2003,-15.196746441485882,kg m-2 s-1
emiso2,2004,-14.423064893030782,kg m-2 s-1
