variable,year,value,unit
dryso2,2000,-4.732525612605193,kg m-2 s-1
dryso2,2001,-5.080169674902059,kg m-2 s-1
dryso2,2002,-4.655970832964716,kg m-2 s-1
dryso2,2003,-4.94101054101876,kg m-2 s-1
dryso2,2004,-5.343062014578497,kg m-2 s-1
