variable,year,value,unit
rsutcs,2000,0.012473794818811394,W m-2
rsutcs,2001,0.013930078548018171,W m-2
rsutcs,2002,0.022753748544209012,W m-2
rsutcs,2003,0.02799158815426261,W m-2
rsutcs,2004,0.03861971272563463,W m-2
