variable,year,value,unit
drybc,2000,-0.03535668955003103,kg m-2 s-1
drybc,2001,0.03087991438461073,kg m-2 s-1
drybc,2002,-0.041380287162691015,kg m-2 s-1
drybc,2003,0.2593164903884419,kg m-2 s-1
drybc,2004,0.2136584214279029,kg m-2 s-1
