variable,year,value,unit
wetbc,2000,-0.11046427508960072,kg m-2 s-1
wetbc,2001,-0.05017550528562191,kg m-2 s-1
wetbc,2002,-0.04568615341168827,kg m-2 s-1
wetbc,2003,0.15650068258108515,kg m-2 s-1
wetbc,2004,0.02209522976302377,kg m-2 s-1
