variable,year,value,unit
cl,2000,0.0726581761813205,%
cl,2001,-0.03506612757690953,%
cl,2002,0.006557953615595773,%
cl,2003,0.005856716185171167,%
cl,2004,-0.12060306552043833,%
