variable,year,value,unit
cltc,2000,-0.010526591127898706,%
cltc,2001,0.03483352650507384,%
cltc,2002,-0.12903289612771235,%
cltc,2003,-0.08248778533535644,%
cltc,2004,-0.08752190921062472,%
