variable,year,value,unit
wetso4,2000,-0.4372541653996326,kg m-2 s-1
wetso4,2001,-0.5742978922670287,kg m-2 s-1
wetso4,2002,-0.36443371008909237,kg m-2 s-1
wetso4,2003,-0.40890664127160176,kg m-2 s-1
wetso4,2004,-0.42883988327801725,kg m-2 s-1
