variable,year,value,unit
clivi,2000,-4.892342119740961e-05,kg m-2
clivi,2001,3.9573153363923336e-05,kg m-2
clivi,2002,-2.179193755728892e-05,kg m-2
clivi,2003,5.734198576150956e-05,kg m-2
clivi,2004,-4.1028060124771726e-05,kg m-2
