variable,year,value,unit
dms,2000,5.362289268284753e-15,mol mol-1
dms,2001,1.4341009140992296e-14,mol mol-1
dms,2002,-2.3410030097103305e-15,mol mol-1
dms,2003,8.159538118688662e-17,mol mol-1
dms,2004,-3.7953974225325694e-14,mol mol-1
