variable,year,value,unit
dryso4,2000,-1.3932867117227626e-14,kg m-2 s-1
dryso4,2001,-1.4883040774907575e-14,kg m-2 s-1
dryso4,2002,-1.5091850430430123e-14,kg m-2 s-1
dryso4,2003,-1.6331534343344155e-14,kg m-2 s-1
dryso4,2004,-1.6287404943454936e-14,kg m-2 s-1
