variable,year,value,unit
mmrso4,2000,-2.0089725978648855e-11,kg kg-1
mmrso4,2001,-2.2407055700507042e-11,kg kg-1
mmrso4,2002,-2.1840569246544915e-11,kg kg-1
mmrso4,2003,-2.406635855351042e-11,kg kg-1
mmrso4,2004,-2.1638923199569544e-11,kg kg-1
