variable,year,value,unit
dryso4,2000,-5.515557099888902e-13,kg m-2 s-1
dryso4,2001,-5.678297655435873e-13,kg m-2 s-1
dryso4,2002,-5.622177154724509e-13,kg m-2 s-1
dryso4,2003,-5.813757378118833e-13,kg m-2 s-1
dryso4,2004,-6.077560029625412e-13,kg m-2 s-1
