variable,year,value,unit
rsutcs,2000,-0.21133785435847585,W m-2
rsutcs,2001,-0.20806006344764683,W m-2
rsutcs,2002,-0.204146945433493,W m-2
rsutcs,2003,-0.23016105611458215,W m-2
rsutcs,2004,-0.28254893788064805,W m-2
