variable,year,value,unit
cl,2000,0.7366751156366255,%
cl,2001,1.147836548896802,%
cl,2002,0.97223325663809,%
cl,2003,0.6434422564371753,%
cl,2004,0.8006299895927895,%
