variable,year,value,unit
emiso2,2000,8.513157118959166,kg m-2 s-1
emiso2,2001,8.513157118959166,kg m-2 s-1
emiso2,2002,8.513157118959166,kg m-2 s-1
emiso2,2003,8.513157118959166,kg m-2 s-1
emiso2,2004,8.513157118959166,kg m-2 s-1
