variable,year,value,unit
wetbc,2000,8.384521186181909e-14,kg m-2 s-1
wetbc,2001,9.412792188485086e-14,kg m-2 s-1
wetbc,2002,1.0173329743521563e-13,kg m-2 s-1
wetbc,2003,9.327743639163601e-14,kg m-2 s-1
wetbc,2004,1.0377735855558244e-13,kg m-2 s-1
