variable,year,value,unit
dryso2,2000,3.7860452483475885e-12,kg m-2 s-1
dryso2,2001,3.672899708716564e-12,kg m-2 s-1
dryso2,2002,3.802474583170823e-12,kg m-2 s-1
dryso2,2003,3.635671343789668e-12,kg m-2 s-1
dryso2,2004,3.70294973825298e-12,kg m-2 s-1
