variable,year,value,unit
loadbc,2000,8.04570748961655e-08,kg m-2
loadbc,2001,8.540866488260364e-08,kg m-2
loadbc,2002,1.0467555483006295e-07,kg m-2
loadbc,2003,9.033298469214834e-08,kg m-2
loadbc,2004,1.1010359664022512e-07,kg m-2
