variable,year,value,unit
clt,2000,64.81696023836673,%
clt,2001,64.69300184984942,%
clt,2002,65.16166815545887,%
clt,2003,65.24590129423399,%
clt,2004,65.13167238733115,%
