variable,year,value,unit
mmrso4,2000,2.3342380816162906e-10,kg kg-1
mmrso4,2001,2.448571656923838e-10,kg kg-1
mmrso4,2002,2.4071526097591063e-10,kg kg-1
mmrso4,2003,2.509367667352345e-10,kg kg-1
mmrso4,2004,2.6028274747251154e-10,kg kg-1
