variable,year,value,unit
mmrbc,2000,4.036875729975883e-12,kg kg-1
mmrbc,2001,4.106774753628785e-12,kg kg-1
mmrbc,2002,4.2184919733302685e-12,kg kg-1
mmrbc,2003,4.132921044277617e-12,kg kg-1
mmrbc,2004,4.23176799894207e-12,kg kg-1
