variable,year,value,unit
wetso2,2000,1.10880041640808e-12,kg m-2 s-1
wetso2,2001,1.0930426097201592e-12,kg m-2 s-1
wetso2,2002,1.132630875817635e-12,kg m-2 s-1
wetso2,2003,1.1178956035575663e-12,kg m-2 s-1
wetso2,2004,1.1106644991041937e-12,kg m-2 s-1
