variable,year,value,unit
dryso2,2000,1.053396571868954e-12,kg m-2 s-1
dryso2,2001,1.0427151151011446e-12,kg m-2 s-1
dryso2,2002,1.0597133405198002e-12,kg m-2 s-1
dryso2,2003,1.0575630551760184e-12,kg m-2 s-1
dryso2,2004,1.0677064945554509e-12,kg m-2 s-1
