variable,year,value,unit
wetso4,2000,2.929667880881869e-12,kg m-2 s-1
wetso4,2001,3.028393882746885e-12,kg m-2 s-1
wetso4,2002,3.0085163665353858e-12,kg m-2 s-1
wetso4,2003,3.00311467409767e-12,kg m-2 s-1
wetso4,2004,3.0244533385200627e-12,kg m-2 s-1
