variable,year,value,unit
rsutcs,2000,41.758800050980405,W m-2
rsutcs,2001,42.017936535866454,W m-2
rsutcs,2002,42.04034531615551,W m-2
rsutcs,2003,42.06134328911724,W m-2
rsutcs,2004,41.94962068177719,W m-2
