variable,year,value,unit
emibc,2000,1.191662913116829e-14,kg m-2 s-1
emibc,2001,1.3899518742400779e-14,kg m-2 s-1
emibc,2002,1.2550653192080351e-14,kg m-2 s-1
emibc,2003,1.3632726260815227e-14,kg m-2 s-1
emibc,2004,1.3123602193380193e-14,kg m-2 s-1
