variable,year,value,unit
mmrso4,2000,3.9659690093500076e-10,kg kg-1
mmrso4,2001,4.0267918482039416e-10,kg kg-1
mmrso4,2002,4.0106676597648253e-10,kg kg-1
mmrso4,2003,4.0005862088442964e-10,kg kg-1
mmrso4,2004,3.944637994752128e-10,kg kg-1
