variable,year,value,unit
od550aer,2000,0.10138971739581625,1
od550aer,2001,0.10032300365965861,1
od550aer,2002,0.10516390174317007,1
od550aer,2003,0.10321855265513219,1
od550aer,2004,0.10513785578053068,1
