variable,year,value,unit
rlut,2000,246.81139361194354,W m-2
rlut,2001,246.45473019497553,W m-2
rlut,2002,247.03183956724544,W m-2
rlut,2003,246.43499874265817,W m-2
rlut,2004,247.02331176969744,W m-2
