variable,year,value,unit
clt,2000,70.58629524733948,%
clt,2001,70.77754543445313,%
clt,2002,70.99792153522915,%
clt,2003,70.93255729284189,%
clt,2004,71.61434275764147,%
