variable,year,value,unit
wetbc,2000,4.4264760049616795e-14,kg m-2 s-1
wetbc,2001,4.3451430391908e-14,kg m-2 s-1
wetbc,2002,4.6344731621121373e-14,kg m-2 s-1
wetbc,2003,4.466529079379531e-14,kg m-2 s-1
wetbc,2004,4.864245586569126e-14,kg m-2 s-1
