variable,year,value,unit
drybc,2000,1.9387988224121946e-14,kg m-2 s-1
drybc,2001,2.0350651437332977e-14,kg m-2 s-1
drybc,2002,2.253200243381114e-14,kg m-2 s-1
drybc,2003,2.126728261457479e-14,kg m-2 s-1
drybc,2004,2.3636867828248727e-14,kg m-2 s-1
