variable,year,value,unit
rsut,2000,94.52345659539546,W m-2
rsut,2001,95.70401255003267,W m-2
rsut,2002,95.10946869261188,W m-2
rsut,2003,95.7174798939417,W m-2
rsut,2004,95.43718686428903,W m-2
