variable,year,value,unit
clt,2000,63.9816033446563,%
clt,2001,64.65085854094576,%
clt,2002,64.73923012400799,%
clt,2003,64.61775940996327,%
clt,2004,64.15539034551638,%
