variable,year,value,unit
so2,2000,4.4926565231667344e-11,mol mol-1
so2,2001,4.5611714255622835e-11,mol mol-1
so2,2002,4.4937435751506034e-11,mol mol-1
so2,2003,4.494140997384291e-11,mol mol-1
so2,2004,4.512127172505098e-11,mol mol-1
