variable,year,value,unit
clivi,2000,0.010441997207413085,kg m-2
clivi,2001,0.01038690358077693,kg m-2
clivi,2002,0.01016639069529345,kg m-2
clivi,2003,0.010301149057457486,kg m-2
clivi,2004,0.010241694495267517,kg m-2
