variable,year,value,unit
loadbc,2000,1.0945135639049284e-07,kg m-2
loadbc,2001,1.1423372488053906e-07,kg m-2
loadbc,2002,1.2181633037754298e-07,kg m-2
loadbc,2003,1.1669452543248274e-07,kg m-2
loadbc,2004,1.247443458923665e-07,kg m-2
