variable,year,value,unit
so2,2000,4.475306691046501e-11,mol mol-1
so2,2001,4.549293221772905e-11,mol mol-1
so2,2002,4.4682020399617646e-11,mol mol-1
so2,2003,4.483161028141964e-11,mol mol-1
so2,2004,4.513554749189286e-11,mol mol-1
