variable,year,value,unit
wetso4,2000,4.527724880226246e-12,kg m-2 s-1
wetso4,2001,4.523292825583474e-12,kg m-2 s-1
wetso4,2002,4.4504613960781546e-12,kg m-2 s-1
wetso4,2003,4.4529420406705475e-12,kg m-2 s-1
wetso4,2004,4.605646417766838e-12,kg m-2 s-1
