variable,year,value,unit
dryso4,2000,6.710126062470319e-13,kg m-2 s-1
dryso4,2001,6.733661033892007e-13,kg m-2 s-1
dryso4,2002,6.842738605185724e-13,kg m-2 s-1
dryso4,2003,6.766428096052666e-13,kg m-2 s-1
dryso4,2004,6.790726518765504e-13,kg m-2 s-1
