variable,year,value,unit
loadso4,2000,1.9375281782579936e-06,kg m-2
loadso4,2001,1.9478738171396823e-06,kg m-2
loadso4,2002,1.869213313320167e-06,kg m-2
loadso4,2003,1.916021834568009e-06,kg m-2
loadso4,2004,1.9229588689944433e-06,kg m-2
