variable,year,value,unit
dryso4,2000,6.471600217797739e-13,kg m-2 s-1
dryso4,2001,6.440316095561495e-13,kg m-2 s-1
dryso4,2002,6.537866844195986e-13,kg m-2 s-1
dryso4,2003,6.533140639669995e-13,kg m-2 s-1
dryso4,2004,6.600503994118759e-13,kg m-2 s-1
