variable,year,value,unit
dryso4,2000,-0.4868274648406495,kg m-2 s-1
dryso4,2001,-0.6508583571912473,kg m-2 s-1
dryso4,2002,-0.5118204454022931,kg m-2 s-1
dryso4,2003,-0.5034865401545549,kg m-2 s-1
dryso4,2004,-0.513927076101043,kg m-2 s-1
