variable,year,value,unit
wetbc,2000,-0.03494991632924557,kg m-2 s-1
wetbc,2001,-0.0014755708417633255,kg m-2 s-1
wetbc,2002,-0.04511723315582442,kg m-2 s-1
wetbc,2003,-0.07664894044394453,kg m-2 s-1
wetbc,2004,0.05829295954940651,kg m-2 s-1
