variable,year,value,unit
rsutcs,2000,-0.06421856039414474,W m-2
rsutcs,2001,-0.029699557198268195,W m-2
rsutcs,2002,-0.008248346406429703,W m-2
rsutcs,2003,0.003266949300230227,W m-2
rsutcs,2004,-0.022874759954250187,W m-2
