variable,year,value,unit
dryso4,2000,-0.9681428565155072,kg m-2 s-1
dryso4,2001,-1.0227866521678004,kg m-2 s-1
dryso4,2002,-0.7262640370337492,kg m-2 s-1
dryso4,2003,-0.8496169703780372,kg m-2 s-1
dryso4,2004,-0.7830186002625859,kg m-2 s-1
