variable,year,value,unit
wetso4,2000,-0.4620408708216643,kg m-2 s-1
wetso4,2001,-0.5163968496926163,kg m-2 s-1
wetso4,2002,-0.483876696660063,kg m-2 s-1
wetso4,2003,-0.5346901787437286,kg m-2 s-1
wetso4,2004,-0.5138000019023615,kg m-2 s-1
