variable,year,value,unit
loadso4,2000,-0.19167404727722756,kg m-2
loadso4,2001,-0.31159672532739047,kg m-2
loadso4,2002,-0.32096336954647553,kg m-2
loadso4,2003,-0.29673908789319925,kg m-2
loadso4,2004,-0.24185874871824162,kg m-2
