variable,year,value,unit
mmrbc,2000,-0.035544795441084534,kg kg-1
mmrbc,2001,-0.3905898929107736,kg kg-1
mmrbc,2002,0.036308083950428116,kg kg-1
mmrbc,2003,-0.08349868894136629,kg kg-1
mmrbc,2004,-0.029401341772487415,kg kg-1
