variable,year,value,unit
drybc,2000,-1.4280507770015467e-16,kg m-2 s-1
drybc,2001,7.934330233164527e-17,kg m-2 s-1
drybc,2002,2.0066345635113863e-16,kg m-2 s-1
drybc,2003,1.1055880763564284e-17,kg m-2 s-1
drybc,2004,1.2314434873459835e-16,kg m-2 s-1
