variable,year,value,unit
cl,2000,0.019748943243177663,%
cl,2001,-0.027232394291846873,%
cl,2002,-0.024582449057227507,%
cl,2003,0.0069234244283205015,%
cl,2004,-0.009178715363097112,%
