variable,year,value,unit
rlutcs,2000,-0.00820170309290802,W m-2
rlutcs,2001,0.003760089997228988,W m-2
rlutcs,2002,0.019420900686071718,W m-2
rlutcs,2003,-0.004228649880730018,W m-2
rlutcs,2004,-0.0033384920550645347,W m-2
