variable,year,value,unit
od550aer,2000,-9.114783120980907e-05,1
od550aer,2001,2.0225542704990773e-05,1
od550aer,2002,3.211126657112762e-05,1
od550aer,2003,-8.254417582537199e-06,1
od550aer,2004,0.00015225783752713384,1
