variable,year,value,unit
od550aer,2000,3.366971136335717e-05,1
od550aer,2001,7.877247943958998e-05,1
od550aer,2002,-1.7292206603847227e-06,1
od550aer,2003,1.888555345809506e-05,1
od550aer,2004,6.95727396083784e-05,1
