variable,year,value,unit
cl,2000,0.0004952348458200362,%
cl,2001,-0.00237013284946741,%
cl,2002,-0.0013990217055255272,%
cl,2003,0.00564766769824665,%
cl,2004,0.008472844060268159,%
