variable,year,value,unit
rsut,2000,-0.00885037477311812,W m-2
rsut,2001,0.010998175516377273,W m-2
rsut,2002,0.02050652054397517,W m-2
rsut,2003,0.01240176431942075,W m-2
rsut,2004,0.01732916814924579,W m-2
