variable,year,value,unit
loadso2,2000,2.351144531023469e-10,kg m-2
loadso2,2001,3.247598795796561e-10,kg m-2
loadso2,2002,-7.326188283543368e-10,kg m-2
loadso2,2003,1.2277007880558297e-10,kg m-2
loadso2,2004,3.0346620916901173e-10,kg m-2
