variable,year,value,unit
loadbc,2001,-6.827897365926449e-11,kg m-2
loadbc,2002,1.0189407223038631e-10,kg m-2
loadbc,2003,-5.3302978609342145e-11,kg m-2
loadbc,2004,3.393147050652636e-11,kg m-2
loadbc,2005,1.9789359501091508e-10,kg m-2
