variable,year,value,unit
mmrso4,2000,7.676944575420451e-13,kg kg-1
mmrso4,2001,3.819454820230435e-13,kg kg-1
mmrso4,2002,3.022251086393942e-13,kg kg-1
mmrso4,2003,3.9405969016738067e-13,kg kg-1
mmrso4,2004,7.217258782620195e-14,kg kg-1
