variable,year,value,unit
clt,2000,-0.004338691618336554,%
clt,2001,0.08564296546470018,%
clt,2002,-0.0011768654507733345,%
clt,2003,-0.015742253567580633,%
clt,2004,0.021590621020891376,%
clt,2005,-0.024429895013426517,%
clt,2006,0.012528771334885391,%
clt,2007,0.0320983357262179,%
clt,2008,-0.032688885736014583,%
clt,2009,-0.04092302131209635,%
