variable,year,value,unit
mmrso4,2001,3.238206780616178e-12,kg kg-1
mmrso4,2002,-1.005840695881104e-12,kg kg-1
mmrso4,2003,1.2062807712649217e-12,kg kg-1
mmrso4,2004,-7.761120232417597e-13,kg kg-1
mmrso4,2005,8.382171819945904e-12,kg kg-1
