variable,year,value,unit
mmrbc,2000,7.430680030951346e-15,kg kg-1
mmrbc,2001,-2.242126293478049e-15,kg kg-1
mmrbc,2002,7.65655028470888e-15,kg kg-1
mmrbc,2003,-8.921320468069965e-16,kg kg-1
mmrbc,2004,-1.9007126470210033e-14,kg kg-1
