variable,year,value,unit
clivi,2000,2.2240408805909023e-06,kg m-2
clivi,2001,-6.472399074319152e-07,kg m-2
clivi,2002,-8.319704439610498e-06,kg m-2
clivi,2003,9.339331691692043e-06,kg m-2
clivi,2004,-7.2012785446960714e-06,kg m-2
clivi,2005,-5.651636936738341e-06,kg m-2
clivi,2006,1.0674597882349979e-05,kg m-2
clivi,2007,-2.784331013902519e-06,kg m-2
clivi,2008,3.1789775426296907e-06,kg m-2
clivi,2009,2.3392864739556554e-05,kg m-2
