variable,year,value,unit
emiso2,2000,-7.809183417986057e-14,kg m-2 s-1
emiso2,2001,-7.814346264625859e-14,kg m-2 s-1
emiso2,2002,-7.724084636195775e-14,kg m-2 s-1
emiso2,2003,-7.768966453368417e-14,kg m-2 s-1
emiso2,2004,-7.773745889974584e-14,kg m-2 s-1
