variable,year,value,unit
emiso2,2001,0.016679583065720784,kg m-2 s-1
emiso2,2002,0.013275748745448696,kg m-2 s-1
emiso2,2003,0.01622454511698731,kg m-2 s-1
emiso2,2004,0.018144379967038007,kg m-2 s-1
