variable,year,value,unit
so2,2001,-0.5680722131463559,mol mol-1
so2,2002,-0.06372790532940646,mol mol-1
so2,2003,-0.06969508476052945,mol mol-1
so2,2004,-0.25209004143830077,mol mol-1
