variable,year,value,unit
clt,2000,0.020210821,%
clt,2001,0.0018098262,%
clt,2002,-0.0027256599,%
clt,2003,0.020976514,%
clt,2004,-0.006070211,%
