variable,year,value,unit
wetso4,2000,0.0483797,kg m-2 s-1
wetso4,2001,0.0448994,kg m-2 s-1
wetso4,2002,0.07724965,kg m-2 s-1
wetso4,2003,0.07428669,kg m-2 s-1
wetso4,2004,0.095173836,kg m-2 s-1
