variable,year,value,unit
cl,2000,0.08486155,%
cl,2001,0.08694982,%
cl,2002,-0.06601472,%
cl,2003,-0.07818155,%
cl,2004,0.0016879714,%
