variable,year,value,unit
rlut,2000,0.011043448,W m-2
rlut,2001,-0.008744608,W m-2
rlut,2002,-0.011039305,W m-2
rlut,2003,0.00987689,W m-2
rlut,2004,-0.01432728,W m-2
