variable,year,value,unit
so2,2000,-0.05992421,mol mol-1
so2,2001,-0.033442497,mol mol-1
so2,2002,-0.0943353,mol mol-1
so2,2003,-0.0896704,mol mol-1
so2,2004,0.021727413,mol mol-1
