variable,year,value,unit
dryso4,2000,-0.4507625,kg m-2 s-1
dryso4,2001,-0.2179299,kg m-2 s-1
dryso4,2002,-0.22958438,kg m-2 s-1
dryso4,2003,-0.48000985,kg m-2 s-1
dryso4,2004,-0.31722003,kg m-2 s-1
