variable,year,value,unit
wetso4,2000,-0.077078514,kg m-2 s-1
wetso4,2001,-0.08692154,kg m-2 s-1
wetso4,2002,-0.08015152,kg m-2 s-1
wetso4,2003,-0.075654276,kg m-2 s-1
wetso4,2004,-0.08035045,kg m-2 s-1
