variable,year,value,unit
rsut,2000,0.0111460835,W m-2
rsut,2001,-0.0020245146,W m-2
rsut,2002,-0.010690136,W m-2
rsut,2003,-0.013511455,W m-2
rsut,2004,-0.0051275976,W m-2
