variable,year,value,unit
wetso4,2000,0.10125409,kg m-2 s-1
wetso4,2001,0.07937605,kg m-2 s-1
wetso4,2002,0.13340172,kg m-2 s-1
wetso4,2003,0.115616456,kg m-2 s-1
wetso4,2004,0.1103836,kg m-2 s-1
