variable,year,value,unit
wetbc,2000,0.014671097,kg m-2 s-1
wetbc,2001,0.009038554,kg m-2 s-1
wetbc,2002,-0.009417003,kg m-2 s-1
wetbc,2003,-0.002275387,kg m-2 s-1
wetbc,2004,0.042361967,kg m-2 s-1
