variable,year,value,unit
drybc,2000,-0.00039154742,kg m-2 s-1
drybc,2001,0.0014958954,kg m-2 s-1
drybc,2002,-0.0006073501,kg m-2 s-1
drybc,2003,-0.0038455084,kg m-2 s-1
drybc,2004,-0.0021806625,kg m-2 s-1
