variable,year,value,unit
od550aer,2000,0.050871387,1
od550aer,2001,0.05795815,1
od550aer,2002,0.031962596,1
od550aer,2003,0.08193128,1
od550aer,2004,0.03883527,1
