variable,year,value,unit
wetso4,2000,0.029962381,kg m-2 s-1
wetso4,2001,0.04626568,kg m-2 s-1
wetso4,2002,0.052395005,kg m-2 s-1
wetso4,2003,0.07831491,kg m-2 s-1
wetso4,2004,0.08984365,kg m-2 s-1
