variable,year,value,unit
rlutcs,2001,259.02257205067724,W m-2
rlutcs,2002,259.2866305347109,W m-2
rlutcs,2003,259.38364466003634,W m-2
rlutcs,2004,259.1379420971814,W m-2
