variable,year,value,unit
so2,2001,4.155891101477255e-10,mol mol-1
so2,2002,4.099973179161035e-10,mol mol-1
so2,2003,4.307905660396437e-10,mol mol-1
so2,2004,4.2527944896458286e-10,mol mol-1
