variable,year,value,unit
rlut,2000,237.34486,W m-2
rlut,2001,237.52745,W m-2
rlut,2002,237.40463,W m-2
rlut,2003,237.18686,W m-2
rlut,2004,237.35118,W m-2
