variable,year,value,unit
dryso2,2000,6.8512197e-12,kg m-2 s-1
dryso2,2001,6.803376e-12,kg m-2 s-1
dryso2,2002,6.839238e-12,kg m-2 s-1
dryso2,2003,6.920979e-12,kg m-2 s-1
dryso2,2004,7.137438e-12,kg m-2 s-1
