variable,year,value,unit
dryso4,2000,1.0003041e-12,kg m-2 s-1
dryso4,2001,1.0200414e-12,kg m-2 s-1
dryso4,2002,1.0614547e-12,kg m-2 s-1
dryso4,2003,1.0634855e-12,kg m-2 s-1
dryso4,2004,1.0860088e-12,kg m-2 s-1
