variable,year,value,unit
emibc,2000,4.639451e-13,kg m-2 s-1
emibc,2001,4.717146e-13,kg m-2 s-1
emibc,2002,5.0002553e-13,kg m-2 s-1
emibc,2003,5.120071e-13,kg m-2 s-1
emibc,2004,5.3096904e-13,kg m-2 s-1
