variable,year,value,unit
cl,2000,4.203918582954835,%
cl,2001,4.216792224593381,%
cl,2002,4.28476890066505,%
cl,2003,4.263492641305804,%
cl,2004,4.461213711913119,%
