variable,year,value,unit
mmrbc,2000,7.445916955795599e-11,kg kg-1
mmrbc,2001,7.672022518411888e-11,kg kg-1
mmrbc,2002,8.196677271890015e-11,kg kg-1
mmrbc,2003,8.42784209003662e-11,kg kg-1
mmrbc,2004,8.76783857919583e-11,kg kg-1
