variable,year,value,unit
mmrbc,2000,7.396124e-11,kg kg-1
mmrbc,2001,7.8834356e-11,kg kg-1
mmrbc,2002,8.250923e-11,kg kg-1
mmrbc,2003,8.4995344e-11,kg kg-1
mmrbc,2004,8.764552e-11,kg kg-1
