variable,year,value,unit
mmrbc,2001,9.018079542358017e-11,kg kg-1
mmrbc,2002,9.541602005184623e-11,kg kg-1
mmrbc,2003,9.880446381760589e-11,kg kg-1
mmrbc,2004,1.0254588200426989e-10,kg kg-1
