variable,year,value,unit
drybc,2001,1.409301782984411e-13,kg m-2 s-1
drybc,2002,1.4605076719747618e-13,kg m-2 s-1
drybc,2003,1.5252356487422212e-13,kg m-2 s-1
drybc,2004,1.5821657411256755e-13,kg m-2 s-1
