variable,year,value,unit
emibc,2000,4.71979e-13,kg m-2 s-1
emibc,2001,5.006171e-13,kg m-2 s-1
emibc,2002,5.1191343e-13,kg m-2 s-1
emibc,2003,5.317961e-13,kg m-2 s-1
emibc,2004,5.492079e-13,kg m-2 s-1
