variable,year,value,unit
emiso2,2000,5.437827e-12,kg m-2 s-1
emiso2,2001,5.517058e-12,kg m-2 s-1
emiso2,2002,5.586141e-12,kg m-2 s-1
emiso2,2003,5.5983807e-12,kg m-2 s-1
emiso2,2004,5.95354e-12,kg m-2 s-1
