variable,year,value,unit
loadso2,2000,7.71199713725944e-07,kg m-2
loadso2,2001,7.904326056476564e-07,kg m-2
loadso2,2002,7.914971874046197e-07,kg m-2
loadso2,2003,8.033512307745454e-07,kg m-2
loadso2,2004,7.895383166174004e-07,kg m-2
