variable,year,value,unit
dryso4,2001,1.1118015827022976e-12,kg m-2 s-1
dryso4,2002,1.1171575095056692e-12,kg m-2 s-1
dryso4,2003,1.152182081304448e-12,kg m-2 s-1
dryso4,2004,1.1635718853016913e-12,kg m-2 s-1
