variable,year,value,unit
rsut,2000,101.27275270340817,W m-2
rsut,2001,101.40599799223881,W m-2
rsut,2002,101.49702992041145,W m-2
rsut,2003,101.45445363167183,W m-2
rsut,2004,101.288952885781,W m-2
