variable,year,value,unit
emiso2,2000,8.599824722556836e-12,kg m-2 s-1
emiso2,2001,8.53027318911843e-12,kg m-2 s-1
emiso2,2002,8.605841255941286e-12,kg m-2 s-1
emiso2,2003,8.49894924360227e-12,kg m-2 s-1
emiso2,2004,8.51796498492831e-12,kg m-2 s-1
