variable,year,value,unit
emiso2,2000,8.524295344533528e-12,kg m-2 s-1
emiso2,2001,8.48648083517971e-12,kg m-2 s-1
emiso2,2002,8.720803974138189e-12,kg m-2 s-1
emiso2,2003,9.046682473597747e-12,kg m-2 s-1
emiso2,2004,9.31793352257474e-12,kg m-2 s-1
