variable,year,value,unit
dms,2000,1.316065372635877e-10,mol mol-1
dms,2001,1.2812608859536794e-10,mol mol-1
dms,2002,1.3737617342169562e-10,mol mol-1
dms,2003,1.2244716593693203e-10,mol mol-1
dms,2004,1.2219627658130502e-10,mol mol-1
