variable,year,value,unit
loadso4,2000,3.2501360309931165e-06,kg m-2
loadso4,2001,3.252227036764847e-06,kg m-2
loadso4,2002,3.359917983555736e-06,kg m-2
loadso4,2003,3.4319366242146987e-06,kg m-2
loadso4,2004,3.5297690764910704e-06,kg m-2
