variable,year,value,unit
emiso2,2001,8.533753659689557e-12,kg m-2 s-1
emiso2,2002,8.488649948737931e-12,kg m-2 s-1
emiso2,2003,8.730834257474015e-12,kg m-2 s-1
emiso2,2004,9.066468355406576e-12,kg m-2 s-1
