variable,year,value,unit
od550aer,2001,0.13182426037523787,1
od550aer,2002,0.13711950893170077,1
od550aer,2003,0.1363909492579251,1
od550aer,2004,0.1386804803721046,1
