variable,year,value,unit
od550aer,2000,0.15426165,1
od550aer,2001,0.15475121,1
od550aer,2002,0.1575733,1
od550aer,2003,0.15767018,1
od550aer,2004,0.16027656,1
