variable,year,value,unit
rsdt,2001,340.45472294073744,W m-2
rsdt,2002,340.46648074344665,W m-2
rsdt,2003,340.3469010628822,W m-2
rsdt,2004,340.30289572902547,W m-2
