variable,year,value,unit
dms,2000,7.498603e-11,mol mol-1
dms,2001,7.7640824e-11,mol mol-1
dms,2002,7.55007e-11,mol mol-1
dms,2003,7.519687e-11,mol mol-1
dms,2004,7.615124e-11,mol mol-1
