variable,year,value,unit
mmrbc,2000,4.030880087494948e-11,kg kg-1
mmrbc,2001,4.071348207827006e-11,kg kg-1
mmrbc,2002,4.12536217097183e-11,kg kg-1
mmrbc,2003,4.180784350272468e-11,kg kg-1
mmrbc,2004,4.106911085570457e-11,kg kg-1
