variable,year,value,unit
clivi,2000,0.014416061322085607,kg m-2
clivi,2001,0.014467651231798427,kg m-2
clivi,2002,0.014572296525336797,kg m-2
clivi,2003,0.01457143161554426,kg m-2
clivi,2004,0.014609997606550856,kg m-2
