variable,year,value,unit
drybc,2000,6.585836611142692e-14,kg m-2 s-1
drybc,2001,6.744870415914095e-14,kg m-2 s-1
drybc,2002,6.817390114445346e-14,kg m-2 s-1
drybc,2003,6.915413001777354e-14,kg m-2 s-1
drybc,2004,6.814944881641841e-14,kg m-2 s-1
