variable,year,value,unit
dryso4,2000,8.917445740927416e-13,kg m-2 s-1
dryso4,2001,8.978040920373552e-13,kg m-2 s-1
dryso4,2002,9.083097364503316e-13,kg m-2 s-1
dryso4,2003,8.97230649113005e-13,kg m-2 s-1
dryso4,2004,8.869544887855749e-13,kg m-2 s-1
