variable,year,value,unit
rlut,2000,241.4178,W m-2
rlut,2001,241.71092,W m-2
rlut,2002,242.14647,W m-2
rlut,2003,242.2205,W m-2
rlut,2004,242.16911,W m-2
