variable,year,value,unit
loadso4,2000,4.586200874474606e-06,kg m-2
loadso4,2001,4.66523769265686e-06,kg m-2
loadso4,2002,4.744170682910816e-06,kg m-2
loadso4,2003,4.901233930586543e-06,kg m-2
loadso4,2004,5.113121764165153e-06,kg m-2
