variable,year,value,unit
dms,2000,7.979508e-11,mol mol-1
dms,2001,8.234491e-11,mol mol-1
dms,2002,8.1807e-11,mol mol-1
dms,2003,8.2574836e-11,mol mol-1
dms,2004,7.8870604e-11,mol mol-1
