variable,year,value,unit
rsut,2001,99.16898826115764,W m-2
rsut,2002,99.02253665589427,W m-2
rsut,2003,99.20516621743015,W m-2
rsut,2004,99.22260989353883,W m-2
