variable,year,value,unit
dryso4,2000,5.057305e-13,kg m-2 s-1
dryso4,2001,5.1620644e-13,kg m-2 s-1
dryso4,2002,5.298832e-13,kg m-2 s-1
dryso4,2003,5.488209e-13,kg m-2 s-1
dryso4,2004,5.400503e-13,kg m-2 s-1
