variable,year,value,unit
drybc,2000,6.089042383122212e-19,kg m-2 s-1
drybc,2001,-2.2258653985307876e-17,kg m-2 s-1
drybc,2002,-2.4571481001088206e-17,kg m-2 s-1
drybc,2003,-4.096820446612801e-18,kg m-2 s-1
drybc,2004,9.244578214396077e-18,kg m-2 s-1
