variable,year,value,unit
wetso4,2000,-6.3569311001066646e-15,kg m-2 s-1
wetso4,2001,-3.3127273137500588e-15,kg m-2 s-1
wetso4,2002,-1.6006987749046318e-15,kg m-2 s-1
wetso4,2003,-4.6098747172042415e-15,kg m-2 s-1
wetso4,2004,-4.9731805248660774e-15,kg m-2 s-1
