variable,year,value,unit
emiso2,2000,-1.1838585897104586e-14,kg m-2 s-1
emiso2,2001,-1.1668366761052858e-14,kg m-2 s-1
emiso2,2002,-1.0840150420141985e-14,kg m-2 s-1
emiso2,2003,-1.0860822081724457e-14,kg m-2 s-1
emiso2,2004,-1.1315924473366725e-14,kg m-2 s-1
