variable,year,value,unit
loadso2,2000,13.188224398786128,kg m-2
loadso2,2001,12.912132738625798,kg m-2
loadso2,2002,14.688909187556645,kg m-2
loadso2,2003,13.719061309523905,kg m-2
loadso2,2004,15.984836812197084,kg m-2
