variable,year,value,unit
wetso4,2000,5.142642322473488,kg m-2 s-1
wetso4,2001,4.470586342040069,kg m-2 s-1
wetso4,2002,5.133635354521561,kg m-2 s-1
wetso4,2003,5.2868572711490005,kg m-2 s-1
wetso4,2004,4.841073855810941,kg m-2 s-1
