variable,year,value,unit
loadbc,2000,-0.47238064337181984,kg m-2
loadbc,2001,-0.39433420239534067,kg m-2
loadbc,2002,-0.09030065408829614,kg m-2
loadbc,2003,-0.1943490735558365,kg m-2
loadbc,2004,-0.26751172880498414,kg m-2
