variable,year,value,unit
clivi,2000,0.5472340123716882,kg m-2
clivi,2001,0.030829137352018112,kg m-2
clivi,2002,0.5541350986296523,kg m-2
clivi,2003,0.35980289232740564,kg m-2
clivi,2004,-0.5061472415601727,kg m-2
