variable,year,value,unit
rsutcs,2000,0.4909927511295675,W m-2
rsutcs,2001,0.43273798323457385,W m-2
rsutcs,2002,0.39887612280485607,W m-2
rsutcs,2003,0.6203608839706692,W m-2
rsutcs,2004,0.5957474862402999,W m-2
