variable,year,value,unit
dryso2,2001,45.87510063324326,kg m-2 s-1
dryso2,2002,41.63832642866407,kg m-2 s-1
dryso2,2003,45.80127774810628,kg m-2 s-1
dryso2,2004,40.463467009372344,kg m-2 s-1
dryso2,2005,47.411921276013686,kg m-2 s-1
