variable,year,value,unit
dryso4,2000,32.41777636899964,kg m-2 s-1
dryso4,2001,36.72178523804078,kg m-2 s-1
dryso4,2002,32.71793322308289,kg m-2 s-1
dryso4,2003,33.5256831357143,kg m-2 s-1
dryso4,2004,34.01610100883143,kg m-2 s-1
