variable,year,value,unit
mmrso4,2000,9.226311545156364,kg kg-1
mmrso4,2001,8.139098429774137,kg kg-1
mmrso4,2002,8.75714856443787,kg kg-1
mmrso4,2003,8.239397384075476,kg kg-1
mmrso4,2004,9.957842081623145,kg kg-1
