variable,year,value,unit
rlutcs,2000,-0.010350623259234894,W m-2
rlutcs,2001,-0.009347788657805205,W m-2
rlutcs,2002,-0.005987135591471538,W m-2
rlutcs,2003,-0.011620965970146276,W m-2
rlutcs,2004,0.003810094893785698,W m-2
