variable,year,value,unit
drybc,2000,0.029737354330186,kg m-2 s-1
drybc,2001,-0.0044815917346232095,kg m-2 s-1
drybc,2002,0.05157477439931757,kg m-2 s-1
drybc,2003,0.06297046632876045,kg m-2 s-1
drybc,2004,0.041453812027245455,kg m-2 s-1
