variable,year,value,unit
rlut,2000,-0.14200526153678644,W m-2
rlut,2001,0.051020074825427024,W m-2
rlut,2002,-0.10243295843260251,W m-2
rlut,2003,-0.14592927080569598,W m-2
rlut,2004,-0.24788756550700697,W m-2
