variable,year,value,unit
rsutcs,2000,0.141480042636052,W m-2
rsutcs,2001,0.13010555593979,W m-2
rsutcs,2002,0.14079048809561495,W m-2
rsutcs,2003,0.1460384467657106,W m-2
rsutcs,2004,0.16946203876487953,W m-2
