variable,year,value,unit
loadso2,2000,-4.603720139584089,kg m-2
loadso2,2001,-6.359474118593594,kg m-2
loadso2,2002,-6.098669903511876,kg m-2
loadso2,2003,-4.739647107075559,kg m-2
loadso2,2004,-5.08324602946465,kg m-2
