variable,year,value,unit
rlut,2000,0.0019977556216159457,W m-2
rlut,2001,0.007934011778266923,W m-2
rlut,2002,0.004454070769152205,W m-2
rlut,2003,-0.008529201221886997,W m-2
rlut,2004,0.0007614157042946243,W m-2
