variable,year,value,unit
wetbc,2000,1.4909094599427718e-17,kg m-2 s-1
wetbc,2001,-1.968251700820705e-17,kg m-2 s-1
wetbc,2002,-8.735272725894623e-17,kg m-2 s-1
wetbc,2003,-3.493517901922404e-17,kg m-2 s-1
wetbc,2004,-6.396675665155754e-17,kg m-2 s-1
