variable,year,value,unit
rsdt,2000,7.953741487654042e-08,W m-2
rsdt,2001,-3.530999492795672e-08,W m-2
rsdt,2002,4.9000959734257776e-08,W m-2
rsdt,2003,2.5959138838516083e-08,W m-2
rsdt,2004,-2.614222580632486e-07,W m-2
