variable,year,value,unit
emiso2,2000,3.777219663646097e-13,kg m-2 s-1
emiso2,2001,3.657239871790049e-13,kg m-2 s-1
emiso2,2002,3.8148957558815124e-13,kg m-2 s-1
emiso2,2003,3.927373511898602e-13,kg m-2 s-1
emiso2,2004,3.9909476601492387e-13,kg m-2 s-1
