variable,year,value,unit
rlut,2000,-0.0030671843921652453,W m-2
rlut,2001,0.0018781259632874026,W m-2
rlut,2002,-0.0032431352657624757,W m-2
rlut,2003,-0.0014520282677210616,W m-2
rlut,2004,0.0026413313719615417,W m-2
