variable,year,value,unit
loadbc,2000,-2.6566287892726017e-11,kg m-2
loadbc,2001,3.377609569319673e-11,kg m-2
loadbc,2002,2.487780203019833e-11,kg m-2
loadbc,2003,4.047075132746544e-11,kg m-2
loadbc,2004,6.474141996775737e-11,kg m-2
