variable,year,value,unit
loadso4,2000,6.441388438107815e-08,kg m-2
loadso4,2001,6.806658504417663e-08,kg m-2
loadso4,2002,7.073157354398752e-08,kg m-2
loadso4,2003,8.752604487183369e-08,kg m-2
loadso4,2004,7.090406088880389e-08,kg m-2
