variable,year,value,unit
wetbc,2000,3.897901761079452e-16,kg m-2 s-1
wetbc,2001,-5.093759155879715e-16,kg m-2 s-1
wetbc,2002,-8.557239836141557e-16,kg m-2 s-1
wetbc,2003,5.844616338599932e-16,kg m-2 s-1
wetbc,2004,9.845640504160859e-16,kg m-2 s-1
