variable,year,value,unit
cl,2000,12.925813827188911,%
cl,2001,11.83669922470554,%
cl,2002,10.670055448274423,%
cl,2003,11.211615633860907,%
cl,2004,11.385852974152778,%
