variable,year,value,unit
wetso4,2000,3.6965832385927054e-12,kg m-2 s-1
wetso4,2001,3.6490886875178775e-12,kg m-2 s-1
wetso4,2002,3.741095329256674e-12,kg m-2 s-1
wetso4,2003,3.580970303733689e-12,kg m-2 s-1
wetso4,2004,3.795770684777227e-12,kg m-2 s-1
