variable,year,value,unit
dryso2,2000,6.343121693281232e-13,kg m-2 s-1
dryso2,2001,6.367425751130538e-13,kg m-2 s-1
dryso2,2002,5.894275925388135e-13,kg m-2 s-1
dryso2,2003,6.351540530325497e-13,kg m-2 s-1
dryso2,2004,6.979027839896709e-13,kg m-2 s-1
