variable,year,value,unit
emibc,2000,6.166008076847904e-13,kg m-2 s-1
emibc,2001,6.166008076847904e-13,kg m-2 s-1
emibc,2002,6.166008076847904e-13,kg m-2 s-1
emibc,2003,6.166008076847904e-13,kg m-2 s-1
emibc,2004,6.166008076847904e-13,kg m-2 s-1
