variable,year,value,unit
wetso4,2000,2.5579403970989444e-12,kg m-2 s-1
wetso4,2001,2.531680318016975e-12,kg m-2 s-1
wetso4,2002,2.3942519909559765e-12,kg m-2 s-1
wetso4,2003,2.3445433153551697e-12,kg m-2 s-1
wetso4,2004,2.4478728213684313e-12,kg m-2 s-1
