variable,year,value,unit
emiso2,2000,4.580768053414654e-12,kg m-2 s-1
emiso2,2001,4.6193877576993265e-12,kg m-2 s-1
emiso2,2002,4.773126058435037e-12,kg m-2 s-1
emiso2,2003,4.681581253611879e-12,kg m-2 s-1
emiso2,2004,4.78767391757356e-12,kg m-2 s-1
