variable,year,value,unit
rsut,2000,134.86980450848506,W m-2
rsut,2001,132.2706264390853,W m-2
rsut,2002,130.62179364201148,W m-2
rsut,2003,130.7659597934978,W m-2
rsut,2004,131.89096834712467,W m-2
