variable,year,value,unit
dryso4,2000,1.5048892352631926e-13,kg m-2 s-1
dryso4,2001,1.5429678351064528e-13,kg m-2 s-1
dryso4,2002,1.6202468698830872e-13,kg m-2 s-1
dryso4,2003,1.531733620375522e-13,kg m-2 s-1
dryso4,2004,1.6105242536539375e-13,kg m-2 s-1
