variable,year,value,unit
emiso2,2000,4.8213056547509346e-12,kg m-2 s-1
emiso2,2001,4.872702031676019e-12,kg m-2 s-1
emiso2,2002,5.0467886926580505e-12,kg m-2 s-1
emiso2,2003,4.957018617542059e-12,kg m-2 s-1
emiso2,2004,5.074740015491764e-12,kg m-2 s-1
