variable,year,value,unit
rlutcs,2000,250.4881867443357,W m-2
rlutcs,2001,252.44172973620672,W m-2
rlutcs,2002,251.27101851382196,W m-2
rlutcs,2003,250.66739369555438,W m-2
rlutcs,2004,252.12508822707306,W m-2
