variable,year,value,unit
mmrbc,2000,7.477393324554787e-11,kg kg-1
mmrbc,2001,7.779622483636885e-11,kg kg-1
mmrbc,2002,7.633159793423219e-11,kg kg-1
mmrbc,2003,7.62809631902975e-11,kg kg-1
mmrbc,2004,7.582713108935571e-11,kg kg-1
