variable,year,value,unit
clivi,2000,0.013677801518563399,kg m-2
clivi,2001,0.013840346333737104,kg m-2
clivi,2002,0.012470587373362874,kg m-2
clivi,2003,0.013438958111892564,kg m-2
clivi,2004,0.012365059440565008,kg m-2
