variable,year,value,unit
loadso4,2000,1.8194361024681843e-06,kg m-2
loadso4,2001,1.8208463421557492e-06,kg m-2
loadso4,2002,1.8037533626354026e-06,kg m-2
loadso4,2003,1.815755956518871e-06,kg m-2
loadso4,2004,1.900534045237615e-06,kg m-2
