variable,year,value,unit
so2,2000,3.832119885339331e-10,mol mol-1
so2,2001,3.8644830903443136e-10,mol mol-1
so2,2002,3.8786551156574783e-10,mol mol-1
so2,2003,3.881391899571045e-10,mol mol-1
so2,2004,3.9215935966051816e-10,mol mol-1
