variable,year,value,unit
cl,2000,12.714202013302918,%
cl,2001,12.549151391563655,%
cl,2002,12.263053883693983,%
cl,2003,11.831389633155666,%
cl,2004,12.547209678860206,%
