variable,year,value,unit
rlutcs,2001,0.35622880178465266,W m-2
rlutcs,2002,0.9690077427410415,W m-2
rlutcs,2003,-0.7977276013434675,W m-2
rlutcs,2004,-0.7081695887088131,W m-2
rlutcs,2005,0.3833795544046552,W m-2
