variable,year,value,unit
mmrso4,2000,1.1641147528514856e-10,kg kg-1
mmrso4,2001,1.173805041256295e-10,kg kg-1
mmrso4,2002,1.2883553795976753e-10,kg kg-1
mmrso4,2003,1.231030431062152e-10,kg kg-1
mmrso4,2004,1.269528965712444e-10,kg kg-1
