variable,year,value,unit
wetso4,2001,9.509773727545941e-14,kg m-2 s-1
wetso4,2002,4.926657242824079e-13,kg m-2 s-1
wetso4,2003,1.255333450818476e-13,kg m-2 s-1
wetso4,2004,1.0832819509297051e-13,kg m-2 s-1
wetso4,2005,1.4116353351301853e-13,kg m-2 s-1
