variable,year,value,unit
wetso2,2001,3.439897034457744e-14,kg m-2 s-1
wetso2,2002,5.834877981106722e-14,kg m-2 s-1
wetso2,2003,3.50148289354554e-14,kg m-2 s-1
wetso2,2004,5.0416927378176945e-14,kg m-2 s-1
wetso2,2005,4.437606574585711e-14,kg m-2 s-1
