variable,year,value,unit
clt,2000,0.10882705576719331,%
clt,2001,0.1369521486351033,%
clt,2002,-0.05627521154524118,%
clt,2003,0.17290669455593388,%
clt,2004,-0.027525433149875767,%
