variable,year,value,unit
mmrso4,2001,7.348597535560699e-11,kg kg-1
mmrso4,2002,2.0755953201730536e-10,kg kg-1
mmrso4,2003,1.218304787292699e-10,kg kg-1
mmrso4,2004,1.3532931820351452e-10,kg kg-1
mmrso4,2005,1.2576161194504906e-10,kg kg-1
