variable,year,value,unit
wetbc,2001,-1.3744179690222405e-14,kg m-2 s-1
wetbc,2002,-3.93141598748936e-15,kg m-2 s-1
wetbc,2003,1.6866798637821826e-15,kg m-2 s-1
wetbc,2004,5.602621019317497e-16,kg m-2 s-1
wetbc,2005,3.854222336431014e-15,kg m-2 s-1
