variable,year,value,unit
emiso2,2001,1.462130201245957e-12,kg m-2 s-1
emiso2,2002,1.5252119576441263e-12,kg m-2 s-1
emiso2,2003,1.5702299974454591e-12,kg m-2 s-1
emiso2,2004,1.596018445066138e-12,kg m-2 s-1
emiso2,2005,1.771958948626157e-12,kg m-2 s-1
