variable,year,value,unit
so2,2000,1.7927055710434612e-11,mol mol-1
so2,2001,1.7980967699658438e-11,mol mol-1
so2,2002,1.7751101815262736e-11,mol mol-1
so2,2003,1.786886782215841e-11,mol mol-1
so2,2004,1.7523284234014e-11,mol mol-1
