variable,year,value,unit
loadso4,2000,1.18757575834244e-07,kg m-2
loadso4,2001,1.0756806454444675e-07,kg m-2
loadso4,2002,1.2022049805179708e-07,kg m-2
loadso4,2003,1.1719639906879695e-07,kg m-2
loadso4,2004,1.1754859249436127e-07,kg m-2
