variable,year,value,unit
emiso2,2000,6.317973873259418,kg m-2 s-1
emiso2,2001,7.308684733878176,kg m-2 s-1
emiso2,2002,8.959547719328961,kg m-2 s-1
emiso2,2003,10.09219818472643,kg m-2 s-1
emiso2,2004,11.41523218515239,kg m-2 s-1
