variable,year,value,unit
dryso2,2000,1.1755817867172056,kg m-2 s-1
dryso2,2001,1.2709620314866068,kg m-2 s-1
dryso2,2002,1.1349873526288101,kg m-2 s-1
dryso2,2003,1.1963689070221748,kg m-2 s-1
dryso2,2004,1.248772065931867,kg m-2 s-1
