variable,year,value,unit
drybc,2000,-0.2583857157095838,kg m-2 s-1
drybc,2001,-0.36397958996175384,kg m-2 s-1
drybc,2002,0.37521140597408814,kg m-2 s-1
drybc,2003,0.10911939613808999,kg m-2 s-1
drybc,2004,-0.13013499130738687,kg m-2 s-1
