variable,year,value,unit
mmrso4,2000,-1.028449211950099,kg kg-1
mmrso4,2001,-0.9572332650123418,kg kg-1
mmrso4,2002,-0.8944412430223165,kg kg-1
mmrso4,2003,-0.8811764820809519,kg kg-1
mmrso4,2004,-1.0079128328170999,kg kg-1
