variable,year,value,unit
loadbc,2000,-0.10806859164017683,kg m-2
loadbc,2001,-0.0859030635051642,kg m-2
loadbc,2002,0.1976958051026165,kg m-2
loadbc,2003,0.07157095846203196,kg m-2
loadbc,2004,-0.1722748808884274,kg m-2
