variable,year,value,unit
dms,2000,-0.27509212843078956,mol mol-1
dms,2001,0.13407965383681553,mol mol-1
dms,2002,0.0012589522694689604,mol mol-1
dms,2003,-0.0005037227311435348,mol mol-1
dms,2004,-0.004196128720487594,mol mol-1
