variable,year,value,unit
wetso2,2001,0.2223953169721152,kg m-2 s-1
wetso2,2002,0.3365288419592215,kg m-2 s-1
wetso2,2003,0.3350038364124333,kg m-2 s-1
wetso2,2004,0.3421021452212641,kg m-2 s-1
