variable,year,value,unit
dryso2,2000,0.3579938177624104,kg m-2 s-1
dryso2,2001,0.3707234078214638,kg m-2 s-1
dryso2,2002,0.35411573027820376,kg m-2 s-1
dryso2,2003,0.3774852743906655,kg m-2 s-1
dryso2,2004,0.38200089270098675,kg m-2 s-1
