variable,year,value,unit
loadso4,2000,0.6614647876895879,kg m-2
loadso4,2001,2.448960450719626,kg m-2
loadso4,2002,3.1243873216070877,kg m-2
loadso4,2003,14.674260862247277,kg m-2
loadso4,2004,5.884003611653507,kg m-2
