variable,year,value,unit
loadso4,2000,-1.0777354909276604,kg m-2
loadso4,2001,-0.8583526839459504,kg m-2
loadso4,2002,-0.9526540900438332,kg m-2
loadso4,2003,-0.5133983609585078,kg m-2
loadso4,2004,-0.7594406749719214,kg m-2
