variable,year,value,unit
wetso4,2000,-0.5819440069023215,kg m-2 s-1
wetso4,2001,-0.709173355005286,kg m-2 s-1
wetso4,2002,-0.5455809880969044,kg m-2 s-1
wetso4,2003,-0.5290138925134741,kg m-2 s-1
wetso4,2004,-0.5977613610225933,kg m-2 s-1
