variable,year,value,unit
mmrso4,2000,-0.7348487924323219,kg kg-1
mmrso4,2001,-0.9396655811652453,kg kg-1
mmrso4,2002,-0.6503568196615936,kg kg-1
mmrso4,2003,-0.8669778840159351,kg kg-1
mmrso4,2004,-0.6315505142069187,kg kg-1
