variable,year,value,unit
dms,2000,-0.01428642372400879,mol mol-1
dms,2001,0.09787387791196779,mol mol-1
dms,2002,0.0034099025774779962,mol mol-1
dms,2003,0.038694830322665005,mol mol-1
dms,2004,0.1489526955855667,mol mol-1
