variable,year,value,unit
rsutcs,2000,0.0024744002653699594,W m-2
rsutcs,2001,0.012886185203436616,W m-2
rsutcs,2002,-0.010992998798708905,W m-2
rsutcs,2003,0.006347107398093093,W m-2
rsutcs,2004,0.012742398496557257,W m-2
