variable,year,value,unit
rsut,2001,-0.11524734568063634,W m-2
rsut,2002,-0.09900336212956562,W m-2
rsut,2003,0.006073672815696604,W m-2
rsut,2004,-0.10079459747935127,W m-2
