variable,year,value,unit
od550aer,2000,-0.03156477454435205,1
od550aer,2001,-0.032429950215057186,1
od550aer,2002,0.01698854381242674,1
od550aer,2003,-0.040241406838833656,1
od550aer,2004,-0.03431778662005764,1
