variable,year,value,unit
so2,2001,0.6568875661596222,mol mol-1
so2,2002,0.5140106273466436,mol mol-1
so2,2003,0.5199708034174716,mol mol-1
so2,2004,0.5691525659394774,mol mol-1
