variable,year,value,unit
drybc,2001,0.07406098153736368,kg m-2 s-1
drybc,2002,-0.04263656457385599,kg m-2 s-1
drybc,2003,0.15764870010015833,kg m-2 s-1
drybc,2004,-0.16588692933991547,kg m-2 s-1
