variable,year,value,unit
rsutcs,2001,0.002068828109565501,W m-2
rsutcs,2002,0.011791876992286059,W m-2
rsutcs,2003,0.013493657379008827,W m-2
rsutcs,2004,0.015787399172007936,W m-2
