variable,year,value,unit
wetbc,2000,-0.001241078474237854,kg m-2 s-1
wetbc,2001,0.07093996583681415,kg m-2 s-1
wetbc,2002,0.0025427782148128254,kg m-2 s-1
wetbc,2003,0.18261823724478146,kg m-2 s-1
wetbc,2004,-0.11503853038362828,kg m-2 s-1
