variable,year,value,unit
dms,2000,-0.0003289493101422997,mol mol-1
dms,2001,0.004397302449948615,mol mol-1
dms,2002,0.0356425303367261,mol mol-1
dms,2003,-0.003513378944836828,mol mol-1
dms,2004,0.013160518633653457,mol mol-1
