variable,year,value,unit
rlutcs,2001,-0.003181407793392631,W m-2
rlutcs,2002,-0.002294757140958592,W m-2
rlutcs,2003,-0.0002516351692612342,W m-2
rlutcs,2004,-0.0017243543350088679,W m-2
