variable,year,value,unit
wetso2,2000,0.19965841937163378,kg m-2 s-1
wetso2,2001,0.3954622459508798,kg m-2 s-1
wetso2,2002,0.07645975726415687,kg m-2 s-1
wetso2,2003,0.2978894984347201,kg m-2 s-1
wetso2,2004,0.19253557935392906,kg m-2 s-1
