variable,year,value,unit
od550aer,2001,-0.00044095127546807985,1
od550aer,2002,0.026892603942209232,1
od550aer,2003,0.0015739069808170863,1
od550aer,2004,-0.019035086200309644,1
