variable,year,value,unit
wetbc,2000,-0.1956418559277758,kg m-2 s-1
wetbc,2001,0.06362947567269862,kg m-2 s-1
wetbc,2002,-0.05510295651775091,kg m-2 s-1
wetbc,2003,-0.41794165087321283,kg m-2 s-1
wetbc,2004,-0.12746910728036048,kg m-2 s-1
