variable,year,value,unit
dryso4,2001,-0.4194656308703003,kg m-2 s-1
dryso4,2002,-0.3834251425011352,kg m-2 s-1
dryso4,2003,-0.29493788647000324,kg m-2 s-1
dryso4,2004,-0.34187329928714744,kg m-2 s-1
