variable,year,value,unit
rsut,2001,-0.028873542343485128,W m-2
rsut,2002,0.03790235353963471,W m-2
rsut,2003,0.011188360931558493,W m-2
rsut,2004,0.0070268745792764495,W m-2
