variable,year,value,unit
rlutcs,2001,0.005900351581673452,W m-2
rlutcs,2002,-0.003874912330463392,W m-2
rlutcs,2003,-0.0021912615649586934,W m-2
rlutcs,2004,-0.0013555904811971208,W m-2
