variable,year,value,unit
loadso4,2000,-0.33038819052699436,kg m-2
loadso4,2001,-0.15361090908470046,kg m-2
loadso4,2002,-0.3197614942430119,kg m-2
loadso4,2003,-0.024470309880345795,kg m-2
loadso4,2004,-0.9720568484958456,kg m-2
