variable,year,value,unit
wetso2,2000,0.17691795150797973,kg m-2 s-1
wetso2,2001,0.17514256449696505,kg m-2 s-1
wetso2,2002,0.15633352977133586,kg m-2 s-1
wetso2,2003,0.18162635083444506,kg m-2 s-1
wetso2,2004,0.17144687800803915,kg m-2 s-1
