variable,year,value,unit
wetbc,2000,-0.07991450289030815,kg m-2 s-1
wetbc,2001,-0.016499364716140743,kg m-2 s-1
wetbc,2002,0.12418557224378737,kg m-2 s-1
wetbc,2003,0.05081463018462277,kg m-2 s-1
wetbc,2004,-0.2025307931031421,kg m-2 s-1
