variable,year,value,unit
loadso4,2000,0.06535623581516535,kg m-2
loadso4,2001,0.06794637457589857,kg m-2
loadso4,2002,0.06325326380727371,kg m-2
loadso4,2003,0.07138391504026606,kg m-2
loadso4,2004,0.07678079002842877,kg m-2
