variable,year,value,unit
cl,2000,-0.36221198576212704,%
cl,2001,-0.2515456491337832,%
cl,2002,-0.056230495386960504,%
cl,2003,-0.35682747478512206,%
cl,2004,-0.1514142940280812,%
