variable,year,value,unit
wetso4,2000,-0.464015165077657,kg m-2 s-1
wetso4,2001,0.38980188617398137,kg m-2 s-1
wetso4,2002,-0.43494748346239054,kg m-2 s-1
wetso4,2003,-0.45792970596078814,kg m-2 s-1
wetso4,2004,-0.4591938757160469,kg m-2 s-1
