variable,year,value,unit
rsutcs,2000,0.004809300459637375,W m-2
rsutcs,2001,-0.012394602261189679,W m-2
rsutcs,2002,0.010940383357769463,W m-2
rsutcs,2003,-0.00864790061425499,W m-2
rsutcs,2004,-0.002750690841400793,W m-2
