variable,year,value,unit
loadbc,2000,0.3827783296203732,kg m-2
loadbc,2001,0.03996251723059531,kg m-2
loadbc,2002,0.04719314562882527,kg m-2
loadbc,2003,-0.0006119338876771409,kg m-2
loadbc,2004,0.019867281218311196,kg m-2
