variable,year,value,unit
mmrbc,2000,-0.14711206409824662,kg kg-1
mmrbc,2001,0.052975956602222714,kg kg-1
mmrbc,2002,-0.24646082218973694,kg kg-1
mmrbc,2003,-0.3002349837226683,kg kg-1
mmrbc,2004,-0.21675778955059805,kg kg-1
