variable,year,value,unit
dryso4,2000,-3.6759311108031475e-15,kg m-2 s-1
dryso4,2001,-2.928533900019736e-15,kg m-2 s-1
dryso4,2002,-2.2772032977262246e-15,kg m-2 s-1
dryso4,2003,-4.496706253144082e-15,kg m-2 s-1
dryso4,2004,-3.715521303285969e-15,kg m-2 s-1
