variable,year,value,unit
dryso2,2000,-1.630615752192061e-15,kg m-2 s-1
dryso2,2001,-3.333066639994838e-15,kg m-2 s-1
dryso2,2002,-1.4202462286016179e-15,kg m-2 s-1
dryso2,2003,-2.1721566355978485e-15,kg m-2 s-1
dryso2,2004,-4.511931077582978e-15,kg m-2 s-1
