variable,year,value,unit
rsutcs,2000,-0.016934405254588114,W m-2
rsutcs,2001,-0.014470483619149377,W m-2
rsutcs,2002,-0.0127740944400756,W m-2
rsutcs,2003,-0.01008200283217775,W m-2
rsutcs,2004,-0.011295813579394576,W m-2
