variable,year,value,unit
emiso2,2000,-1.3469745107253616e-13,kg m-2 s-1
emiso2,2001,-1.4126836434841316e-13,kg m-2 s-1
emiso2,2002,-1.3206934806404304e-13,kg m-2 s-1
emiso2,2003,-1.3578665509013169e-13,kg m-2 s-1
emiso2,2004,-1.458299895312579e-13,kg m-2 s-1
