variable,year,value,unit
cltc,2001,0.5611536002663193,%
cltc,2002,0.10886998675420934,%
cltc,2003,-0.2685746319321982,%
cltc,2004,0.46236833008943456,%
cltc,2005,-0.05776767911048086,%
