variable,year,value,unit
emiso2,2000,5.011953048002584e-14,kg m-2 s-1
emiso2,2001,5.2833480162331487e-14,kg m-2 s-1
emiso2,2002,4.776736303437079e-14,kg m-2 s-1
emiso2,2003,4.93017826586884e-14,kg m-2 s-1
emiso2,2004,5.504188885780124e-14,kg m-2 s-1
