variable,year,value,unit
rsutcs,2000,0.009572014742843749,W m-2
rsutcs,2001,0.004197110230407475,W m-2
rsutcs,2002,-0.004786734647211688,W m-2
rsutcs,2003,0.006619890790119598,W m-2
rsutcs,2004,0.007789543577985114,W m-2
