variable,year,value,unit
dryso4,2000,6.113849784825667e-15,kg m-2 s-1
dryso4,2001,3.130618282369477e-15,kg m-2 s-1
dryso4,2002,7.4520920925806e-15,kg m-2 s-1
dryso4,2003,5.874078255121494e-15,kg m-2 s-1
dryso4,2004,9.057505311415706e-15,kg m-2 s-1
