variable,year,value,unit
rlutcs,2000,0.02186123360368697,W m-2
rlutcs,2001,0.013303556560373409,W m-2
rlutcs,2002,0.019836343479681773,W m-2
rlutcs,2003,-0.01297083256508813,W m-2
rlutcs,2004,0.01075023602996339,W m-2
