variable,year,value,unit
emiso2,2000,5.5892940484298575e-14,kg m-2 s-1
emiso2,2001,5.860873107942688e-14,kg m-2 s-1
emiso2,2002,5.4916310964266314e-14,kg m-2 s-1
emiso2,2003,5.642664097686637e-14,kg m-2 s-1
emiso2,2004,6.056769810420129e-14,kg m-2 s-1
