variable,year,value,unit
wetbc,2001,1.612074559977675e-14,kg m-2 s-1
wetbc,2002,-6.790133081026071e-15,kg m-2 s-1
wetbc,2003,1.2875523182322942e-14,kg m-2 s-1
wetbc,2004,2.7021606109757584e-14,kg m-2 s-1
wetbc,2005,3.053176068887344e-14,kg m-2 s-1
