variable,year,value,unit
wetso4,2000,-1.6392515138106297e-14,kg m-2 s-1
wetso4,2001,-1.4353889670328518e-14,kg m-2 s-1
wetso4,2002,-1.529200897293335e-14,kg m-2 s-1
wetso4,2003,-1.4191591045928679e-14,kg m-2 s-1
wetso4,2004,-1.4856562649975594e-14,kg m-2 s-1
