variable,year,value,unit
emibc,2000,-2.492620915756369e-23,kg m-2 s-1
emibc,2001,-9.332830417048652e-22,kg m-2 s-1
emibc,2002,1.0181017149107485e-21,kg m-2 s-1
emibc,2003,4.0969591676641446e-21,kg m-2 s-1
emibc,2004,2.237818944344178e-21,kg m-2 s-1
