variable,year,value,unit
loadso4,2000,-3.1822732796443203e-09,kg m-2
loadso4,2001,-3.1402317181737765e-09,kg m-2
loadso4,2002,-3.948996567500471e-09,kg m-2
loadso4,2003,-3.485843499757428e-09,kg m-2
loadso4,2004,-5.148710947648016e-09,kg m-2
