variable,year,value,unit
loadso4,2000,-1.2321149218409384e-08,kg m-2
loadso4,2001,-9.900849676465617e-09,kg m-2
loadso4,2002,-1.581800111177859e-08,kg m-2
loadso4,2003,-1.5809845384029016e-08,kg m-2
loadso4,2004,-1.0382030843108402e-08,kg m-2
