variable,year,value,unit
mmrso4,2000,-3.2781459818623233e-12,kg kg-1
mmrso4,2001,-3.0665971939917307e-12,kg kg-1
mmrso4,2002,-4.019465210309996e-12,kg kg-1
mmrso4,2003,-3.740515305447813e-12,kg kg-1
mmrso4,2004,-3.51352807228534e-12,kg kg-1
