variable,year,value,unit
loadso4,2000,-6.218243260250282e-09,kg m-2
loadso4,2001,-6.775668915148287e-09,kg m-2
loadso4,2002,-7.647088204903057e-09,kg m-2
loadso4,2003,-6.2368741444290414e-09,kg m-2
loadso4,2004,-8.824182181360632e-09,kg m-2
