variable,year,value,unit
loadbc,2000,-7.721775762347227e-11,kg m-2
loadbc,2001,1.7210224549077725e-10,kg m-2
loadbc,2002,-4.095394313133957e-10,kg m-2
loadbc,2003,6.70152419879937e-11,kg m-2
loadbc,2004,6.078788354472392e-10,kg m-2
