variable,year,value,unit
clivi,2000,-4.2267250291086814e-05,kg m-2
clivi,2001,-2.27707793012729e-05,kg m-2
clivi,2002,5.698395789830932e-05,kg m-2
clivi,2003,-4.688275105434701e-05,kg m-2
clivi,2004,-3.236350708967807e-05,kg m-2
