variable,year,value,unit
so2,2000,-0.3858460500346365,mol mol-1
so2,2001,-0.4720731797736754,mol mol-1
so2,2002,-0.3515410201465895,mol mol-1
so2,2003,-0.41795297371189855,mol mol-1
so2,2004,-0.5687176055448423,mol mol-1
