variable,year,value,unit
drybc,2000,0.06537793495915424,kg m-2 s-1
drybc,2001,-0.02604291770863559,kg m-2 s-1
drybc,2002,-0.03359725009483725,kg m-2 s-1
drybc,2003,0.11536780896575906,kg m-2 s-1
drybc,2004,0.16162361941939374,kg m-2 s-1
