variable,year,value,unit
rlut,2000,-0.12133630148107954,W m-2
rlut,2001,-0.12601757336241803,W m-2
rlut,2002,-0.11207705747256114,W m-2
rlut,2003,-0.1342090916513996,W m-2
rlut,2004,-0.10469856621102736,W m-2
