variable,year,value,unit
dryso2,2000,-4.2795724267090407e-13,kg m-2 s-1
dryso2,2001,-4.511779450082079e-13,kg m-2 s-1
dryso2,2002,-4.3238490653817675e-13,kg m-2 s-1
dryso2,2003,-2.3267261135038127e-13,kg m-2 s-1
dryso2,2004,-4.30616639327707e-14,kg m-2 s-1
