variable,year,value,unit
dryso4,2000,1.8225256963950987e-12,kg m-2 s-1
dryso4,2001,1.8621346646942772e-12,kg m-2 s-1
dryso4,2002,1.844501750390471e-12,kg m-2 s-1
dryso4,2003,1.895898889605538e-12,kg m-2 s-1
dryso4,2004,1.954340107438803e-12,kg m-2 s-1
