variable,year,value,unit
loadso2,2000,-0.8197570244741621,kg m-2
loadso2,2001,-0.7156048091099482,kg m-2
loadso2,2002,-0.7725731844258725,kg m-2
loadso2,2003,-0.7407585965676539,kg m-2
loadso2,2004,-0.741194421544161,kg m-2
