variable,year,value,unit
wetbc,2000,-1.5571544708601732,kg m-2 s-1
wetbc,2001,-2.216858564593667,kg m-2 s-1
wetbc,2002,-1.5768064448325558,kg m-2 s-1
wetbc,2003,-0.904078994155084,kg m-2 s-1
wetbc,2004,-1.6572834897412865,kg m-2 s-1
