variable,year,value,unit
so2,2001,-0.3632251256742843,mol mol-1
so2,2002,-1.5874863887832702,mol mol-1
so2,2003,-1.0566054281529067,mol mol-1
so2,2004,-0.6532609249714831,mol mol-1
so2,2005,1.1583541584919947,mol mol-1
