variable,year,value,unit
rsdt,2001,0.45020438778396993,W m-2
rsdt,2002,0.12301743824723745,W m-2
rsdt,2003,-0.05236735362434456,W m-2
rsdt,2004,0.3421177198624798,W m-2
rsdt,2005,0.7256429844625134,W m-2
