variable,year,value,unit
rlut,2000,-0.007395226121758469,W m-2
rlut,2001,0.04255708523024282,W m-2
rlut,2002,-0.001821609685691783,W m-2
rlut,2003,0.014604166943058772,W m-2
rlut,2004,0.017011600597300003,W m-2
