variable,year,value,unit
loadbc,2000,-0.048754910931319805,kg m-2
loadbc,2001,-0.11364910746186502,kg m-2
loadbc,2002,-0.1281077893910849,kg m-2
loadbc,2003,-0.06378527021632055,kg m-2
loadbc,2004,-0.19798154133683032,kg m-2
