variable,year,value,unit
clt,2000,0.011617571168024199,%
clt,2001,-0.04919676451510213,%
clt,2002,0.01741499318048767,%
clt,2003,-0.0049029953320811615,%
clt,2004,-0.014721538399300016,%
