variable,year,value,unit
rsutcs,2001,-0.2012420245892864,W m-2
rsutcs,2002,-0.2349334607152719,W m-2
rsutcs,2003,0.4368304672124212,W m-2
rsutcs,2004,0.15863281632034285,W m-2
rsutcs,2005,-0.03334423512027011,W m-2
