variable,year,value,unit
clt,2000,0.02109665767729757,%
clt,2001,-0.08928621896529737,%
clt,2002,0.032047885164686554,%
clt,2003,-0.009038174574859476,%
clt,2004,-0.026965135354190456,%
