variable,year,value,unit
wetso4,2001,-2.35113381546857,kg m-2 s-1
wetso4,2002,1.077208449608624,kg m-2 s-1
wetso4,2003,-3.4752348382709326,kg m-2 s-1
wetso4,2004,-5.65762057952344,kg m-2 s-1
wetso4,2005,-8.84753776065641,kg m-2 s-1
