variable,year,value,unit
clt,2000,0.0023056739020826267,%
clt,2001,-0.042932737756268914,%
clt,2002,0.0337430019151719,%
clt,2003,-0.012483670811983273,%
clt,2004,-0.00858574671998525,%
