variable,year,value,unit
rlutcs,2000,-0.0018092692361763184,W m-2
rlutcs,2001,0.006963742691469741,W m-2
rlutcs,2002,0.004180387579725556,W m-2
rlutcs,2003,0.0034457337124514983,W m-2
rlutcs,2004,-0.001108683802379351,W m-2
