variable,year,value,unit
dms,2000,-0.17876249707890493,mol mol-1
dms,2001,0.005850295577339392,mol mol-1
dms,2002,-0.14839145879423393,mol mol-1
dms,2003,0.04975673166442304,mol mol-1
dms,2004,0.07690052650643123,mol mol-1
