variable,year,value,unit
dryso4,2000,0.6455966956652065,kg m-2 s-1
dryso4,2001,0.9813865162606452,kg m-2 s-1
dryso4,2002,0.5854282523631216,kg m-2 s-1
dryso4,2003,1.9252623548621424,kg m-2 s-1
dryso4,2004,1.5584207534168446,kg m-2 s-1
