variable,year,value,unit
emiso2,2000,-1.3322410706941687,kg m-2 s-1
emiso2,2001,-1.3322410706941687,kg m-2 s-1
emiso2,2002,-1.3322410706941687,kg m-2 s-1
emiso2,2003,-1.3322410706941687,kg m-2 s-1
emiso2,2004,-1.3322410706941687,kg m-2 s-1
