variable,year,value,unit
cltc,2000,-0.4949873607548047,%
cltc,2001,0.024550140869774993,%
cltc,2002,0.2760826969174012,%
cltc,2003,-0.0964898054618372,%
cltc,2004,-0.3784876239120691,%
