variable,year,value,unit
drybc,2000,-0.0071886694943295165,kg m-2 s-1
drybc,2001,-0.6338357668518065,kg m-2 s-1
drybc,2002,-0.03477539044700213,kg m-2 s-1
drybc,2003,-0.07312296878762727,kg m-2 s-1
drybc,2004,0.5573773196495182,kg m-2 s-1
