variable,year,value,unit
clivi,2000,0.045495766065752175,kg m-2
clivi,2001,0.4637680490574341,kg m-2
clivi,2002,-0.39350775375836394,kg m-2
clivi,2003,-0.6911263422949492,kg m-2
clivi,2004,0.07686230419213387,kg m-2
