variable,year,value,unit
cl,2000,0.2704381787129873,%
cl,2001,-0.29517396329302265,%
cl,2002,-0.09288503874488474,%
cl,2003,0.27272862806677944,%
cl,2004,0.1170044674713845,%
