variable,year,value,unit
drybc,2000,0.013065263305854072,kg m-2 s-1
drybc,2001,0.020393715331359957,kg m-2 s-1
drybc,2002,0.01573482929077905,kg m-2 s-1
drybc,2003,-0.0025714144212281103,kg m-2 s-1
drybc,2004,-0.021357681760966096,kg m-2 s-1
