variable,year,value,unit
cltc,2000,-25.638756854587374,%
cltc,2001,-26.36221368088511,%
cltc,2002,-26.3885072821385,%
cltc,2003,-26.06841859145171,%
cltc,2004,-26.597382149007288,%
