variable,year,value,unit
rsut,2000,0.00031246646247279364,W m-2
rsut,2001,-0.0032704311729432546,W m-2
rsut,2002,-0.002687623984740286,W m-2
rsut,2003,-0.00199496660108104,W m-2
rsut,2004,-0.0018830530416100823,W m-2
