variable,year,value,unit
rsut,2000,0.020834257355423255,W m-2
rsut,2001,0.00550410844540206,W m-2
rsut,2002,0.04963025133594012,W m-2
rsut,2003,-0.015319057812533942,W m-2
rsut,2004,-0.07294422264307769,W m-2
