variable,year,value,unit
emiso2,2000,-0.11028376974507469,kg m-2 s-1
emiso2,2001,-0.10458933083197311,kg m-2 s-1
emiso2,2002,-0.10899699194597107,kg m-2 s-1
emiso2,2003,-0.11278089096572834,kg m-2 s-1
emiso2,2004,-0.12716385703253336,kg m-2 s-1
