variable,year,value,unit
wetso4,2000,-1.1276141076085748,kg m-2 s-1
wetso4,2001,-1.2628386958735274,kg m-2 s-1
wetso4,2002,-1.1137226890557972,kg m-2 s-1
wetso4,2003,-1.1251748604115546,kg m-2 s-1
wetso4,2004,-1.0196621499143907,kg m-2 s-1
