variable,year,value,unit
wetso2,2000,-0.08589067493029791,kg m-2 s-1
wetso2,2001,-0.6770218069510113,kg m-2 s-1
wetso2,2002,-0.5296080597400822,kg m-2 s-1
wetso2,2003,-0.7275714722084442,kg m-2 s-1
wetso2,2004,-0.4062905627229477,kg m-2 s-1
