variable,year,value,unit
rsut,2000,0.027404374116847628,W m-2
rsut,2001,-0.040999287992256286,W m-2
rsut,2002,-0.020305357971774903,W m-2
rsut,2003,-0.00047128957479637354,W m-2
rsut,2004,0.00464994030668615,W m-2
