variable,year,value,unit
dryso4,2001,-2.8574307203628064e-13,kg m-2 s-1
dryso4,2002,-2.8222192690487223e-13,kg m-2 s-1
dryso4,2003,-2.995627480307598e-13,kg m-2 s-1
dryso4,2004,-3.1444308879215647e-13,kg m-2 s-1
