variable,year,value,unit
dryso4,2000,-1.9731577249564385e-13,kg m-2 s-1
dryso4,2001,-1.9896496053164682e-13,kg m-2 s-1
dryso4,2002,-1.9632608870922133e-13,kg m-2 s-1
dryso4,2003,-2.0781326109358128e-13,kg m-2 s-1
dryso4,2004,-2.196802395160127e-13,kg m-2 s-1
