variable,year,value,unit
emiso2,2000,4.775109650758358e-13,kg m-2 s-1
emiso2,2001,4.783950093063558e-13,kg m-2 s-1
emiso2,2002,5.060889758138602e-13,kg m-2 s-1
emiso2,2003,4.977498716101903e-13,kg m-2 s-1
emiso2,2004,5.197462806356994e-13,kg m-2 s-1
