variable,year,value,unit
emiso2,2000,4.59468485694006e-13,kg m-2 s-1
emiso2,2001,4.616259379644615e-13,kg m-2 s-1
emiso2,2002,4.585765619504123e-13,kg m-2 s-1
emiso2,2003,4.786984821549123e-13,kg m-2 s-1
emiso2,2004,5.037698572434832e-13,kg m-2 s-1
