variable,year,value,unit
clivi,2000,1.0930586353766897e-05,kg m-2
clivi,2001,-2.7822586979482644e-06,kg m-2
clivi,2002,3.419665707068628e-06,kg m-2
clivi,2003,3.913361391607098e-06,kg m-2
clivi,2004,1.112406955523608e-05,kg m-2
