variable,year,value,unit
loadbc,2000,-4.485071787891912e-10,kg m-2
loadbc,2001,2.3108519695232706e-11,kg m-2
loadbc,2002,-2.283847924458664e-10,kg m-2
loadbc,2003,-2.5445398852342085e-10,kg m-2
loadbc,2004,1.78962480714212e-10,kg m-2
