variable,year,value,unit
dryso4,2000,-1.6313922599455222e-13,kg m-2 s-1
dryso4,2001,-1.66695581697519e-13,kg m-2 s-1
dryso4,2002,-1.6532341311797853e-13,kg m-2 s-1
dryso4,2003,-1.7549106755530694e-13,kg m-2 s-1
dryso4,2004,-1.8652332616191108e-13,kg m-2 s-1
