variable,year,value,unit
drybc,2001,1.4675548164626221e-15,kg m-2 s-1
drybc,2002,1.7061824423949052e-15,kg m-2 s-1
drybc,2003,2.234403502537923e-15,kg m-2 s-1
drybc,2004,2.2577109491863736e-15,kg m-2 s-1
