variable,year,value,unit
od550aer,2000,-0.12130836555555885,1
od550aer,2001,-0.12150935137382197,1
od550aer,2002,-0.12699561785338465,1
od550aer,2003,-0.12307908093326608,1
od550aer,2004,-0.12435666839168594,1
