variable,year,value,unit
emiso2,2001,4.644135258183999e-13,kg m-2 s-1
emiso2,2002,4.611566611538663e-13,kg m-2 s-1
emiso2,2003,4.808847934412185e-13,kg m-2 s-1
emiso2,2004,5.040476642668755e-13,kg m-2 s-1
