variable,year,value,unit
emiso2,2000,4.90774567671579e-13,kg m-2 s-1
emiso2,2001,4.89109041340625e-13,kg m-2 s-1
emiso2,2002,4.892237492951443e-13,kg m-2 s-1
emiso2,2003,5.131835040076441e-13,kg m-2 s-1
emiso2,2004,5.305293642641713e-13,kg m-2 s-1
