variable,year,value,unit
rlut,2000,0.04346176115865319,W m-2
rlut,2001,0.07018220366512651,W m-2
rlut,2002,0.09253765975083184,W m-2
rlut,2003,0.09960858149838714,W m-2
rlut,2004,0.06683111591203783,W m-2
