variable,year,value,unit
loadso4,2000,-9.839997075657097e-08,kg m-2
loadso4,2001,-9.996387576217743e-08,kg m-2
loadso4,2002,-8.94071908981467e-08,kg m-2
loadso4,2003,-1.0432914618773178e-07,kg m-2
loadso4,2004,-1.0979027418490927e-07,kg m-2
