variable,year,value,unit
wetso4,2000,-1.5839668594895872e-13,kg m-2 s-1
wetso4,2001,-1.570420183439396e-13,kg m-2 s-1
wetso4,2002,-1.2798015144721318e-13,kg m-2 s-1
wetso4,2003,-1.7916021922870144e-13,kg m-2 s-1
wetso4,2004,-1.6993350250125348e-13,kg m-2 s-1
