variable,year,value,unit
wetso4,2000,-8.413640131232086e-14,kg m-2 s-1
wetso4,2001,-8.803288294418527e-14,kg m-2 s-1
wetso4,2002,-9.448059342731551e-14,kg m-2 s-1
wetso4,2003,-8.133934285407935e-14,kg m-2 s-1
wetso4,2004,-8.8849808471436e-14,kg m-2 s-1
