variable,year,value,unit
dryso4,2001,-1.9088178425607381e-13,kg m-2 s-1
dryso4,2002,-1.931386264073187e-13,kg m-2 s-1
dryso4,2003,-2.0134955605875537e-13,kg m-2 s-1
dryso4,2004,-2.110218927698949e-13,kg m-2 s-1
