variable,year,value,unit
so2,2000,3.0605468392395e-11,mol mol-1
so2,2001,3.9465229987328336e-11,mol mol-1
so2,2002,3.002794451083826e-11,mol mol-1
so2,2003,3.156850551226549e-11,mol mol-1
so2,2004,3.3225432598390414e-11,mol mol-1
