variable,year,value,unit
loadbc,2000,1.8774583080516997e-09,kg m-2
loadbc,2001,1.2422871692471497e-09,kg m-2
loadbc,2002,5.756961077400237e-11,kg m-2
loadbc,2003,2.8807140501902285e-11,kg m-2
loadbc,2004,1.592223583715994e-11,kg m-2
