variable,year,value,unit
loadso2,2000,3.687444050642559e-08,kg m-2
loadso2,2001,3.800446827342245e-08,kg m-2
loadso2,2002,4.0413412601481714e-08,kg m-2
loadso2,2003,3.963070373963838e-08,kg m-2
loadso2,2004,4.1373265438392534e-08,kg m-2
