variable,year,value,unit
clt,2001,-0.035306193948180464,%
clt,2002,-0.003739023012592213,%
clt,2003,-0.04019125036752769,%
clt,2004,-0.006205575901439886,%
