variable,year,value,unit
od550aer,2000,0.0008492656042823343,1
od550aer,2001,0.0008585931384548218,1
od550aer,2002,0.0008348417106978645,1
od550aer,2003,-0.00041947880752415956,1
od550aer,2004,-0.0004480662055878215,1
