variable,year,value,unit
loadso4,2000,-9.376301905326954e-08,kg m-2
loadso4,2001,-4.437126885638791e-08,kg m-2
loadso4,2002,-5.5112349744010784e-08,kg m-2
loadso4,2003,-8.034163309204033e-08,kg m-2
loadso4,2004,-9.836803039742114e-08,kg m-2
