variable,year,value,unit
rsutcs,2001,-0.0646198965125393,W m-2
rsutcs,2002,-0.057486428348880736,W m-2
rsutcs,2003,-0.05807375189105812,W m-2
rsutcs,2004,-0.06518903858300007,W m-2
