variable,year,value,unit
cltc,2001,0.001425016590626882,%
cltc,2002,-0.0002492243790781501,%
cltc,2003,0.0023821019440051217,%
cltc,2004,0.0010787457298619962,%
