variable,year,value,unit
dryso2,2001,1.858776906776744e-13,kg m-2 s-1
dryso2,2002,1.8222263081878658e-13,kg m-2 s-1
dryso2,2003,1.9494270263368644e-13,kg m-2 s-1
dryso2,2004,2.03491003092055e-13,kg m-2 s-1
