variable,year,value,unit
wetbc,2000,-1.769775193771474e-15,kg m-2 s-1
wetbc,2001,-2.9967508134796555e-15,kg m-2 s-1
wetbc,2002,-3.2412871703450296e-15,kg m-2 s-1
wetbc,2003,-5.509381455363026e-15,kg m-2 s-1
wetbc,2004,-5.729269707737116e-15,kg m-2 s-1
