variable,year,value,unit
wetso2,2000,9.047387022197651e-14,kg m-2 s-1
wetso2,2001,9.574998996351215e-14,kg m-2 s-1
wetso2,2002,9.079488275856302e-14,kg m-2 s-1
wetso2,2003,9.945566198842876e-14,kg m-2 s-1
wetso2,2004,1.0018875767499762e-13,kg m-2 s-1
