variable,year,value,unit
rsut,2000,0.33510365592479996,W m-2
rsut,2001,0.36310176849442805,W m-2
rsut,2002,0.3385168528630719,W m-2
rsut,2003,0.31852388712349305,W m-2
rsut,2004,0.35483620920724396,W m-2
