variable,year,value,unit
loadso2,2000,12.793414548270912,kg m-2
loadso2,2001,12.82654796319079,kg m-2
loadso2,2002,12.502768278975568,kg m-2
loadso2,2003,13.5573727162209,kg m-2
loadso2,2004,14.55865153161951,kg m-2
