variable,year,value,unit
rlut,2000,-0.00786920232010321,W m-2
rlut,2001,-0.01087292278994834,W m-2
rlut,2002,-0.002645075486830531,W m-2
rlut,2003,-0.004356613774652521,W m-2
rlut,2004,-0.0011959989285138032,W m-2
