variable,year,value,unit
mmrbc,2000,-0.06988914860890773,kg kg-1
mmrbc,2001,-0.12317151307671766,kg kg-1
mmrbc,2002,0.0005166016065812697,kg kg-1
mmrbc,2003,-0.1573311151541818,kg kg-1
mmrbc,2004,-0.12335692157959763,kg kg-1
