variable,year,value,unit
loadbc,2000,1.4449627312040354,kg m-2
loadbc,2001,1.5940278662160832,kg m-2
loadbc,2002,1.3379852346750358,kg m-2
loadbc,2003,1.4241923257272924,kg m-2
loadbc,2004,1.3357794163755181,kg m-2
