variable,year,value,unit
dryso2,2000,-9.110186016043924,kg m-2 s-1
dryso2,2001,-9.02559911312456,kg m-2 s-1
dryso2,2002,-8.896668681732313,kg m-2 s-1
dryso2,2003,-9.293317384650676,kg m-2 s-1
dryso2,2004,-9.154721028959168,kg m-2 s-1
