variable,year,value,unit
clivi,2000,0.11388561648769688,kg m-2
clivi,2001,0.08896514199676116,kg m-2
clivi,2002,0.08887335307453502,kg m-2
clivi,2003,0.023779610688285567,kg m-2
clivi,2004,0.03362487399716606,kg m-2
