variable,year,value,unit
cl,2000,-0.9315880389164791,%
cl,2001,-0.9853351524571761,%
cl,2002,-1.2989551584201218,%
cl,2003,-0.8324591303600084,%
cl,2004,-1.7769135577924282,%
