variable,year,value,unit
wetso4,2000,-1.5792432625217407,kg m-2 s-1
wetso4,2001,-1.9526904643417036,kg m-2 s-1
wetso4,2002,-1.7795052738341453,kg m-2 s-1
wetso4,2003,-1.6313952159972427,kg m-2 s-1
wetso4,2004,-2.0589895468134793,kg m-2 s-1
