variable,year,value,unit
emiso2,2000,-2.767250335909191,kg m-2 s-1
emiso2,2001,-2.7333293536898857,kg m-2 s-1
emiso2,2002,-2.7644293392439145,kg m-2 s-1
emiso2,2003,-3.0151565862250367,kg m-2 s-1
emiso2,2004,-3.4315236179967417,kg m-2 s-1
