variable,year,value,unit
wetbc,2000,0.03441624125884385,kg m-2 s-1
wetbc,2001,-0.011631253568156936,kg m-2 s-1
wetbc,2002,0.07406566254282324,kg m-2 s-1
wetbc,2003,0.1349285230770281,kg m-2 s-1
wetbc,2004,-0.05801705605496159,kg m-2 s-1
