variable,year,value,unit
rlutcs,2000,0.001287387469603403,W m-2
rlutcs,2001,0.0013356432557239696,W m-2
rlutcs,2002,0.002758722494860842,W m-2
rlutcs,2003,0.0006665402626503591,W m-2
rlutcs,2004,0.004694127100235363,W m-2
