variable,year,value,unit
dryso4,2000,-1.3457980469603439,kg m-2 s-1
dryso4,2001,-0.879422207863136,kg m-2 s-1
dryso4,2002,-1.1146289819115962,kg m-2 s-1
dryso4,2003,-1.1791924243481722,kg m-2 s-1
dryso4,2004,-1.1900083937173986,kg m-2 s-1
