variable,year,value,unit
cl,2000,-0.13958210205473867,%
cl,2001,0.04951015056014911,%
cl,2002,0.09725352626237822,%
cl,2003,-0.027724472815830015,%
cl,2004,0.01680106214364099,%
