variable,year,value,unit
mmrbc,2000,-0.20221115739799808,kg kg-1
mmrbc,2001,-0.1315354754527332,kg kg-1
mmrbc,2002,0.2679057009819508,kg kg-1
mmrbc,2003,-0.03977224067681939,kg kg-1
mmrbc,2004,-0.10837918377692962,kg kg-1
