variable,year,value,unit
emiso2,2000,-9.660260743485281,kg m-2 s-1
emiso2,2001,-10.163791389624759,kg m-2 s-1
emiso2,2002,-9.424978170935384,kg m-2 s-1
emiso2,2003,-9.853479686463908,kg m-2 s-1
emiso2,2004,-10.480610221112475,kg m-2 s-1
