variable,year,value,unit
dms,2000,0.03926585531540684,mol mol-1
dms,2001,0.0672568479464007,mol mol-1
dms,2002,-0.056116535984284115,mol mol-1
dms,2003,-0.07726581994253295,mol mol-1
dms,2004,-0.06630722218416098,mol mol-1
