variable,year,value,unit
loadbc,2000,0.08168557582774627,kg m-2
loadbc,2001,0.008801206232432933,kg m-2
loadbc,2002,0.05305462609301858,kg m-2
loadbc,2003,-0.005920729010912574,kg m-2
loadbc,2004,0.0681647177574415,kg m-2
