variable,year,value,unit
rsutcs,2000,-0.2051010981807589,W m-2
rsutcs,2001,-0.2934087203081005,W m-2
rsutcs,2002,-0.1620701711585896,W m-2
rsutcs,2003,0.027567859329545526,W m-2
rsutcs,2004,-0.1101472460175508,W m-2
