variable,year,value,unit
drybc,2000,-0.38767185170508134,kg m-2 s-1
drybc,2001,-0.09764103109323857,kg m-2 s-1
drybc,2002,-0.39408244359856726,kg m-2 s-1
drybc,2003,-0.6908390041118404,kg m-2 s-1
drybc,2004,-0.09495057360126899,kg m-2 s-1
