variable,year,value,unit
rlut,2000,0.08849129462913652,W m-2
rlut,2001,0.0629140587599295,W m-2
rlut,2002,0.04145024518342666,W m-2
rlut,2003,0.06564499324440476,W m-2
rlut,2004,0.08691128150150007,W m-2
