variable,year,value,unit
rsdt,2001,0.04401446805687679,W m-2
rsdt,2002,-0.2365030841221144,W m-2
rsdt,2003,0.1303516627366555,W m-2
rsdt,2004,0.3239535160979487,W m-2
rsdt,2005,0.012356363027605718,W m-2
