variable,year,value,unit
drybc,2001,0.174038735265859,kg m-2 s-1
drybc,2002,1.757372811155125,kg m-2 s-1
drybc,2003,1.968005830353622,kg m-2 s-1
drybc,2004,-0.07811673191344734,kg m-2 s-1
drybc,2005,-1.7101101098592155,kg m-2 s-1
