variable,year,value,unit
cltc,2001,-1.2540146862926358,%
cltc,2002,-2.827671651578118,%
cltc,2003,-1.2944239213448614,%
cltc,2004,-0.855251366157146,%
cltc,2005,5.845047520389594,%
