variable,year,value,unit
rlut,2000,0.022655704736678217,W m-2
rlut,2001,0.047781300194458254,W m-2
rlut,2002,0.10466040267849053,W m-2
rlut,2003,-0.05126949276612436,W m-2
rlut,2004,0.0041958272117312845,W m-2
