variable,year,value,unit
drybc,2000,-6.472851079032207e-16,kg m-2 s-1
drybc,2001,-5.10376550218823e-16,kg m-2 s-1
drybc,2002,-6.318428229154776e-16,kg m-2 s-1
drybc,2003,-7.105203919858409e-16,kg m-2 s-1
drybc,2004,-5.976010001219909e-16,kg m-2 s-1
