variable,year,value,unit
clt,2000,0.045403122216072234,%
clt,2001,0.028324700975247197,%
clt,2002,0.008483829513124874,%
clt,2003,0.0406410281406977,%
clt,2004,-0.020662959361104072,%
