variable,year,value,unit
loadso4,2000,-7.200409427175881e-09,kg m-2
loadso4,2001,-5.577488421415059e-09,kg m-2
loadso4,2002,-1.2212887645677035e-08,kg m-2
loadso4,2003,-1.1424128147413668e-08,kg m-2
loadso4,2004,-2.0287027858467568e-08,kg m-2
