variable,year,value,unit
dms,2000,-1.0055482703895939e-13,mol mol-1
dms,2001,-1.6788699353266202e-13,mol mol-1
dms,2002,-1.8018391836021637e-14,mol mol-1
dms,2003,-2.8410705204234973e-14,mol mol-1
dms,2004,8.895168108545114e-14,mol mol-1
