variable,year,value,unit
clt,2001,-0.13119510986342675,%
clt,2002,0.030191413355581176,%
clt,2003,-0.177107738554227,%
clt,2004,-0.07103811745735555,%
