variable,year,value,unit
mmrso4,2001,-6.764145381444975e-12,kg kg-1
mmrso4,2002,-7.009564707606166e-12,kg kg-1
mmrso4,2003,-7.37919144059815e-12,kg kg-1
mmrso4,2004,-8.377013429322741e-12,kg kg-1
