variable,year,value,unit
rsut,2001,-0.0648836669244588,W m-2
rsut,2002,-0.17484121260943652,W m-2
rsut,2003,-0.2575362169361455,W m-2
rsut,2004,-0.19062758791561407,W m-2
