variable,year,value,unit
loadso2,2000,9.103090009610894e-09,kg m-2
loadso2,2001,9.339720608923667e-09,kg m-2
loadso2,2002,9.980995757331626e-09,kg m-2
loadso2,2003,1.527853219353743e-08,kg m-2
loadso2,2004,1.4305310280712444e-08,kg m-2
