variable,year,value,unit
clt,2000,-0.005625944832672758,%
clt,2001,0.06399971824257022,%
clt,2002,0.028411625962604603,%
clt,2003,0.0013516066535288473,%
clt,2004,0.0006516677309207353,%
