variable,year,value,unit
emibc,2001,-8.243048674546988e-23,kg m-2 s-1
emibc,2002,-2.3603513456005136e-23,kg m-2 s-1
emibc,2003,-6.254032458607006e-24,kg m-2 s-1
emibc,2004,1.272036631947071e-22,kg m-2 s-1
