variable,year,value,unit
dms,2000,-2.6804121339815096e-13,mol mol-1
dms,2001,-2.2454246808947425e-13,mol mol-1
dms,2002,9.00180968781337e-14,mol mol-1
dms,2003,-2.874726122452212e-13,mol mol-1
dms,2004,1.5108608998934157e-13,mol mol-1
