variable,year,value,unit
dryso4,2001,-1.6112121120598086e-14,kg m-2 s-1
dryso4,2002,-1.891317589412366e-14,kg m-2 s-1
dryso4,2003,-2.0230584320483062e-14,kg m-2 s-1
dryso4,2004,-2.1067539688398623e-14,kg m-2 s-1
