variable,year,value,unit
rlut,2001,-0.056830121135817535,W m-2
rlut,2002,0.11282284327344883,W m-2
rlut,2003,-0.16988983479623698,W m-2
rlut,2004,-0.07210576801588786,W m-2
