variable,year,value,unit
cl,2000,0.0027121147024959935,%
cl,2001,-4.7345113411978446e-06,%
cl,2002,-0.006699042424433754,%
cl,2003,0.0012561994135367183,%
cl,2004,-0.003052419820787522,%
