variable,year,value,unit
rlutcs,2001,0.000569166088610018,W m-2
rlutcs,2002,0.03151113535290051,W m-2
rlutcs,2003,-0.019524125807663495,W m-2
rlutcs,2004,0.0023257626692725353,W m-2
