variable,year,value,unit
clt,2001,0.007951383414507518,%
clt,2002,-0.10091559940377692,%
clt,2003,0.06717764289294337,%
clt,2004,-0.0008743728742217627,%
