variable,year,value,unit
emiso2,2000,3.426633652878204e-14,kg m-2 s-1
emiso2,2001,3.166766122591433e-14,kg m-2 s-1
emiso2,2002,5.007694165506067e-14,kg m-2 s-1
emiso2,2003,5.777362094632885e-14,kg m-2 s-1
emiso2,2004,3.170939705636281e-14,kg m-2 s-1
