variable,year,value,unit
rlutcs,2001,-0.02089411345167491,W m-2
rlutcs,2002,0.0010699594336642804,W m-2
rlutcs,2003,-0.023152516215930063,W m-2
rlutcs,2004,-0.004972045412841908,W m-2
