variable,year,value,unit
mmrbc,2000,-6.489719257488498e-14,kg kg-1
mmrbc,2001,-2.4549557465778066e-14,kg kg-1
mmrbc,2002,-5.1776216614543226e-14,kg kg-1
mmrbc,2003,-8.754673787440838e-14,kg kg-1
mmrbc,2004,6.954177512589699e-14,kg kg-1
