variable,year,value,unit
dryso2,2000,7.528852475057893e-14,kg m-2 s-1
dryso2,2001,7.642290230138312e-14,kg m-2 s-1
dryso2,2002,7.344805270660397e-14,kg m-2 s-1
dryso2,2003,7.647549475291703e-14,kg m-2 s-1
dryso2,2004,8.276660837422356e-14,kg m-2 s-1
