variable,year,value,unit
loadso2,2000,5.062979771348039e-09,kg m-2
loadso2,2001,5.389760301536847e-09,kg m-2
loadso2,2002,5.644129919230527e-09,kg m-2
loadso2,2003,5.7623546501347745e-09,kg m-2
loadso2,2004,7.0322094795550585e-09,kg m-2
