variable,year,value,unit
wetbc,2000,1.2037198703516787e-15,kg m-2 s-1
wetbc,2001,3.348273228580798e-16,kg m-2 s-1
wetbc,2002,3.0769127188866696e-16,kg m-2 s-1
wetbc,2003,2.281178676466168e-15,kg m-2 s-1
wetbc,2004,1.5246366395414518e-15,kg m-2 s-1
