variable,year,value,unit
dryso2,2000,5.4566363299506573e-14,kg m-2 s-1
dryso2,2001,5.603047813286295e-14,kg m-2 s-1
dryso2,2002,5.786031788708694e-14,kg m-2 s-1
dryso2,2003,5.558667237622537e-14,kg m-2 s-1
dryso2,2004,6.756953433334907e-14,kg m-2 s-1
