variable,year,value,unit
clt,2000,-0.2856440081736906,%
clt,2001,-0.10321792204042879,%
clt,2002,0.008191241443263664,%
clt,2003,0.005892239068266747,%
clt,2004,-0.0030035968614043895,%
