variable,year,value,unit
wetso2,2000,1.4705583948219253e-14,kg m-2 s-1
wetso2,2001,1.6976303144017057e-14,kg m-2 s-1
wetso2,2002,1.5186784015313678e-14,kg m-2 s-1
wetso2,2003,1.277006442653817e-14,kg m-2 s-1
wetso2,2004,1.766759919172791e-14,kg m-2 s-1
