variable,year,value,unit
loadso2,2000,7.09011894078487e-08,kg m-2
loadso2,2001,2.3423120293581483e-08,kg m-2
loadso2,2002,5.193856258331707e-08,kg m-2
loadso2,2003,3.922996109970248e-08,kg m-2
loadso2,2004,2.5345666000815958e-08,kg m-2
