variable,year,value,unit
loadso4,2000,-2.4429253024681962e-09,kg m-2
loadso4,2001,2.407143270286247e-08,kg m-2
loadso4,2002,2.0771427997353643e-08,kg m-2
loadso4,2003,5.273818599495906e-09,kg m-2
loadso4,2004,-8.350481497861869e-09,kg m-2
