variable,year,value,unit
loadbc,2000,-5.8145878930900595e-11,kg m-2
loadbc,2001,-6.640077465337858e-11,kg m-2
loadbc,2002,-7.388000866910196e-11,kg m-2
loadbc,2003,-6.723991777243893e-11,kg m-2
loadbc,2004,-8.253434122015222e-11,kg m-2
