variable,year,value,unit
loadbc,2000,-1.675981608776504e-10,kg m-2
loadbc,2001,-1.180470473070547e-10,kg m-2
loadbc,2002,-1.3584404484081772e-10,kg m-2
loadbc,2003,-2.452711805794853e-10,kg m-2
loadbc,2004,-1.5027138413668442e-10,kg m-2
