variable,year,value,unit
od550aer,2000,0.0003983350660055479,1
od550aer,2001,0.00020719419769386904,1
od550aer,2002,-0.00026460332361019634,1
od550aer,2003,0.0008256104744232551,1
od550aer,2004,0.0003306013236349936,1
