variable,year,value,unit
emibc,2000,-3.9949384152764473e-22,kg m-2 s-1
emibc,2001,7.7702065208083445e-22,kg m-2 s-1
emibc,2002,1.6844922848737257e-21,kg m-2 s-1
emibc,2003,-1.3975240178019432e-22,kg m-2 s-1
emibc,2004,3.561047751791593e-22,kg m-2 s-1
