variable,year,value,unit
od550aer,2000,-0.00019376756266825668,1
od550aer,2001,-0.00029951364253488766,1
od550aer,2002,-8.480343100000787e-05,1
od550aer,2003,-0.0003286868682999544,1
od550aer,2004,-0.0002563543391617129,1
