variable,year,value,unit
rlutcs,2000,0.030193287215070086,W m-2
rlutcs,2001,0.001820057987117707,W m-2
rlutcs,2002,0.03224465995418768,W m-2
rlutcs,2003,0.01360543608535636,W m-2
rlutcs,2004,-0.004461948420782846,W m-2
