variable,year,value,unit
emiso2,2001,6.323101058377765e-14,kg m-2 s-1
emiso2,2002,6.202089254078441e-14,kg m-2 s-1
emiso2,2003,6.299625650054777e-14,kg m-2 s-1
emiso2,2004,6.521284278001411e-14,kg m-2 s-1
