variable,year,value,unit
od550aer,2001,-0.0009536501605086622,1
od550aer,2002,-0.001100886084101027,1
od550aer,2003,-0.001026369130324306,1
od550aer,2004,-0.0013079170024261622,1
