variable,year,value,unit
cl,2000,0.0008196893480372225,%
cl,2001,-0.003477951228892273,%
cl,2002,-0.013571382695013234,%
cl,2003,-0.017360496067057696,%
cl,2004,-0.013695495239034017,%
