variable,year,value,unit
dryso4,2001,-9.530839448086618e-15,kg m-2 s-1
dryso4,2002,-8.483082906862499e-15,kg m-2 s-1
dryso4,2003,-1.0672655704348282e-14,kg m-2 s-1
dryso4,2004,-1.0266938041824066e-14,kg m-2 s-1
