variable,year,value,unit
rsut,2000,1.5127126086112535,W m-2
rsut,2001,1.6120676397716964,W m-2
rsut,2002,1.4154032236702232,W m-2
rsut,2003,1.3832897404443794,W m-2
rsut,2004,1.366904005607596,W m-2
