variable,year,value,unit
so2,2000,75.25233332081935,mol mol-1
so2,2001,67.64009301160502,mol mol-1
so2,2002,67.39199802940654,mol mol-1
so2,2003,62.51107001573285,mol mol-1
so2,2004,65.98390686782271,mol mol-1
