variable,year,value,unit
drybc,2000,79.70923724726111,kg m-2 s-1
drybc,2001,74.27999608949946,kg m-2 s-1
drybc,2002,83.07537155019385,kg m-2 s-1
drybc,2003,88.09871608988686,kg m-2 s-1
drybc,2004,96.88058279967863,kg m-2 s-1
