variable,year,value,unit
dryso4,2000,29.716388252268942,kg m-2 s-1
dryso4,2001,29.428164068872896,kg m-2 s-1
dryso4,2002,28.88197803990889,kg m-2 s-1
dryso4,2003,30.058006826339007,kg m-2 s-1
dryso4,2004,29.383979374625486,kg m-2 s-1
