variable,year,value,unit
rlut,2000,-0.3400072552372675,W m-2
rlut,2001,-0.3660489605480733,W m-2
rlut,2002,-0.35983241645416514,W m-2
rlut,2003,-0.3300706909147281,W m-2
rlut,2004,-0.30879469169408463,W m-2
