variable,year,value,unit
emiso2,2000,-6.832921061844055,kg m-2 s-1
emiso2,2001,-7.0189943925066,kg m-2 s-1
emiso2,2002,-6.673008706106693,kg m-2 s-1
emiso2,2003,-6.681272104532894,kg m-2 s-1
emiso2,2004,-6.806519628116679,kg m-2 s-1
