variable,year,value,unit
rlutcs,2000,0.0005702555387342234,W m-2
rlutcs,2001,-0.0035272981776940417,W m-2
rlutcs,2002,0.0031129215179178686,W m-2
rlutcs,2003,0.002766261677078658,W m-2
rlutcs,2004,0.003691946819985755,W m-2
