variable,year,value,unit
wetso4,2000,-0.704457245946144,kg m-2 s-1
wetso4,2001,-0.7279099595438898,kg m-2 s-1
wetso4,2002,-0.7493255252530496,kg m-2 s-1
wetso4,2003,-0.7099935429945433,kg m-2 s-1
wetso4,2004,-0.6872782037178019,kg m-2 s-1
