variable,year,value,unit
rlut,2000,0.04732018267019091,W m-2
rlut,2001,0.014452610602028505,W m-2
rlut,2002,0.02822298239761688,W m-2
rlut,2003,0.0566582184125548,W m-2
rlut,2004,-0.0143711295820447,W m-2
