variable,year,value,unit
dryso2,2000,-2.676178220254068e-14,kg m-2 s-1
dryso2,2001,-3.196554743058251e-14,kg m-2 s-1
dryso2,2002,-3.029975604400905e-14,kg m-2 s-1
dryso2,2003,-2.6892034964685025e-14,kg m-2 s-1
dryso2,2004,-2.733819601221915e-14,kg m-2 s-1
