variable,year,value,unit
rsutcs,2000,0.1357039055181133,W m-2
rsutcs,2001,0.13479702872842125,W m-2
rsutcs,2002,0.1243072389160389,W m-2
rsutcs,2003,0.12653545661540022,W m-2
rsutcs,2004,0.13088377865092582,W m-2
