variable,year,value,unit
mmrso4,2000,-0.7375461489935075,kg kg-1
mmrso4,2001,-0.7524421128467357,kg kg-1
mmrso4,2002,-0.7036338530208918,kg kg-1
mmrso4,2003,-0.7631323844351456,kg kg-1
mmrso4,2004,-0.6997394589066376,kg kg-1
