variable,year,value,unit
rsut,2000,-0.01918798708311359,W m-2
rsut,2001,-0.04065824882243312,W m-2
rsut,2002,-0.03096672172779136,W m-2
rsut,2003,0.001317891505609772,W m-2
rsut,2004,-0.021485094622822793,W m-2
