variable,year,value,unit
mmrbc,2000,-0.06772351005551454,kg kg-1
mmrbc,2001,-0.03405895996378556,kg kg-1
mmrbc,2002,0.02202844614261353,kg kg-1
mmrbc,2003,0.07736714504623096,kg kg-1
mmrbc,2004,-0.051450507390023464,kg kg-1
