variable,year,value,unit
emiso2,2000,-7.146306060574206,kg m-2 s-1
emiso2,2001,-6.929827205104752,kg m-2 s-1
emiso2,2002,-7.141074734449853,kg m-2 s-1
emiso2,2003,-7.227279171313315,kg m-2 s-1
emiso2,2004,-7.301994079543967,kg m-2 s-1
