variable,year,value,unit
emiso2,2001,0.04413664212220654,kg m-2 s-1
emiso2,2002,0.04256513908987382,kg m-2 s-1
emiso2,2003,0.045385791606883344,kg m-2 s-1
emiso2,2004,0.045665585212602416,kg m-2 s-1
