variable,year,value,unit
dryso2,2001,0.044759762211975744,kg m-2 s-1
dryso2,2002,0.009557093621931134,kg m-2 s-1
dryso2,2003,0.014819846369631334,kg m-2 s-1
dryso2,2004,-0.04008492080926753,kg m-2 s-1
