variable,year,value,unit
wetbc,2001,0.09610429933481486,kg m-2 s-1
wetbc,2002,0.020818626121004304,kg m-2 s-1
wetbc,2003,0.3277856426910381,kg m-2 s-1
wetbc,2004,0.18150125337785633,kg m-2 s-1
