variable,year,value,unit
rsut,2001,-0.029474024880016606,W m-2
rsut,2002,-0.002096886497144822,W m-2
rsut,2003,0.0038342730715202147,W m-2
rsut,2004,-0.029944051782132372,W m-2
