variable,year,value,unit
drybc,2001,-6.938618766397557e-16,kg m-2 s-1
drybc,2002,1.1248697073427707e-15,kg m-2 s-1
drybc,2003,2.9493859166730008e-15,kg m-2 s-1
drybc,2004,-3.4231845403842294e-15,kg m-2 s-1
drybc,2005,-3.1526127830404633e-15,kg m-2 s-1
