variable,year,value,unit
wetso2,2000,-3.4987126756494975e-17,kg m-2 s-1
wetso2,2001,-3.361684299746093e-17,kg m-2 s-1
wetso2,2002,-3.441785120938596e-17,kg m-2 s-1
wetso2,2003,-3.9562055408257824e-17,kg m-2 s-1
wetso2,2004,-3.605948087172535e-17,kg m-2 s-1
