variable,year,value,unit
wetso2,2000,-3.6683310296070376e-17,kg m-2 s-1
wetso2,2001,-3.4010738495434585e-17,kg m-2 s-1
wetso2,2002,-3.334817579487752e-17,kg m-2 s-1
wetso2,2003,-3.469301794877984e-17,kg m-2 s-1
wetso2,2004,-3.774052602281536e-17,kg m-2 s-1
