variable,year,value,unit
wetso2,2000,0.047849639167872646,kg m-2 s-1
wetso2,2001,0.04813920246474633,kg m-2 s-1
wetso2,2002,0.047614162957025793,kg m-2 s-1
wetso2,2003,0.047909930324428106,kg m-2 s-1
wetso2,2004,0.050763368064360735,kg m-2 s-1
