variable,year,value,unit
mmrbc,2001,-1.439677374268626e-12,kg kg-1
mmrbc,2002,-6.646479801252107e-13,kg kg-1
mmrbc,2003,3.0416244030757845e-12,kg kg-1
mmrbc,2004,-2.2994176265929206e-12,kg kg-1
mmrbc,2005,-4.768868628241923e-12,kg kg-1
