variable,year,value,unit
dms,2000,1.743612293617403e-14,mol mol-1
dms,2001,-1.0187091504754864e-15,mol mol-1
dms,2002,6.702858646076263e-14,mol mol-1
dms,2003,-3.747858774594522e-14,mol mol-1
dms,2004,1.923657748450146e-14,mol mol-1
