variable,year,value,unit
rsut,2001,-1.0753380024476513,W m-2
rsut,2002,0.0411959467556926,W m-2
rsut,2003,1.5570457726044822,W m-2
rsut,2004,-0.22237732646827624,W m-2
rsut,2005,-1.9051666769271662,W m-2
