variable,year,value,unit
emiso2,2000,-2.950280457893412e-13,kg m-2 s-1
emiso2,2001,-3.0962899417567186e-13,kg m-2 s-1
emiso2,2002,-2.891398513128011e-13,kg m-2 s-1
emiso2,2003,-2.976461669273011e-13,kg m-2 s-1
emiso2,2004,-3.194427915430089e-13,kg m-2 s-1
