variable,year,value,unit
dms,2000,-5.816030468091048e-14,mol mol-1
dms,2001,-1.0685455913303877e-13,mol mol-1
dms,2002,-1.0440885392800497e-13,mol mol-1
dms,2003,-7.05179177241262e-14,mol mol-1
dms,2004,1.8122107979326055e-13,mol mol-1
