variable,year,value,unit
rsut,2000,-0.08044537625821135,W m-2
rsut,2001,-0.09559559632047865,W m-2
rsut,2002,-0.050142198422037154,W m-2
rsut,2003,-0.036971418125475,W m-2
rsut,2004,-0.16126957927431818,W m-2
