variable,year,value,unit
rsutcs,2000,-0.008287045260075843,W m-2
rsutcs,2001,-0.009138211929872853,W m-2
rsutcs,2002,-0.007820171869774128,W m-2
rsutcs,2003,-0.009334825472592456,W m-2
rsutcs,2004,-0.010544962401155544,W m-2
