variable,year,value,unit
loadbc,2000,-6.755082941591248e-12,kg m-2
loadbc,2001,1.5432247851008045e-11,kg m-2
loadbc,2002,7.48152437912457e-13,kg m-2
loadbc,2003,6.408216480688236e-12,kg m-2
loadbc,2004,1.5589656724982347e-12,kg m-2
