variable,year,value,unit
rlut,2000,0.00039163755050036395,W m-2
rlut,2001,0.0007743205057695011,W m-2
rlut,2002,-0.0005881430055709643,W m-2
rlut,2003,0.000533794744591661,W m-2
rlut,2004,-0.0007775233290737856,W m-2
