variable,year,value,unit
drybc,2000,-6.3016343572856604e-18,kg m-2 s-1
drybc,2001,-1.4452439270175495e-18,kg m-2 s-1
drybc,2002,3.054469834148053e-17,kg m-2 s-1
drybc,2003,-3.525410524069801e-17,kg m-2 s-1
drybc,2004,1.3582464675326215e-17,kg m-2 s-1
drybc,2005,-4.2483203188500115e-18,kg m-2 s-1
drybc,2006,-3.333098458309008e-17,kg m-2 s-1
drybc,2007,-1.9209176850813545e-17,kg m-2 s-1
drybc,2008,-6.181092475820461e-19,kg m-2 s-1
drybc,2009,2.5299970254852404e-17,kg m-2 s-1
