variable,year,value,unit
rsut,2000,7.985156780714178e-05,W m-2
rsut,2001,-0.006260921134166736,W m-2
rsut,2002,0.007599038958587971,W m-2
rsut,2003,-0.006472025340668279,W m-2
rsut,2004,0.012908052004028076,W m-2
