variable,year,value,unit
wetso2,2001,-1.195976716043661,kg m-2 s-1
wetso2,2002,-0.014954596260313173,kg m-2 s-1
wetso2,2003,-0.7654472507268477,kg m-2 s-1
wetso2,2004,0.9884057791523715,kg m-2 s-1
wetso2,2005,1.768537388544773,kg m-2 s-1
