variable,year,value,unit
clt,2000,0.005870332684221921,%
clt,2001,-0.08280850449082827,%
clt,2002,-0.05118422855918725,%
clt,2003,0.017336856260067826,%
clt,2004,0.020572710499824884,%
