variable,year,value,unit
loadso2,2000,1.0368153691956173e-09,kg m-2
loadso2,2001,1.4893458025098268e-10,kg m-2
loadso2,2002,3.6579512800313155e-10,kg m-2
loadso2,2003,2.787295962455978e-10,kg m-2
loadso2,2004,3.24137494690499e-10,kg m-2
loadso2,2005,4.730445055206262e-10,kg m-2
loadso2,2006,-2.2906532459487638e-10,kg m-2
loadso2,2007,9.499596232441712e-10,kg m-2
loadso2,2008,5.067507037633185e-11,kg m-2
loadso2,2009,-1.1817496079918384e-11,kg m-2
