variable,year,value,unit
so2,2000,-0.18653723509209774,mol mol-1
so2,2001,-0.059914042809386156,mol mol-1
so2,2002,-0.20287014694565,mol mol-1
so2,2003,-0.28508184010939813,mol mol-1
so2,2004,0.2599557519971547,mol mol-1
