variable,year,value,unit
cl,2001,-0.5608194340927771,%
cl,2002,-5.469680695795719,%
cl,2003,-0.8622548685420027,%
cl,2004,6.881897434260834,%
cl,2005,2.672005496492216,%
