variable,year,value,unit
dryso2,2001,0.042635655161774415,kg m-2 s-1
dryso2,2002,0.01928777519935744,kg m-2 s-1
dryso2,2003,-0.008450231269360474,kg m-2 s-1
dryso2,2004,0.012212578640469695,kg m-2 s-1
dryso2,2005,0.06119124342709899,kg m-2 s-1
