variable,year,value,unit
emiso2,2000,-0.005237222810201138,kg m-2 s-1
emiso2,2001,-0.0019864182892059493,kg m-2 s-1
emiso2,2002,0.0024779246585664902,kg m-2 s-1
emiso2,2003,0.0077781370361158595,kg m-2 s-1
emiso2,2004,-0.004455947406204671,kg m-2 s-1
