variable,year,value,unit
mmrbc,2000,1.4368636997764537e-14,kg kg-1
mmrbc,2001,2.1023413402033386e-14,kg kg-1
mmrbc,2002,-4.6641086907028745e-14,kg kg-1
mmrbc,2003,-9.776893086974358e-15,kg kg-1
mmrbc,2004,-8.358983020518097e-15,kg kg-1
mmrbc,2005,-5.382180807865632e-14,kg kg-1
mmrbc,2006,2.18500534823516e-14,kg kg-1
mmrbc,2007,4.2124726519054316e-14,kg kg-1
mmrbc,2008,4.026812969123319e-14,kg kg-1
mmrbc,2009,-5.665125655509624e-14,kg kg-1
