variable,year,value,unit
rsut,2000,-0.05305010929495821,W m-2
rsut,2001,-0.0975732370478564,W m-2
rsut,2002,-0.005220574610965924,W m-2
rsut,2003,0.008231297172737448,W m-2
rsut,2004,-0.02659781795712175,W m-2
