variable,year,value,unit
loadbc,2000,5.589315427247802e-10,kg m-2
loadbc,2001,3.683352044795682e-10,kg m-2
loadbc,2002,-1.1026351993600099e-10,kg m-2
loadbc,2003,-3.030717667109757e-10,kg m-2
loadbc,2004,-1.3876548304829834e-10,kg m-2
loadbc,2005,-3.291174540370064e-10,kg m-2
loadbc,2006,-2.498652427400341e-10,kg m-2
loadbc,2007,-1.1560647864119187e-10,kg m-2
loadbc,2008,-1.0684845989166174e-10,kg m-2
loadbc,2009,-2.2472094682410282e-10,kg m-2
