variable,year,value,unit
dryso4,2000,0.14105767774278763,kg m-2 s-1
dryso4,2001,0.12268317130904262,kg m-2 s-1
dryso4,2002,0.06946709097036897,kg m-2 s-1
dryso4,2003,0.005539126187689969,kg m-2 s-1
dryso4,2004,-0.06039405314730544,kg m-2 s-1
