variable,year,value,unit
rsutcs,2000,0.0052106254066421505,W m-2
rsutcs,2001,-0.008168139365461692,W m-2
rsutcs,2002,0.005023782855978137,W m-2
rsutcs,2003,0.0077084559205288245,W m-2
rsutcs,2004,0.013114573790501096,W m-2
