variable,year,value,unit
wetso4,2000,0.1066325046439626,kg m-2 s-1
wetso4,2001,0.17292206842926774,kg m-2 s-1
wetso4,2002,0.1291417681843852,kg m-2 s-1
wetso4,2003,0.06271094089760185,kg m-2 s-1
wetso4,2004,0.23184959765835106,kg m-2 s-1
