variable,year,value,unit
wetso2,2000,-0.04155253215050969,kg m-2 s-1
wetso2,2001,0.08633592495495343,kg m-2 s-1
wetso2,2002,-0.06591144691993898,kg m-2 s-1
wetso2,2003,-0.05504001400328404,kg m-2 s-1
wetso2,2004,-0.1509492496689671,kg m-2 s-1
