variable,year,value,unit
rlutcs,2000,0.000580621563985471,W m-2
rlutcs,2001,0.004868809148986209,W m-2
rlutcs,2002,-0.004194996597340974,W m-2
rlutcs,2003,0.0009497101558828066,W m-2
rlutcs,2004,-0.004219189286748501,W m-2
