variable,year,value,unit
emiso2,2000,6.582629894219106e-09,kg m-2 s-1
emiso2,2001,5.464993585756016e-10,kg m-2 s-1
emiso2,2002,3.5419427178300852e-09,kg m-2 s-1
emiso2,2003,-6.367801332455407e-09,kg m-2 s-1
emiso2,2004,2.0108906686321705e-08,kg m-2 s-1
