variable,year,value,unit
srfdms,2000,-0.036074393886916946,mol mol-1
srfdms,2001,0.0022987230293025937,mol mol-1
srfdms,2002,-0.024084964890424925,mol mol-1
srfdms,2003,0.01377620649106512,mol mol-1
srfdms,2004,-0.003078041814210767,mol mol-1
