variable,year,value,unit
mmrso4,2001,1.78755966075559e-12,kg kg-1
mmrso4,2002,-8.72722634458847e-12,kg kg-1
mmrso4,2003,-6.849904233693804e-13,kg kg-1
mmrso4,2004,-6.413074326396769e-12,kg kg-1
