variable,year,value,unit
so2,2001,-1.0495489183685216e-12,mol mol-1
so2,2002,8.606025164723515e-13,mol mol-1
so2,2003,-5.444576562646897e-13,mol mol-1
so2,2004,-4.3997646923607695e-13,mol mol-1
