variable,year,value,unit
wetbc,2000,2.079341605731719e-15,kg m-2 s-1
wetbc,2001,1.4060825492988451e-15,kg m-2 s-1
wetbc,2002,2.3310909643438535e-15,kg m-2 s-1
wetbc,2003,7.536225960054807e-16,kg m-2 s-1
wetbc,2004,-1.7349035611401028e-15,kg m-2 s-1
