variable,year,value,unit
rsutcs,2000,0.049889652858730926,W m-2
rsutcs,2001,0.035445623067964505,W m-2
rsutcs,2002,0.01228718537748108,W m-2
rsutcs,2003,0.03789947379279113,W m-2
rsutcs,2004,0.011587755694655755,W m-2
