variable,year,value,unit
dryso4,2000,3.649247184689029e-15,kg m-2 s-1
dryso4,2001,5.237345938552251e-15,kg m-2 s-1
dryso4,2002,-8.604533006600602e-15,kg m-2 s-1
dryso4,2003,-1.0727958665680941e-15,kg m-2 s-1
dryso4,2004,-1.3665150262944388e-14,kg m-2 s-1
