variable,year,value,unit
dryso4,2001,-5.4974150515594125e-15,kg m-2 s-1
dryso4,2002,-7.846941000260868e-15,kg m-2 s-1
dryso4,2003,9.225673174860188e-15,kg m-2 s-1
dryso4,2004,6.47611762152306e-15,kg m-2 s-1
