variable,year,value,unit
wetso2,2000,1.0878102257134527e-15,kg m-2 s-1
wetso2,2001,-5.09301167077532e-15,kg m-2 s-1
wetso2,2002,1.6951916895360436e-15,kg m-2 s-1
wetso2,2003,6.3923852268964695e-15,kg m-2 s-1
wetso2,2004,4.888476230880214e-15,kg m-2 s-1
