variable,year,value,unit
rlut,2000,-0.07441424661658402,W m-2
rlut,2001,0.08683757890179322,W m-2
rlut,2002,-0.05345427615463905,W m-2
rlut,2003,0.21216381743118973,W m-2
rlut,2004,-0.2754249399151263,W m-2
