variable,year,value,unit
loadso2,2000,7.48284008242196e-09,kg m-2
loadso2,2001,4.977007193586711e-09,kg m-2
loadso2,2002,7.795589433399803e-10,kg m-2
loadso2,2003,9.685404641542417e-10,kg m-2
loadso2,2004,-2.9492310000524892e-09,kg m-2
