variable,year,value,unit
od550aer,2001,-0.0019446643631177984,1
od550aer,2002,0.0002520504705922355,1
od550aer,2003,0.0004442363555529627,1
od550aer,2004,-0.0014298098030517403,1
