variable,year,value,unit
rsut,2001,-0.3481044911726485,W m-2
rsut,2002,-0.31101662431731825,W m-2
rsut,2003,-0.10960167758322825,W m-2
rsut,2004,0.07868898656813883,W m-2
