variable,year,value,unit
rsutcs,2000,0.01582151336230453,W m-2
rsutcs,2001,0.0206247354821798,W m-2
rsutcs,2002,0.009268328261690328,W m-2
rsutcs,2003,0.018116017135653806,W m-2
rsutcs,2004,0.01996834746355347,W m-2
