variable,year,value,unit
mmrbc,2000,5.766307920851415e-13,kg kg-1
mmrbc,2001,9.761407608284238e-16,kg kg-1
mmrbc,2002,-1.168040187142053e-12,kg kg-1
mmrbc,2003,-4.0558390385339686e-13,kg kg-1
mmrbc,2004,-9.03213318657894e-13,kg kg-1
