variable,year,value,unit
drybc,2000,3.175156305691281e-16,kg m-2 s-1
drybc,2001,-5.623386311502379e-17,kg m-2 s-1
drybc,2002,-1.2893393299990572e-15,kg m-2 s-1
drybc,2003,-7.158179533445488e-16,kg m-2 s-1
drybc,2004,-2.3275056200540265e-15,kg m-2 s-1
