variable,year,value,unit
od550aer,2001,0.00023954423993348406,1
od550aer,2002,0.00035587163965368485,1
od550aer,2003,0.000516784524930175,1
od550aer,2004,0.0005275680735009614,1
