variable,year,value,unit
rlutcs,2000,0.02984655164294736,W m-2
rlutcs,2001,0.0009137980908917598,W m-2
rlutcs,2002,0.10120210856183576,W m-2
rlutcs,2003,0.0422132740461052,W m-2
rlutcs,2004,0.053008318801119,W m-2
