variable,year,value,unit
mmrso4,2001,1.1316460891420562e-12,kg kg-1
mmrso4,2002,-5.772272219624042e-12,kg kg-1
mmrso4,2003,-5.528559241385708e-12,kg kg-1
mmrso4,2004,-4.268289613110732e-13,kg kg-1
