variable,year,value,unit
wetso4,2001,2.162930380450876e-13,kg m-2 s-1
wetso4,2002,7.382701140753977e-14,kg m-2 s-1
wetso4,2003,1.6803388421199005e-13,kg m-2 s-1
wetso4,2004,1.8592617684851886e-13,kg m-2 s-1
