variable,year,value,unit
mmrbc,2001,-3.382269536457934e-13,kg kg-1
mmrbc,2002,2.691945035513446e-13,kg kg-1
mmrbc,2003,-1.96671408312043e-12,kg kg-1
mmrbc,2004,-1.1105164651647821e-12,kg kg-1
