variable,year,value,unit
emibc,2001,5.692328405556581e-22,kg m-2 s-1
emibc,2002,9.894299086626733e-21,kg m-2 s-1
emibc,2003,6.104534305120643e-21,kg m-2 s-1
emibc,2004,2.196770179652526e-20,kg m-2 s-1
