variable,year,value,unit
so2,2000,-3.525012885086489e-13,mol mol-1
so2,2001,1.721551650261199e-13,mol mol-1
so2,2002,-8.459325745371966e-13,mol mol-1
so2,2003,-3.568354986243709e-13,mol mol-1
so2,2004,4.44835840946843e-14,mol mol-1
