variable,year,value,unit
so2,2001,-2.04035678127338e-13,mol mol-1
so2,2002,-1.5769020034826285e-13,mol mol-1
so2,2003,-2.484956551645683e-13,mol mol-1
so2,2004,-1.7687667533637216e-13,mol mol-1
