variable,year,value,unit
clivi,2000,-0.00080529137794913,kg m-2
clivi,2001,0.0016532311382352616,kg m-2
clivi,2002,0.0026534344766247497,kg m-2
clivi,2003,-0.0015136869612539239,kg m-2
clivi,2004,2.2925137029700116e-05,kg m-2
