variable,year,value,unit
drybc,2001,3.732192342837217e-17,kg m-2 s-1
drybc,2002,7.071008440350194e-17,kg m-2 s-1
drybc,2003,6.914115505296172e-18,kg m-2 s-1
drybc,2004,9.671259741398722e-17,kg m-2 s-1
