variable,year,value,unit
mmrbc,2001,8.390470519630398e-13,kg kg-1
mmrbc,2002,-3.8712331935490346e-13,kg kg-1
mmrbc,2003,-1.274179483216426e-12,kg kg-1
mmrbc,2004,-3.714421098157354e-13,kg kg-1
