variable,year,value,unit
wetso4,2001,7.478683809783885e-14,kg m-2 s-1
wetso4,2002,6.548104537723818e-14,kg m-2 s-1
wetso4,2003,3.567641121162142e-14,kg m-2 s-1
wetso4,2004,7.184001465512844e-14,kg m-2 s-1
