variable,year,value,unit
rlutcs,2000,-0.02884365838605163,W m-2
rlutcs,2001,-0.0008580213485060995,W m-2
rlutcs,2002,0.00010525299023811385,W m-2
rlutcs,2003,-0.020425521245272193,W m-2
rlutcs,2004,-0.019921062795788202,W m-2
