variable,year,value,unit
od550aer,2000,0.47912768494023183,1
od550aer,2001,0.4618798809330588,1
od550aer,2002,0.6040203076291437,1
od550aer,2003,0.5460809447518763,1
od550aer,2004,0.6027412013255429,1
