variable,year,value,unit
wetbc,2000,-0.15840776682246857,kg m-2 s-1
wetbc,2001,0.010691214646516569,kg m-2 s-1
wetbc,2002,-0.11793742237672891,kg m-2 s-1
wetbc,2003,-0.05110120503280763,kg m-2 s-1
wetbc,2004,0.0017189032963626763,kg m-2 s-1
