variable,year,value,unit
rsut,2001,-0.1717406070750264,W m-2
rsut,2002,-0.14888629673258627,W m-2
rsut,2003,-0.7363235454417025,W m-2
rsut,2004,0.3332814097139656,W m-2
rsut,2005,1.1359720738529469,W m-2
