variable,year,value,unit
rsdt,2000,-7.051201197121252e-08,W m-2
rsdt,2001,3.864212754165518e-08,W m-2
rsdt,2002,-9.152042901971557e-08,W m-2
rsdt,2003,-1.4405881056288797e-07,W m-2
rsdt,2004,-5.714719102148673e-08,W m-2
