variable,year,value,unit
cl,2001,2.110724979686569,%
cl,2002,1.3160239981857667,%
cl,2003,-8.76954757993221,%
cl,2004,2.4255003159554165,%
cl,2005,-8.496148194024688,%
