variable,year,value,unit
mmrbc,2001,0.14085250292570878,kg kg-1
mmrbc,2002,3.5991318711272915,kg kg-1
mmrbc,2003,4.264650742893971,kg kg-1
mmrbc,2004,-8.134367524490624,kg kg-1
mmrbc,2005,1.2391729457033647,kg kg-1
