variable,year,value,unit
wetso4,2001,15.664997483336565,kg m-2 s-1
wetso4,2002,72.52166123970332,kg m-2 s-1
wetso4,2003,20.020889422690214,kg m-2 s-1
wetso4,2004,17.853122162771403,kg m-2 s-1
wetso4,2005,20.93697849006448,kg m-2 s-1
