variable,year,value,unit
mmrso4,2000,15.35790003328231,kg kg-1
mmrso4,2001,13.835405377400964,kg kg-1
mmrso4,2002,13.770430803621062,kg kg-1
mmrso4,2003,14.835817958741945,kg kg-1
mmrso4,2004,13.832403208950167,kg kg-1
