variable,year,value,unit
dms,2001,-2.4830269363109463,mol mol-1
dms,2002,7.6057704163185305,mol mol-1
dms,2003,-1.5853445351968007,mol mol-1
dms,2004,8.579418493011216,mol mol-1
dms,2005,-2.836871018993705,mol mol-1
