variable,year,value,unit
rsut,2000,-0.004989632502592181,W m-2
rsut,2001,0.2504421480617686,W m-2
rsut,2002,0.2003662558854155,W m-2
rsut,2003,0.21019614394097957,W m-2
rsut,2004,0.227121784482066,W m-2
