variable,year,value,unit
loadbc,2000,0.34961629310125736,kg m-2
loadbc,2001,0.03793323352379196,kg m-2
loadbc,2002,-0.25604756989292793,kg m-2
loadbc,2003,-0.034630516761865716,kg m-2
loadbc,2004,-0.21803867950986366,kg m-2
