variable,year,value,unit
dryso4,2000,16.409918081082488,kg m-2 s-1
dryso4,2001,14.981364424906552,kg m-2 s-1
dryso4,2002,14.021275710537576,kg m-2 s-1
dryso4,2003,13.792122334030251,kg m-2 s-1
dryso4,2004,12.101081024403554,kg m-2 s-1
