variable,year,value,unit
cl,2000,0.7362212997895702,%
cl,2001,-0.2712869921621846,%
cl,2002,-0.8415979530102566,%
cl,2003,-0.42627625309258377,%
cl,2004,-1.5238903285633865,%
