variable,year,value,unit
cl,2000,-0.3485531716313563,%
cl,2001,2.4517579566265755,%
cl,2002,-0.8129285320776616,%
cl,2003,1.2291493068523396,%
cl,2004,0.12987466030871467,%
