variable,year,value,unit
srfdms,2000,-0.045986009081190354,mol mol-1
srfdms,2001,-0.12238994414555895,mol mol-1
srfdms,2002,-0.042775865041895955,mol mol-1
srfdms,2003,0.004601200133386452,mol mol-1
srfdms,2004,0.28126446533918487,mol mol-1
