variable,year,value,unit
emibc,2000,4.1439017259358606e-07,kg m-2 s-1
emibc,2001,-2.5055696113640505e-07,kg m-2 s-1
emibc,2002,-1.5420725546455664e-06,kg m-2 s-1
emibc,2003,-2.2862945955114898e-06,kg m-2 s-1
emibc,2004,-2.667191437130684e-06,kg m-2 s-1
