variable,year,value,unit
rlutcs,2000,-0.012141996776379563,W m-2
rlutcs,2001,-0.027672379983724054,W m-2
rlutcs,2002,-0.02025541446734651,W m-2
rlutcs,2003,-0.027301668488348137,W m-2
rlutcs,2004,-0.03408334264722259,W m-2
