variable,year,value,unit
dms,2000,0.09700879770671814,mol mol-1
dms,2001,-0.049048425082512705,mol mol-1
dms,2002,0.06474084075035219,mol mol-1
dms,2003,0.03146838292739135,mol mol-1
dms,2004,0.02189043522930377,mol mol-1
