variable,year,value,unit
wetbc,2001,-5.654728369453879,kg m-2 s-1
wetbc,2002,-3.4697470085590516,kg m-2 s-1
wetbc,2003,-4.073769270486789,kg m-2 s-1
wetbc,2004,3.195197967653767,kg m-2 s-1
wetbc,2005,8.438666776175948,kg m-2 s-1
