variable,year,value,unit
rlut,2000,0.0003903929086561675,W m-2
rlut,2001,-0.012050731730141706,W m-2
rlut,2002,-0.012017121524195318,W m-2
rlut,2003,-0.03332283669095659,W m-2
rlut,2004,0.00469997175878234,W m-2
