variable,year,value,unit
loadso4,2000,-0.1407216909951206,kg m-2
loadso4,2001,-0.1037325254829518,kg m-2
loadso4,2002,-0.3674942800049655,kg m-2
loadso4,2003,-0.22601101570316212,kg m-2
loadso4,2004,-0.2753005070121786,kg m-2
