variable,year,value,unit
emiso2,2000,-3.789678374106126,kg m-2 s-1
emiso2,2001,-3.789678374106126,kg m-2 s-1
emiso2,2002,-3.789678374106126,kg m-2 s-1
emiso2,2003,-3.789678374106126,kg m-2 s-1
emiso2,2004,-3.789678374106126,kg m-2 s-1
