variable,year,value,unit
cl,2000,-0.2598255878552298,%
cl,2001,0.41831646463691985,%
cl,2002,0.20030605688390232,%
cl,2003,-0.3999920620402107,%
cl,2004,-0.12709083244519523,%
