variable,year,value,unit
clivi,2000,-0.2126257180100677,kg m-2
clivi,2001,0.7031802435669282,kg m-2
clivi,2002,0.0314526193126913,kg m-2
clivi,2003,0.2950712096778607,kg m-2
clivi,2004,-0.6059945107538169,kg m-2
