variable,year,value,unit
emibc,2000,5.998534473770909e-07,kg m-2 s-1
emibc,2001,1.5146385847110957e-06,kg m-2 s-1
emibc,2002,-1.4539783659920953e-07,kg m-2 s-1
emibc,2003,-1.710510304669567e-06,kg m-2 s-1
emibc,2004,8.14736737947862e-07,kg m-2 s-1
