variable,year,value,unit
clt,2000,0.021840422082755065,%
clt,2001,-0.03674574679597198,%
clt,2002,0.037456971656227286,%
clt,2003,0.07363886348552807,%
clt,2004,0.10422601230836151,%
