variable,year,value,unit
emiso2,2001,-1.4514880874499075e-18,kg m-2 s-1
emiso2,2002,3.7885643622993104e-18,kg m-2 s-1
emiso2,2003,1.1389033557827912e-18,kg m-2 s-1
emiso2,2004,4.494567554509269e-19,kg m-2 s-1
