variable,year,value,unit
wetbc,2001,-1.0134168992064593e-14,kg m-2 s-1
wetbc,2002,-8.58257868800099e-15,kg m-2 s-1
wetbc,2003,-9.386684656019344e-15,kg m-2 s-1
wetbc,2004,-9.557979715730928e-15,kg m-2 s-1
