variable,year,value,unit
wetso4,2001,2.9500247771791483e-15,kg m-2 s-1
wetso4,2002,-7.5696656374435e-15,kg m-2 s-1
wetso4,2003,9.745393129922714e-15,kg m-2 s-1
wetso4,2004,2.9310453322332015e-15,kg m-2 s-1
