variable,year,value,unit
dryso4,2001,1.3700417796707738e-15,kg m-2 s-1
dryso4,2002,3.7715042229207574e-16,kg m-2 s-1
dryso4,2003,1.0334655664595313e-15,kg m-2 s-1
dryso4,2004,5.899704957706227e-16,kg m-2 s-1
