variable,year,value,unit
wetso4,2001,5.807306496245303e-12,kg m-2 s-1
wetso4,2002,5.596475212732146e-12,kg m-2 s-1
wetso4,2003,5.6560514216187594e-12,kg m-2 s-1
wetso4,2004,6.0060361222849855e-12,kg m-2 s-1
