variable,year,value,unit
rsutcs,2001,80.94960441376504,W m-2
rsutcs,2002,82.44511784033341,W m-2
rsutcs,2003,81.71191252658318,W m-2
rsutcs,2004,81.81796612323298,W m-2
