variable,year,value,unit
rlutcs,2001,244.20748387737373,W m-2
rlutcs,2002,245.98222041640233,W m-2
rlutcs,2003,244.74528690140048,W m-2
rlutcs,2004,244.52840109326448,W m-2
