variable,year,value,unit
wetso2,2001,-1.788376456209823,kg m-2 s-1
wetso2,2002,-1.6673093530171366,kg m-2 s-1
wetso2,2003,-2.0749133742224193,kg m-2 s-1
wetso2,2004,-1.9860338634103507,kg m-2 s-1
