variable,year,value,unit
rsdt,2001,2.509240235102068e-08,W m-2
rsdt,2002,3.368840915915754e-08,W m-2
rsdt,2003,2.879852276072485e-08,W m-2
rsdt,2004,2.4955835840939712e-08,W m-2
