variable,year,value,unit
rlutcs,2000,-0.010090669238018433,W m-2
rlutcs,2001,-0.013487375323139187,W m-2
rlutcs,2002,-0.0023191440304138706,W m-2
rlutcs,2003,-0.011722224686318122,W m-2
rlutcs,2004,-0.0001836399433888506,W m-2
