variable,year,value,unit
dryso4,2000,9.079299765657035,kg m-2 s-1
dryso4,2001,9.03515428670884,kg m-2 s-1
dryso4,2002,9.262370332169844,kg m-2 s-1
dryso4,2003,9.380361996027341,kg m-2 s-1
dryso4,2004,9.305146453210579,kg m-2 s-1
