variable,year,value,unit
wetso4,2001,4.215425342240182,kg m-2 s-1
wetso4,2002,4.29555362682591,kg m-2 s-1
wetso4,2003,4.620793705102525,kg m-2 s-1
wetso4,2004,4.629472450761715,kg m-2 s-1
