variable,year,value,unit
wetbc,2000,0.027298205725522058,kg m-2 s-1
wetbc,2001,0.00959362582723627,kg m-2 s-1
wetbc,2002,0.032726528063226255,kg m-2 s-1
wetbc,2003,0.022250578059138666,kg m-2 s-1
wetbc,2004,-0.009534028209671006,kg m-2 s-1
