variable,year,value,unit
rsut,2000,0.00469943743220548,W m-2
rsut,2001,0.004656904116245002,W m-2
rsut,2002,0.004468656245459716,W m-2
rsut,2003,0.004323919331048411,W m-2
rsut,2004,0.004789560558671261,W m-2
