variable,year,value,unit
mmrso4,2001,12.496086826388208,kg kg-1
mmrso4,2002,12.110358103105243,kg kg-1
mmrso4,2003,12.440720807922572,kg kg-1
mmrso4,2004,12.821098412823023,kg kg-1
