variable,year,value,unit
dryso2,2001,-3.4508752772563733,kg m-2 s-1
dryso2,2002,-3.4232194122968815,kg m-2 s-1
dryso2,2003,-3.508763007931314,kg m-2 s-1
dryso2,2004,-3.5414461523955443,kg m-2 s-1
