variable,year,value,unit
rlut,2001,0.001123402762864684,W m-2
rlut,2002,-0.0039456784656907344,W m-2
rlut,2003,-0.003911317667768514,W m-2
rlut,2004,0.007781647278032913,W m-2
