variable,year,value,unit
dms,2000,0.05465357110984692,mol mol-1
dms,2001,-0.09035594084539314,mol mol-1
dms,2002,0.005823886442467977,mol mol-1
dms,2003,-0.02439644039953628,mol mol-1
dms,2004,0.1087460685206764,mol mol-1
