variable,year,value,unit
mmrso4,2000,14.238997566447578,kg kg-1
mmrso4,2001,14.352302506773349,kg kg-1
mmrso4,2002,13.795798742842342,kg kg-1
mmrso4,2003,14.361254771548687,kg kg-1
mmrso4,2004,14.425985720459062,kg kg-1
