variable,year,value,unit
wetbc,2001,-0.20764237299030255,kg m-2 s-1
wetbc,2002,-0.17217737895028118,kg m-2 s-1
wetbc,2003,-0.07268459244434651,kg m-2 s-1
wetbc,2004,0.11073722343586019,kg m-2 s-1
