variable,year,value,unit
loadso4,2000,3.1247147647915137,kg m-2
loadso4,2001,3.0427010328349215,kg m-2
loadso4,2002,3.0632700164687656,kg m-2
loadso4,2003,2.9907661978867206,kg m-2
loadso4,2004,3.2693322705843832,kg m-2
