variable,year,value,unit
wetso4,2000,1.30419666003716,kg m-2 s-1
wetso4,2001,1.31016211010365,kg m-2 s-1
wetso4,2002,1.2813945031226517,kg m-2 s-1
wetso4,2003,1.3150259625843763,kg m-2 s-1
wetso4,2004,1.368690568246585,kg m-2 s-1
