variable,year,value,unit
emiso2,2001,-3.6629220855078333,kg m-2 s-1
emiso2,2002,-3.633970608752008,kg m-2 s-1
emiso2,2003,-3.6969902104624737,kg m-2 s-1
emiso2,2004,-3.7286409374834637,kg m-2 s-1
