variable,year,value,unit
loadso2,2000,-4.373945054893873,kg m-2
loadso2,2001,-4.347016502861396,kg m-2
loadso2,2002,-4.358045504525606,kg m-2
loadso2,2003,-4.3402292371398765,kg m-2
loadso2,2004,-4.433864267718117,kg m-2
