variable,year,value,unit
clt,2001,-0.0040629807409785085,%
clt,2002,0.024021861383644663,%
clt,2003,0.016716535510402617,%
clt,2004,0.012243990442935972,%
