variable,year,value,unit
mmrbc,2001,0.021052724422267566,kg kg-1
mmrbc,2002,0.10400898984400796,kg kg-1
mmrbc,2003,0.08586659972393501,kg kg-1
mmrbc,2004,0.12134486780694877,kg kg-1
