variable,year,value,unit
cltc,2001,0.016397583858926486,%
cltc,2002,0.06119158691117422,%
cltc,2003,0.007954311627683753,%
cltc,2004,0.06401917095156942,%
