variable,year,value,unit
wetbc,2001,-0.0988373656653465,kg m-2 s-1
wetbc,2002,-0.09142692356852083,kg m-2 s-1
wetbc,2003,-0.0902405340773206,kg m-2 s-1
wetbc,2004,-0.09293887049187542,kg m-2 s-1
