variable,year,value,unit
loadso2,2000,-3.373067636335919,kg m-2
loadso2,2001,-3.3525968568973865,kg m-2
loadso2,2002,-3.3190039203237114,kg m-2
loadso2,2003,-3.4453887873710105,kg m-2
loadso2,2004,-3.565304768691872,kg m-2
