variable,year,value,unit
rsut,2000,0.006111077229803641,W m-2
rsut,2001,0.13413534088954293,W m-2
rsut,2002,0.05411913398272361,W m-2
rsut,2003,0.09751918967710083,W m-2
rsut,2004,0.1801230684292534,W m-2
