variable,year,value,unit
mmrbc,2000,-3.125312164541838e-14,kg kg-1
mmrbc,2001,-1.5406752889836223e-14,kg kg-1
mmrbc,2002,-2.0063747465227758e-14,kg kg-1
mmrbc,2003,-1.1085539894870793e-14,kg kg-1
mmrbc,2004,-2.951466416545325e-14,kg kg-1
