variable,year,value,unit
loadso4,2000,-9.8832516e-09,kg m-2
loadso4,2001,-1.1165412e-08,kg m-2
loadso4,2002,-1.1499651e-08,kg m-2
loadso4,2003,-1.25751285e-08,kg m-2
loadso4,2004,-1.4886837e-08,kg m-2
