variable,year,value,unit
dryso2,2000,-1.1545842e-13,kg m-2 s-1
dryso2,2001,-1.2259421e-13,kg m-2 s-1
dryso2,2002,-1.1460667e-13,kg m-2 s-1
dryso2,2003,-1.1781331e-13,kg m-2 s-1
dryso2,2004,-1.2525831e-13,kg m-2 s-1
