variable,year,value,unit
rlut,2000,-0.0099487305,W m-2
rlut,2001,0.01600647,W m-2
rlut,2002,0.07752991,W m-2
rlut,2003,-0.046875,W m-2
rlut,2004,-0.031829834,W m-2
