variable,year,value,unit
rsut,2001,99.44415965954774,W m-2
rsut,2002,99.98091278150373,W m-2
rsut,2003,99.81366001156844,W m-2
rsut,2004,99.87021066195507,W m-2
