variable,year,value,unit
rlut,2001,239.3379562938352,W m-2
rlut,2002,239.4064403051937,W m-2
rlut,2003,239.59277087338873,W m-2
rlut,2004,239.62358594836687,W m-2
