variable,year,value,unit
wetso4,2001,6.211888730270751e-12,kg m-2 s-1
wetso4,2002,6.236446931651805e-12,kg m-2 s-1
wetso4,2003,6.206445143744198e-12,kg m-2 s-1
wetso4,2004,6.2296311396533376e-12,kg m-2 s-1
