variable,year,value,unit
dryso4,2001,5.995945833957227e-13,kg m-2 s-1
dryso4,2002,5.901397877297449e-13,kg m-2 s-1
dryso4,2003,5.992981289619531e-13,kg m-2 s-1
dryso4,2004,6.000770898394986e-13,kg m-2 s-1
