variable,year,value,unit
wetso4,2001,5.294276869534763e-12,kg m-2 s-1
wetso4,2002,5.272759132020529e-12,kg m-2 s-1
wetso4,2003,5.190758003752334e-12,kg m-2 s-1
wetso4,2004,5.162029495970756e-12,kg m-2 s-1
