variable,year,value,unit
wetbc,2000,0.04696909722155337,kg m-2 s-1
wetbc,2001,0.08271687157627214,kg m-2 s-1
wetbc,2002,0.00011724434560785336,kg m-2 s-1
wetbc,2003,0.07955857232252192,kg m-2 s-1
wetbc,2004,-0.026261462497806365,kg m-2 s-1
