variable,year,value,unit
loadso4,2000,0.03734910304025156,kg m-2
loadso4,2001,0.11665123502779626,kg m-2
loadso4,2002,-0.03530657871844102,kg m-2
loadso4,2003,-0.05577794285353292,kg m-2
loadso4,2004,0.0027303144934043557,kg m-2
