variable,year,value,unit
cl,2000,0.031452853662693854,%
cl,2001,0.037097402005745024,%
cl,2002,-0.10748156016986796,%
cl,2003,-0.00202700041867921,%
cl,2004,-0.009169177440543954,%
