variable,year,value,unit
rsut,2000,-0.019134068957982493,W m-2
rsut,2001,-0.002176164909431222,W m-2
rsut,2002,0.001993237919290596,W m-2
rsut,2003,-0.009097459052483384,W m-2
rsut,2004,-0.006297783881674214,W m-2
