variable,year,value,unit
rsdt,2000,-5.879443041572739e-10,W m-2
rsdt,2001,1.4183537104555844e-08,W m-2
rsdt,2002,2.1547100371739603e-08,W m-2
rsdt,2003,1.9374855152546772e-08,W m-2
rsdt,2004,2.2171735864869456e-08,W m-2
