variable,year,value,unit
mmrso4,2000,0.05120531333231299,kg kg-1
mmrso4,2001,0.005548477614309582,kg kg-1
mmrso4,2002,-0.00602919510527606,kg kg-1
mmrso4,2003,0.07597588023727411,kg kg-1
mmrso4,2004,0.014873671548614947,kg kg-1
