variable,year,value,unit
mmrso4,2000,-0.3733063455543746,kg kg-1
mmrso4,2001,-0.029215069838424763,kg kg-1
mmrso4,2002,-0.12086323195743634,kg kg-1
mmrso4,2003,-0.1394813992926034,kg kg-1
mmrso4,2004,-0.15537835667207966,kg kg-1
