variable,year,value,unit
drybc,2000,-2.23256902073014,kg m-2 s-1
drybc,2001,-2.055637506851145,kg m-2 s-1
drybc,2002,-2.0095766821843104,kg m-2 s-1
drybc,2003,-2.0561598774955394,kg m-2 s-1
drybc,2004,-1.8635131568357337,kg m-2 s-1
