variable,year,value,unit
dryso2,2000,0.0167216646029388,kg m-2 s-1
dryso2,2001,0.01787602340081743,kg m-2 s-1
dryso2,2002,0.06284448316214117,kg m-2 s-1
dryso2,2003,0.02328224912520038,kg m-2 s-1
dryso2,2004,0.03270654986235913,kg m-2 s-1
