variable,year,value,unit
loadbc,2000,1.2425613497037002,kg m-2
loadbc,2001,0.9514429166639502,kg m-2
loadbc,2002,0.5031068985015235,kg m-2
loadbc,2003,0.3424081693549558,kg m-2
loadbc,2004,0.7513857020902813,kg m-2
