variable,year,value,unit
dms,2000,0.002730794667426014,mol mol-1
dms,2001,0.004609313146446625,mol mol-1
dms,2002,-0.1709927587240475,mol mol-1
dms,2003,-0.005436154342878963,mol mol-1
dms,2004,-0.0012813189028471911,mol mol-1
