variable,year,value,unit
mmrso4,2000,-7.972412952543553e-13,kg kg-1
mmrso4,2001,-3.642431630700622e-13,kg kg-1
mmrso4,2002,-1.6601724913899449e-12,kg kg-1
mmrso4,2003,-1.4418786462889906e-12,kg kg-1
mmrso4,2004,-7.556011728628533e-13,kg kg-1
