variable,year,value,unit
emiso2,2000,4.2683567408113336e-15,kg m-2 s-1
emiso2,2001,3.9430870796891e-15,kg m-2 s-1
emiso2,2002,4.157472963707525e-15,kg m-2 s-1
emiso2,2003,3.814571271699046e-15,kg m-2 s-1
emiso2,2004,3.4115925152029102e-15,kg m-2 s-1
