variable,year,value,unit
rsut,2000,-0.003872145582576536,W m-2
rsut,2001,-0.025283560219136803,W m-2
rsut,2002,-0.013190855252844358,W m-2
rsut,2003,0.013774751503547122,W m-2
rsut,2004,-0.012066879626331684,W m-2
