variable,year,value,unit
rlutcs,2000,0.017492016856465398,W m-2
rlutcs,2001,0.018418965970710133,W m-2
rlutcs,2002,0.008454112505376088,W m-2
rlutcs,2003,0.005803868025054726,W m-2
rlutcs,2004,0.0012155930550079574,W m-2
