variable,year,value,unit
clt,2000,-0.001940273901055889,%
clt,2001,0.01963523162553571,%
clt,2002,0.007875536984073506,%
clt,2003,0.0361670937137788,%
clt,2004,-0.02370609936264856,%
clt,2005,0.029473698950347682,%
clt,2006,0.004891498756535384,%
clt,2007,-0.009401222109815421,%
clt,2008,-0.0029579024435832935,%
clt,2009,-0.0034414705419436586,%
