variable,year,value,unit
mmrbc,2000,-0.01514809992754966,kg kg-1
mmrbc,2001,0.02250654808368389,kg kg-1
mmrbc,2002,0.060615103459808785,kg kg-1
mmrbc,2003,0.1114721929368157,kg kg-1
mmrbc,2004,-0.15747607254990073,kg kg-1
