variable,year,value,unit
rsut,2001,0.040560930259373414,W m-2
rsut,2002,-0.008232912568117203,W m-2
rsut,2003,0.059896753554076566,W m-2
rsut,2004,0.14042276542365084,W m-2
rsut,2005,0.21981471629159507,W m-2
