variable,year,value,unit
loadso2,2000,-0.050788337124591645,kg m-2
loadso2,2001,-0.07704235124763088,kg m-2
loadso2,2002,-0.06482678828130257,kg m-2
loadso2,2003,-0.06807599461625267,kg m-2
loadso2,2004,-0.06315203350399527,kg m-2
