variable,year,value,unit
mmrso4,2000,-0.30535766011125065,kg kg-1
mmrso4,2001,-0.3664928741288134,kg kg-1
mmrso4,2002,-0.327630704941362,kg kg-1
mmrso4,2003,-0.29596398151249015,kg kg-1
mmrso4,2004,-0.29600474819251227,kg kg-1
