variable,year,value,unit
rlut,2001,-0.0003715541576931353,W m-2
rlut,2002,0.0006763351053836868,W m-2
rlut,2003,0.009274979767690934,W m-2
rlut,2004,0.00039402001495529636,W m-2
rlut,2005,0.006423565636165384,W m-2
