variable,year,value,unit
od550aer,2000,-0.1495873163865318,1
od550aer,2001,0.05329515702997887,1
od550aer,2002,0.009884364259969379,1
od550aer,2003,-0.06762785645576691,1
od550aer,2004,-0.15756452697158826,1
