variable,year,value,unit
loadbc,2000,0.18390917921669642,kg m-2
loadbc,2001,0.11384295742047283,kg m-2
loadbc,2002,-0.24012127424336305,kg m-2
loadbc,2003,0.2799264306267939,kg m-2
loadbc,2004,0.08175848622122163,kg m-2
