variable,year,value,unit
clivi,2001,-0.07105452396690173,kg m-2
clivi,2002,0.15664627235047837,kg m-2
clivi,2003,0.08329705540438753,kg m-2
clivi,2004,0.06875596295351324,kg m-2
clivi,2005,0.03742100295604498,kg m-2
