variable,year,value,unit
dryso2,2001,-0.21888909260983225,kg m-2 s-1
dryso2,2002,-0.29930583191479637,kg m-2 s-1
dryso2,2003,-0.3340898416311547,kg m-2 s-1
dryso2,2004,-0.34123279376622934,kg m-2 s-1
dryso2,2005,-0.25548604680242293,kg m-2 s-1
