variable,year,value,unit
wetbc,2000,0.07317066861869786,kg m-2 s-1
wetbc,2001,-0.04093348102220153,kg m-2 s-1
wetbc,2002,0.021254582885500226,kg m-2 s-1
wetbc,2003,-0.0005884216223975339,kg m-2 s-1
wetbc,2004,0.037828010140053464,kg m-2 s-1
