variable,year,value,unit
dryso2,2000,-0.29639319010415177,kg m-2 s-1
dryso2,2001,-0.2411212893153244,kg m-2 s-1
dryso2,2002,-0.2933665812704638,kg m-2 s-1
dryso2,2003,-0.2750536535299856,kg m-2 s-1
dryso2,2004,-0.27076280239665285,kg m-2 s-1
