variable,year,value,unit
wetso2,2001,-0.35513951588839204,kg m-2 s-1
wetso2,2002,1.1906334596774957,kg m-2 s-1
wetso2,2003,0.12829607415770627,kg m-2 s-1
wetso2,2004,1.3404946270965774,kg m-2 s-1
wetso2,2005,1.289645128957171,kg m-2 s-1
