variable,year,value,unit
rsutcs,2000,0.009327859277476591,W m-2
rsutcs,2001,-0.021173529480591924,W m-2
rsutcs,2002,0.003179434773073808,W m-2
rsutcs,2003,-0.0038256770136797513,W m-2
rsutcs,2004,-0.010568305055159044,W m-2
