variable,year,value,unit
cltc,2000,0.14942543609856748,%
cltc,2001,0.09212004689978842,%
cltc,2002,-0.02153818876353749,%
cltc,2003,-0.8150286783056389,%
cltc,2004,-0.33482180797774913,%
