variable,year,value,unit
so2,2000,-0.439706704711972,mol mol-1
so2,2001,-0.4397956812803117,mol mol-1
so2,2002,-0.43167635228168744,mol mol-1
so2,2003,-0.46430897029725104,mol mol-1
so2,2004,-0.41792045451513216,mol mol-1
