variable,year,value,unit
clivi,2000,-0.7731694527491397,kg m-2
clivi,2001,-0.31619098022488423,kg m-2
clivi,2002,-0.16028070123594004,kg m-2
clivi,2003,0.027795257309548235,kg m-2
clivi,2004,-0.5156681306764517,kg m-2
