variable,year,value,unit
mmrbc,2000,-8.784989630777535e-14,kg kg-1
mmrbc,2001,1.0350282735739379e-13,kg kg-1
mmrbc,2002,3.192692655312483e-13,kg kg-1
mmrbc,2003,-1.3798829721234088e-13,kg kg-1
mmrbc,2004,2.8522879661501386e-13,kg kg-1
