variable,year,value,unit
rlut,2000,-0.07268961823947961,W m-2
rlut,2001,0.0006659989548438716,W m-2
rlut,2002,0.02292841993923389,W m-2
rlut,2003,0.12284632069480494,W m-2
rlut,2004,-0.08281312476560743,W m-2
