variable,year,value,unit
dryso2,2001,0.8708096927763257,kg m-2 s-1
dryso2,2002,0.4546514401620073,kg m-2 s-1
dryso2,2003,-2.9873029669343305,kg m-2 s-1
dryso2,2004,0.41549613836137256,kg m-2 s-1
dryso2,2005,-1.3299517235917724,kg m-2 s-1
