variable,year,value,unit
wetbc,2000,0.01676492422983989,kg m-2 s-1
wetbc,2001,-0.3092936002138208,kg m-2 s-1
wetbc,2002,0.11791009478738605,kg m-2 s-1
wetbc,2003,0.03923929951805628,kg m-2 s-1
wetbc,2004,0.05960920142244018,kg m-2 s-1
