variable,year,value,unit
emiso2,2000,-0.3613509667923379,kg m-2 s-1
emiso2,2001,-0.36699874271960214,kg m-2 s-1
emiso2,2002,-0.3553418326982267,kg m-2 s-1
emiso2,2003,-0.361452290926999,kg m-2 s-1
emiso2,2004,-0.3696865121519984,kg m-2 s-1
