variable,year,value,unit
cltc,2000,-0.09300202728356938,%
cltc,2001,0.09014659122497705,%
cltc,2002,0.032530969769810555,%
cltc,2003,-0.11264132874315366,%
cltc,2004,0.02120159420211344,%
