variable,year,value,unit
wetso4,2000,0.0454645161346793,kg m-2 s-1
wetso4,2001,0.08269531862932754,kg m-2 s-1
wetso4,2002,0.10407537782604075,kg m-2 s-1
wetso4,2003,0.08583594514205813,kg m-2 s-1
wetso4,2004,0.032117162691303186,kg m-2 s-1
