variable,year,value,unit
emiso2,2000,0.0007905488685326291,kg m-2 s-1
emiso2,2001,0.0011956853469336968,kg m-2 s-1
emiso2,2002,0.00017896135793751589,kg m-2 s-1
emiso2,2003,0.0008615288808448404,kg m-2 s-1
emiso2,2004,0.0009020361355462517,kg m-2 s-1
