variable,year,value,unit
loadso2,2000,-0.04641536845341289,kg m-2
loadso2,2001,-0.03511952596503801,kg m-2
loadso2,2002,0.06834631299899685,kg m-2
loadso2,2003,0.09332328011822533,kg m-2
loadso2,2004,-0.03977325847312442,kg m-2
