variable,year,value,unit
emiso2,2000,4.8669249302822885e-06,kg m-2 s-1
emiso2,2001,1.5175331005990414e-05,kg m-2 s-1
emiso2,2002,1.8411471027922176e-05,kg m-2 s-1
emiso2,2003,5.131315366774951e-06,kg m-2 s-1
emiso2,2004,1.0984612350332562e-06,kg m-2 s-1
