variable,year,value,unit
mmrso4,2000,-0.5928388801617728,kg kg-1
mmrso4,2001,0.19852245449881578,kg kg-1
mmrso4,2002,-0.1537513021348976,kg kg-1
mmrso4,2003,-0.24256401377324185,kg kg-1
mmrso4,2004,-0.22786802613197435,kg kg-1
