variable,year,value,unit
dryso2,2001,0.010994278778629334,kg m-2 s-1
dryso2,2002,-0.0047231131173878565,kg m-2 s-1
dryso2,2003,-0.02392186289652076,kg m-2 s-1
dryso2,2004,0.03012678314645883,kg m-2 s-1
