variable,year,value,unit
rlutcs,2001,-0.0077941072614516535,W m-2
rlutcs,2002,-0.009061156181731025,W m-2
rlutcs,2003,-0.014238629857336683,W m-2
rlutcs,2004,-0.010325447074414242,W m-2
