variable,year,value,unit
rlut,2001,0.008562543781233677,W m-2
rlut,2002,-0.010487198991731644,W m-2
rlut,2003,0.009511451141720159,W m-2
rlut,2004,0.0131162911765922,W m-2
