variable,year,value,unit
loadso4,2000,-0.29403762105276243,kg m-2
loadso4,2001,0.12442102150758275,kg m-2
loadso4,2002,-0.09949223151647307,kg m-2
loadso4,2003,-0.18073351683792152,kg m-2
loadso4,2004,-0.024377700061015875,kg m-2
