variable,year,value,unit
emiso2,2001,-4.4881447428450985e-05,kg m-2 s-1
emiso2,2002,-7.109241163058176e-05,kg m-2 s-1
emiso2,2003,-8.849156116953111e-05,kg m-2 s-1
emiso2,2004,-0.00014105707336518948,kg m-2 s-1
