variable,year,value,unit
cl,2000,0.03163210577549395,%
cl,2001,0.08535200054949531,%
cl,2002,0.06668041052584481,%
cl,2003,0.07841996068899527,%
cl,2004,0.09547887881106872,%
