variable,year,value,unit
dms,2000,0.0928129462944284,mol mol-1
dms,2001,0.011172457625709592,mol mol-1
dms,2002,0.003364161616926629,mol mol-1
dms,2003,-0.1320506643133511,mol mol-1
dms,2004,0.07229468097545762,mol mol-1
