variable,year,value,unit
wetbc,2001,1.5280502377921965,kg m-2 s-1
wetbc,2002,0.5923143507294165,kg m-2 s-1
wetbc,2003,2.0540925726094845,kg m-2 s-1
wetbc,2004,1.3974111870296135,kg m-2 s-1
