variable,year,value,unit
mmrbc,2000,-2.0311391126439355,kg kg-1
mmrbc,2001,-2.3951806134832654,kg kg-1
mmrbc,2002,-2.705966580510717,kg kg-1
mmrbc,2003,-2.147579267834584,kg kg-1
mmrbc,2004,-2.174460547069317,kg kg-1
