variable,year,value,unit
loadso4,2000,8.277799656306398,kg m-2
loadso4,2001,4.71720691147511,kg m-2
loadso4,2002,5.873156021484193,kg m-2
loadso4,2003,11.798244072058276,kg m-2
loadso4,2004,7.513361714886792,kg m-2
