variable,year,value,unit
wetso2,2000,0.0,kg m-2 s-1
wetso2,2001,-0.042039896736799975,kg m-2 s-1
wetso2,2002,-1.8857305209756838,kg m-2 s-1
wetso2,2003,-0.1509794724454919,kg m-2 s-1
wetso2,2004,0.007730732774256793,kg m-2 s-1
