variable,year,value,unit
rsdt,2000,-4.298579444695779e-08,W m-2
rsdt,2001,5.2363176472848943e-08,W m-2
rsdt,2002,6.018215285430192e-08,W m-2
rsdt,2003,1.0267110683645443e-07,W m-2
rsdt,2004,2.2981654719680845e-08,W m-2
