variable,year,value,unit
cltc,2001,-0.01964377202591018,%
cltc,2002,-0.8582269372856213,%
cltc,2003,-0.1858244417555794,%
cltc,2004,-0.07413229150406155,%
