variable,year,value,unit
rsutcs,2001,-0.10292870614822949,W m-2
rsutcs,2002,-0.0548557381304282,W m-2
rsutcs,2003,0.11580487346742065,W m-2
rsutcs,2004,0.02961558216814643,W m-2
