variable,year,value,unit
rsut,2000,0.0496138814291783,W m-2
rsut,2001,-0.020200016061379816,W m-2
rsut,2002,0.03966860904005691,W m-2
rsut,2003,-0.02856950923002602,W m-2
rsut,2004,-0.0066034771831160665,W m-2
