variable,year,value,unit
cl,2000,0.14567823668304208,%
cl,2001,0.034267137051180716,%
cl,2002,0.018891726475804466,%
cl,2003,0.28138990475315084,%
cl,2004,-0.14997861859673378,%
