variable,year,value,unit
rsutcs,2000,0.02177262676101836,W m-2
rsutcs,2001,0.01716556512129492,W m-2
rsutcs,2002,0.051403327189183924,W m-2
rsutcs,2003,0.04981970471330762,W m-2
rsutcs,2004,0.01885892525790668,W m-2
