variable,year,value,unit
loadso2,2000,-0.10492818208816805,kg m-2
loadso2,2001,0.03320310527636629,kg m-2
loadso2,2002,0.07002587794627375,kg m-2
loadso2,2003,-0.025781297805438537,kg m-2
loadso2,2004,-0.08680928465296849,kg m-2
