variable,year,value,unit
clt,2001,0.21726557578142985,%
clt,2002,0.19574803971553056,%
clt,2003,-0.0697404905177569,%
clt,2004,-0.01174462232529161,%
