variable,year,value,unit
dryso4,2001,-0.4864639689230717,kg m-2 s-1
dryso4,2002,-0.366886724720835,kg m-2 s-1
dryso4,2003,-0.3373657598378499,kg m-2 s-1
dryso4,2004,-0.25739183715374897,kg m-2 s-1
