variable,year,value,unit
rlutcs,2000,0.004047552381970925,W m-2
rlutcs,2001,0.002027735490292289,W m-2
rlutcs,2002,-0.000811580924109334,W m-2
rlutcs,2003,0.0019960203688487096,W m-2
rlutcs,2004,0.0021966850661338153,W m-2
