variable,year,value,unit
rlutcs,2001,-0.05773575033051826,W m-2
rlutcs,2002,0.01631099734304892,W m-2
rlutcs,2003,-0.02265398684152449,W m-2
rlutcs,2004,0.08818010169775597,W m-2
rlutcs,2005,0.005336835575155804,W m-2
