variable,year,value,unit
wetbc,2001,0.27937969329794354,kg m-2 s-1
wetbc,2002,-1.6325010650309175,kg m-2 s-1
wetbc,2003,-3.12913875080519,kg m-2 s-1
wetbc,2004,-4.387703861067085,kg m-2 s-1
wetbc,2005,5.982599329763937,kg m-2 s-1
