variable,year,value,unit
srfdms,2000,0.04275223330711095,mol mol-1
srfdms,2001,0.0479492917899368,mol mol-1
srfdms,2002,0.009419375981448253,mol mol-1
srfdms,2003,0.01583685643151124,mol mol-1
srfdms,2004,0.028180904662696037,mol mol-1
