variable,year,value,unit
dms,2000,-0.08074529870686736,mol mol-1
dms,2001,-0.054549459972522064,mol mol-1
dms,2002,0.003044861697496617,mol mol-1
dms,2003,0.008404349053892049,mol mol-1
dms,2004,0.024173802065346514,mol mol-1
