variable,year,value,unit
loadso4,2000,-3.086755285350981e-08,kg m-2
loadso4,2001,-3.2751173542441745e-08,kg m-2
loadso4,2002,-3.801698403656015e-08,kg m-2
loadso4,2003,-3.978163130939529e-08,kg m-2
loadso4,2004,-3.52131106255402e-08,kg m-2
