variable,year,value,unit
rlutcs,2000,0.0010561097380852628,W m-2
rlutcs,2001,0.0021123867328673505,W m-2
rlutcs,2002,0.0016848125618717476,W m-2
rlutcs,2003,-0.0018116398190020657,W m-2
rlutcs,2004,-0.0009634359831470489,W m-2
