variable,year,value,unit
wetso4,2001,-2.1170178729004894,kg m-2 s-1
wetso4,2002,-1.9666859596896145,kg m-2 s-1
wetso4,2003,-2.1397326078562267,kg m-2 s-1
wetso4,2004,-2.1399385531606447,kg m-2 s-1
wetso4,2005,-2.3681382145435794,kg m-2 s-1
