variable,year,value,unit
od550aer,2001,-0.48507589074974183,1
od550aer,2002,-0.36794830095799885,1
od550aer,2003,-0.3662489041343483,1
od550aer,2004,-0.2350851408976747,1
od550aer,2005,-0.22480206728136337,1
