variable,year,value,unit
so2,2000,0.1610112906893527,mol mol-1
so2,2001,0.07227256784646585,mol mol-1
so2,2002,0.3317938740364981,mol mol-1
so2,2003,0.13737003614448653,mol mol-1
so2,2004,0.0050999552802031825,mol mol-1
