variable,year,value,unit
rsut,2000,-0.03476427378862468,W m-2
rsut,2001,0.0015503678510810914,W m-2
rsut,2002,-0.045630054963822886,W m-2
rsut,2003,0.008691058740225799,W m-2
rsut,2004,0.004589599073440809,W m-2
