variable,year,value,unit
so2,2000,-1.299625784079948e-12,mol mol-1
so2,2001,-1.1387223545666085e-12,mol mol-1
so2,2002,-1.2981091200708222e-12,mol mol-1
so2,2003,-1.27508240086766e-12,mol mol-1
so2,2004,-1.48326298152361e-12,mol mol-1
