variable,year,value,unit
clivi,2000,0.2738467044179257,kg m-2
clivi,2001,0.37256058757240906,kg m-2
clivi,2002,-0.016725470565402255,kg m-2
clivi,2003,0.02248954110338741,kg m-2
clivi,2004,-0.0996666410106676,kg m-2
