variable,year,value,unit
clt,2000,-0.010182758314204099,%
clt,2001,0.021569281703960358,%
clt,2002,-0.024660944495630062,%
clt,2003,0.01018727518107777,%
clt,2004,-0.009933504204026737,%
