variable,year,value,unit
rlutcs,2000,-0.0011113580142182772,W m-2
rlutcs,2001,0.0009226917056241906,W m-2
rlutcs,2002,-0.002987332027755794,W m-2
rlutcs,2003,-0.0071061855553979595,W m-2
rlutcs,2004,-0.008913793544871556,W m-2
