variable,year,value,unit
wetso4,2000,4.530480934903726e-12,kg m-2 s-1
wetso4,2001,4.526612849010324e-12,kg m-2 s-1
wetso4,2002,4.4508847546348085e-12,kg m-2 s-1
wetso4,2003,4.4539424963264684e-12,kg m-2 s-1
wetso4,2004,4.604802677688385e-12,kg m-2 s-1
