variable,year,value,unit
wetso4,2000,-3.2054224714112015e-12,kg m-2 s-1
wetso4,2001,-3.1733011272247387e-12,kg m-2 s-1
wetso4,2002,-3.1375777874681798e-12,kg m-2 s-1
wetso4,2003,-3.155355161568253e-12,kg m-2 s-1
wetso4,2004,-3.1892352456493038e-12,kg m-2 s-1
