variable,year,value,unit
loadso4,2000,1.937320978571255e-06,kg m-2
loadso4,2001,1.945561518680121e-06,kg m-2
loadso4,2002,1.864608578516579e-06,kg m-2
loadso4,2003,1.909406249968986e-06,kg m-2
loadso4,2004,1.926328075824216e-06,kg m-2
