variable,year,value,unit
dryso4,2000,5.644244912819137e-13,kg m-2 s-1
dryso4,2001,5.6253893423041e-13,kg m-2 s-1
dryso4,2002,5.510541881154895e-13,kg m-2 s-1
dryso4,2003,5.544553993698756e-13,kg m-2 s-1
dryso4,2004,5.628579338985376e-13,kg m-2 s-1
