variable,year,value,unit
dryso4,2000,4.559319795802209e-13,kg m-2 s-1
dryso4,2001,4.673795985356261e-13,kg m-2 s-1
dryso4,2002,4.740651434943146e-13,kg m-2 s-1
dryso4,2003,4.750824978186199e-13,kg m-2 s-1
dryso4,2004,4.730702261590051e-13,kg m-2 s-1
