variable,year,value,unit
dryso4,2000,4.39090263017347e-13,kg m-2 s-1
dryso4,2001,4.414117895833817e-13,kg m-2 s-1
dryso4,2002,4.5269656702373875e-13,kg m-2 s-1
dryso4,2003,4.5186360231662787e-13,kg m-2 s-1
dryso4,2004,4.592383119001547e-13,kg m-2 s-1
