variable,year,value,unit
dryso2,2001,-1.799859219291994e-13,kg m-2 s-1
dryso2,2002,-1.4721413797527393e-13,kg m-2 s-1
dryso2,2003,-6.072876648742977e-14,kg m-2 s-1
dryso2,2004,-2.553572768439979e-13,kg m-2 s-1
dryso2,2005,-3.965152182628313e-13,kg m-2 s-1
