variable,year,value,unit
loadso2,2000,1.7943909094547412e-07,kg m-2
loadso2,2001,1.8782136893164342e-07,kg m-2
loadso2,2002,1.9387207790273954e-07,kg m-2
loadso2,2003,2.343432707000079e-07,kg m-2
loadso2,2004,3.0134548790841713e-07,kg m-2
