variable,year,value,unit
loadso2,2000,3.159286901004309e-07,kg m-2
loadso2,2001,3.259796276974516e-07,kg m-2
loadso2,2002,3.3456562553389437e-07,kg m-2
loadso2,2003,3.660665110718837e-07,kg m-2
loadso2,2004,4.5185003360118436e-07,kg m-2
