variable,year,value,unit
emibc,2000,-2.4892505296269176e-21,kg m-2 s-1
emibc,2001,-6.5308178756113675e-22,kg m-2 s-1
emibc,2002,-9.61879704534097e-21,kg m-2 s-1
emibc,2003,-9.283670624919196e-22,kg m-2 s-1
emibc,2004,-2.0347729378549618e-21,kg m-2 s-1
