variable,year,value,unit
so2,2000,1.3363159235204685e-11,mol mol-1
so2,2001,1.5772994999525293e-11,mol mol-1
so2,2002,1.2874754605584763e-11,mol mol-1
so2,2003,1.712720022532026e-11,mol mol-1
so2,2004,1.8842005812407578e-11,mol mol-1
