variable,year,value,unit
rsutcs,2000,0.9399753621076314,W m-2
rsutcs,2001,0.9352992085050644,W m-2
rsutcs,2002,1.004502941866285,W m-2
rsutcs,2003,1.1832238853590127,W m-2
rsutcs,2004,1.1358357392911742,W m-2
