variable,year,value,unit
rlutcs,2001,0.028828897930452513,W m-2
rlutcs,2002,0.21498507115853727,W m-2
rlutcs,2003,-0.027565626009788957,W m-2
rlutcs,2004,-0.08475611766363045,W m-2
rlutcs,2005,0.31221711783706496,W m-2
