variable,year,value,unit
rsutcs,2000,0.3339817059786654,W m-2
rsutcs,2001,0.33612358605181925,W m-2
rsutcs,2002,0.3545095528031581,W m-2
rsutcs,2003,0.37285987729746495,W m-2
rsutcs,2004,0.4281072989925434,W m-2
