variable,year,value,unit
dryso2,2000,-2.946624305201394e-13,kg m-2 s-1
dryso2,2001,-2.7575103143205274e-13,kg m-2 s-1
dryso2,2002,-2.8042669961742166e-13,kg m-2 s-1
dryso2,2003,-3.033099728462497e-13,kg m-2 s-1
dryso2,2004,-3.3707171358435914e-13,kg m-2 s-1
