variable,year,value,unit
wetso2,2000,-8.702379385792822e-14,kg m-2 s-1
wetso2,2001,-7.994478289341269e-14,kg m-2 s-1
wetso2,2002,-8.27772783015842e-14,kg m-2 s-1
wetso2,2003,-8.662367133533704e-14,kg m-2 s-1
wetso2,2004,-9.871422408803752e-14,kg m-2 s-1
