variable,year,value,unit
emiso2,2000,-4.919773520249327e-13,kg m-2 s-1
emiso2,2001,-5.158295589967168e-13,kg m-2 s-1
emiso2,2002,-4.833622813250913e-13,kg m-2 s-1
emiso2,2003,-4.966680113825479e-13,kg m-2 s-1
emiso2,2004,-5.331053552612242e-13,kg m-2 s-1
