variable,year,value,unit
rsutcs,2000,-0.02672636814797613,W m-2
rsutcs,2001,-0.03135096124188408,W m-2
rsutcs,2002,-0.02250385742146932,W m-2
rsutcs,2003,-0.02890948304727914,W m-2
rsutcs,2004,-0.032937205363062105,W m-2
