variable,year,value,unit
clivi,2000,0.0003936145801811744,kg m-2
clivi,2001,0.0003409751028933695,kg m-2
clivi,2002,0.000307903427269194,kg m-2
clivi,2003,0.0003283170222239829,kg m-2
clivi,2004,0.0002987652577038785,kg m-2
