variable,year,value,unit
dryso4,2000,2.6578690314594685e-13,kg m-2 s-1
dryso4,2001,2.8330872098572823e-13,kg m-2 s-1
dryso4,2002,2.961356167918978e-13,kg m-2 s-1
dryso4,2003,3.1828390540317664e-13,kg m-2 s-1
dryso4,2004,3.488450486359576e-13,kg m-2 s-1
