variable,year,value,unit
dryso4,2000,5.005323161889745e-13,kg m-2 s-1
dryso4,2001,4.927228085883418e-13,kg m-2 s-1
dryso4,2002,4.821904085458489e-13,kg m-2 s-1
dryso4,2003,5.298399132022303e-13,kg m-2 s-1
dryso4,2004,6.422758832430277e-13,kg m-2 s-1
