variable,year,value,unit
emibc,2000,8.280569757780047e-07,kg m-2 s-1
emibc,2001,-8.08281362310498e-06,kg m-2 s-1
emibc,2002,7.4929277585664134e-06,kg m-2 s-1
emibc,2003,3.102341631726671e-06,kg m-2 s-1
emibc,2004,-1.314701452323078e-06,kg m-2 s-1
