variable,year,value,unit
mmrso4,2000,-0.4800045979457761,kg kg-1
mmrso4,2001,-1.1490873266786175,kg kg-1
mmrso4,2002,0.1285705461071668,kg kg-1
mmrso4,2003,-0.38568898721001044,kg kg-1
mmrso4,2004,-0.5764810891840462,kg kg-1
