variable,year,value,unit
dryso2,2000,-5.45138729321131e-13,kg m-2 s-1
dryso2,2001,-4.77092135789858e-13,kg m-2 s-1
dryso2,2002,-4.746981000958955e-13,kg m-2 s-1
dryso2,2003,-4.74885120038266e-13,kg m-2 s-1
dryso2,2004,-5.305583377720541e-13,kg m-2 s-1
