variable,year,value,unit
mmrbc,2000,1.6195289913884548e-12,kg kg-1
mmrbc,2001,4.3833730884804735e-12,kg kg-1
mmrbc,2002,3.610009075610101e-12,kg kg-1
mmrbc,2003,3.3560626439608033e-12,kg kg-1
mmrbc,2004,5.014488474572738e-12,kg kg-1
