variable,year,value,unit
rlutcs,2000,-0.001412116237816008,W m-2
rlutcs,2001,0.004200668368980587,W m-2
rlutcs,2002,-0.0006184723201556608,W m-2
rlutcs,2003,0.03745620738604316,W m-2
rlutcs,2004,-0.0011163909181846066,W m-2
