variable,year,value,unit
rsutcs,2000,-0.034477365571210936,W m-2
rsutcs,2001,0.015597162997092464,W m-2
rsutcs,2002,-0.0017512321880696164,W m-2
rsutcs,2003,-0.05924180206424899,W m-2
rsutcs,2004,-0.022930907803847617,W m-2
