variable,year,value,unit
dryso4,2000,-0.6483264952228243,kg m-2 s-1
dryso4,2001,-0.6557880631095749,kg m-2 s-1
dryso4,2002,-0.16216876401030664,kg m-2 s-1
dryso4,2003,-0.4817750955035347,kg m-2 s-1
dryso4,2004,-0.5035760634012022,kg m-2 s-1
