variable,year,value,unit
rlut,2000,-0.008542275013650917,W m-2
rlut,2001,-0.008534142889838652,W m-2
rlut,2002,-0.008658586581197798,W m-2
rlut,2003,-0.010275028631392475,W m-2
rlut,2004,-0.009160543350418606,W m-2
