variable,year,value,unit
rsut,2000,-0.31660140008641235,W m-2
rsut,2001,-0.26095272382443113,W m-2
rsut,2002,-0.14084488561158537,W m-2
rsut,2003,-0.04383146064468235,W m-2
rsut,2004,-0.37688647763614824,W m-2
