variable,year,value,unit
dryso4,2000,55.66634611588588,kg m-2 s-1
dryso4,2001,49.5144553958292,kg m-2 s-1
dryso4,2002,47.880758671080216,kg m-2 s-1
dryso4,2003,44.844467714193385,kg m-2 s-1
dryso4,2004,44.50986698217733,kg m-2 s-1
