variable,year,value,unit
drybc,2000,-2.6973702946187355,kg m-2 s-1
drybc,2001,-2.527471981398938,kg m-2 s-1
drybc,2002,-2.5594021696062863,kg m-2 s-1
drybc,2003,-2.647869953172583,kg m-2 s-1
drybc,2004,-2.5330400906546346,kg m-2 s-1
