variable,year,value,unit
cl,2000,0.3524683061625698,%
cl,2001,0.8920077321384892,%
cl,2002,0.7187426300591628,%
cl,2003,0.7580682643228381,%
cl,2004,0.8266505890776427,%
