variable,year,value,unit
dryso2,2000,57.883851433953225,kg m-2 s-1
dryso2,2001,58.02923975855451,kg m-2 s-1
dryso2,2002,60.759915219788894,kg m-2 s-1
dryso2,2003,61.44256646667541,kg m-2 s-1
dryso2,2004,63.6574411620243,kg m-2 s-1
