variable,year,value,unit
wetbc,2000,4.440301559571921,kg m-2 s-1
wetbc,2001,4.175220472104058,kg m-2 s-1
wetbc,2002,4.7210945636201025,kg m-2 s-1
wetbc,2003,5.003466324921256,kg m-2 s-1
wetbc,2004,4.756254483908635,kg m-2 s-1
