variable,year,value,unit
od550aer,2000,-3.141809391393746e-05,1
od550aer,2001,-7.956750813099822e-05,1
od550aer,2002,2.3071942723704164e-05,1
od550aer,2003,-0.00016827206838097852,1
od550aer,2004,-2.2510529835567672e-05,1
