variable,year,value,unit
wetso2,2000,-2.077009292092368e-18,kg m-2 s-1
wetso2,2001,6.117806849993789e-20,kg m-2 s-1
wetso2,2002,-2.1977612342591928e-18,kg m-2 s-1
wetso2,2003,-2.4203452570426197e-18,kg m-2 s-1
wetso2,2004,-1.0925003848583429e-18,kg m-2 s-1
