variable,year,value,unit
dryso2,2000,-5.507855218139258e-15,kg m-2 s-1
dryso2,2001,-3.1653366903028777e-15,kg m-2 s-1
dryso2,2002,-4.819575102253873e-15,kg m-2 s-1
dryso2,2003,-5.40170075440864e-15,kg m-2 s-1
dryso2,2004,-5.564719813668971e-15,kg m-2 s-1
