variable,year,value,unit
rsut,2000,-0.045763989787516834,W m-2
rsut,2001,-0.038778410920727424,W m-2
rsut,2002,-0.02607736869396149,W m-2
rsut,2003,0.005532396545831375,W m-2
rsut,2004,0.011579504781508376,W m-2
