variable,year,value,unit
emibc,2000,4.4898594226005826e-21,kg m-2 s-1
emibc,2001,-1.9092584252823697e-20,kg m-2 s-1
emibc,2002,5.72453196448098e-20,kg m-2 s-1
emibc,2003,3.155664915931712e-20,kg m-2 s-1
emibc,2004,-3.035656235959005e-20,kg m-2 s-1
