variable,year,value,unit
rlut,2000,-0.011752406932998838,W m-2
rlut,2001,-0.0012921739578644065,W m-2
rlut,2002,-0.01407249064845928,W m-2
rlut,2003,-0.0060225665138773365,W m-2
rlut,2004,-0.003963511639653916,W m-2
