variable,year,value,unit
wetso4,2000,-2.1605643716950798e-14,kg m-2 s-1
wetso4,2001,-2.758363253037668e-14,kg m-2 s-1
wetso4,2002,-3.593825108774265e-14,kg m-2 s-1
wetso4,2003,-2.7664173847244948e-14,kg m-2 s-1
wetso4,2004,-2.9711204571006697e-14,kg m-2 s-1
