variable,year,value,unit
rlut,2000,-159.78694133701663,W m-2
rlut,2001,-159.63173930890787,W m-2
rlut,2002,-160.18182197037106,W m-2
rlut,2003,-159.32744541615813,W m-2
rlut,2004,-159.28357622084377,W m-2
