variable,year,value,unit
so2,2000,-4.940208942671933e-13,mol mol-1
so2,2001,-4.953317741871552e-13,mol mol-1
so2,2002,-4.2870753328357556e-13,mol mol-1
so2,2003,-5.059116684040484e-13,mol mol-1
so2,2004,-4.557991523375131e-13,mol mol-1
so2,2005,-5.201280039643776e-13,mol mol-1
so2,2006,-5.156706332825848e-13,mol mol-1
so2,2007,-4.157167347949739e-13,mol mol-1
so2,2008,-4.509420027486663e-13,mol mol-1
so2,2009,-3.1982164290852637e-13,mol mol-1
