variable,year,value,unit
mmrso4,2000,-0.05859103089857013,kg kg-1
mmrso4,2001,-0.11604502234049882,kg kg-1
mmrso4,2002,-0.053510387773108584,kg kg-1
mmrso4,2003,-0.17912287895563747,kg kg-1
mmrso4,2004,-0.011985515650409187,kg kg-1
