variable,year,value,unit
emiso2,2001,-1.543024491956807,kg m-2 s-1
emiso2,2002,-1.5859397314783272,kg m-2 s-1
emiso2,2003,-1.5207999136188577,kg m-2 s-1
emiso2,2004,-1.6375134058883984,kg m-2 s-1
emiso2,2005,-1.3459052004009588,kg m-2 s-1
