variable,year,value,unit
clivi,2000,0.3045347566358387,kg m-2
clivi,2001,0.13918992745415437,kg m-2
clivi,2002,-0.395007684117888,kg m-2
clivi,2003,0.6441340213148964,kg m-2
clivi,2004,-0.03172590014187105,kg m-2
