variable,year,value,unit
emiso2,2000,-2.1808646877108964,kg m-2 s-1
emiso2,2001,-2.114525749077764,kg m-2 s-1
emiso2,2002,-2.179010472759047,kg m-2 s-1
emiso2,2003,-2.2054251516141687,kg m-2 s-1
emiso2,2004,-2.2282289652439635,kg m-2 s-1
