variable,year,value,unit
wetso4,2001,-2.890531830091719,kg m-2 s-1
wetso4,2002,-0.45903143529427504,kg m-2 s-1
wetso4,2003,-1.2647912601856621,kg m-2 s-1
wetso4,2004,-5.803280132281587,kg m-2 s-1
wetso4,2005,2.4138672452281233,kg m-2 s-1
