variable,year,value,unit
wetso2,2000,-1.0480449253051317e-17,kg m-2 s-1
wetso2,2001,-8.205712371616213e-18,kg m-2 s-1
wetso2,2002,-7.828284838531497e-18,kg m-2 s-1
wetso2,2003,-8.080821865899972e-18,kg m-2 s-1
wetso2,2004,-8.224245006397256e-18,kg m-2 s-1
wetso2,2005,-9.236224584869855e-18,kg m-2 s-1
wetso2,2006,-9.066147141568299e-18,kg m-2 s-1
wetso2,2007,-4.727990495525686e-18,kg m-2 s-1
wetso2,2008,-7.056468563209773e-18,kg m-2 s-1
wetso2,2009,-8.488398667272116e-18,kg m-2 s-1
