variable,year,value,unit
emibc,2000,-1.0111364699605199e-06,kg m-2 s-1
emibc,2001,3.983221491260944e-07,kg m-2 s-1
emibc,2002,1.8689780437712477e-06,kg m-2 s-1
emibc,2003,1.8970515038674282e-06,kg m-2 s-1
emibc,2004,1.1226232374684899e-06,kg m-2 s-1
