variable,year,value,unit
od550aer,2000,-0.08445754589112088,1
od550aer,2001,0.025858428640641765,1
od550aer,2002,-0.12488631621816745,1
od550aer,2003,-0.018254651911524943,1
od550aer,2004,-0.05819165207010485,1
