variable,year,value,unit
emibc,2001,9.342553945278942e-08,kg m-2 s-1
emibc,2002,2.0917786663355043e-07,kg m-2 s-1
emibc,2003,1.2443911109177072e-07,kg m-2 s-1
emibc,2004,1.3361267915420075e-07,kg m-2 s-1
emibc,2005,-3.8660952130084715e-07,kg m-2 s-1
