variable,year,value,unit
loadbc,2000,-0.06513375525513763,kg m-2
loadbc,2001,-0.08506696935812674,kg m-2
loadbc,2002,0.025716709156098534,kg m-2
loadbc,2003,0.12840834032805135,kg m-2
loadbc,2004,-0.06630671891191332,kg m-2
