variable,year,value,unit
rsutcs,2001,-0.4678876770004713,W m-2
rsutcs,2002,0.39429598108430214,W m-2
rsutcs,2003,0.2800155156241048,W m-2
rsutcs,2004,-0.009303242016116311,W m-2
rsutcs,2005,0.20982561615102724,W m-2
