variable,year,value,unit
mmrso4,2000,-1.7172468556229545e-12,kg kg-1
mmrso4,2001,-1.0459343759193162e-12,kg kg-1
mmrso4,2002,-9.895373148391055e-13,kg kg-1
mmrso4,2003,-1.3597773928218718e-12,kg kg-1
mmrso4,2004,-9.253700847897025e-13,kg kg-1
mmrso4,2005,-1.0906277370091625e-12,kg kg-1
mmrso4,2006,-2.04185888764705e-12,kg kg-1
mmrso4,2007,-1.7306606076632114e-12,kg kg-1
mmrso4,2008,-1.7677970121911677e-12,kg kg-1
mmrso4,2009,-1.871214722739553e-12,kg kg-1
