variable,year,value,unit
emiso2,2000,-0.46667934547026857,kg m-2 s-1
emiso2,2001,-0.4444579762878417,kg m-2 s-1
emiso2,2002,-0.4626106525150854,kg m-2 s-1
emiso2,2003,-0.4688490432592172,kg m-2 s-1
emiso2,2004,-0.4724265322036293,kg m-2 s-1
