variable,year,value,unit
dryso4,2000,-0.058422886268537096,kg m-2 s-1
dryso4,2001,-0.11798371136664983,kg m-2 s-1
dryso4,2002,-0.044307842990078936,kg m-2 s-1
dryso4,2003,-0.1693257148513246,kg m-2 s-1
dryso4,2004,-0.011004457539846024,kg m-2 s-1
