variable,year,value,unit
mmrso4,2000,-9.294549723384267e-13,kg kg-1
mmrso4,2001,6.312476533900479e-13,kg kg-1
mmrso4,2002,-1.3807032261051656e-13,kg kg-1
mmrso4,2003,-3.1681493969484516e-13,kg kg-1
mmrso4,2004,-1.7857802713032158e-12,kg kg-1
mmrso4,2005,-1.4522606871423128e-12,kg kg-1
mmrso4,2006,-1.4800081055805409e-12,kg kg-1
mmrso4,2007,-1.8775239249541324e-13,kg kg-1
mmrso4,2008,-2.1674094309258416e-13,kg kg-1
mmrso4,2009,-8.50356972165962e-13,kg kg-1
