variable,year,value,unit
emiso2,2000,-2.9959008768353836e-14,kg m-2 s-1
emiso2,2001,-2.900558175210042e-14,kg m-2 s-1
emiso2,2002,-3.025582239885052e-14,kg m-2 s-1
emiso2,2003,-3.115168420238965e-14,kg m-2 s-1
emiso2,2004,-3.1650963409380395e-14,kg m-2 s-1
emiso2,2005,-3.5158343282614355e-14,kg m-2 s-1
emiso2,2006,-3.8568791022573693e-14,kg m-2 s-1
emiso2,2007,-4.135611521517908e-14,kg m-2 s-1
emiso2,2008,-3.947137731968143e-14,kg m-2 s-1
emiso2,2009,-3.9402896846258876e-14,kg m-2 s-1
