variable,year,value,unit
so2,2000,-0.23779633494121713,mol mol-1
so2,2001,-0.24900047025226518,mol mol-1
so2,2002,-0.21054813262742356,mol mol-1
so2,2003,-0.24580517651854664,mol mol-1
so2,2004,-0.23733504624676977,mol mol-1
