variable,year,value,unit
wetso4,2000,-2.0305751249112914e-14,kg m-2 s-1
wetso4,2001,-1.782196541717475e-14,kg m-2 s-1
wetso4,2002,-2.0393002985568867e-14,kg m-2 s-1
wetso4,2003,-2.1282863537398107e-14,kg m-2 s-1
wetso4,2004,-1.927634179940028e-14,kg m-2 s-1
wetso4,2005,-2.8420461794895836e-14,kg m-2 s-1
wetso4,2006,-3.1541207290794124e-14,kg m-2 s-1
wetso4,2007,-3.590086488830385e-14,kg m-2 s-1
wetso4,2008,-3.0508013575387406e-14,kg m-2 s-1
wetso4,2009,-3.7446132429079315e-14,kg m-2 s-1
