variable,year,value,unit
dryso2,2000,-1.7501452223314938e-13,kg m-2 s-1
dryso2,2001,-1.8838804691155746e-13,kg m-2 s-1
dryso2,2002,-1.7395011105810882e-13,kg m-2 s-1
dryso2,2003,-1.791450584342555e-13,kg m-2 s-1
dryso2,2004,-1.8173385584832937e-13,kg m-2 s-1
