variable,year,value,unit
rlutcs,2000,0.04620193283523122,W m-2
rlutcs,2001,-0.008966338485834058,W m-2
rlutcs,2002,0.02171574552534139,W m-2
rlutcs,2003,0.005017925890342667,W m-2
rlutcs,2004,-0.02067863266091763,W m-2
