variable,year,value,unit
mmrso4,2000,-1.532293873508241e-11,kg kg-1
mmrso4,2001,-1.6979529591440557e-11,kg kg-1
mmrso4,2002,-1.5886307194479575e-11,kg kg-1
mmrso4,2003,-1.690183103685859e-11,kg kg-1
mmrso4,2004,-1.7701903023720924e-11,kg kg-1
