variable,year,value,unit
dryso2,2000,-2.3008429721454504e-13,kg m-2 s-1
dryso2,2001,-2.4659855784588743e-13,kg m-2 s-1
dryso2,2002,-2.2813935363917374e-13,kg m-2 s-1
dryso2,2003,-2.3730652443399353e-13,kg m-2 s-1
dryso2,2004,-2.525804409004825e-13,kg m-2 s-1
