variable,year,value,unit
rlut,2000,0.13066225217457372,W m-2
rlut,2001,-0.01915417406601705,W m-2
rlut,2002,0.06006362998761006,W m-2
rlut,2003,0.03556246527790563,W m-2
rlut,2004,-0.09510060473641602,W m-2
