variable,year,value,unit
emiso2,2000,-4.796389994198382e-13,kg m-2 s-1
emiso2,2001,-4.494719662116168e-13,kg m-2 s-1
emiso2,2002,-4.617512674817135e-13,kg m-2 s-1
emiso2,2003,-4.956182310375291e-13,kg m-2 s-1
emiso2,2004,-5.543871200226846e-13,kg m-2 s-1
