variable,year,value,unit
rlut,2000,-0.0036409801404033715,W m-2
rlut,2001,-0.00028645317243558566,W m-2
rlut,2002,0.003951886370145985,W m-2
rlut,2003,0.029938957805455857,W m-2
rlut,2004,-0.03034977917627657,W m-2
