variable,year,value,unit
wetso4,2000,-1.0660675147550142e-13,kg m-2 s-1
wetso4,2001,-1.276405038028889e-13,kg m-2 s-1
wetso4,2002,-1.183202156333783e-13,kg m-2 s-1
wetso4,2003,-1.2214990357639755e-13,kg m-2 s-1
wetso4,2004,-1.2820885395451833e-13,kg m-2 s-1
