variable,year,value,unit
emiso2,2000,-4.67831178149581e-13,kg m-2 s-1
emiso2,2001,-4.905042600395977e-13,kg m-2 s-1
emiso2,2002,-4.596380364376682e-13,kg m-2 s-1
emiso2,2003,-4.722854761794784e-13,kg m-2 s-1
emiso2,2004,-5.069424523264948e-13,kg m-2 s-1
