variable,year,value,unit
clt,2000,0.011144468360633653,%
clt,2001,-0.01645579341124659,%
clt,2002,0.0026717629405794696,%
clt,2003,0.005941102307005508,%
clt,2004,0.008214703421685954,%
