variable,year,value,unit
rlut,2000,0.0064336735314611815,W m-2
rlut,2001,-0.04911308438721562,W m-2
rlut,2002,0.01757404404895624,W m-2
rlut,2003,-0.08614532771986205,W m-2
rlut,2004,-0.0961945904372783,W m-2
