variable,year,value,unit
emiso2,2000,-5.84918403649706e-13,kg m-2 s-1
emiso2,2001,-5.964657633169828e-13,kg m-2 s-1
emiso2,2002,-5.821158210911737e-13,kg m-2 s-1
emiso2,2003,-6.075119555904566e-13,kg m-2 s-1
emiso2,2004,-5.137159346713776e-13,kg m-2 s-1
