variable,year,value,unit
so2,2000,-5.602475082730287e-12,mol mol-1
so2,2001,-6.165123398230543e-12,mol mol-1
so2,2002,-5.682613961147065e-12,mol mol-1
so2,2003,-5.903250197168402e-12,mol mol-1
so2,2004,-6.201698993511098e-12,mol mol-1
