variable,year,value,unit
mmrso4,2000,3.1156822567929296e-11,kg kg-1
mmrso4,2001,3.192294289147135e-11,kg kg-1
mmrso4,2002,2.992561507283628e-11,kg kg-1
mmrso4,2003,3.542795313894768e-11,kg kg-1
mmrso4,2004,3.243929931235124e-11,kg kg-1
