variable,year,value,unit
emiso2,2000,-1.6919784347186324e-14,kg m-2 s-1
emiso2,2001,-1.740021440255421e-14,kg m-2 s-1
emiso2,2002,-1.681736582625926e-14,kg m-2 s-1
emiso2,2003,-1.6246712862285496e-14,kg m-2 s-1
emiso2,2004,-1.5673475541526692e-14,kg m-2 s-1
