variable,year,value,unit
drybc,2000,-1.520268211171935e-18,kg m-2 s-1
drybc,2001,7.921204745898395e-17,kg m-2 s-1
drybc,2002,-2.6800013376608546e-16,kg m-2 s-1
drybc,2003,-1.4666987200259569e-16,kg m-2 s-1
drybc,2004,1.0418064174877124e-16,kg m-2 s-1
