variable,year,value,unit
mmrso4,2000,4.7809423943914406e-12,kg kg-1
mmrso4,2001,1.9703252460374747e-12,kg kg-1
mmrso4,2002,4.321878439584511e-12,kg kg-1
mmrso4,2003,3.436139358105684e-12,kg kg-1
mmrso4,2004,4.799159353905152e-12,kg kg-1
