variable,year,value,unit
rsdt,2001,-1.9848129645623658,W m-2
rsdt,2002,-0.1132506301430567,W m-2
rsdt,2003,-0.3663540555306497,W m-2
rsdt,2004,-0.6470421892640843,W m-2
rsdt,2005,0.695490660095345,W m-2
