variable,year,value,unit
loadso4,2000,2.1458309520713493e-08,kg m-2
loadso4,2001,2.0660358823904345e-08,kg m-2
loadso4,2002,1.9171310248063412e-08,kg m-2
loadso4,2003,2.1076517144939135e-08,kg m-2
loadso4,2004,2.415873128114805e-08,kg m-2
