variable,year,value,unit
clivi,2000,-4.6284760701724437e-07,kg m-2
clivi,2001,1.4920894968796852e-05,kg m-2
clivi,2002,-1.160961705704705e-06,kg m-2
clivi,2003,-9.891556188478673e-06,kg m-2
clivi,2004,-1.8551848911183e-06,kg m-2
