variable,year,value,unit
wetso2,2000,0.07527586244437587,kg m-2 s-1
wetso2,2001,0.0746818332701885,kg m-2 s-1
wetso2,2002,0.07450664640854009,kg m-2 s-1
wetso2,2003,0.07855144311630588,kg m-2 s-1
wetso2,2004,0.08246783457925215,kg m-2 s-1
