variable,year,value,unit
loadso4,2000,1.1448736779816671e-07,kg m-2
loadso4,2001,1.227272810584841e-07,kg m-2
loadso4,2002,1.0914255610339746e-07,kg m-2
loadso4,2003,1.3017916464534112e-07,kg m-2
loadso4,2004,1.1699788492101477e-07,kg m-2
