variable,year,value,unit
drybc,2000,1.4448997572320254e-17,kg m-2 s-1
drybc,2001,1.4602422616676313e-17,kg m-2 s-1
drybc,2002,-1.1050448966436306e-16,kg m-2 s-1
drybc,2003,1.2896100182215455e-16,kg m-2 s-1
drybc,2004,1.1595694664086083e-17,kg m-2 s-1
