variable,year,value,unit
rsutcs,2000,0.006462837458116155,W m-2
rsutcs,2001,0.003831745604003345,W m-2
rsutcs,2002,0.0036524492789737906,W m-2
rsutcs,2003,0.004133852413858108,W m-2
rsutcs,2004,0.004157635492418876,W m-2
