variable,year,value,unit
rlutcs,2000,-0.0062566361360438805,W m-2
rlutcs,2001,0.0024042605519980498,W m-2
rlutcs,2002,-0.011855410850500903,W m-2
rlutcs,2003,-0.009439181544621533,W m-2
rlutcs,2004,-0.0010511126068593057,W m-2
