variable,year,value,unit
loadso4,2000,1.189940144260251e-07,kg m-2
loadso4,2001,1.012821017567608e-07,kg m-2
loadso4,2002,1.0775227117958478e-07,kg m-2
loadso4,2003,1.1213988462248748e-07,kg m-2
loadso4,2004,1.0815759742011087e-07,kg m-2
