variable,year,value,unit
rlut,2000,-0.006446670725608783,W m-2
rlut,2001,-0.034618271875501705,W m-2
rlut,2002,0.022610217286654688,W m-2
rlut,2003,0.0063672004636146085,W m-2
rlut,2004,-0.023709682212768257,W m-2
