variable,year,value,unit
dms,2000,-2.3137091450151513e-17,mol mol-1
dms,2001,-1.2918396517941807e-16,mol mol-1
dms,2002,1.8498632180496793e-16,mol mol-1
dms,2003,1.32348933431545e-16,mol mol-1
dms,2004,1.8970081168698117e-16,mol mol-1
