variable,year,value,unit
drybc,2000,2.742546789051171e-16,kg m-2 s-1
drybc,2001,2.0512602561964015e-16,kg m-2 s-1
drybc,2002,2.9670153831677276e-16,kg m-2 s-1
drybc,2003,3.3658177588046907e-16,kg m-2 s-1
drybc,2004,3.965100203378066e-16,kg m-2 s-1
