variable,year,value,unit
emiso2,2001,-2.973866061998595e-15,kg m-2 s-1
emiso2,2002,-3.3669850084016298e-15,kg m-2 s-1
emiso2,2003,-2.9886500058260077e-15,kg m-2 s-1
emiso2,2004,-3.048677994332541e-15,kg m-2 s-1
