variable,year,value,unit
drybc,2001,1.1626004925636294e-16,kg m-2 s-1
drybc,2002,1.1237196235516744e-16,kg m-2 s-1
drybc,2003,6.0355188244503e-17,kg m-2 s-1
drybc,2004,-3.8911394822755794e-17,kg m-2 s-1
