variable,year,value,unit
rsut,2000,0.2967403677830305,W m-2
rsut,2001,0.2948717416125817,W m-2
rsut,2002,0.10961117637063467,W m-2
rsut,2003,0.21373865979521156,W m-2
rsut,2004,0.26848783659654885,W m-2
