variable,year,value,unit
wetso2,2000,9.855453632448215e-15,kg m-2 s-1
wetso2,2001,1.1551874968086104e-14,kg m-2 s-1
wetso2,2002,9.19153901221133e-15,kg m-2 s-1
wetso2,2003,1.0838785090902744e-14,kg m-2 s-1
wetso2,2004,7.126662777031474e-15,kg m-2 s-1
