variable,year,value,unit
drybc,2000,4.427340549247995e-17,kg m-2 s-1
drybc,2001,-6.249786543069214e-18,kg m-2 s-1
drybc,2002,-2.6953356041570486e-17,kg m-2 s-1
drybc,2003,6.231299882375975e-18,kg m-2 s-1
drybc,2004,1.743097563103093e-18,kg m-2 s-1
