variable,year,value,unit
loadso4,2000,7.576556005864791e-08,kg m-2
loadso4,2001,8.673725177361264e-08,kg m-2
loadso4,2002,8.722334221920954e-08,kg m-2
loadso4,2003,7.157133094515309e-08,kg m-2
loadso4,2004,7.386764267080688e-08,kg m-2
