variable,year,value,unit
wetso4,2000,1.163272275415526e-13,kg m-2 s-1
wetso4,2001,1.2289849605288208e-13,kg m-2 s-1
wetso4,2002,1.2132401013751484e-13,kg m-2 s-1
wetso4,2003,1.2834080074248658e-13,kg m-2 s-1
wetso4,2004,1.0177643029244449e-13,kg m-2 s-1
