variable,year,value,unit
loadso4,2000,2.696843176164203e-08,kg m-2
loadso4,2001,2.5718475218491747e-08,kg m-2
loadso4,2002,2.8971974409312196e-08,kg m-2
loadso4,2003,2.208632815670917e-08,kg m-2
loadso4,2004,2.110220451641465e-08,kg m-2
