variable,year,value,unit
wetso2,2001,1.1862490756724409e-15,kg m-2 s-1
wetso2,2002,1.187023083567171e-15,kg m-2 s-1
wetso2,2003,1.3240365532999897e-15,kg m-2 s-1
wetso2,2004,1.0156472032635487e-15,kg m-2 s-1
