variable,year,value,unit
emibc,2000,-2.4770027623254193e-17,kg m-2 s-1
emibc,2001,-2.5958190615574653e-17,kg m-2 s-1
emibc,2002,-2.750031174791825e-17,kg m-2 s-1
emibc,2003,-2.937433589624137e-17,kg m-2 s-1
emibc,2004,-3.1000998083071677e-17,kg m-2 s-1
