variable,year,value,unit
cl,2000,0.050745938625347264,%
cl,2001,0.06789221772445586,%
cl,2002,0.02659224559167228,%
cl,2003,-0.036901371271746086,%
cl,2004,0.03972191851249107,%
