variable,year,value,unit
rlutcs,2000,-0.010462153345656588,W m-2
rlutcs,2001,-0.023229294228741537,W m-2
rlutcs,2002,-0.025596248320056247,W m-2
rlutcs,2003,-0.007180037303214704,W m-2
rlutcs,2004,-0.01620921466519576,W m-2
