variable,year,value,unit
emiso2,2001,-2.6283535691363318e-15,kg m-2 s-1
emiso2,2002,-2.9402440459706404e-15,kg m-2 s-1
emiso2,2003,-2.6682724279524072e-15,kg m-2 s-1
emiso2,2004,-2.6939364205710158e-15,kg m-2 s-1
