variable,year,value,unit
mmrso4,2001,-6.473085353487245e-11,kg kg-1
mmrso4,2002,-6.274849406201728e-11,kg kg-1
mmrso4,2003,-7.110555415850133e-11,kg kg-1
mmrso4,2004,-5.697104930071054e-11,kg kg-1
