variable,year,value,unit
clivi,2000,-1.552210920086755e-05,kg m-2
clivi,2001,2.641290338608465e-06,kg m-2
clivi,2002,-8.059676723850065e-06,kg m-2
clivi,2003,2.989432693056848e-08,kg m-2
clivi,2004,-3.167463253933578e-06,kg m-2
