variable,year,value,unit
mmrbc,2001,1.640150685110148e-13,kg kg-1
mmrbc,2002,1.928165222017332e-13,kg kg-1
mmrbc,2003,1.778928391564116e-13,kg kg-1
mmrbc,2004,4.078054159389705e-14,kg kg-1
