variable,year,value,unit
cl,2000,-0.033193160849208425,%
cl,2001,0.03433947327308573,%
cl,2002,0.030471822582626373,%
cl,2003,0.021961015569452513,%
cl,2004,-0.014212454185276613,%
