variable,year,value,unit
dryso4,2000,-1.6290237907610473e-14,kg m-2 s-1
dryso4,2001,-1.3830494142290643e-14,kg m-2 s-1
dryso4,2002,-1.4852758418671028e-14,kg m-2 s-1
dryso4,2003,-1.6274728912340227e-14,kg m-2 s-1
dryso4,2004,-1.1753565040349373e-14,kg m-2 s-1
