variable,year,value,unit
dms,2000,-5.190325599120543e-14,mol mol-1
dms,2001,-3.974081144145525e-14,mol mol-1
dms,2002,-8.174387372117295e-14,mol mol-1
dms,2003,-3.063905127124515e-14,mol mol-1
dms,2004,2.7815479109089557e-14,mol mol-1
