variable,year,value,unit
wetso2,2001,1.5052202099020412e-14,kg m-2 s-1
wetso2,2002,1.533025511011002e-14,kg m-2 s-1
wetso2,2003,1.7789154955855167e-14,kg m-2 s-1
wetso2,2004,1.4788361813625222e-14,kg m-2 s-1
