variable,year,value,unit
rsut,2000,0.08453723325879992,W m-2
rsut,2001,0.020714286849042196,W m-2
rsut,2002,0.0246874636081742,W m-2
rsut,2003,0.04680903307404094,W m-2
rsut,2004,0.04230671622842408,W m-2
