variable,year,value,unit
cltc,2000,-0.00011259039094296819,%
cltc,2001,-0.00031837703442516574,%
cltc,2002,-0.0001824946445138087,%
cltc,2003,-0.00024531240496541984,%
cltc,2004,-0.00030040490954197363,%
