variable,year,value,unit
so2,2000,7.421085719509055,mol mol-1
so2,2001,8.17399594409367,mol mol-1
so2,2002,9.889030248002513,mol mol-1
so2,2003,12.143671616730172,mol mol-1
so2,2004,14.386375308588583,mol mol-1
