variable,year,value,unit
wetbc,2000,0.05956151101038726,kg m-2 s-1
wetbc,2001,-0.0009754146912298954,kg m-2 s-1
wetbc,2002,-0.09341469617250313,kg m-2 s-1
wetbc,2003,0.05035554839164484,kg m-2 s-1
wetbc,2004,0.04981958676369822,kg m-2 s-1
