variable,year,value,unit
so2,2000,-4.0615012734144715e-11,mol mol-1
so2,2001,-3.977101687098125e-11,mol mol-1
so2,2002,-3.609696633135168e-11,mol mol-1
so2,2003,-2.8272705896837182e-11,mol mol-1
so2,2004,-4.0442498923501244e-11,mol mol-1
