variable,year,value,unit
dryso2,2000,4.785558594071551e-13,kg m-2 s-1
dryso2,2001,4.675752203820029e-13,kg m-2 s-1
dryso2,2002,6.123976595579189e-13,kg m-2 s-1
dryso2,2003,7.504401424757489e-13,kg m-2 s-1
dryso2,2004,9.409622655579952e-13,kg m-2 s-1
