variable,year,value,unit
od550aer,2000,0.4181736295144129,1
od550aer,2001,0.2354211072074992,1
od550aer,2002,0.10346526525055236,1
od550aer,2003,0.2704838735959658,1
od550aer,2004,0.29335625010318367,1
