variable,year,value,unit
emiso2,2001,0.029937489061104616,kg m-2 s-1
emiso2,2002,-0.023066813584234028,kg m-2 s-1
emiso2,2003,0.021183423442829856,kg m-2 s-1
emiso2,2004,0.008311270489323943,kg m-2 s-1
