variable,year,value,unit
rsutcs,2000,-0.019531101026148464,W m-2
rsutcs,2001,-0.019691220920562292,W m-2
rsutcs,2002,-0.013649112913837245,W m-2
rsutcs,2003,-0.011965351582220202,W m-2
rsutcs,2004,-0.010424035380861193,W m-2
