variable,year,value,unit
wetso4,2001,-0.22151179674429083,kg m-2 s-1
wetso4,2002,-0.2514391835460326,kg m-2 s-1
wetso4,2003,-0.2916684105283581,kg m-2 s-1
wetso4,2004,-0.35116695926519154,kg m-2 s-1
