variable,year,value,unit
emiso2,2000,-0.16289957766727606,kg m-2 s-1
emiso2,2001,-0.4845043556232393,kg m-2 s-1
emiso2,2002,0.4580874222999764,kg m-2 s-1
emiso2,2003,0.10348990757571318,kg m-2 s-1
emiso2,2004,0.29934097611815685,kg m-2 s-1
