variable,year,value,unit
clt,2000,-0.052732354780292985,%
clt,2001,-0.0013420739329860574,%
clt,2002,0.01677365829306004,%
clt,2003,0.028148597566537623,%
clt,2004,0.01720483053422625,%
