variable,year,value,unit
rsutcs,2000,0.015937063655869974,W m-2
rsutcs,2001,0.005254864556331094,W m-2
rsutcs,2002,0.011513640654625979,W m-2
rsutcs,2003,0.004894377480086003,W m-2
rsutcs,2004,-0.0007020314128493784,W m-2
