variable,year,value,unit
wetso2,2001,-0.053331724344975746,kg m-2 s-1
wetso2,2002,-0.050238416221869454,kg m-2 s-1
wetso2,2003,-0.04358668432757289,kg m-2 s-1
wetso2,2004,-0.039523676363524454,kg m-2 s-1
