variable,year,value,unit
od550aer,2001,-0.20145806667633648,1
od550aer,2002,-0.1873785213886324,1
od550aer,2003,-0.17407922138637033,1
od550aer,2004,-0.25875231068667337,1
