variable,year,value,unit
mmrbc,2000,0.0,kg kg-1
mmrbc,2001,-0.005607216818571911,kg kg-1
mmrbc,2002,-0.01417255023771099,kg kg-1
mmrbc,2003,-0.043558597690682585,kg kg-1
mmrbc,2004,0.04863464223256922,kg kg-1
