variable,year,value,unit
rsutcs,2001,-0.04352577739775738,W m-2
rsutcs,2002,-0.021292772482729625,W m-2
rsutcs,2003,-0.019616209145949765,W m-2
rsutcs,2004,-0.018966685570682623,W m-2
