variable,year,value,unit
dms,2000,0.003995944210932155,mol mol-1
dms,2001,-0.0021359325443706676,mol mol-1
dms,2002,-0.0063387493494681405,mol mol-1
dms,2003,-0.006886121270510326,mol mol-1
dms,2004,-0.006584962252064032,mol mol-1
