variable,year,value,unit
od550aer,2001,0.2280306631458811,1
od550aer,2002,0.41162842352328893,1
od550aer,2003,0.4069250528809153,1
od550aer,2004,0.4836919895315116,1
