variable,year,value,unit
loadbc,2000,-0.47892206285025835,kg m-2
loadbc,2001,-0.23950831620048957,kg m-2
loadbc,2002,-0.009089495771339457,kg m-2
loadbc,2003,0.28425825910830327,kg m-2
loadbc,2004,0.4229407168522332,kg m-2
