variable,year,value,unit
rsut,2000,0.0026460422930826475,W m-2
rsut,2001,0.003025654695058438,W m-2
rsut,2002,0.0024169919106196724,W m-2
rsut,2003,0.002762825771046726,W m-2
rsut,2004,0.0025657256951538226,W m-2
