variable,year,value,unit
clivi,2000,0.001411117508811797,kg m-2
clivi,2001,-0.03924289988812524,kg m-2
clivi,2002,0.06448074917558917,kg m-2
clivi,2003,0.21645033434746483,kg m-2
clivi,2004,-0.006030887088965101,kg m-2
