variable,year,value,unit
cl,2000,0.04742064877707275,%
cl,2001,-0.05306489336114788,%
cl,2002,0.0033957769442519376,%
cl,2003,-0.174885695632219,%
cl,2004,-0.07631759883184083,%
