variable,year,value,unit
rsutcs,2001,0.010564355114469872,W m-2
rsutcs,2002,0.008825262109757443,W m-2
rsutcs,2003,0.0097679262832019,W m-2
rsutcs,2004,0.009225909038650969,W m-2
