variable,year,value,unit
emiso2,2000,0.023345468731513285,kg m-2 s-1
emiso2,2001,0.02228195772272029,kg m-2 s-1
emiso2,2002,0.021287706060998123,kg m-2 s-1
emiso2,2003,0.021963331968268374,kg m-2 s-1
emiso2,2004,0.023414794673977706,kg m-2 s-1
