variable,year,value,unit
dryso2,2001,-0.18457573843177214,kg m-2 s-1
dryso2,2002,-0.20724363270426446,kg m-2 s-1
dryso2,2003,-0.05133153825950949,kg m-2 s-1
dryso2,2004,0.12300416417480321,kg m-2 s-1
