variable,year,value,unit
wetbc,2001,0.0163359532211365,kg m-2 s-1
wetbc,2002,-0.18934419921203383,kg m-2 s-1
wetbc,2003,-0.021185131744499677,kg m-2 s-1
wetbc,2004,-0.005420727390543748,kg m-2 s-1
