variable,year,value,unit
so2,2000,0.054879773493076656,mol mol-1
so2,2001,-1.3027264717450329,mol mol-1
so2,2002,-0.15447670497250096,mol mol-1
so2,2003,-0.10984822546255292,mol mol-1
so2,2004,-0.26049300860959246,mol mol-1
