variable,year,value,unit
wetso2,2000,-0.16750729480507642,kg m-2 s-1
wetso2,2001,1.0317164453282468,kg m-2 s-1
wetso2,2002,-1.5164533171091534,kg m-2 s-1
wetso2,2003,-0.5377203924690288,kg m-2 s-1
wetso2,2004,-0.695369670251847,kg m-2 s-1
