variable,year,value,unit
rsutcs,2000,-0.0023168192995224207,W m-2
rsutcs,2001,-0.002845886849393255,W m-2
rsutcs,2002,-0.0068101193454940395,W m-2
rsutcs,2003,-0.01020187431277081,W m-2
rsutcs,2004,-0.00894414470413158,W m-2
