variable,year,value,unit
so2,2000,-0.41722308115889406,mol mol-1
so2,2001,-0.20210265387474094,mol mol-1
so2,2002,-0.27829718514420143,mol mol-1
so2,2003,-0.18714857979382596,mol mol-1
so2,2004,-0.164665052491246,mol mol-1
