variable,year,value,unit
wetso2,2000,0.018072829402928266,kg m-2 s-1
wetso2,2001,-0.29442289040491726,kg m-2 s-1
wetso2,2002,-0.305111755038924,kg m-2 s-1
wetso2,2003,-0.06534195419800413,kg m-2 s-1
wetso2,2004,-0.30210651653345755,kg m-2 s-1
