variable,year,value,unit
rlut,2001,-0.0053147405512857255,W m-2
rlut,2002,-0.011961904869569447,W m-2
rlut,2003,-0.005617529122446399,W m-2
rlut,2004,-0.010052840498192316,W m-2
