variable,year,value,unit
mmrso4,2000,-0.2533663047312934,kg kg-1
mmrso4,2001,-0.1741882989029157,kg kg-1
mmrso4,2002,-0.31768791757415704,kg kg-1
mmrso4,2003,0.10327846942900755,kg kg-1
mmrso4,2004,0.04634074515206263,kg kg-1
