variable,year,value,unit
loadso2,2000,-0.09838387095953902,kg m-2
loadso2,2001,-0.08784243642256948,kg m-2
loadso2,2002,-0.08238240346948991,kg m-2
loadso2,2003,-0.08309681354247149,kg m-2
loadso2,2004,-0.07495948133780123,kg m-2
