variable,year,value,unit
loadbc,2000,-1.0230398176482406e-10,kg m-2
loadbc,2001,-4.40492778081058e-10,kg m-2
loadbc,2002,-1.9722790939892564e-10,kg m-2
loadbc,2003,3.111659175479884e-11,kg m-2
loadbc,2004,2.4518451839426753e-10,kg m-2
