variable,year,value,unit
mmrso4,2000,3.623376574835124e-13,kg kg-1
mmrso4,2001,4.11148992122823e-13,kg kg-1
mmrso4,2002,9.085053909299096e-13,kg kg-1
mmrso4,2003,5.562025600364952e-13,kg kg-1
mmrso4,2004,9.982445524060933e-13,kg kg-1
