variable,year,value,unit
rsutcs,2000,0.00976027781882749,W m-2
rsutcs,2001,0.0016859344095223605,W m-2
rsutcs,2002,0.004189530137772124,W m-2
rsutcs,2003,0.01823391895985793,W m-2
rsutcs,2004,0.0013195852819762877,W m-2
