variable,year,value,unit
clivi,2000,1.787868214732022e-05,kg m-2
clivi,2001,-1.1743701648048513e-05,kg m-2
clivi,2002,-5.603925633867156e-05,kg m-2
clivi,2003,-3.5725118059763694e-05,kg m-2
clivi,2004,-0.00010058589685159498,kg m-2
