variable,year,value,unit
dryso2,2000,8.31028267136322e-16,kg m-2 s-1
dryso2,2001,-3.3754769412920697e-16,kg m-2 s-1
dryso2,2002,-4.24028248330201e-16,kg m-2 s-1
dryso2,2003,9.936951390909968e-16,kg m-2 s-1
dryso2,2004,7.586219819726699e-16,kg m-2 s-1
