variable,year,value,unit
dryso2,2000,3.1618401050017845e-16,kg m-2 s-1
dryso2,2001,2.376429748397381e-15,kg m-2 s-1
dryso2,2002,9.46594749493243e-16,kg m-2 s-1
dryso2,2003,8.438121514180968e-16,kg m-2 s-1
dryso2,2004,5.469938623205794e-16,kg m-2 s-1
