variable,year,value,unit
wetbc,2001,-5.049980729496224e-16,kg m-2 s-1
wetbc,2002,-3.78756519526559e-15,kg m-2 s-1
wetbc,2003,-3.189224769363846e-15,kg m-2 s-1
wetbc,2004,-1.042406192086378e-15,kg m-2 s-1
wetbc,2005,-3.4669710308843204e-15,kg m-2 s-1
