variable,year,value,unit
mmrso4,2005,2.1163232825181794e-12,kg kg-1
mmrso4,2006,1.5389159657692465e-12,kg kg-1
mmrso4,2007,1.853879778934084e-12,kg kg-1
mmrso4,2008,1.8404993425399126e-12,kg kg-1
mmrso4,2009,2.2454016386730203e-12,kg kg-1
