variable,year,value,unit
emiso2,2000,-3.190218460047381e-16,kg m-2 s-1
emiso2,2001,-3.311952224129358e-16,kg m-2 s-1
emiso2,2002,-3.096167145363181e-16,kg m-2 s-1
emiso2,2003,-3.18225477199534e-16,kg m-2 s-1
emiso2,2004,-3.4295904842336734e-16,kg m-2 s-1
