variable,year,value,unit
emibc,2000,3.086712820784782e-22,kg m-2 s-1
emibc,2001,-2.9165330851690217e-21,kg m-2 s-1
emibc,2002,1.4161720364245384e-21,kg m-2 s-1
emibc,2003,2.377385059777048e-21,kg m-2 s-1
emibc,2004,2.8450479361984102e-21,kg m-2 s-1
