variable,year,value,unit
wetbc,2000,-1.2280489809912314e-16,kg m-2 s-1
wetbc,2001,1.5680920845997432e-18,kg m-2 s-1
wetbc,2002,-1.8703005713460968e-16,kg m-2 s-1
wetbc,2003,6.33419023478106e-17,kg m-2 s-1
wetbc,2004,5.537465388043194e-18,kg m-2 s-1
