variable,year,value,unit
cltc,2000,-14.992986080203245,%
cltc,2001,-14.929827851962742,%
cltc,2002,-14.911078765821692,%
cltc,2003,-14.960320111382252,%
cltc,2004,-15.015733170185626,%
