variable,year,value,unit
wetbc,2000,-5.996302914763001e-17,kg m-2 s-1
wetbc,2001,-3.858207768002511e-17,kg m-2 s-1
wetbc,2002,-3.7017186219054044e-17,kg m-2 s-1
wetbc,2003,-1.904501778441896e-17,kg m-2 s-1
wetbc,2004,-2.6163202770047825e-17,kg m-2 s-1
