variable,year,value,unit
dryso2,2000,-3.499825329551942e-16,kg m-2 s-1
dryso2,2001,-8.350608736044889e-16,kg m-2 s-1
dryso2,2002,-8.804229639704865e-16,kg m-2 s-1
dryso2,2003,-7.380755707588175e-16,kg m-2 s-1
dryso2,2004,-1.3233923519217637e-15,kg m-2 s-1
