variable,year,value,unit
emibc,2000,5.3919101988903e-22,kg m-2 s-1
emibc,2001,-2.873050033932288e-22,kg m-2 s-1
emibc,2002,-1.398394289152583e-22,kg m-2 s-1
emibc,2003,5.48804779388537e-22,kg m-2 s-1
emibc,2004,-6.933005513047274e-22,kg m-2 s-1
