variable,year,value,unit
rlutcs,2000,-0.0002833901265262284,W m-2
rlutcs,2001,0.0001350969142208669,W m-2
rlutcs,2002,-1.6933815231823246e-05,W m-2
rlutcs,2003,2.4146492592080904e-05,W m-2
rlutcs,2004,-0.00021132103086074494,W m-2
