variable,year,value,unit
rsut,2000,-0.0037107150291149082,W m-2
rsut,2001,0.0005192305588934687,W m-2
rsut,2002,-0.011109588021881223,W m-2
rsut,2003,0.007231988362434549,W m-2
rsut,2004,0.01049686660562088,W m-2
