variable,year,value,unit
so2,2000,-1.1876563408417767e-14,mol mol-1
so2,2001,-3.1667530036228767e-15,mol mol-1
so2,2002,-2.6570497881519207e-15,mol mol-1
so2,2003,-7.015700993206067e-15,mol mol-1
so2,2004,-1.793671115540776e-14,mol mol-1
