variable,year,value,unit
rsdt,2001,0.09686155409016806,W m-2
rsdt,2002,0.12584068204702703,W m-2
rsdt,2003,0.5543718707498897,W m-2
rsdt,2004,0.22571173359477825,W m-2
rsdt,2005,-0.9263135544939018,W m-2
