variable,year,value,unit
emibc,2001,-4.281893375797015e-07,kg m-2 s-1
emibc,2002,4.256671266351736e-08,kg m-2 s-1
emibc,2003,-4.785332851668285e-07,kg m-2 s-1
emibc,2004,5.424103257303807e-07,kg m-2 s-1
