variable,year,value,unit
dryso2,2000,2.0068723422912567,kg m-2 s-1
dryso2,2001,2.1685328435765014,kg m-2 s-1
dryso2,2002,2.029941555749266,kg m-2 s-1
dryso2,2003,2.067010830413897,kg m-2 s-1
dryso2,2004,2.0285203664360463,kg m-2 s-1
