variable,year,value,unit
cl,2000,-1.095289190365615,%
cl,2001,0.8457359097560538,%
cl,2002,0.7059231191037698,%
cl,2003,0.34457819238640863,%
cl,2004,-0.568244163462146,%
