variable,year,value,unit
rsutcs,2000,-0.12088789155908929,W m-2
rsutcs,2001,-0.1264556457876812,W m-2
rsutcs,2002,-0.12082132181703872,W m-2
rsutcs,2003,-0.13085522997051888,W m-2
rsutcs,2004,-0.11646536933919362,W m-2
