variable,year,value,unit
loadso2,2000,1.7512743621971836,kg m-2
loadso2,2001,1.7683337896528404,kg m-2
loadso2,2002,1.8315920426957315,kg m-2
loadso2,2003,1.5713633905178912,kg m-2
loadso2,2004,1.8205824882926696,kg m-2
