variable,year,value,unit
dryso2,2000,1.665563619794525,kg m-2 s-1
dryso2,2001,1.692469293056441,kg m-2 s-1
dryso2,2002,1.6969088900128593,kg m-2 s-1
dryso2,2003,1.8479542152842796,kg m-2 s-1
dryso2,2004,1.8537929006768754,kg m-2 s-1
