variable,year,value,unit
rlutcs,2000,-0.01829152218969885,W m-2
rlutcs,2001,-0.01590269134373142,W m-2
rlutcs,2002,0.010425917545964869,W m-2
rlutcs,2003,0.00178750663162451,W m-2
rlutcs,2004,0.0025100010476341605,W m-2
