variable,year,value,unit
clivi,2000,-0.6638990568718561,kg m-2
clivi,2001,1.7237728938963803,kg m-2
clivi,2002,0.6609763178872939,kg m-2
clivi,2003,0.7355321026272832,kg m-2
clivi,2004,0.347563010416325,kg m-2
