variable,year,value,unit
wetso2,2001,1.3327012838835381,kg m-2 s-1
wetso2,2002,1.3619204271367042,kg m-2 s-1
wetso2,2003,1.3044439277269175,kg m-2 s-1
wetso2,2004,1.3473169526199462,kg m-2 s-1
