variable,year,value,unit
clt,2000,0.25104353664599555,%
clt,2001,-0.04352069501137046,%
clt,2002,-0.004827946595891355,%
clt,2003,-0.15547573395808262,%
clt,2004,0.1277614361750092,%
