variable,year,value,unit
loadso4,2000,-2.6725195922502034,kg m-2
loadso4,2001,-1.8329614127529905,kg m-2
loadso4,2002,-2.364836902503996,kg m-2
loadso4,2003,-2.761387035366079,kg m-2
loadso4,2004,-3.0256180123422887,kg m-2
