variable,year,value,unit
emiso2,2001,2.487646021806338,kg m-2 s-1
emiso2,2002,2.485656546738304,kg m-2 s-1
emiso2,2003,2.4893249075693165,kg m-2 s-1
emiso2,2004,2.49153618835735,kg m-2 s-1
