variable,year,value,unit
rlut,2001,0.18584471667099986,W m-2
rlut,2002,0.13765536444976983,W m-2
rlut,2003,0.35221189094156663,W m-2
rlut,2004,-0.06259286873097471,W m-2
