variable,year,value,unit
od550aer,2001,-0.6642652834931556,1
od550aer,2002,-0.9689944984510939,1
od550aer,2003,-0.64859243444661,1
od550aer,2004,-0.3060752745819468,1
