variable,year,value,unit
rsut,2001,-0.8087806100397539,W m-2
rsut,2002,-0.7009343847758978,W m-2
rsut,2003,-0.72777497148729,W m-2
rsut,2004,-0.2356908462370123,W m-2
