variable,year,value,unit
mmrso4,2000,-2.125579042601284,kg kg-1
mmrso4,2001,-2.0815024440673078,kg kg-1
mmrso4,2002,-1.770868201467179,kg kg-1
mmrso4,2003,-2.5440319721864597,kg kg-1
mmrso4,2004,-1.757726260904801,kg kg-1
