variable,year,value,unit
cltc,2000,0.03884246865695232,%
cltc,2001,-0.14962966713682044,%
cltc,2002,-0.06590130862000275,%
cltc,2003,-0.008736320761853489,%
cltc,2004,0.04165565842688796,%
