variable,year,value,unit
emibc,2001,4.433687783009941e-07,kg m-2 s-1
emibc,2002,1.0170367512257908e-06,kg m-2 s-1
emibc,2003,-5.566474854753351e-06,kg m-2 s-1
emibc,2004,5.647235174770711e-06,kg m-2 s-1
