variable,year,value,unit
cl,2000,-1.0548947854188802,%
cl,2001,-3.8568797808642428,%
cl,2002,38.91373767449318,%
cl,2003,-13.051701208140232,%
cl,2004,0.5638051813930665,%
