variable,year,value,unit
clivi,2000,-1.4761896995762305,kg m-2
clivi,2001,-2.702953002366779,kg m-2
clivi,2002,-3.146542244258726,kg m-2
clivi,2003,-3.164580485223816,kg m-2
clivi,2004,-1.0985321000840844,kg m-2
