variable,year,value,unit
loadso2,2000,2.332190696240092,kg m-2
loadso2,2001,2.052936619539464,kg m-2
loadso2,2002,1.9965319845125007,kg m-2
loadso2,2003,1.7855176573446339,kg m-2
loadso2,2004,1.6208939635360977,kg m-2
