variable,year,value,unit
loadso2,2000,0.5407201525962859,kg m-2
loadso2,2001,0.48309130173018744,kg m-2
loadso2,2002,0.5120417980766251,kg m-2
loadso2,2003,0.49534278263911924,kg m-2
loadso2,2004,0.6928836766152329,kg m-2
