variable,year,value,unit
emibc,2001,-3.7912326289122673e-07,kg m-2 s-1
emibc,2002,-1.2864038572767716e-06,kg m-2 s-1
emibc,2003,-1.565959273840529e-07,kg m-2 s-1
emibc,2004,3.121132735627469e-07,kg m-2 s-1
