variable,year,value,unit
cl,2000,-0.10929312235961353,%
cl,2001,-0.17051081604585047,%
cl,2002,-0.2627019131536852,%
cl,2003,-0.8444497424023667,%
cl,2004,0.03922469885162725,%
