variable,year,value,unit
loadso4,2000,-1.8318782437023875,kg m-2
loadso4,2001,-1.9389133512555279,kg m-2
loadso4,2002,0.2439107485152372,kg m-2
loadso4,2003,3.1303087181333775,kg m-2
loadso4,2004,-0.05873769148660704,kg m-2
