variable,year,value,unit
loadso2,2000,2.3664911780443285,kg m-2
loadso2,2001,3.0796824116091206,kg m-2
loadso2,2002,1.9706963783591775,kg m-2
loadso2,2003,2.01257383185253,kg m-2
loadso2,2004,2.142960125411654,kg m-2
