variable,year,value,unit
dryso2,2000,1.245158764243086,kg m-2 s-1
dryso2,2001,1.1447057468446844,kg m-2 s-1
dryso2,2002,1.309194560585813,kg m-2 s-1
dryso2,2003,1.5583335920775911,kg m-2 s-1
dryso2,2004,1.6551818722682132,kg m-2 s-1
