variable,year,value,unit
dms,2000,-0.10699111500495856,mol mol-1
dms,2001,-7.794302645176948e-05,mol mol-1
dms,2002,0.11722375185838992,mol mol-1
dms,2003,0.055235048337913456,mol mol-1
dms,2004,0.08763843169766866,mol mol-1
