variable,year,value,unit
mmrbc,2001,-0.9712892247631539,kg kg-1
mmrbc,2002,-1.2795749068895232,kg kg-1
mmrbc,2003,-1.1715283887080086,kg kg-1
mmrbc,2004,-1.6307252956992968,kg kg-1
