variable,year,value,unit
rlutcs,2000,0.005433147215240246,W m-2
rlutcs,2001,-0.009795843080563362,W m-2
rlutcs,2002,0.0033096569931224573,W m-2
rlutcs,2003,0.004253460048072197,W m-2
rlutcs,2004,-0.0002147423853444448,W m-2
