variable,year,value,unit
rsutcs,2000,0.03511730510066968,W m-2
rsutcs,2001,0.03808232289687652,W m-2
rsutcs,2002,0.062112426626796946,W m-2
rsutcs,2003,0.084992898363069,W m-2
rsutcs,2004,0.0813615270028265,W m-2
