variable,year,value,unit
rlutcs,2000,-0.0018513558908352934,W m-2
rlutcs,2001,-0.005453607795288917,W m-2
rlutcs,2002,-0.0017198325939489223,W m-2
rlutcs,2003,-0.009748881131827147,W m-2
rlutcs,2004,-0.022236823141497553,W m-2
