variable,year,value,unit
rsut,2000,0.33124271903774627,W m-2
rsut,2001,0.18414123080427203,W m-2
rsut,2002,-0.009839018449525838,W m-2
rsut,2003,0.31927146295257103,W m-2
rsut,2004,0.5903497902701247,W m-2
