variable,year,value,unit
mmrso4,2000,3.455036129995321e-11,kg kg-1
mmrso4,2001,3.682722152690178e-11,kg kg-1
mmrso4,2002,2.974071819849859e-11,kg kg-1
mmrso4,2003,3.651188214835267e-11,kg kg-1
mmrso4,2004,3.688389069769163e-11,kg kg-1
