variable,year,value,unit
drybc,2000,-0.03973869243118248,kg m-2 s-1
drybc,2001,0.039537146707624274,kg m-2 s-1
drybc,2002,0.0187802448383149,kg m-2 s-1
drybc,2003,-0.011279198256250409,kg m-2 s-1
drybc,2004,0.03514488040881538,kg m-2 s-1
