variable,year,value,unit
rsut,2000,-0.017291197080782215,W m-2
rsut,2001,0.005004661137818332,W m-2
rsut,2002,0.005766727306923151,W m-2
rsut,2003,0.017265224502809068,W m-2
rsut,2004,-0.01354121182709208,W m-2
