variable,year,value,unit
rlutcs,2000,0.0008050881436856613,W m-2
rlutcs,2001,0.0018679480957868395,W m-2
rlutcs,2002,0.0015177889874064627,W m-2
rlutcs,2003,0.0009367799134192674,W m-2
rlutcs,2004,-0.0017064272037838513,W m-2
