variable,year,value,unit
wetbc,2000,-0.2886120390702631,kg m-2 s-1
wetbc,2001,0.41682910393476086,kg m-2 s-1
wetbc,2002,-0.3540475651407049,kg m-2 s-1
wetbc,2003,-0.23411397147952484,kg m-2 s-1
wetbc,2004,-0.2700419939106857,kg m-2 s-1
