variable,year,value,unit
rlutcs,2000,-0.010989624284237807,W m-2
rlutcs,2001,0.001385204992590133,W m-2
rlutcs,2002,-0.004136598935036063,W m-2
rlutcs,2003,-0.0013988538435243435,W m-2
rlutcs,2004,-0.0038215172617788885,W m-2
