variable,year,value,unit
clt,2000,-0.06064698444890928,%
clt,2001,-0.027094306883407776,%
clt,2002,0.1103057817497773,%
clt,2003,-0.022843909546896333,%
clt,2004,0.04130336260273411,%
