variable,year,value,unit
emibc,2000,4.5669931214153225e-05,kg m-2 s-1
emibc,2001,-4.7423796042418066e-06,kg m-2 s-1
emibc,2002,-1.4349909321108346e-05,kg m-2 s-1
emibc,2003,5.793428189111083e-05,kg m-2 s-1
emibc,2004,-1.955790223925776e-05,kg m-2 s-1
