variable,year,value,unit
rlut,2000,-0.00398757142670705,W m-2
rlut,2001,0.01879777468467918,W m-2
rlut,2002,0.015603421058160007,W m-2
rlut,2003,-0.009199611720276163,W m-2
rlut,2004,-0.0024225707903348308,W m-2
