variable,year,value,unit
wetbc,2000,1.7431100670858003e-15,kg m-2 s-1
wetbc,2001,1.3771650644694385e-15,kg m-2 s-1
wetbc,2002,1.48535908945454e-15,kg m-2 s-1
wetbc,2003,1.7989539473792935e-15,kg m-2 s-1
wetbc,2004,7.7876133347865395e-16,kg m-2 s-1
