variable,year,value,unit
dryso2,2000,-6.809086338736905e-13,kg m-2 s-1
dryso2,2001,-6.647923137402517e-13,kg m-2 s-1
dryso2,2002,-6.672611500490912e-13,kg m-2 s-1
dryso2,2003,-6.772777605655279e-13,kg m-2 s-1
dryso2,2004,-6.770230137731445e-13,kg m-2 s-1
