variable,year,value,unit
loadso4,2000,1.3348626119070263e-06,kg m-2
loadso4,2001,1.3130167076437922e-06,kg m-2
loadso4,2002,1.2569482362450397e-06,kg m-2
loadso4,2003,1.3360062247057827e-06,kg m-2
loadso4,2004,1.3486939550338488e-06,kg m-2
