variable,year,value,unit
rsut,2000,0.6751652918417506,W m-2
rsut,2001,0.7546866703772537,W m-2
rsut,2002,0.7668853625684449,W m-2
rsut,2003,0.6540915699623611,W m-2
rsut,2004,0.7895013252321235,W m-2
