variable,year,value,unit
dms,2000,4.160913501815315e-13,mol mol-1
dms,2001,3.617509205556566e-13,mol mol-1
dms,2002,3.5501034316698036e-13,mol mol-1
dms,2003,3.701630306176039e-13,mol mol-1
dms,2004,3.9010807607243637e-13,mol mol-1
