variable,year,value,unit
cl,2000,-0.02521882648284368,%
cl,2001,-0.012856622625413983,%
cl,2002,-0.025189710905541896,%
cl,2003,-0.02740721639071242,%
cl,2004,-0.03206079825962216,%
