variable,year,value,unit
clt,2000,-0.05188906175725094,%
clt,2001,-0.8920636253983574,%
clt,2002,0.27354943930737363,%
clt,2003,0.11432147337091436,%
clt,2004,0.41211334177971537,%
