variable,year,value,unit
emibc,2000,-4.4602272624507455e-20,kg m-2 s-1
emibc,2001,-1.3885401416471497e-20,kg m-2 s-1
emibc,2002,5.367192757038137e-21,kg m-2 s-1
emibc,2003,-2.126538658140233e-20,kg m-2 s-1
emibc,2004,9.000117147379498e-21,kg m-2 s-1
