variable,year,value,unit
dryso4,2000,-1.646387891381267e-14,kg m-2 s-1
dryso4,2001,-5.781707889560404e-15,kg m-2 s-1
dryso4,2002,8.586524011100004e-15,kg m-2 s-1
dryso4,2003,-9.375661822003134e-15,kg m-2 s-1
dryso4,2004,-1.3949595470332841e-14,kg m-2 s-1
