variable,year,value,unit
emiso2,2000,-6.00436010114903e-17,kg m-2 s-1
emiso2,2001,-7.290523174539174e-17,kg m-2 s-1
emiso2,2002,-8.442455538745758e-17,kg m-2 s-1
emiso2,2003,-1.0117367068707197e-16,kg m-2 s-1
emiso2,2004,-7.781024345056707e-17,kg m-2 s-1
