variable,year,value,unit
clt,2000,0.0020217896,%
clt,2001,0.037124634,%
clt,2002,-0.019699097,%
clt,2003,0.0018234253,%
clt,2004,-0.0038146973,%
