variable,year,value,unit
drybc,2000,0.022486831102595063,kg m-2 s-1
drybc,2001,-0.08087010737320072,kg m-2 s-1
drybc,2002,-0.028763082577315437,kg m-2 s-1
drybc,2003,0.13461504324793608,kg m-2 s-1
drybc,2004,0.051866359010445603,kg m-2 s-1
