variable,year,value,unit
rlut,2000,0.006272525799819801,W m-2
rlut,2001,0.0012075339513537631,W m-2
rlut,2002,0.003125807693409367,W m-2
rlut,2003,0.0003347075966653925,W m-2
rlut,2004,-0.0012934280906744555,W m-2
