variable,year,value,unit
drybc,2000,-0.03316002399167453,kg m-2 s-1
drybc,2001,0.015337070305286962,kg m-2 s-1
drybc,2002,-0.02735116615190706,kg m-2 s-1
drybc,2003,-0.004320855727685733,kg m-2 s-1
drybc,2004,-0.02113847136040923,kg m-2 s-1
