variable,year,value,unit
clt,2000,-0.12840784595535512,%
clt,2001,-0.05264865975531615,%
clt,2002,-0.1776998942490578,%
clt,2003,-0.13236350854797854,%
clt,2004,-0.04328422434076868,%
