variable,year,value,unit
loadso2,2000,0.1505582535272224,kg m-2
loadso2,2001,0.0800341174589392,kg m-2
loadso2,2002,0.024307345363408023,kg m-2
loadso2,2003,0.11110059210920104,kg m-2
loadso2,2004,0.08542140011814917,kg m-2
