variable,year,value,unit
drybc,2001,-1.052391054876035,kg m-2 s-1
drybc,2002,-1.1224092134607073,kg m-2 s-1
drybc,2003,0.07951593286813055,kg m-2 s-1
drybc,2004,-0.8810478493439309,kg m-2 s-1
drybc,2005,0.7746967991020912,kg m-2 s-1
