variable,year,value,unit
loadbc,2000,-2.9405736231759954e-11,kg m-2
loadbc,2001,-4.60481309487406e-11,kg m-2
loadbc,2002,2.096691467366297e-11,kg m-2
loadbc,2003,-2.5025865259306182e-11,kg m-2
loadbc,2004,-9.013017508367349e-12,kg m-2
