variable,year,value,unit
wetso4,2000,2.7336104218113762e-14,kg m-2 s-1
wetso4,2001,6.8747785322242686e-15,kg m-2 s-1
wetso4,2002,1.8798583238020024e-14,kg m-2 s-1
wetso4,2003,4.6821697950606484e-14,kg m-2 s-1
wetso4,2004,2.429548435336176e-14,kg m-2 s-1
