variable,year,value,unit
dryso4,2000,58.60116212145133,kg m-2 s-1
dryso4,2001,59.2499867393262,kg m-2 s-1
dryso4,2002,59.59059128279412,kg m-2 s-1
dryso4,2003,57.90252320319893,kg m-2 s-1
dryso4,2004,60.080018248115664,kg m-2 s-1
