variable,year,value,unit
clivi,2000,-1.2994699362523061,kg m-2
clivi,2001,-0.8721549615331109,kg m-2
clivi,2002,-2.149767461231637,kg m-2
clivi,2003,-1.6597365562749995,kg m-2
clivi,2004,-2.149238218825389,kg m-2
