variable,year,value,unit
loadso4,2000,78.41852548797146,kg m-2
loadso4,2001,73.83130695941901,kg m-2
loadso4,2002,73.18929709969353,kg m-2
loadso4,2003,68.2778505146741,kg m-2
loadso4,2004,69.60595592301352,kg m-2
