variable,year,value,unit
dryso2,2001,-2.284285694387358,kg m-2 s-1
dryso2,2002,-0.782677773830737,kg m-2 s-1
dryso2,2003,-0.6614316257473188,kg m-2 s-1
dryso2,2004,-1.598230423788987,kg m-2 s-1
