variable,year,value,unit
mmrbc,2000,0.9978511513385881,kg kg-1
mmrbc,2001,1.017064766099527,kg kg-1
mmrbc,2002,0.9846448374617373,kg kg-1
mmrbc,2003,1.001315575075254,kg kg-1
mmrbc,2004,0.2755663586592024,kg kg-1
