variable,year,value,unit
clt,2000,-0.03967193570907253,%
clt,2001,0.07551946841491292,%
clt,2002,0.03622966150551216,%
clt,2003,-0.036882981393651225,%
clt,2004,0.017632987527258816,%
