variable,year,value,unit
clt,2000,0.11531926708275644,%
clt,2001,-0.05072547401469867,%
clt,2002,0.03687509038062363,%
clt,2003,-0.05125918386012278,%
clt,2004,-0.03268027804323009,%
