variable,year,value,unit
emibc,2001,-3.520168721195471e-05,kg m-2 s-1
emibc,2002,1.4803007560005675e-06,kg m-2 s-1
emibc,2003,-2.5840458163000275e-06,kg m-2 s-1
emibc,2004,-4.1939549072602305e-05,kg m-2 s-1
