variable,year,value,unit
so2,2000,-10.136093663512003,mol mol-1
so2,2001,-7.506743864993674,mol mol-1
so2,2002,-7.575446355992936,mol mol-1
so2,2003,-9.3027847005825,mol mol-1
so2,2004,-8.164836657553424,mol mol-1
