variable,year,value,unit
dms,2000,0.06607009557692246,mol mol-1
dms,2001,-0.025088320347703072,mol mol-1
dms,2002,0.27887066516578957,mol mol-1
dms,2003,0.39191329403240616,mol mol-1
dms,2004,0.1338280490824846,mol mol-1
