variable,year,value,unit
loadso2,2000,-1.385159075211945,kg m-2
loadso2,2001,-1.2227640209751998,kg m-2
loadso2,2002,-2.037005024075192,kg m-2
loadso2,2003,-1.8323131214270458,kg m-2
loadso2,2004,-1.0576121262701272,kg m-2
