variable,year,value,unit
loadso2,2000,-3.5645250183918438,kg m-2
loadso2,2001,-3.9965163032353117,kg m-2
loadso2,2002,-4.792110780372464,kg m-2
loadso2,2003,-4.258404403128578,kg m-2
loadso2,2004,-2.0581999353911677,kg m-2
