variable,year,value,unit
rlut,2001,-0.014964347149255314,W m-2
rlut,2002,-0.012500090921341994,W m-2
rlut,2003,-0.008332786655605546,W m-2
rlut,2004,-0.043814953697931994,W m-2
