variable,year,value,unit
dryso2,2000,-3.472421585764111,kg m-2 s-1
dryso2,2001,-4.947101864035729,kg m-2 s-1
dryso2,2002,-3.58352961904722,kg m-2 s-1
dryso2,2003,-4.080952509496546,kg m-2 s-1
dryso2,2004,-3.6579233654986116,kg m-2 s-1
