variable,year,value,unit
emiso2,2001,-0.10057223611396157,kg m-2 s-1
emiso2,2002,-0.10383745077045321,kg m-2 s-1
emiso2,2003,-0.10209548350093149,kg m-2 s-1
emiso2,2004,-0.09966238787378541,kg m-2 s-1
