variable,year,value,unit
wetso2,2001,8.567556056892172,kg m-2 s-1
wetso2,2002,8.037031758857266,kg m-2 s-1
wetso2,2003,7.748182203926203,kg m-2 s-1
wetso2,2004,7.666367032741911,kg m-2 s-1
