variable,year,value,unit
rsut,2001,0.06960122770858855,W m-2
rsut,2002,0.0740876728378101,W m-2
rsut,2003,0.027774485176890802,W m-2
rsut,2004,0.030249919944675876,W m-2
