variable,year,value,unit
loadbc,2000,-0.16242425907572938,kg m-2
loadbc,2001,-0.14994858040045098,kg m-2
loadbc,2002,-0.32510015029402256,kg m-2
loadbc,2003,-0.3779017625803042,kg m-2
loadbc,2004,-0.45086191751722404,kg m-2
