variable,year,value,unit
wetso2,2001,3.707127511182003,kg m-2 s-1
wetso2,2002,3.7822469460422345,kg m-2 s-1
wetso2,2003,4.050216539279237,kg m-2 s-1
wetso2,2004,3.520900879799264,kg m-2 s-1
