variable,year,value,unit
wetbc,2001,-0.14117881075580352,kg m-2 s-1
wetbc,2002,-0.004157363991806809,kg m-2 s-1
wetbc,2003,-0.08044923575932095,kg m-2 s-1
wetbc,2004,0.005503197460865957,kg m-2 s-1
