variable,year,value,unit
loadso2,2000,-9.100374645648426,kg m-2
loadso2,2001,-10.555337995001722,kg m-2
loadso2,2002,-11.500647412399761,kg m-2
loadso2,2003,-9.076436061661173,kg m-2
loadso2,2004,-8.063235536659958,kg m-2
