variable,year,value,unit
clt,2001,-0.03945371531320315,%
clt,2002,-0.008545204393064401,%
clt,2003,0.053591498168806456,%
clt,2004,0.010319668770514167,%
