variable,year,value,unit
so2,2000,-9.21955001044293,mol mol-1
so2,2001,-8.475351769413146,mol mol-1
so2,2002,-8.43859593600453,mol mol-1
so2,2003,-8.39116727031506,mol mol-1
so2,2004,-8.557697749639063,mol mol-1
