variable,year,value,unit
od550aer,2000,1.315210557671457,1
od550aer,2001,0.9415895056032597,1
od550aer,2002,1.3445349710052983,1
od550aer,2003,1.4071492412747315,1
od550aer,2004,1.1038841859283235,1
