variable,year,value,unit
wetbc,2000,0.293289304751944,kg m-2 s-1
wetbc,2001,0.13902469041287224,kg m-2 s-1
wetbc,2002,-0.09110918916865171,kg m-2 s-1
wetbc,2003,0.09783763945124793,kg m-2 s-1
wetbc,2004,0.03820040826603046,kg m-2 s-1
