variable,year,value,unit
emibc,2001,3.527038654379755e-08,kg m-2 s-1
emibc,2002,2.9476106464325432e-08,kg m-2 s-1
emibc,2003,-2.6328175128625022e-08,kg m-2 s-1
emibc,2004,5.6459434730798906e-08,kg m-2 s-1
