variable,year,value,unit
rsutcs,2000,0.08357995649504965,W m-2
rsutcs,2001,0.11737340823906409,W m-2
rsutcs,2002,0.09936235334832881,W m-2
rsutcs,2003,0.10229177876947197,W m-2
rsutcs,2004,0.12415110135049878,W m-2
