variable,year,value,unit
clivi,2000,0.059545974477885434,kg m-2
clivi,2001,-0.012313526782403394,kg m-2
clivi,2002,-0.10435319769973798,kg m-2
clivi,2003,-0.2499414893633096,kg m-2
clivi,2004,-0.024003050083154683,kg m-2
