variable,year,value,unit
rsutcs,2001,0.11132782478199259,W m-2
rsutcs,2002,0.06243919468863172,W m-2
rsutcs,2003,0.04528610598498059,W m-2
rsutcs,2004,0.029659156515719945,W m-2
