variable,year,value,unit
loadso4,2000,0.8299910820498989,kg m-2
loadso4,2001,1.3669926569856927,kg m-2
loadso4,2002,1.5224358737399537,kg m-2
loadso4,2003,1.3618939924659832,kg m-2
loadso4,2004,1.568114207404881,kg m-2
