variable,year,value,unit
rlut,2000,-0.02191532230215006,W m-2
rlut,2001,-0.04428851190078853,W m-2
rlut,2002,-0.012720525799741696,W m-2
rlut,2003,-0.048899185667851286,W m-2
rlut,2004,-0.025339524865138477,W m-2
