variable,year,value,unit
emibc,2001,4.870267683462746e-05,kg m-2 s-1
emibc,2002,3.445263285758549e-06,kg m-2 s-1
emibc,2003,2.161550804576149e-05,kg m-2 s-1
emibc,2004,-1.6198998408614328e-05,kg m-2 s-1
