variable,year,value,unit
rsutcs,2000,-0.012783034065556365,W m-2
rsutcs,2001,-0.008931631586911237,W m-2
rsutcs,2002,-0.007627705800160811,W m-2
rsutcs,2003,-0.00639401467700651,W m-2
rsutcs,2004,-0.007700925060603936,W m-2
