variable,year,value,unit
loadso4,2000,-2.6000529919423726e-08,kg m-2
loadso4,2001,-2.5768450726772414e-08,kg m-2
loadso4,2002,-2.549719764644274e-08,kg m-2
loadso4,2003,-1.797726255400653e-08,kg m-2
loadso4,2004,-1.4698672217442985e-08,kg m-2
