variable,year,value,unit
rlutcs,2000,0.01733396100837581,W m-2
rlutcs,2001,0.006148735989938814,W m-2
rlutcs,2002,-0.008655232499904741,W m-2
rlutcs,2003,0.008238566541422188,W m-2
rlutcs,2004,0.005922653134120992,W m-2
