variable,year,value,unit
emibc,2000,2.972062017184931e-23,kg m-2 s-1
emibc,2001,-3.9269306535284715e-24,kg m-2 s-1
emibc,2002,-2.0142443032333123e-23,kg m-2 s-1
emibc,2003,1.840941975320205e-23,kg m-2 s-1
emibc,2004,-5.839206796152916e-24,kg m-2 s-1
