variable,year,value,unit
rlutcs,2001,-0.000644407707056871,W m-2
rlutcs,2002,-0.00031850888439066694,W m-2
rlutcs,2003,-0.00018142638919016463,W m-2
rlutcs,2004,-0.0004806290106103006,W m-2
