variable,year,value,unit
od550aer,2000,0.001953992668984425,1
od550aer,2001,0.0019968490470175376,1
od550aer,2002,0.001991992306462173,1
od550aer,2003,0.0020712282946287602,1
od550aer,2004,0.002070865438539321,1
