variable,year,value,unit
mmrbc,2000,7.015366663625905e-14,kg kg-1
mmrbc,2001,1.8423563720174882e-14,kg kg-1
mmrbc,2002,-3.295721182114109e-15,kg kg-1
mmrbc,2003,-6.447818397851594e-14,kg kg-1
mmrbc,2004,1.653653671715258e-14,kg kg-1
