variable,year,value,unit
rsutcs,2001,-0.005316203612061088,W m-2
rsutcs,2002,-0.013506359589470662,W m-2
rsutcs,2003,-0.005059009401108483,W m-2
rsutcs,2004,-0.006619939498868632,W m-2
