variable,year,value,unit
od550aer,2000,0.0014611016189399195,1
od550aer,2001,0.0012107885771004134,1
od550aer,2002,0.0013401872227328526,1
od550aer,2003,0.0013593386084725934,1
od550aer,2004,0.0012544945864717688,1
