variable,year,value,unit
wetbc,2000,0.0,kg m-2 s-1
wetbc,2001,4.839759696257805e-17,kg m-2 s-1
wetbc,2002,-5.326736449378308e-18,kg m-2 s-1
wetbc,2003,-5.778448731504713e-19,kg m-2 s-1
wetbc,2004,5.274966923595585e-18,kg m-2 s-1
