variable,year,value,unit
mmrbc,2000,-2.1974576088272794e-14,kg kg-1
mmrbc,2001,-4.4284638251919435e-15,kg kg-1
mmrbc,2002,-3.863193633711625e-15,kg kg-1
mmrbc,2003,-3.648847209699218e-14,kg kg-1
mmrbc,2004,-2.5797689336689956e-14,kg kg-1
