variable,year,value,unit
mmrso4,2001,1.1334589906669032e-11,kg kg-1
mmrso4,2002,1.1134055548202693e-11,kg kg-1
mmrso4,2003,1.137872304016803e-11,kg kg-1
mmrso4,2004,1.1659231899988291e-11,kg kg-1
