variable,year,value,unit
drybc,2001,2.8523448144927404e-17,kg m-2 s-1
drybc,2002,6.606968913618386e-17,kg m-2 s-1
drybc,2003,2.8734460896330543e-17,kg m-2 s-1
drybc,2004,-4.7669455553254524e-17,kg m-2 s-1
