variable,year,value,unit
clt,2000,0.039141870213683205,%
clt,2001,0.03336441076133667,%
clt,2002,0.03227536926901564,%
clt,2003,-0.021273076824499526,%
clt,2004,0.10198418111143326,%
