variable,year,value,unit
loadbc,2000,-4.922016038417313e-11,kg m-2
loadbc,2001,-1.567547902580232e-10,kg m-2
loadbc,2002,-2.2564641789350942e-10,kg m-2
loadbc,2003,-7.088669360655202e-11,kg m-2
loadbc,2004,-2.2489189448028397e-10,kg m-2
