variable,year,value,unit
dms,2000,7.293658100111046e-14,mol mol-1
dms,2001,-2.8984421881454646e-14,mol mol-1
dms,2002,4.4734612024769985e-14,mol mol-1
dms,2003,5.1332363848636094e-14,mol mol-1
dms,2004,7.827016202636551e-14,mol mol-1
