variable,year,value,unit
loadbc,2000,1.1137554571015853e-10,kg m-2
loadbc,2001,-1.6182383147336714e-10,kg m-2
loadbc,2002,8.480174312223732e-11,kg m-2
loadbc,2003,2.468193267471754e-11,kg m-2
loadbc,2004,5.774566208656003e-11,kg m-2
