variable,year,value,unit
dryso2,2000,-5.410264694176167e-15,kg m-2 s-1
dryso2,2001,-6.504467041125611e-15,kg m-2 s-1
dryso2,2002,-5.7306565732547436e-15,kg m-2 s-1
dryso2,2003,-6.465819985465615e-15,kg m-2 s-1
dryso2,2004,-7.27911599560755e-15,kg m-2 s-1
