variable,year,value,unit
dryso4,2000,3.1763150251197504e-14,kg m-2 s-1
dryso4,2001,2.8306851102558254e-14,kg m-2 s-1
dryso4,2002,3.352879778070418e-14,kg m-2 s-1
dryso4,2003,4.109411090663045e-14,kg m-2 s-1
dryso4,2004,4.0261069880262016e-14,kg m-2 s-1
