variable,year,value,unit
rlutcs,2001,-0.015428595455887262,W m-2
rlutcs,2002,0.010002079361186134,W m-2
rlutcs,2003,1.3480688494382775e-06,W m-2
rlutcs,2004,0.009014747139929113,W m-2
