variable,year,value,unit
drybc,2000,-3.994637614266507e-17,kg m-2 s-1
drybc,2001,-2.1984358146150464e-17,kg m-2 s-1
drybc,2002,-2.007391643550245e-17,kg m-2 s-1
drybc,2003,-3.768638025855615e-17,kg m-2 s-1
drybc,2004,-4.2583298716309714e-17,kg m-2 s-1
