variable,year,value,unit
od550aer,2000,0.00046481307973730845,1
od550aer,2001,0.000653836618148218,1
od550aer,2002,0.0007852377441980862,1
od550aer,2003,0.00047285207542147045,1
od550aer,2004,0.0005697190142761599,1
