variable,year,value,unit
drybc,2000,1.5042364410851768e-17,kg m-2 s-1
drybc,2001,-7.803387656671197e-17,kg m-2 s-1
drybc,2002,-7.670184102236561e-17,kg m-2 s-1
drybc,2003,-1.643619185444852e-16,kg m-2 s-1
drybc,2004,-6.684843074660732e-17,kg m-2 s-1
