variable,year,value,unit
rsut,2000,0.08878139319885747,W m-2
rsut,2001,0.04163123346218356,W m-2
rsut,2002,0.0488226588654328,W m-2
rsut,2003,0.046502399610830025,W m-2
rsut,2004,0.05971327717287522,W m-2
