variable,year,value,unit
drybc,2001,8.704349249032353e-18,kg m-2 s-1
drybc,2002,2.2532683132739715e-17,kg m-2 s-1
drybc,2003,1.7007059186788922e-17,kg m-2 s-1
drybc,2004,1.5557029453703906e-17,kg m-2 s-1
