variable,year,value,unit
wetbc,2000,-2.381158924720037e-16,kg m-2 s-1
wetbc,2001,-7.53260756604348e-16,kg m-2 s-1
wetbc,2002,4.338615037285038e-16,kg m-2 s-1
wetbc,2003,9.017541356519164e-17,kg m-2 s-1
wetbc,2004,1.5802426585560265e-16,kg m-2 s-1
