variable,year,value,unit
wetso2,2001,4.072406970476176e-17,kg m-2 s-1
wetso2,2002,3.473718753261088e-17,kg m-2 s-1
wetso2,2003,3.49054009105956e-17,kg m-2 s-1
wetso2,2004,4.1148169574987996e-17,kg m-2 s-1
