variable,year,value,unit
mmrso4,2001,-7.620133249630198e-12,kg kg-1
mmrso4,2002,-4.00111447157861e-12,kg kg-1
mmrso4,2003,-5.700883648444579e-12,kg kg-1
mmrso4,2004,-6.03214157273592e-12,kg kg-1
