variable,year,value,unit
dryso2,2001,2.562012296052735e-14,kg m-2 s-1
dryso2,2002,2.3808330069095998e-14,kg m-2 s-1
dryso2,2003,1.9123979887761667e-14,kg m-2 s-1
dryso2,2004,2.964915996105787e-14,kg m-2 s-1
