variable,year,value,unit
emibc,2001,3.4878066347966703e-19,kg m-2 s-1
emibc,2002,3.525873726904947e-19,kg m-2 s-1
emibc,2003,-4.829283838699572e-20,kg m-2 s-1
emibc,2004,4.7832766831083546e-20,kg m-2 s-1
