variable,year,value,unit
emibc,2001,1.2010805502305724e-13,kg m-2 s-1
emibc,2002,1.2294634485408438e-13,kg m-2 s-1
emibc,2003,1.268576003628927e-13,kg m-2 s-1
emibc,2004,1.3358004529187602e-13,kg m-2 s-1
