variable,year,value,unit
so2,2000,2.920419305692564e-10,mol mol-1
so2,2001,3.0197822937509736e-10,mol mol-1
so2,2002,2.947449124186927e-10,mol mol-1
so2,2003,3.088954723701661e-10,mol mol-1
so2,2004,3.3392321611269035e-10,mol mol-1
