variable,year,value,unit
rsut,2001,83.38351206966169,W m-2
rsut,2002,80.71437567377387,W m-2
rsut,2003,79.69122878626257,W m-2
rsut,2004,82.25402206376188,W m-2
