variable,year,value,unit
rlutcs,2000,278.8319025465608,W m-2
rlutcs,2001,277.52969361407474,W m-2
rlutcs,2002,278.9243987344928,W m-2
rlutcs,2003,279.7831715881845,W m-2
rlutcs,2004,279.1668479234649,W m-2
