variable,year,value,unit
cltc,2000,2.3010018936454175,%
cltc,2001,2.338065084088848,%
cltc,2002,2.2634847535922353,%
cltc,2003,2.203991225966522,%
cltc,2004,2.2747966455851794,%
