variable,year,value,unit
loadso2,2000,1.4644065473113586e-06,kg m-2
loadso2,2001,1.533529876078831e-06,kg m-2
loadso2,2002,1.5002908602599135e-06,kg m-2
loadso2,2003,1.5819136025943669e-06,kg m-2
loadso2,2004,1.5979777656248894e-06,kg m-2
