variable,year,value,unit
dryso4,2001,2.0943844775228584e-12,kg m-2 s-1
dryso4,2002,2.132048271080388e-12,kg m-2 s-1
dryso4,2003,2.1362093677403135e-12,kg m-2 s-1
dryso4,2004,2.255786854958681e-12,kg m-2 s-1
