variable,year,value,unit
rlutcs,2001,285.42968071064644,W m-2
rlutcs,2002,286.96551737379133,W m-2
rlutcs,2003,287.22361872438336,W m-2
rlutcs,2004,286.4753659655694,W m-2
