variable,year,value,unit
so2,2001,1.4391446889518814e-10,mol mol-1
so2,2002,1.425515816389944e-10,mol mol-1
so2,2003,1.4230673451507388e-10,mol mol-1
so2,2004,1.5275473719421826e-10,mol mol-1
