variable,year,value,unit
emiso2,2001,2.6029669375662286e-12,kg m-2 s-1
emiso2,2002,2.5720901166779235e-12,kg m-2 s-1
emiso2,2003,2.610840686433869e-12,kg m-2 s-1
emiso2,2004,2.729068177105442e-12,kg m-2 s-1
