variable,year,value,unit
clivi,2000,0.05605343308113735,kg m-2
clivi,2001,0.05824830627738861,kg m-2
clivi,2002,0.06034399012109223,kg m-2
clivi,2003,0.054170266303231004,kg m-2
clivi,2004,0.05669085303628465,kg m-2
