variable,year,value,unit
rsutcs,2000,41.49889305977749,W m-2
rsutcs,2001,41.414699114424565,W m-2
rsutcs,2002,41.39753038156758,W m-2
rsutcs,2003,41.774493815798316,W m-2
rsutcs,2004,41.66677378026581,W m-2
