variable,year,value,unit
so2,2001,1.9888762766721916e-10,mol mol-1
so2,2002,2.003216236373478e-10,mol mol-1
so2,2003,2.0575528392377597e-10,mol mol-1
so2,2004,2.1559473717237973e-10,mol mol-1
