variable,year,value,unit
clivi,2000,0.007969464243976687,kg m-2
clivi,2001,0.007517708254813559,kg m-2
clivi,2002,0.007308907348778411,kg m-2
clivi,2003,0.007567680891983406,kg m-2
clivi,2004,0.007510795911896895,kg m-2
