variable,year,value,unit
mmrso4,2001,1.8526459894439948e-09,kg kg-1
mmrso4,2002,1.9263474636147478e-09,kg kg-1
mmrso4,2003,1.9324142778281525e-09,kg kg-1
mmrso4,2004,2.1058381696439233e-09,kg kg-1
