variable,year,value,unit
wetso4,2000,7.04029809246698e-12,kg m-2 s-1
wetso4,2001,7.183210811334083e-12,kg m-2 s-1
wetso4,2002,7.595027251827935e-12,kg m-2 s-1
wetso4,2003,7.353999040465587e-12,kg m-2 s-1
wetso4,2004,8.522264065809929e-12,kg m-2 s-1
