variable,year,value,unit
dryso4,2000,2.0436992544645925e-12,kg m-2 s-1
dryso4,2001,2.1303360173276927e-12,kg m-2 s-1
dryso4,2002,2.1535428814449404e-12,kg m-2 s-1
dryso4,2003,2.418405547732909e-12,kg m-2 s-1
dryso4,2004,2.3172861207876214e-12,kg m-2 s-1
