variable,year,value,unit
loadso2,2000,8.330389446828525e-07,kg m-2
loadso2,2001,8.393555411509564e-07,kg m-2
loadso2,2002,8.244817752209831e-07,kg m-2
loadso2,2003,8.07108650096069e-07,kg m-2
loadso2,2004,8.82576235723916e-07,kg m-2
