variable,year,value,unit
drybc,2001,2.1407096944631638e-13,kg m-2 s-1
drybc,2002,2.0649799866856678e-13,kg m-2 s-1
drybc,2003,2.1375048515588563e-13,kg m-2 s-1
drybc,2004,2.258409903105751e-13,kg m-2 s-1
