variable,year,value,unit
rsutcs,2000,40.200546234833666,W m-2
rsutcs,2001,40.57324928793931,W m-2
rsutcs,2002,40.721770403375245,W m-2
rsutcs,2003,40.742495338304856,W m-2
rsutcs,2004,40.75043376874965,W m-2
