variable,year,value,unit
rlut,2000,271.6982288593307,W m-2
rlut,2001,270.28465514429195,W m-2
rlut,2002,271.7166591672192,W m-2
rlut,2003,270.908192607925,W m-2
rlut,2004,270.41584813927835,W m-2
