variable,year,value,unit
bldep,2001,756.542500940205,m
bldep,2002,739.2328829529107,m
bldep,2003,738.673472548654,m
bldep,2004,742.6196217568965,m
