variable,year,value,unit
drybc,2000,1.5970999178592012e-13,kg m-2 s-1
drybc,2001,1.4398164462724657e-13,kg m-2 s-1
drybc,2002,1.5801198575936222e-13,kg m-2 s-1
drybc,2003,1.7286973505307679e-13,kg m-2 s-1
drybc,2004,1.939818670510343e-13,kg m-2 s-1
