variable,year,value,unit
mmrso4,2001,2.1561432667037877e-09,kg kg-1
mmrso4,2002,2.2414002465224213e-09,kg kg-1
mmrso4,2003,2.2939517716878366e-09,kg kg-1
mmrso4,2004,2.512218203826918e-09,kg kg-1
