variable,year,value,unit
rlutcs,2000,288.63494454455486,W m-2
rlutcs,2001,287.4640404390954,W m-2
rlutcs,2002,287.47876620709064,W m-2
rlutcs,2003,287.2951478930697,W m-2
rlutcs,2004,287.0775402434884,W m-2
