variable,year,value,unit
bldep,2001,725.031366875515,m
bldep,2002,713.3223070553062,m
bldep,2003,705.2998538713572,m
bldep,2004,708.5295669322845,m
