variable,year,value,unit
loadso4,2000,7.379543980395021e-06,kg m-2
loadso4,2001,7.631499380816466e-06,kg m-2
loadso4,2002,7.868811503819202e-06,kg m-2
loadso4,2003,7.570691286089233e-06,kg m-2
loadso4,2004,7.875101805775051e-06,kg m-2
