variable,year,value,unit
clt,2001,51.80593592782167,%
clt,2002,51.75243944273179,%
clt,2003,50.55080307098626,%
clt,2004,51.12464945313253,%
