variable,year,value,unit
dryso2,2000,1.7853617764518506e-12,kg m-2 s-1
dryso2,2001,1.7186703760972795e-12,kg m-2 s-1
dryso2,2002,1.7000134839985093e-12,kg m-2 s-1
dryso2,2003,1.6647886517073879e-12,kg m-2 s-1
dryso2,2004,1.808198637651745e-12,kg m-2 s-1
