variable,year,value,unit
clivi,2000,-1.5102221383424957e-05,kg m-2
clivi,2001,-2.23735933976444e-05,kg m-2
clivi,2002,3.290388479955039e-05,kg m-2
clivi,2003,1.6776657763666047e-06,kg m-2
clivi,2004,-4.324100187537601e-05,kg m-2
