variable,year,value,unit
wetso2,2000,9.563655916081168e-17,kg m-2 s-1
wetso2,2001,1.0139612690598452e-16,kg m-2 s-1
wetso2,2002,7.821028610483252e-17,kg m-2 s-1
wetso2,2003,5.672086478860826e-17,kg m-2 s-1
wetso2,2004,1.025797616165474e-17,kg m-2 s-1
