variable,year,value,unit
od550aer,2000,-3.0334144425853138e-05,1
od550aer,2001,-0.00021119232182906233,1
od550aer,2002,-0.00022503648445884594,1
od550aer,2003,-0.0025751305093245913,1
od550aer,2004,-0.004506652195016586,1
