variable,year,value,unit
cl,2000,-0.02775274867019384,%
cl,2001,0.012450897043824405,%
cl,2002,0.010622227736028833,%
cl,2003,0.03703044336451633,%
cl,2004,0.0029998090687879397,%
