variable,year,value,unit
mmrso4,2000,-5.5634867264041265e-11,kg kg-1
mmrso4,2001,-5.643710422290015e-11,kg kg-1
mmrso4,2002,-4.946002794629519e-11,kg kg-1
mmrso4,2003,-5.3238187408926696e-11,kg kg-1
mmrso4,2004,-5.539531954140344e-11,kg kg-1
