variable,year,value,unit
rsutcs,2000,-0.011022136334482013,W m-2
rsutcs,2001,-0.007819387092595775,W m-2
rsutcs,2002,-0.006272026083117055,W m-2
rsutcs,2003,-0.006688300417430071,W m-2
rsutcs,2004,-0.004433213821592119,W m-2
