variable,year,value,unit
mmrbc,2000,2.9223753534511955e-15,kg kg-1
mmrbc,2001,-2.115451271494331e-15,kg kg-1
mmrbc,2002,-4.055665372151836e-15,kg kg-1
mmrbc,2003,4.704553997754178e-17,kg kg-1
mmrbc,2004,-1.6221439961560788e-15,kg kg-1
