variable,year,value,unit
rlut,2000,-0.0097571470559501,W m-2
rlut,2001,0.0453870446078497,W m-2
rlut,2002,-0.011990238682955123,W m-2
rlut,2003,-0.03277022123066331,W m-2
rlut,2004,0.020342624940127507,W m-2
