variable,year,value,unit
rsutcs,2000,-0.002076024993350245,W m-2
rsutcs,2001,-0.002007309680443825,W m-2
rsutcs,2002,-0.0017520871259222304,W m-2
rsutcs,2003,-0.0025599283546853258,W m-2
rsutcs,2004,-0.002335509486421472,W m-2
