variable,year,value,unit
drybc,2000,-1.0619518852299138e-17,kg m-2 s-1
drybc,2001,-5.171427666222245e-18,kg m-2 s-1
drybc,2002,-1.4301418343903672e-17,kg m-2 s-1
drybc,2003,2.934262780917561e-18,kg m-2 s-1
drybc,2004,9.867159829205322e-19,kg m-2 s-1
