variable,year,value,unit
wetso2,2000,0.017648555911647937,kg m-2 s-1
wetso2,2001,0.018121471292996696,kg m-2 s-1
wetso2,2002,0.01789746226268941,kg m-2 s-1
wetso2,2003,0.01792788049384679,kg m-2 s-1
wetso2,2004,0.017886040725966487,kg m-2 s-1
