variable,year,value,unit
so2,2000,-8.609011657136294e-13,mol mol-1
so2,2001,-7.694178527053549e-13,mol mol-1
so2,2002,-8.231401215711871e-13,mol mol-1
so2,2003,-8.508099044919442e-13,mol mol-1
so2,2004,-9.615243644640917e-13,mol mol-1
