variable,year,value,unit
clivi,2000,3.2323673739495518e-06,kg m-2
clivi,2001,-6.6143325597629865e-06,kg m-2
clivi,2002,-1.0293825790076705e-05,kg m-2
clivi,2003,9.310648070354546e-06,kg m-2
clivi,2004,1.4086798765574476e-06,kg m-2
