variable,year,value,unit
mmrso4,2000,-4.6995444125447135e-12,kg kg-1
mmrso4,2001,-4.996205738534596e-12,kg kg-1
mmrso4,2002,-4.2038781871689474e-12,kg kg-1
mmrso4,2003,-5.1240449483440245e-12,kg kg-1
mmrso4,2004,-5.648089866303803e-12,kg kg-1
