variable,year,value,unit
dryso4,2000,-7.349740177340208e-15,kg m-2 s-1
dryso4,2001,-7.86364736210418e-15,kg m-2 s-1
dryso4,2002,-6.7498998774875935e-15,kg m-2 s-1
dryso4,2003,-7.592521227044155e-15,kg m-2 s-1
dryso4,2004,-6.231810779550458e-15,kg m-2 s-1
