variable,year,value,unit
so2,2000,-1.2112419952102506e-12,mol mol-1
so2,2001,-1.2771604728690317e-12,mol mol-1
so2,2002,-1.1643153172991696e-12,mol mol-1
so2,2003,-1.2780844908866898e-12,mol mol-1
so2,2004,-1.2967108398118855e-12,mol mol-1
