variable,year,value,unit
dms,2001,-1.7588291,mol mol-1
dms,2002,0.7889534,mol mol-1
dms,2003,1.6170707,mol mol-1
dms,2004,1.042917,mol mol-1
dms,2005,-1.2489343,mol mol-1
