variable,year,value,unit
drybc,2001,-0.10014415,kg m-2 s-1
drybc,2002,-0.16623005,kg m-2 s-1
drybc,2003,0.44291866,kg m-2 s-1
drybc,2004,-0.56698287,kg m-2 s-1
drybc,2005,0.51459867,kg m-2 s-1
