variable,year,value,unit
rsut,2000,-0.027444467,W m-2
rsut,2001,-0.05290201,W m-2
rsut,2002,-0.05163531,W m-2
rsut,2003,-0.045563653,W m-2
rsut,2004,-0.051610667,W m-2
