variable,year,value,unit
emibc,2000,-3.336156826209518e-20,kg m-2 s-1
emibc,2001,1.039228443360353e-21,kg m-2 s-1
emibc,2002,6.676216224309988e-21,kg m-2 s-1
emibc,2003,-1.642920586181269e-20,kg m-2 s-1
emibc,2004,1.072791640026958e-20,kg m-2 s-1
