variable,year,value,unit
clivi,2000,-0.00017411197256136934,kg m-2
clivi,2001,-8.909014854681374e-05,kg m-2
clivi,2002,-5.396329693450885e-05,kg m-2
clivi,2003,3.8165482504709525e-05,kg m-2
clivi,2004,0.00010473441083504176,kg m-2
