variable,year,value,unit
emiso2,2000,-2.4023025,kg m-2 s-1
emiso2,2001,-2.4334521,kg m-2 s-1
emiso2,2002,-2.3885593,kg m-2 s-1
emiso2,2003,-2.5427074,kg m-2 s-1
emiso2,2004,-2.2393758,kg m-2 s-1
