variable,year,value,unit
od550aer,2000,-0.0005493626111673644,1
od550aer,2001,-0.0006672036142130744,1
od550aer,2002,-0.0005668917214066704,1
od550aer,2003,-0.0006486605770343323,1
od550aer,2004,-0.0006505861866218376,1
