variable,year,value,unit
clt,2000,-0.003055451,%
clt,2001,-0.005689021,%
clt,2002,0.010076286,%
clt,2003,0.0014302984,%
clt,2004,-0.004313015,%
