variable,year,value,unit
cltc,2000,-25.586662,%
cltc,2001,-25.737572,%
cltc,2002,-25.738564,%
cltc,2003,-25.773457,%
cltc,2004,-25.742826,%
