variable,year,value,unit
dms,2000,-0.03889547,mol mol-1
dms,2001,0.016368344,mol mol-1
dms,2002,-0.01977544,mol mol-1
dms,2003,-0.08313859,mol mol-1
dms,2004,0.15573387,mol mol-1
