variable,year,value,unit
dryso2,2000,-0.1436446428204295,kg m-2 s-1
dryso2,2001,-0.132553576867405,kg m-2 s-1
dryso2,2002,-0.1472555389199146,kg m-2 s-1
dryso2,2003,-0.14162683098948572,kg m-2 s-1
dryso2,2004,-0.08273931418762363,kg m-2 s-1
