variable,year,value,unit
clivi,2000,0.09923533203817132,kg m-2
clivi,2001,-0.32522484199742047,kg m-2
clivi,2002,0.24670700301959403,kg m-2
clivi,2003,0.126330324884989,kg m-2
clivi,2004,-0.1704234332305831,kg m-2
