variable,year,value,unit
emibc,2000,-1.2731465956801196e-05,kg m-2 s-1
emibc,2001,-6.247322768955328e-06,kg m-2 s-1
emibc,2002,1.3197564391121026e-05,kg m-2 s-1
emibc,2003,-5.317123131227934e-06,kg m-2 s-1
emibc,2004,5.109544969101647e-06,kg m-2 s-1
