variable,year,value,unit
wetso4,2000,-0.333217456003356,kg m-2 s-1
wetso4,2001,-0.36033240538289035,kg m-2 s-1
wetso4,2002,-0.3658149504643038,kg m-2 s-1
wetso4,2003,-0.29974626673166477,kg m-2 s-1
wetso4,2004,-0.27066278864718657,kg m-2 s-1
