variable,year,value,unit
clt,2000,-0.0029472166029942534,%
clt,2001,-0.014578945831938972,%
clt,2002,-0.0283968013856406,%
clt,2003,-0.013437064237041023,%
clt,2004,0.002533241329136766,%
