variable,year,value,unit
clt,2000,0.02994213623081045,%
clt,2001,0.021251790048512662,%
clt,2002,0.04692595815221149,%
clt,2003,0.010868075017509722,%
clt,2004,0.049638629026187694,%
