variable,year,value,unit
rsutcs,2000,-0.04152600058340994,W m-2
rsutcs,2001,-0.0395260149874872,W m-2
rsutcs,2002,-0.03399943160699337,W m-2
rsutcs,2003,-0.03947723042528395,W m-2
rsutcs,2004,-0.046513396560726505,W m-2
