variable,year,value,unit
mmrbc,2000,-1.2826844612175495e-14,kg kg-1
mmrbc,2001,1.1134280644035697e-14,kg kg-1
mmrbc,2002,1.7619955908093552e-14,kg kg-1
mmrbc,2003,2.1347331989144825e-14,kg kg-1
mmrbc,2004,5.668562717182059e-15,kg kg-1
