variable,year,value,unit
emiso2,2000,-8.210300362118348e-13,kg m-2 s-1
emiso2,2001,-8.485707648979989e-13,kg m-2 s-1
emiso2,2002,-7.982561260412415e-13,kg m-2 s-1
emiso2,2003,-7.986550237257845e-13,kg m-2 s-1
emiso2,2004,-8.587456139655751e-13,kg m-2 s-1
