variable,year,value,unit
rlutcs,2000,0.020147652160062535,W m-2
rlutcs,2001,0.01679274514918916,W m-2
rlutcs,2002,0.012035172138553207,W m-2
rlutcs,2003,0.013221741514541918,W m-2
rlutcs,2004,0.015952550608062666,W m-2
