variable,year,value,unit
dryso2,2000,-5.003336398405776e-13,kg m-2 s-1
dryso2,2001,-5.224230281007469e-13,kg m-2 s-1
dryso2,2002,-4.894148501773394e-13,kg m-2 s-1
dryso2,2003,-5.047267184118761e-13,kg m-2 s-1
dryso2,2004,-5.403432693618739e-13,kg m-2 s-1
