variable,year,value,unit
loadso4,2000,7.244683004293716,kg m-2
loadso4,2001,4.03115723677557,kg m-2
loadso4,2002,6.225379818917645,kg m-2
loadso4,2003,15.465566407124964,kg m-2
loadso4,2004,7.567075663160226,kg m-2
