variable,year,value,unit
wetso2,2001,-0.12179371266972251,kg m-2 s-1
wetso2,2002,0.07577000301058581,kg m-2 s-1
wetso2,2003,0.009694304625688713,kg m-2 s-1
wetso2,2004,-0.02261958169093326,kg m-2 s-1
