variable,year,value,unit
loadso4,2000,-0.22847438109800272,kg m-2
loadso4,2001,-0.1850596151179841,kg m-2
loadso4,2002,-0.1146888821736507,kg m-2
loadso4,2003,-0.033274785240297276,kg m-2
loadso4,2004,0.018532772780973202,kg m-2
