variable,year,value,unit
mmrso4,2000,0.009359277970536184,kg kg-1
mmrso4,2001,-0.057625192764274503,kg kg-1
mmrso4,2002,0.1531308412673644,kg kg-1
mmrso4,2003,-0.07175794997686873,kg kg-1
mmrso4,2004,0.05837314271367973,kg kg-1
