variable,year,value,unit
clt,2000,0.02904779497275731,%
clt,2001,0.12965420918948317,%
clt,2002,0.008988894472360405,%
clt,2003,-0.019488233432706507,%
clt,2004,0.1689655332409394,%
