variable,year,value,unit
dryso2,2000,0.0,kg m-2 s-1
dryso2,2001,-0.0019664849036985944,kg m-2 s-1
dryso2,2002,-0.23666683455951373,kg m-2 s-1
dryso2,2003,-0.035722903070675965,kg m-2 s-1
dryso2,2004,-0.02780793064378081,kg m-2 s-1
