variable,year,value,unit
dryso4,2000,0.020901885644408473,kg m-2 s-1
dryso4,2001,0.07396409586975361,kg m-2 s-1
dryso4,2002,0.03734964185382318,kg m-2 s-1
dryso4,2003,0.002472284746532806,kg m-2 s-1
dryso4,2004,-0.051232658879545596,kg m-2 s-1
