variable,year,value,unit
dryso2,2000,0.0769488295900744,kg m-2 s-1
dryso2,2001,0.12928152868804596,kg m-2 s-1
dryso2,2002,0.21482461698758584,kg m-2 s-1
dryso2,2003,-0.12152830941960223,kg m-2 s-1
dryso2,2004,0.21746424021534802,kg m-2 s-1
