variable,year,value,unit
mmrso4,2001,0.3148461734223135,kg kg-1
mmrso4,2002,-0.3186239528663505,kg kg-1
mmrso4,2003,-0.1634645599396872,kg kg-1
mmrso4,2004,-0.3877395043937823,kg kg-1
