variable,year,value,unit
rsut,2001,0.13084780511924177,W m-2
rsut,2002,0.04127391013856485,W m-2
rsut,2003,0.14097712528641845,W m-2
rsut,2004,-0.0014522035732093715,W m-2
