variable,year,value,unit
so2,2000,-0.10176716515496499,mol mol-1
so2,2001,0.2601857313980628,mol mol-1
so2,2002,0.15317449615621123,mol mol-1
so2,2003,-0.44418970863216933,mol mol-1
so2,2004,-0.008594056849328659,mol mol-1
