variable,year,value,unit
loadso4,2000,0.06512672343118045,kg m-2
loadso4,2001,-0.006743417317154259,kg m-2
loadso4,2002,0.08226692161637673,kg m-2
loadso4,2003,-0.053986356092467346,kg m-2
loadso4,2004,-0.09390551392988886,kg m-2
