variable,year,value,unit
mmrbc,2000,-4.085307367424304,kg kg-1
mmrbc,2001,-4.893741404977368,kg kg-1
mmrbc,2002,-5.151435183203917,kg kg-1
mmrbc,2003,-4.645922254711042,kg kg-1
mmrbc,2004,-4.432204457413165,kg kg-1
