variable,year,value,unit
emibc,2001,0.059771855175177815,kg m-2 s-1
emibc,2002,-0.053053739596749486,kg m-2 s-1
emibc,2003,0.043550500673035335,kg m-2 s-1
emibc,2004,0.054716236901350856,kg m-2 s-1
