variable,year,value,unit
dryso4,2001,0.025920900580061076,kg m-2 s-1
dryso4,2002,0.06269362576616884,kg m-2 s-1
dryso4,2003,0.25106857538752375,kg m-2 s-1
dryso4,2004,0.05394390088944095,kg m-2 s-1
