variable,year,value,unit
loadso2,2000,0.04073595656748865,kg m-2
loadso2,2001,-0.10637475360177255,kg m-2
loadso2,2002,0.25563550763983356,kg m-2
loadso2,2003,-0.13722493280955547,kg m-2
loadso2,2004,-0.2312358091180662,kg m-2
