variable,year,value,unit
mmrbc,2001,-4.085307367424304,kg kg-1
mmrbc,2002,-4.893741404977368,kg kg-1
mmrbc,2003,-5.151435183203917,kg kg-1
mmrbc,2004,-4.645922254711042,kg kg-1
