variable,year,value,unit
rsutcs,2001,-0.018461665731507454,W m-2
rsutcs,2002,-0.0042947399772748085,W m-2
rsutcs,2003,-0.004361276175742954,W m-2
rsutcs,2004,0.0027095123094683033,W m-2
