variable,year,value,unit
loadso2,2000,5.700074909519729,kg m-2
loadso2,2001,0.8777857748534058,kg m-2
loadso2,2002,3.383092003417466,kg m-2
loadso2,2003,2.4433227931101116,kg m-2
loadso2,2004,-0.015074500605312941,kg m-2
