variable,year,value,unit
clivi,2000,-0.27606228479802547,kg m-2
clivi,2001,-0.3150853202598635,kg m-2
clivi,2002,0.11853971717414356,kg m-2
clivi,2003,-0.5815420934917326,kg m-2
clivi,2004,-0.043747294545961206,kg m-2
