variable,year,value,unit
drybc,2001,-6.3381327829484375,kg m-2 s-1
drybc,2002,-6.669811437137371,kg m-2 s-1
drybc,2003,-7.0673663878953406,kg m-2 s-1
drybc,2004,-6.293497751051018,kg m-2 s-1
