variable,year,value,unit
od550aer,2000,0.0347644522115547,1
od550aer,2001,-0.14183953563860094,1
od550aer,2002,0.05417725291653554,1
od550aer,2003,-0.027281169584446513,1
od550aer,2004,0.036980296969043217,1
