variable,year,value,unit
emiso2,2001,-1.9690948777580687e-05,kg m-2 s-1
emiso2,2002,-8.418215701181703e-05,kg m-2 s-1
emiso2,2003,-3.698532968798793e-05,kg m-2 s-1
emiso2,2004,-0.00015950382589412037,kg m-2 s-1
