variable,year,value,unit
loadso4,2000,0.08772078356067692,kg m-2
loadso4,2001,0.10019675250169612,kg m-2
loadso4,2002,0.07832797438136094,kg m-2
loadso4,2003,0.056237162154728466,kg m-2
loadso4,2004,-0.08060214828062098,kg m-2
