variable,year,value,unit
mmrbc,2000,-2.6097487069268492,kg kg-1
mmrbc,2001,-2.6978312229361996,kg kg-1
mmrbc,2002,-2.9605057095633645,kg kg-1
mmrbc,2003,-3.3329673566730724,kg kg-1
mmrbc,2004,-2.802456515224891,kg kg-1
