variable,year,value,unit
emiso2,2001,7.715699559916476e-06,kg m-2 s-1
emiso2,2002,8.870383109087609e-06,kg m-2 s-1
emiso2,2003,5.1840814419796574e-05,kg m-2 s-1
emiso2,2004,1.4097968240285636e-05,kg m-2 s-1
