variable,year,value,unit
emibc,2001,0.05600842359309461,kg m-2 s-1
emibc,2002,0.4226884120177598,kg m-2 s-1
emibc,2003,0.10766659341945647,kg m-2 s-1
emibc,2004,-0.28852969601660466,kg m-2 s-1
