variable,year,value,unit
rsut,2001,0.00015292252526145122,W m-2
rsut,2002,-0.08994407237795955,W m-2
rsut,2003,-0.04197525728891781,W m-2
rsut,2004,-0.005043499541853879,W m-2
