variable,year,value,unit
wetbc,2000,-1.2109083567434773,kg m-2 s-1
wetbc,2001,-1.8111416661632282,kg m-2 s-1
wetbc,2002,-1.9019955839759062,kg m-2 s-1
wetbc,2003,-1.6415561752160457,kg m-2 s-1
wetbc,2004,-2.074566085744108,kg m-2 s-1
