variable,year,value,unit
wetso4,2001,0.020865498742891824,kg m-2 s-1
wetso4,2002,-0.49789597559942655,kg m-2 s-1
wetso4,2003,-0.010905379304003987,kg m-2 s-1
wetso4,2004,0.01795940979681811,kg m-2 s-1
