variable,year,value,unit
loadso2,2000,-0.022907045712474546,kg m-2
loadso2,2001,-0.0008714272504956086,kg m-2
loadso2,2002,-0.5610935463011095,kg m-2
loadso2,2003,-0.0016600861155376982,kg m-2
loadso2,2004,-0.02213798546499339,kg m-2
