variable,year,value,unit
drybc,2001,-3.5612744295418373,kg m-2 s-1
drybc,2002,-3.2768502636870984,kg m-2 s-1
drybc,2003,-3.853041685758312,kg m-2 s-1
drybc,2004,-2.7670167660126586,kg m-2 s-1
