variable,year,value,unit
od550aer,2001,-0.0698697307047666,1
od550aer,2002,-0.09607171319065223,1
od550aer,2003,0.05138187360679515,1
od550aer,2004,-0.02623688898809232,1
