variable,year,value,unit
dryso4,2001,0.00014296964683142372,kg m-2 s-1
dryso4,2002,0.059684795962405,kg m-2 s-1
dryso4,2003,-0.06531036115582547,kg m-2 s-1
dryso4,2004,-0.05541400769194096,kg m-2 s-1
