variable,year,value,unit
cltc,2001,0.008423909279885856,%
cltc,2002,-0.11963109356374507,%
cltc,2003,-0.0055523047296257,%
cltc,2004,-0.0063227738380594615,%
