variable,year,value,unit
rlutcs,2000,0.006266605082304523,W m-2
rlutcs,2001,-0.0011801937854549816,W m-2
rlutcs,2002,0.006983984265832226,W m-2
rlutcs,2003,-0.010857170798889926,W m-2
rlutcs,2004,-0.010973646008858397,W m-2
