variable,year,value,unit
rsutcs,2000,-0.06277630463216657,W m-2
rsutcs,2001,-0.04808648260584169,W m-2
rsutcs,2002,0.0064428560095982,W m-2
rsutcs,2003,-0.03930943006980457,W m-2
rsutcs,2004,-0.010358153980872104,W m-2
