variable,year,value,unit
mmrso4,2001,0.03817333973951174,kg kg-1
mmrso4,2002,0.07206235717228963,kg kg-1
mmrso4,2003,0.013912191784157018,kg kg-1
mmrso4,2004,-0.061652343658243375,kg kg-1
