variable,year,value,unit
mmrso4,2000,-6.030000692104737e-12,kg kg-1
mmrso4,2001,-4.616260008759447e-12,kg kg-1
mmrso4,2002,8.59007966057348e-13,kg kg-1
mmrso4,2003,-8.29438127933289e-12,kg kg-1
mmrso4,2004,-9.213112503163213e-12,kg kg-1
