variable,year,value,unit
emiso2,2000,-4.5633561970149736e-14,kg m-2 s-1
emiso2,2001,-4.769384162578178e-14,kg m-2 s-1
emiso2,2002,-4.62123742125574e-14,kg m-2 s-1
emiso2,2003,-4.5683257104265855e-14,kg m-2 s-1
emiso2,2004,-4.663650779854844e-14,kg m-2 s-1
