variable,year,value,unit
dms,2000,9.993058602033453e-14,mol mol-1
dms,2001,2.2832204088576328e-14,mol mol-1
dms,2002,6.69302400778552e-15,mol mol-1
dms,2003,3.4785209421065496e-14,mol mol-1
dms,2004,-1.0234106563433149e-13,mol mol-1
