variable,year,value,unit
wetso2,2000,-2.923551929050193e-18,kg m-2 s-1
wetso2,2001,-3.488562851799173e-18,kg m-2 s-1
wetso2,2002,-2.8142871164531235e-18,kg m-2 s-1
wetso2,2003,-1.0017195761118073e-18,kg m-2 s-1
wetso2,2004,-1.7090576958847673e-18,kg m-2 s-1
