variable,year,value,unit
drybc,2000,3.6457855864314067e-17,kg m-2 s-1
drybc,2001,-4.257584537361552e-17,kg m-2 s-1
drybc,2002,-1.1284671563006799e-17,kg m-2 s-1
drybc,2003,-3.181214884804025e-17,kg m-2 s-1
drybc,2004,9.58079588557713e-18,kg m-2 s-1
