variable,year,value,unit
clt,2000,-0.01268058772149061,%
clt,2001,0.012044231503850256,%
clt,2002,0.0032335905975031665,%
clt,2003,0.02263148490519029,%
clt,2004,0.024807651854715118,%
