variable,year,value,unit
loadbc,2000,-1.1995902834990877e-10,kg m-2
loadbc,2001,-1.4156663169701814e-12,kg m-2
loadbc,2002,-7.790042249989875e-11,kg m-2
loadbc,2003,5.884763291961633e-11,kg m-2
loadbc,2004,-4.978260825118349e-11,kg m-2
