variable,year,value,unit
rsut,2000,-9.311039734427595e-05,W m-2
rsut,2001,0.03218642630332624,W m-2
rsut,2002,0.007216584894436551,W m-2
rsut,2003,-0.0016871085900334037,W m-2
rsut,2004,-0.005095448985386497,W m-2
