variable,year,value,unit
wetso2,2000,0.7135148154296326,kg m-2 s-1
wetso2,2001,0.6294740283148275,kg m-2 s-1
wetso2,2002,0.6382908578944253,kg m-2 s-1
wetso2,2003,0.15145567683454214,kg m-2 s-1
wetso2,2004,0.7147805424600546,kg m-2 s-1
