variable,year,value,unit
rlut,2000,0.04077033737770591,W m-2
rlut,2001,-0.0004883037397594701,W m-2
rlut,2002,-0.03807112042819574,W m-2
rlut,2003,0.024039211003129557,W m-2
rlut,2004,0.018758983878224885,W m-2
