variable,year,value,unit
mmrso4,2000,-1.0957627338408678,kg kg-1
mmrso4,2001,-1.018219591197774,kg kg-1
mmrso4,2002,-1.3201035758760977,kg kg-1
mmrso4,2003,-1.2127803572857976,kg kg-1
mmrso4,2004,-1.1339519073429747,kg kg-1
