variable,year,value,unit
emiso2,2000,21.165856924729212,kg m-2 s-1
emiso2,2001,21.382959230568847,kg m-2 s-1
emiso2,2002,20.457315821758996,kg m-2 s-1
emiso2,2003,20.43893809138716,kg m-2 s-1
emiso2,2004,19.946407357881885,kg m-2 s-1
