variable,year,value,unit
clt,2000,0.011053294960616982,%
clt,2001,-0.0003811333227561807,%
clt,2002,-0.032613981512958745,%
clt,2003,0.007293075681563876,%
clt,2004,-0.048713072840512406,%
