variable,year,value,unit
clt,2000,-0.14825071256657277,%
clt,2001,0.02932045219370251,%
clt,2002,0.08809575893018508,%
clt,2003,-0.06093121164910119,%
clt,2004,-0.07160760282095419,%
