variable,year,value,unit
wetso4,2000,-1.3262698902937753,kg m-2 s-1
wetso4,2001,-1.2044062983374972,kg m-2 s-1
wetso4,2002,-1.4296807798397873,kg m-2 s-1
wetso4,2003,-1.4874376763132307,kg m-2 s-1
wetso4,2004,-1.4296002197482867,kg m-2 s-1
