variable,year,value,unit
loadso4,2000,-0.5481461323864038,kg m-2
loadso4,2001,-0.6027790768183278,kg m-2
loadso4,2002,-0.6695219485145497,kg m-2
loadso4,2003,-0.5445457964543391,kg m-2
loadso4,2004,-0.7828276349359932,kg m-2
