variable,year,value,unit
rsutcs,2000,2.1790824315122406e-05,W m-2
rsutcs,2001,-0.010209666063106033,W m-2
rsutcs,2002,0.021741914772048912,W m-2
rsutcs,2003,-0.024424332303045606,W m-2
rsutcs,2004,-0.0313751994775976,W m-2
