variable,year,value,unit
wetso2,2000,-0.8517063366927384,kg m-2 s-1
wetso2,2001,-0.8172174399688065,kg m-2 s-1
wetso2,2002,-0.9044943116496501,kg m-2 s-1
wetso2,2003,-0.8653835328906277,kg m-2 s-1
wetso2,2004,-1.0489509159681059,kg m-2 s-1
