variable,year,value,unit
emibc,2000,-2.091716447931443e-07,kg m-2 s-1
emibc,2001,-6.714498962168131e-06,kg m-2 s-1
emibc,2002,8.111942058547088e-06,kg m-2 s-1
emibc,2003,3.005238342854505e-05,kg m-2 s-1
emibc,2004,1.705186511576051e-05,kg m-2 s-1
