variable,year,value,unit
wetso4,2000,-0.8708739710408753,kg m-2 s-1
wetso4,2001,-0.7796236745120592,kg m-2 s-1
wetso4,2002,-0.9149432808504172,kg m-2 s-1
wetso4,2003,-0.8252392338933157,kg m-2 s-1
wetso4,2004,-0.8503227734976591,kg m-2 s-1
