variable,year,value,unit
wetso2,2000,-1.6285538035715146,kg m-2 s-1
wetso2,2001,-1.2759534042137237,kg m-2 s-1
wetso2,2002,-1.4413426348963467,kg m-2 s-1
wetso2,2003,-1.5673320619041653,kg m-2 s-1
wetso2,2004,-1.4563111526354593,kg m-2 s-1
