variable,year,value,unit
loadso4,2000,25.44574658623779,kg m-2
loadso4,2001,25.00914291460907,kg m-2
loadso4,2002,24.674256050318892,kg m-2
loadso4,2003,25.568073187257045,kg m-2
loadso4,2004,26.389108420621092,kg m-2
