variable,year,value,unit
rsutcs,2000,0.2861519595377919,W m-2
rsutcs,2001,0.29107008654461153,W m-2
rsutcs,2002,0.27812495954095606,W m-2
rsutcs,2003,0.2863706753865895,W m-2
rsutcs,2004,0.3061285616880727,W m-2
