variable,year,value,unit
dms,2000,-0.05464276248678041,mol mol-1
dms,2001,-0.06878253445427399,mol mol-1
dms,2002,-0.05239090421927122,mol mol-1
dms,2003,-0.09971756983941972,mol mol-1
dms,2004,-0.04738987690885633,mol mol-1
