variable,year,value,unit
dms,2000,0.2039054151688997,mol mol-1
dms,2001,-0.018094761729177563,mol mol-1
dms,2002,0.21276903549638035,mol mol-1
dms,2003,0.09050576117178788,mol mol-1
dms,2004,0.1280829971861291,mol mol-1
