variable,year,value,unit
mmrso4,2000,1.132104814810444,kg kg-1
mmrso4,2001,1.2520347436402155,kg kg-1
mmrso4,2002,1.2163006211000862,kg kg-1
mmrso4,2003,1.2427714442399433,kg kg-1
mmrso4,2004,1.1733356347985018,kg kg-1
