variable,year,value,unit
loadso2,2000,3.9318393639529847,kg m-2
loadso2,2001,3.8824746565815165,kg m-2
loadso2,2002,3.189057863768193,kg m-2
loadso2,2003,3.7337883333427255,kg m-2
loadso2,2004,3.7743225585913707,kg m-2
