variable,year,value,unit
wetso4,2000,8.2423099874272,kg m-2 s-1
wetso4,2001,8.301871878794023,kg m-2 s-1
wetso4,2002,8.034521394201258,kg m-2 s-1
wetso4,2003,8.003427298178984,kg m-2 s-1
wetso4,2004,8.273019233580657,kg m-2 s-1
