variable,year,value,unit
dryso2,2000,-5.820521717451533,kg m-2 s-1
dryso2,2001,-6.097880501396611,kg m-2 s-1
dryso2,2002,-5.603514223376841,kg m-2 s-1
dryso2,2003,-5.767839670664262,kg m-2 s-1
dryso2,2004,-5.88099730950788,kg m-2 s-1
