variable,year,value,unit
loadbc,2000,-0.449807787322143,kg m-2
loadbc,2001,-0.6703176634688007,kg m-2
loadbc,2002,-0.21627533970081464,kg m-2
loadbc,2003,-0.3980348936715277,kg m-2
loadbc,2004,-0.4484498667962565,kg m-2
