variable,year,value,unit
wetbc,2000,-0.05211643205746965,kg m-2 s-1
wetbc,2001,0.3957709501271012,kg m-2 s-1
wetbc,2002,0.22798592473052587,kg m-2 s-1
wetbc,2003,-0.0736290253533577,kg m-2 s-1
wetbc,2004,-0.010419430822872895,kg m-2 s-1
