variable,year,value,unit
drybc,2000,-0.10274427409577838,kg m-2 s-1
drybc,2001,-0.002416187688897836,kg m-2 s-1
drybc,2002,0.027662065927170524,kg m-2 s-1
drybc,2003,0.09385694925659105,kg m-2 s-1
drybc,2004,0.03941478975233597,kg m-2 s-1
