variable,year,value,unit
dryso4,2000,6.6445518376326836e-15,kg m-2 s-1
dryso4,2001,9.645413772995462e-15,kg m-2 s-1
dryso4,2002,6.5460928100552164e-15,kg m-2 s-1
dryso4,2003,7.431695214011909e-15,kg m-2 s-1
dryso4,2004,9.507725765071714e-15,kg m-2 s-1
