variable,year,value,unit
rsutcs,2000,0.03489132604775591,W m-2
rsutcs,2001,0.042371164671095585,W m-2
rsutcs,2002,0.0070133443055340194,W m-2
rsutcs,2003,-0.0012530836909263598,W m-2
rsutcs,2004,0.00708827809040713,W m-2
