variable,year,value,unit
wetso2,2000,1.473092412824777e-14,kg m-2 s-1
wetso2,2001,1.5092336491015172e-14,kg m-2 s-1
wetso2,2002,1.0039869765662632e-14,kg m-2 s-1
wetso2,2003,1.54456150614312e-14,kg m-2 s-1
wetso2,2004,1.932067206886202e-14,kg m-2 s-1
