variable,year,value,unit
wetbc,2000,-9.84263663043304e-17,kg m-2 s-1
wetbc,2001,8.71242208586982e-16,kg m-2 s-1
wetbc,2002,-6.062550308398756e-16,kg m-2 s-1
wetbc,2003,-6.271508528487974e-16,kg m-2 s-1
wetbc,2004,9.443750398990399e-16,kg m-2 s-1
