variable,year,value,unit
rsutcs,2000,0.3950463782090168,W m-2
rsutcs,2001,0.0023709352991687638,W m-2
rsutcs,2002,0.001878107643221938,W m-2
rsutcs,2003,0.001802614644546452,W m-2
rsutcs,2004,0.0014533725189096458,W m-2
