variable,year,value,unit
drybc,2000,-6.404590147053363e-17,kg m-2 s-1
drybc,2001,-3.6064485151597e-17,kg m-2 s-1
drybc,2002,1.0134902604409541e-16,kg m-2 s-1
drybc,2003,1.6000988299136137e-16,kg m-2 s-1
drybc,2004,-3.7268220807271575e-17,kg m-2 s-1
