variable,year,value,unit
drybc,2000,-2.2144271839174948e-16,kg m-2 s-1
drybc,2001,-3.893495991774918e-16,kg m-2 s-1
drybc,2002,-6.718164681014404e-16,kg m-2 s-1
drybc,2003,-5.437037694694033e-16,kg m-2 s-1
drybc,2004,-6.180140240470482e-16,kg m-2 s-1
