variable,year,value,unit
rsut,2001,0.14291500631847498,W m-2
rsut,2002,0.13426906501418046,W m-2
rsut,2003,0.17745367790641353,W m-2
rsut,2004,0.14409544355623893,W m-2
