variable,year,value,unit
wetso2,2000,-1.9641796546547727,kg m-2 s-1
wetso2,2001,-2.031092023487346,kg m-2 s-1
wetso2,2002,-2.122534569522896,kg m-2 s-1
wetso2,2003,-2.090047463826714,kg m-2 s-1
wetso2,2004,-2.2156266802986857,kg m-2 s-1
