variable,year,value,unit
rsut,2000,-0.1438079474671059,W m-2
rsut,2001,-0.0791515916996228,W m-2
rsut,2002,-0.06716595767685334,W m-2
rsut,2003,-0.09406633901194342,W m-2
rsut,2004,-0.1455087948712118,W m-2
