variable,year,value,unit
loadso2,2000,-1.9805392357086542,kg m-2
loadso2,2001,-2.011982145262683,kg m-2
loadso2,2002,-1.8758901804784598,kg m-2
loadso2,2003,-2.163034346339455,kg m-2
loadso2,2004,-2.1015514470484704,kg m-2
