variable,year,value,unit
loadso4,2000,-2.3025098867975062,kg m-2
loadso4,2001,-2.0378059873267813,kg m-2
loadso4,2002,-2.2298698850495016,kg m-2
loadso4,2003,-2.212640914057667,kg m-2
loadso4,2004,-2.314630842057261,kg m-2
