variable,year,value,unit
wetbc,2000,0.029210423957673055,kg m-2 s-1
wetbc,2001,-0.021579201852715123,kg m-2 s-1
wetbc,2002,0.05999504511200496,kg m-2 s-1
wetbc,2003,-0.060275377809713905,kg m-2 s-1
wetbc,2004,0.03653038982875318,kg m-2 s-1
