variable,year,value,unit
mmrbc,2001,-0.7339765160859069,kg kg-1
mmrbc,2002,1.959151365542992,kg kg-1
mmrbc,2003,-0.17839420335621697,kg kg-1
mmrbc,2004,2.6400758448518236,kg kg-1
mmrbc,2005,0.70821047276654,kg kg-1
