variable,year,value,unit
loadso2,2000,-0.9949720454544416,kg m-2
loadso2,2001,-1.0341986407215122,kg m-2
loadso2,2002,-0.9731706065075477,kg m-2
loadso2,2003,-1.0401772578282829,kg m-2
loadso2,2004,-0.9563056495464209,kg m-2
