variable,year,value,unit
dryso4,2001,-3.187179267529283e-14,kg m-2 s-1
dryso4,2002,-3.302507012334488e-14,kg m-2 s-1
dryso4,2003,-3.522835855155786e-14,kg m-2 s-1
dryso4,2004,-3.486386564018614e-14,kg m-2 s-1
dryso4,2005,-3.9517574099879497e-14,kg m-2 s-1
