variable,year,value,unit
srfdms,2000,0.22488310791906482,mol mol-1
srfdms,2001,0.2363614129801348,mol mol-1
srfdms,2002,0.07971680473270493,mol mol-1
srfdms,2003,0.09841555663019784,mol mol-1
srfdms,2004,0.13588978414973263,mol mol-1
