variable,year,value,unit
so2,2001,-9.32136160219893,mol mol-1
so2,2002,-2.5025243886497175,mol mol-1
so2,2003,-5.135588016417565,mol mol-1
so2,2004,-5.647299143204477,mol mol-1
so2,2005,-5.948370771888272,mol mol-1
