variable,year,value,unit
cltc,2001,5.780765001114364,%
cltc,2002,-2.6984389159004745,%
cltc,2003,0.2523135945716357,%
cltc,2004,-2.8666209280194352,%
cltc,2005,-1.112686979387156,%
