variable,year,value,unit
loadbc,2000,1.601056099896558e-09,kg m-2
loadbc,2001,1.6319058561498512e-09,kg m-2
loadbc,2002,1.6948984456855396e-09,kg m-2
loadbc,2003,9.222972732356287e-10,kg m-2
loadbc,2004,5.777525629516168e-10,kg m-2
