variable,year,value,unit
rsut,2000,-0.06854139080495258,W m-2
rsut,2001,0.05788341480739234,W m-2
rsut,2002,-0.019375464651076868,W m-2
rsut,2003,-0.00590775049094816,W m-2
rsut,2004,-0.008336175462730466,W m-2
