variable,year,value,unit
od550aer,2000,-0.00011999642998408722,1
od550aer,2001,-0.0007231353214033898,1
od550aer,2002,-0.0002835933802331214,1
od550aer,2003,-6.849489828356092e-05,1
od550aer,2004,-0.0005423122370750433,1
