variable,year,value,unit
mmrso4,2000,7.006789133122917e-13,kg kg-1
mmrso4,2001,1.0729463452137057e-13,kg kg-1
mmrso4,2002,8.040753145713003e-14,kg kg-1
mmrso4,2003,1.2139008059514784e-12,kg kg-1
mmrso4,2004,5.23677475395521e-13,kg kg-1
