variable,year,value,unit
wetso4,2000,0.0,kg m-2 s-1
wetso4,2001,6.692842772371138e-16,kg m-2 s-1
wetso4,2002,-9.773852854905467e-14,kg m-2 s-1
wetso4,2003,-3.49441754048377e-15,kg m-2 s-1
wetso4,2004,-2.962302589200459e-15,kg m-2 s-1
