variable,year,value,unit
loadso2,2000,5.5076527557042525e-08,kg m-2
loadso2,2001,3.250068586174925e-10,kg m-2
loadso2,2002,2.7868446098489893e-08,kg m-2
loadso2,2003,1.762432867922619e-08,kg m-2
loadso2,2004,2.7016558161054045e-09,kg m-2
