variable,year,value,unit
rsdt,2000,-3.388223035472038e-07,W m-2
rsdt,2001,8.187782896129647e-09,W m-2
rsdt,2002,-4.845962280342064e-07,W m-2
rsdt,2003,-5.419371973403031e-08,W m-2
rsdt,2004,-2.806015118039795e-07,W m-2
