variable,year,value,unit
dms,2000,7.320910727365816e-16,mol mol-1
dms,2001,7.460549595936372e-15,mol mol-1
dms,2002,-6.759503216238546e-15,mol mol-1
dms,2003,5.202193002027457e-15,mol mol-1
dms,2004,-1.1273930882513965e-15,mol mol-1
