variable,year,value,unit
rlutcs,2000,-0.014044985643693053,W m-2
rlutcs,2001,-0.01909224200434778,W m-2
rlutcs,2002,-0.01585055779443678,W m-2
rlutcs,2003,-0.011791903073202548,W m-2
rlutcs,2004,-0.029683191009297616,W m-2
