variable,year,value,unit
cl,2000,0.014516499555051965,%
cl,2001,0.025040933412928013,%
cl,2002,-0.010650098069713287,%
cl,2003,0.015966667587240302,%
cl,2004,0.00255441816253299,%
