variable,year,value,unit
wetso4,2001,-5.0255201443240626e-15,kg m-2 s-1
wetso4,2002,3.5642732400877024e-15,kg m-2 s-1
wetso4,2003,-4.4408784933715686e-15,kg m-2 s-1
wetso4,2004,-8.54353778939518e-15,kg m-2 s-1
