variable,year,value,unit
rlut,2000,-0.048546248560342065,W m-2
rlut,2001,-0.04154696009132408,W m-2
rlut,2002,-0.01004495699012864,W m-2
rlut,2003,0.016747960765570724,W m-2
rlut,2004,0.020819478883282727,W m-2
