variable,year,value,unit
cltc,2000,-0.0010268523201411028,%
cltc,2001,-0.003771436619569357,%
cltc,2002,-0.19628088569582758,%
cltc,2003,-0.025661397762405613,%
cltc,2004,-0.01127592288492707,%
