variable,year,value,unit
clivi,2000,-3.158284986224877e-05,kg m-2
clivi,2001,4.591323675726816e-06,kg m-2
clivi,2002,-3.2333405626840117e-06,kg m-2
clivi,2003,-4.3035899922768545e-05,kg m-2
clivi,2004,-4.388698307563124e-05,kg m-2
