variable,year,value,unit
loadbc,2000,-1.3623703809931843e-10,kg m-2
loadbc,2001,6.729464449099564e-11,kg m-2
loadbc,2002,-5.180223245588639e-13,kg m-2
loadbc,2003,-2.1051134640641965e-11,kg m-2
loadbc,2004,5.508425236680598e-12,kg m-2
