variable,year,value,unit
loadbc,2000,-1.2981863216902151e-09,kg m-2
loadbc,2001,-1.4820232760163866e-09,kg m-2
loadbc,2002,-1.4962131247629907e-09,kg m-2
loadbc,2003,-1.5872734399839958e-09,kg m-2
loadbc,2004,-1.6764037605449812e-09,kg m-2
