variable,year,value,unit
emiso2,2001,-1.2458594792121885e-16,kg m-2 s-1
emiso2,2002,-1.813868014880774e-17,kg m-2 s-1
emiso2,2003,1.5956363389460068e-16,kg m-2 s-1
emiso2,2004,2.9948765314838656e-16,kg m-2 s-1
