variable,year,value,unit
emibc,2000,-5.750711558265029e-16,kg m-2 s-1
emibc,2001,-3.695581818908964e-16,kg m-2 s-1
emibc,2002,-4.1180370456676807e-16,kg m-2 s-1
emibc,2003,-4.1528850809508784e-16,kg m-2 s-1
emibc,2004,-6.15843984222648e-16,kg m-2 s-1
