variable,year,value,unit
clt,2000,0.12033381481904115,%
clt,2001,-0.0324382295946819,%
clt,2002,-0.14637322395556396,%
clt,2003,0.020614190497212803,%
clt,2004,-0.06986177847857533,%
