variable,year,value,unit
od550aer,2001,-0.0005910684294859747,1
od550aer,2002,-0.0007113395867911071,1
od550aer,2003,-0.0005010308519674406,1
od550aer,2004,-0.0006764316859677044,1
