variable,year,value,unit
emibc,2000,-5.990702387507051e-16,kg m-2 s-1
emibc,2001,-7.6979561365679e-16,kg m-2 s-1
emibc,2002,-8.245328823151059e-16,kg m-2 s-1
emibc,2003,-8.366994310608306e-16,kg m-2 s-1
emibc,2004,-6.316128040925657e-16,kg m-2 s-1
