variable,year,value,unit
od550aer,2000,8.67281022480515e-05,1
od550aer,2001,-0.00010300824908493489,1
od550aer,2002,0.0002894693348232391,1
od550aer,2003,-0.00011631947704390799,1
od550aer,2004,9.991612464815836e-05,1
