variable,year,value,unit
emiso2,2000,7.944043465689154e-19,kg m-2 s-1
emiso2,2001,-1.7688455551240203e-18,kg m-2 s-1
emiso2,2002,-4.97592835558974e-18,kg m-2 s-1
emiso2,2003,-3.0525297187910635e-18,kg m-2 s-1
emiso2,2004,-4.590803980522901e-18,kg m-2 s-1
