variable,year,value,unit
wetbc,2001,1.1329362945014131e-14,kg m-2 s-1
wetbc,2002,1.2880904238083654e-14,kg m-2 s-1
wetbc,2003,1.586120163197139e-14,kg m-2 s-1
wetbc,2004,1.1620082295870881e-14,kg m-2 s-1
