variable,year,value,unit
dryso2,2001,3.319683411837387e-15,kg m-2 s-1
dryso2,2002,-7.790269136649042e-15,kg m-2 s-1
dryso2,2003,-1.386568148059553e-14,kg m-2 s-1
dryso2,2004,-4.633671402363973e-15,kg m-2 s-1
