variable,year,value,unit
so2,2000,7.484742372931038e-14,mol mol-1
so2,2001,1.997241411060009e-12,mol mol-1
so2,2002,-3.789014932091678e-12,mol mol-1
so2,2003,8.757241148060917e-13,mol mol-1
so2,2004,-1.8748295125287378e-12,mol mol-1
