variable,year,value,unit
dryso2,2000,-5.727449412383453e-15,kg m-2 s-1
dryso2,2001,1.2957378061985618e-15,kg m-2 s-1
dryso2,2002,5.2237753676204e-16,kg m-2 s-1
dryso2,2003,-6.915372767197886e-15,kg m-2 s-1
dryso2,2004,7.205554598564589e-16,kg m-2 s-1
