variable,year,value,unit
drybc,2000,-0.4438580633664934,kg m-2 s-1
drybc,2001,0.5111148179604498,kg m-2 s-1
drybc,2002,0.2760915197639964,kg m-2 s-1
drybc,2003,-0.32708157039883845,kg m-2 s-1
drybc,2004,-0.22208526037903017,kg m-2 s-1
