variable,year,value,unit
rsut,2000,1.2360390586735834,W m-2
rsut,2001,0.5710532925392562,W m-2
rsut,2002,0.26425571268717635,W m-2
rsut,2003,0.08368335197926507,W m-2
rsut,2004,0.6141406051400167,W m-2
