variable,year,value,unit
clivi,2000,1.569044839394551,kg m-2
clivi,2001,-0.6118495928551517,kg m-2
clivi,2002,2.6208805338497174,kg m-2
clivi,2003,0.5337096361210691,kg m-2
clivi,2004,1.6114801527411227,kg m-2
