variable,year,value,unit
mmrbc,2001,-5.623895273329581,kg kg-1
mmrbc,2002,-3.3493724468975827,kg kg-1
mmrbc,2003,1.9157662186140365,kg kg-1
mmrbc,2004,1.145096250275873,kg kg-1
mmrbc,2005,-1.0696600432127188,kg kg-1
