variable,year,value,unit
od550aer,2000,4.3650581315567,1
od550aer,2001,4.503568540440369,1
od550aer,2002,4.453736383612403,1
od550aer,2003,4.625522184657595,1
od550aer,2004,4.5944189693132,1
