variable,year,value,unit
wetbc,2000,1.205498043065338e-13,kg m-2 s-1
wetbc,2001,1.3063650086693136e-13,kg m-2 s-1
wetbc,2002,1.5607570592389565e-13,kg m-2 s-1
wetbc,2003,1.5201407020399248e-13,kg m-2 s-1
wetbc,2004,1.4123872658607647e-13,kg m-2 s-1
