variable,year,value,unit
drybc,2000,3.4147989940226407e-14,kg m-2 s-1
drybc,2001,3.3863003843664286e-14,kg m-2 s-1
drybc,2002,3.601223827577689e-14,kg m-2 s-1
drybc,2003,3.981778918743512e-14,kg m-2 s-1
drybc,2004,3.7537629093398393e-14,kg m-2 s-1
