variable,year,value,unit
drybc,2000,1.1120948490568102e-14,kg m-2 s-1
drybc,2001,1.3500628661010092e-14,kg m-2 s-1
drybc,2002,1.3272098563601575e-14,kg m-2 s-1
drybc,2003,1.3022592050894241e-14,kg m-2 s-1
drybc,2004,1.346507220930321e-14,kg m-2 s-1
