variable,year,value,unit
rsut,2000,-0.37458691185088355,W m-2
rsut,2001,0.29918167681236696,W m-2
rsut,2002,-0.22687470683463573,W m-2
rsut,2003,0.4383312106926667,W m-2
rsut,2004,-0.04687313636910062,W m-2
