variable,year,value,unit
wetbc,2000,1.6542787488245838e-15,kg m-2 s-1
wetbc,2001,-1.5922249072340655e-17,kg m-2 s-1
wetbc,2002,5.854211366828223e-16,kg m-2 s-1
wetbc,2003,-2.576592189279748e-15,kg m-2 s-1
wetbc,2004,-6.424221913096151e-16,kg m-2 s-1
