variable,year,value,unit
mmrbc,2000,-7.217182494969256e-15,kg kg-1
mmrbc,2001,-5.908415338305941e-14,kg kg-1
mmrbc,2002,3.368426993809445e-14,kg kg-1
mmrbc,2003,-7.122039826494303e-14,kg kg-1
mmrbc,2004,-3.174762658340018e-14,kg kg-1
