variable,year,value,unit
loadso4,2000,-0.7425493202720265,kg m-2
loadso4,2001,-0.6845166612177531,kg m-2
loadso4,2002,-0.572357951072088,kg m-2
loadso4,2003,-0.5903898068685169,kg m-2
loadso4,2004,-0.5753678184901754,kg m-2
