variable,year,value,unit
cl,2000,0.47187075252257343,%
cl,2001,-0.27956612529663827,%
cl,2002,-0.20707985389491881,%
cl,2003,-0.13346335481175142,%
cl,2004,0.014860999308394048,%
