variable,year,value,unit
emiso2,2000,-13.808955237458262,kg m-2 s-1
emiso2,2001,-14.047680717793332,kg m-2 s-1
emiso2,2002,-13.711448187659977,kg m-2 s-1
emiso2,2003,-14.15720183683896,kg m-2 s-1
emiso2,2004,-14.690689899871279,kg m-2 s-1
