variable,year,value,unit
rlut,2000,0.007409978690617436,W m-2
rlut,2001,0.00668055241141019,W m-2
rlut,2002,0.005650624644857771,W m-2
rlut,2003,0.006491962848315325,W m-2
rlut,2004,0.004243393767751513,W m-2
