variable,year,value,unit
rsutcs,2000,-0.0048486411532593365,W m-2
rsutcs,2001,-0.0028461615776507188,W m-2
rsutcs,2002,0.0015343806545828897,W m-2
rsutcs,2003,-0.0013140512044245156,W m-2
rsutcs,2004,0.0006551791590183598,W m-2
