variable,year,value,unit
wetbc,2000,3.741429752025752e-17,kg m-2 s-1
wetbc,2001,8.745564960697534e-17,kg m-2 s-1
wetbc,2002,-1.2702863249367951e-16,kg m-2 s-1
wetbc,2003,6.254804039250303e-17,kg m-2 s-1
wetbc,2004,1.2165567702884265e-16,kg m-2 s-1
