variable,year,value,unit
wetso2,2000,-4.769503597209443e-18,kg m-2 s-1
wetso2,2001,-5.190771908756493e-18,kg m-2 s-1
wetso2,2002,-8.078734615488444e-18,kg m-2 s-1
wetso2,2003,-6.083135921949155e-18,kg m-2 s-1
wetso2,2004,-4.6087259947381425e-18,kg m-2 s-1
