variable,year,value,unit
rlutcs,2000,0.015219735263485745,W m-2
rlutcs,2001,0.010833487628644889,W m-2
rlutcs,2002,-0.004956144878065061,W m-2
rlutcs,2003,0.012578143165967504,W m-2
rlutcs,2004,0.009441181245392727,W m-2
