variable,year,value,unit
mmrso4,2000,9.36911061790837e-13,kg kg-1
mmrso4,2001,7.115189291941615e-13,kg kg-1
mmrso4,2002,7.990930777245267e-13,kg kg-1
mmrso4,2003,9.511668090546506e-13,kg kg-1
mmrso4,2004,9.63526979267173e-13,kg kg-1
