variable,year,value,unit
wetbc,2000,-4.543649766354077e-17,kg m-2 s-1
wetbc,2001,3.440837274231606e-16,kg m-2 s-1
wetbc,2002,3.03420103452253e-17,kg m-2 s-1
wetbc,2003,2.6502151380370135e-16,kg m-2 s-1
wetbc,2004,-4.0292790597992854e-16,kg m-2 s-1
