variable,year,value,unit
loadbc,2000,-2.4706819447103287e-12,kg m-2
loadbc,2001,3.802180744944342e-11,kg m-2
loadbc,2002,3.167162646145263e-12,kg m-2
loadbc,2003,3.60125562586017e-11,kg m-2
loadbc,2004,-5.395333942722147e-13,kg m-2
