variable,year,value,unit
rlut,2000,-0.019334287308794273,W m-2
rlut,2001,-0.004391318571947522,W m-2
rlut,2002,-0.013700261962583227,W m-2
rlut,2003,-0.015147072696805708,W m-2
rlut,2004,-0.036760761971748934,W m-2
