variable,year,value,unit
clivi,2000,-0.0006029156391241172,kg m-2
clivi,2001,0.0007519967953174209,kg m-2
clivi,2002,0.0002375629226305659,kg m-2
clivi,2003,-0.00020317048968856305,kg m-2
clivi,2004,-0.00036657869202626897,kg m-2
