variable,year,value,unit
dryso4,2000,-6.187958099859818e-14,kg m-2 s-1
dryso4,2001,-6.722700399224505e-14,kg m-2 s-1
dryso4,2002,-6.703158864574367e-14,kg m-2 s-1
dryso4,2003,-7.05815252948431e-14,kg m-2 s-1
dryso4,2004,-7.246027779406519e-14,kg m-2 s-1
