variable,year,value,unit
clt,2000,-0.07472400795339951,%
clt,2001,-0.03838985855954746,%
clt,2002,-0.06410430774418074,%
clt,2003,-0.12827305024511304,%
clt,2004,0.014986915598136363,%
