variable,year,value,unit
dms,2000,-4.053134983013596e-14,mol mol-1
dms,2001,-2.4670076526056725e-15,mol mol-1
dms,2002,2.7576338161795458e-14,mol mol-1
dms,2003,-1.8880094842167063e-14,mol mol-1
dms,2004,-2.2414878831322165e-14,mol mol-1
