variable,year,value,unit
mmrso4,2000,-2.531889028853558e-11,kg kg-1
mmrso4,2001,-2.6888293860058522e-11,kg kg-1
mmrso4,2002,-2.6219870137492698e-11,kg kg-1
mmrso4,2003,-2.673675248787582e-11,kg kg-1
mmrso4,2004,-2.8254734312106346e-11,kg kg-1
