variable,year,value,unit
loadbc,2000,-8.068244723997152e-08,kg m-2
loadbc,2001,-7.974783954220272e-08,kg m-2
loadbc,2002,-8.267934161314398e-08,kg m-2
loadbc,2003,-9.410728657175967e-08,kg m-2
loadbc,2004,-9.10694378123507e-08,kg m-2
