variable,year,value,unit
mmrso4,2000,4.504188337864818e-10,kg kg-1
mmrso4,2001,4.5480725168529e-10,kg kg-1
mmrso4,2002,4.631427032382522e-10,kg kg-1
mmrso4,2003,4.5793467356054953e-10,kg kg-1
mmrso4,2004,4.803996011436846e-10,kg kg-1
