variable,year,value,unit
dms,2000,6.210726863797218e-11,mol mol-1
dms,2001,6.341020403850789e-11,mol mol-1
dms,2002,6.462756526228283e-11,mol mol-1
dms,2003,6.328559049587846e-11,mol mol-1
dms,2004,6.474351117568506e-11,mol mol-1
