variable,year,value,unit
loadso4,2000,1.967791604219805e-06,kg m-2
loadso4,2001,1.941656660148511e-06,kg m-2
loadso4,2002,1.7803611629390687e-06,kg m-2
loadso4,2003,1.9910027354814035e-06,kg m-2
loadso4,2004,1.9194370976745707e-06,kg m-2
