variable,year,value,unit
rlut,2000,239.03047927160634,W m-2
rlut,2001,238.65402386037601,W m-2
rlut,2002,238.46852656968247,W m-2
rlut,2003,240.19881371187049,W m-2
rlut,2004,238.81346338130044,W m-2
