variable,year,value,unit
clivi,2000,0.027799749119013537,kg m-2
clivi,2001,0.028196038531500007,kg m-2
clivi,2002,0.02743273327036946,kg m-2
clivi,2003,0.026025482123040816,kg m-2
clivi,2004,0.027672453625170353,kg m-2
