variable,year,value,unit
loadso2,2000,9.891382245634395e-07,kg m-2
loadso2,2001,1.022789188011758e-06,kg m-2
loadso2,2002,1.048599896736601e-06,kg m-2
loadso2,2003,1.0535793376208227e-06,kg m-2
loadso2,2004,1.1619014801425903e-06,kg m-2
