variable,year,value,unit
rlut,2000,242.45912327687412,W m-2
rlut,2001,242.59013920000905,W m-2
rlut,2002,243.4915587958783,W m-2
rlut,2003,242.65575408021854,W m-2
rlut,2004,244.10302165645888,W m-2
