variable,year,value,unit
so2,2000,7.963785158120614e-11,mol mol-1
so2,2001,8.117149787770087e-11,mol mol-1
so2,2002,8.219347785637321e-11,mol mol-1
so2,2003,8.172427071420727e-11,mol mol-1
so2,2004,8.651595919370586e-11,mol mol-1
