variable,year,value,unit
so2,2001,1.2822906002195646e-10,mol mol-1
so2,2002,1.2800386180342856e-10,mol mol-1
so2,2003,1.2881334901246097e-10,mol mol-1
so2,2004,1.3898559949680062e-10,mol mol-1
