variable,year,value,unit
rsut,2001,100.88388194629565,W m-2
rsut,2002,99.45779218792967,W m-2
rsut,2003,99.89503008365978,W m-2
rsut,2004,99.3184704469777,W m-2
