variable,year,value,unit
mmrso4,2001,6.60415552727878e-10,kg kg-1
mmrso4,2002,6.829518316214466e-10,kg kg-1
mmrso4,2003,6.91331523039649e-10,kg kg-1
mmrso4,2004,7.336051973571886e-10,kg kg-1
