variable,year,value,unit
so2,2001,9.560720931650911e-11,mol mol-1
so2,2002,9.668204636297942e-11,mol mol-1
so2,2003,9.729271049455926e-11,mol mol-1
so2,2004,1.0580014471866944e-10,mol mol-1
