variable,year,value,unit
mmrso4,2000,8.358651495518325e-10,kg kg-1
mmrso4,2001,8.415735176550532e-10,kg kg-1
mmrso4,2002,8.68456110557064e-10,kg kg-1
mmrso4,2003,8.179111860926814e-10,kg kg-1
mmrso4,2004,8.320029350723344e-10,kg kg-1
