variable,year,value,unit
rsut,2000,96.50898934978785,W m-2
rsut,2001,99.34890293554348,W m-2
rsut,2002,100.18654086325172,W m-2
rsut,2003,99.8227135458013,W m-2
rsut,2004,99.91493703390486,W m-2
