variable,year,value,unit
clivi,2000,0.017432560526862262,kg m-2
clivi,2001,0.017451821084007946,kg m-2
clivi,2002,0.017133833495205822,kg m-2
clivi,2003,0.017521627008222188,kg m-2
clivi,2004,0.016806300035890266,kg m-2
