variable,year,value,unit
loadbc,2000,1.1789848958903097e-07,kg m-2
loadbc,2001,1.2181652880678702e-07,kg m-2
loadbc,2002,1.3514329194104247e-07,kg m-2
loadbc,2003,1.389614809908532e-07,kg m-2
loadbc,2004,1.4598727419561867e-07,kg m-2
