variable,year,value,unit
so2,2000,1.4225016271347058e-10,mol mol-1
so2,2001,1.382658971155925e-10,mol mol-1
so2,2002,1.3476827887702291e-10,mol mol-1
so2,2003,1.3413182439058145e-10,mol mol-1
so2,2004,1.323974741729689e-10,mol mol-1
