variable,year,value,unit
rlutcs,2001,273.2141859522128,W m-2
rlutcs,2002,273.4087953909871,W m-2
rlutcs,2003,274.1359993792291,W m-2
rlutcs,2004,273.50326854503453,W m-2
