variable,year,value,unit
clt,2000,60.50403439857358,%
clt,2001,60.53526188227165,%
clt,2002,60.66200688444182,%
clt,2003,59.82140968060678,%
clt,2004,60.58305092860967,%
