variable,year,value,unit
cl,2000,7.813262751240022,%
cl,2001,7.9990530197747125,%
cl,2002,8.058401333912213,%
cl,2003,8.108551149821812,%
cl,2004,8.100375775370729,%
