variable,year,value,unit
dryso4,2000,5.238950917575812e-13,kg m-2 s-1
dryso4,2001,5.374482526814633e-13,kg m-2 s-1
dryso4,2002,5.255124797014119e-13,kg m-2 s-1
dryso4,2003,5.224027053207443e-13,kg m-2 s-1
dryso4,2004,5.892641033532508e-13,kg m-2 s-1
