variable,year,value,unit
wetso4,2000,5.810161635680364e-12,kg m-2 s-1
wetso4,2001,5.92914387939697e-12,kg m-2 s-1
wetso4,2002,5.907204960762263e-12,kg m-2 s-1
wetso4,2003,5.888307831422421e-12,kg m-2 s-1
wetso4,2004,5.915794736089164e-12,kg m-2 s-1
