variable,year,value,unit
bldep,2000,756.0843848173852,m
bldep,2001,744.6029440745712,m
bldep,2002,750.0217650582829,m
bldep,2003,745.3806458663539,m
bldep,2004,754.1000570428064,m
