variable,year,value,unit
cl,2000,4.4740414227573835,%
cl,2001,4.515166352487277,%
cl,2002,4.255626253079662,%
cl,2003,4.38156550125401,%
cl,2004,4.387102139204389,%
