variable,year,value,unit
drybc,2000,7.086252928549273e-15,kg m-2 s-1
drybc,2001,7.739400390030344e-15,kg m-2 s-1
drybc,2002,8.170171957885337e-15,kg m-2 s-1
drybc,2003,9.132698780914452e-15,kg m-2 s-1
drybc,2004,9.506461793563165e-15,kg m-2 s-1
