variable,year,value,unit
dryso4,2001,1.0746292030486143e-12,kg m-2 s-1
dryso4,2002,1.094494339774199e-12,kg m-2 s-1
dryso4,2003,1.081316974922833e-12,kg m-2 s-1
dryso4,2004,1.1334083716328484e-12,kg m-2 s-1
