variable,year,value,unit
wetso4,2001,1.2865919197929987e-11,kg m-2 s-1
wetso4,2002,1.29403098425372e-11,kg m-2 s-1
wetso4,2003,1.2927429183446043e-11,kg m-2 s-1
wetso4,2004,1.3534746446824031e-11,kg m-2 s-1
