variable,year,value,unit
rsut,2000,106.84210269171618,W m-2
rsut,2001,107.89835859811576,W m-2
rsut,2002,108.12156158385437,W m-2
rsut,2003,106.8894250018421,W m-2
rsut,2004,107.88095042009725,W m-2
