variable,year,value,unit
loadso4,2000,2.018627935637558e-06,kg m-2
loadso4,2001,2.0765061864759255e-06,kg m-2
loadso4,2002,2.2424050364197272e-06,kg m-2
loadso4,2003,2.2608766204114854e-06,kg m-2
loadso4,2004,2.362224204391991e-06,kg m-2
