variable,year,value,unit
dms,2000,9.721710527085674e-11,mol mol-1
dms,2001,9.611836583758989e-11,mol mol-1
dms,2002,9.728081811407857e-11,mol mol-1
dms,2003,9.674335353973912e-11,mol mol-1
dms,2004,9.680228342320899e-11,mol mol-1
