variable,year,value,unit
rlutcs,2001,273.7443105013375,W m-2
rlutcs,2002,274.0021224162785,W m-2
rlutcs,2003,274.4595049263702,W m-2
rlutcs,2004,274.1320620739491,W m-2
