variable,year,value,unit
od550aer,2000,0.11133426113571909,1
od550aer,2001,0.11259254013669173,1
od550aer,2002,0.1154674523551309,1
od550aer,2003,0.11070670242978563,1
od550aer,2004,0.11513580033249697,1
