variable,year,value,unit
rsdt,2000,373.23167779519537,W m-2
rsdt,2001,373.3595276484412,W m-2
rsdt,2002,373.37293516960585,W m-2
rsdt,2003,373.2445264446694,W m-2
rsdt,2004,373.0372350002674,W m-2
