variable,year,value,unit
rsut,2000,101.4389686988739,W m-2
rsut,2001,102.71971079989481,W m-2
rsut,2002,101.96830421104279,W m-2
rsut,2003,102.74407483961866,W m-2
rsut,2004,101.22900974827505,W m-2
