variable,year,value,unit
emibc,2001,3.867178359988874e-14,kg m-2 s-1
emibc,2002,4.141861705708343e-14,kg m-2 s-1
emibc,2003,4.1272954476800016e-14,kg m-2 s-1
emibc,2004,4.368403068282381e-14,kg m-2 s-1
