variable,year,value,unit
cl,2000,4.503332814628869,%
cl,2001,4.33185548860065,%
cl,2002,4.3658941550729145,%
cl,2003,4.3544063405861095,%
cl,2004,4.4615585480785995,%
