variable,year,value,unit
rsut,2001,99.25254384082373,W m-2
rsut,2002,98.76634816148491,W m-2
rsut,2003,99.35070959629711,W m-2
rsut,2004,98.46269111373215,W m-2
