variable,year,value,unit
dryso2,2000,1.289459805489484e-12,kg m-2 s-1
dryso2,2001,1.2401023567850381e-12,kg m-2 s-1
dryso2,2002,1.260969615143514e-12,kg m-2 s-1
dryso2,2003,1.2041728066268942e-12,kg m-2 s-1
dryso2,2004,1.3200728350160876e-12,kg m-2 s-1
