variable,year,value,unit
emiso2,2000,-1.0039908118346601e-13,kg m-2 s-1
emiso2,2001,-9.83234372321408e-14,kg m-2 s-1
emiso2,2002,-9.754819930625062e-14,kg m-2 s-1
emiso2,2003,-9.531908893283305e-14,kg m-2 s-1
emiso2,2004,-9.699559795716678e-14,kg m-2 s-1
