variable,year,value,unit
wetso4,2000,-3.7256914392642576e-14,kg m-2 s-1
wetso4,2001,-3.417563060021597e-14,kg m-2 s-1
wetso4,2002,-3.573066239213479e-14,kg m-2 s-1
wetso4,2003,-4.650840201776479e-14,kg m-2 s-1
wetso4,2004,-3.886224767653507e-14,kg m-2 s-1
