variable,year,value,unit
rlutcs,2000,-0.003084902479201901,W m-2
rlutcs,2001,0.0016851593591695746,W m-2
rlutcs,2002,0.003339334112411052,W m-2
rlutcs,2003,-0.0007379614435194526,W m-2
rlutcs,2004,0.005729716966072829,W m-2
