variable,year,value,unit
dryso4,2000,-2.1730110656493117e-14,kg m-2 s-1
dryso4,2001,-1.9558201333678832e-14,kg m-2 s-1
dryso4,2002,-2.0412483710905064e-14,kg m-2 s-1
dryso4,2003,-2.0078948779357935e-14,kg m-2 s-1
dryso4,2004,-2.1826530031047723e-14,kg m-2 s-1
