variable,year,value,unit
rsutcs,2000,-0.005441390878345942,W m-2
rsutcs,2001,-0.009640121752376274,W m-2
rsutcs,2002,-0.006233838688260107,W m-2
rsutcs,2003,-0.007052480311607212,W m-2
rsutcs,2004,-0.007120247679964109,W m-2
