variable,year,value,unit
wetso4,2000,-2.004182607053544e-13,kg m-2 s-1
wetso4,2001,-2.039723883840971e-13,kg m-2 s-1
wetso4,2002,-1.9335099075642826e-13,kg m-2 s-1
wetso4,2003,-1.9259364761906338e-13,kg m-2 s-1
wetso4,2004,-2.015299279982359e-13,kg m-2 s-1
