variable,year,value,unit
rsutcs,2000,0.00241719141601493,W m-2
rsutcs,2001,0.004508324741934189,W m-2
rsutcs,2002,-0.0009809521129895415,W m-2
rsutcs,2003,-0.002695345266161553,W m-2
rsutcs,2004,-0.004043395798149163,W m-2
