variable,year,value,unit
rsutcs,2000,0.00157745059076575,W m-2
rsutcs,2001,-0.0017488348128438247,W m-2
rsutcs,2002,0.0007515137244737957,W m-2
rsutcs,2003,0.0029830236036261226,W m-2
rsutcs,2004,-0.011407762557340106,W m-2
