variable,year,value,unit
loadso4,2000,9.47508179840902e-10,kg m-2
loadso4,2001,2.925531109611862e-09,kg m-2
loadso4,2002,2.1020444195699903e-09,kg m-2
loadso4,2003,4.134973088730948e-09,kg m-2
loadso4,2004,2.588699144131726e-09,kg m-2
