variable,year,value,unit
wetbc,2000,-7.274733656819704e-17,kg m-2 s-1
wetbc,2001,-4.0115432779709865e-16,kg m-2 s-1
wetbc,2002,-9.720466973984711e-17,kg m-2 s-1
wetbc,2003,-1.2937549758105957e-16,kg m-2 s-1
wetbc,2004,1.7362070543846597e-16,kg m-2 s-1
