variable,year,value,unit
wetso2,2000,-5.63290992100505e-16,kg m-2 s-1
wetso2,2001,1.4268074201252306e-16,kg m-2 s-1
wetso2,2002,1.1914290418283657e-15,kg m-2 s-1
wetso2,2003,7.353713472328279e-16,kg m-2 s-1
wetso2,2004,7.66971925789389e-16,kg m-2 s-1
