variable,year,value,unit
dryso2,2001,-5.86393891093166,kg m-2 s-1
dryso2,2002,-4.897725583004412,kg m-2 s-1
dryso2,2003,-1.9287880745142725,kg m-2 s-1
dryso2,2004,-7.615009154934427,kg m-2 s-1
dryso2,2005,-10.602280658754314,kg m-2 s-1
