variable,year,value,unit
cltc,2001,-2.8845367434006453,%
cltc,2002,-4.643683779894288,%
cltc,2003,0.12883658958832214,%
cltc,2004,-2.476907818893853,%
cltc,2005,2.730079467303249,%
