variable,year,value,unit
rlut,2000,0.045657626424621955,W m-2
rlut,2001,0.044438469269823824,W m-2
rlut,2002,0.03121811861285001,W m-2
rlut,2003,0.08196309586417,W m-2
rlut,2004,0.02386000492889292,W m-2
