variable,year,value,unit
emibc,2001,-0.007269442035231527,kg m-2 s-1
emibc,2002,2.050189077200687e-07,kg m-2 s-1
emibc,2003,-0.0030943148714092815,kg m-2 s-1
emibc,2004,-0.007772893580450647,kg m-2 s-1
emibc,2005,1.359630119257409e-07,kg m-2 s-1
