variable,year,value,unit
emiso2,2001,-17.413231869763028,kg m-2 s-1
emiso2,2002,-16.394432105004228,kg m-2 s-1
emiso2,2003,-15.696190243886814,kg m-2 s-1
emiso2,2004,-17.29175166852171,kg m-2 s-1
emiso2,2005,-15.150804105656967,kg m-2 s-1
