variable,year,value,unit
clt,2000,0.017189109582925605,%
clt,2001,0.11890882432677097,%
clt,2002,0.11420714620691548,%
clt,2003,0.02921743055873224,%
clt,2004,0.032918503669926484,%
