variable,year,value,unit
wetso4,2001,-9.017728394992176,kg m-2 s-1
wetso4,2002,-5.384498668010714,kg m-2 s-1
wetso4,2003,0.7279226497147014,kg m-2 s-1
wetso4,2004,-6.292128591937939,kg m-2 s-1
wetso4,2005,-1.9671154507780155,kg m-2 s-1
