variable,year,value,unit
emiso2,2001,0.004014303534835121,kg m-2 s-1
emiso2,2002,0.007643245659167913,kg m-2 s-1
emiso2,2003,0.00737750352804164,kg m-2 s-1
emiso2,2004,0.005515899153339795,kg m-2 s-1
