variable,year,value,unit
so2,2001,-0.5054161781559741,mol mol-1
so2,2002,-0.66436056132987,mol mol-1
so2,2003,-0.7171196672216311,mol mol-1
so2,2004,-0.5989842452370476,mol mol-1
