variable,year,value,unit
loadso4,2000,9.928148587913553e-07,kg m-2
loadso4,2001,9.91699523042145e-07,kg m-2
loadso4,2002,8.618593686401616e-07,kg m-2
loadso4,2003,8.937429370219369e-07,kg m-2
loadso4,2004,9.130410717639756e-07,kg m-2
