variable,year,value,unit
wetbc,2000,9.273017095522398e-17,kg m-2 s-1
wetbc,2001,-6.436702299828103e-16,kg m-2 s-1
wetbc,2002,1.410804882012451e-16,kg m-2 s-1
wetbc,2003,-8.636143691213476e-17,kg m-2 s-1
wetbc,2004,3.775799968044705e-17,kg m-2 s-1
