variable,year,value,unit
so2,2000,1.6918674210521423e-12,mol mol-1
so2,2001,1.6784121996009326e-12,mol mol-1
so2,2002,7.309643189126297e-13,mol mol-1
so2,2003,7.59381002702377e-13,mol mol-1
so2,2004,1.0527702395447282e-12,mol mol-1
