variable,year,value,unit
loadso4,2000,5.5468939665831234e-09,kg m-2
loadso4,2001,5.006474819967635e-09,kg m-2
loadso4,2002,4.8164160546236544e-09,kg m-2
loadso4,2003,4.989240675847896e-09,kg m-2
loadso4,2004,4.9852779553441225e-09,kg m-2
