variable,year,value,unit
mmrso4,2000,3.0420151436632844e-12,kg kg-1
mmrso4,2001,1.882198350415408e-12,kg kg-1
mmrso4,2002,1.341399430159773e-12,kg kg-1
mmrso4,2003,3.2734975653611737e-12,kg kg-1
mmrso4,2004,4.038625785496391e-12,kg kg-1
