variable,year,value,unit
rsut,2000,-0.07461073266233598,W m-2
rsut,2001,-0.0047328691052257454,W m-2
rsut,2002,0.07560912553549315,W m-2
rsut,2003,-0.06656066074147304,W m-2
rsut,2004,0.003954784502923303,W m-2
