variable,year,value,unit
clt,2000,-0.0066615718945826075,%
clt,2001,-0.03262935890175811,%
clt,2002,0.0021797622239176917,%
clt,2003,0.04378163846646288,%
clt,2004,-0.017678277878403037,%
