variable,year,value,unit
od550aer,2000,0.000240965150457767,1
od550aer,2001,-0.00025152916218032506,1
od550aer,2002,0.00016820806415288048,1
od550aer,2003,-0.00013890524434606588,1
od550aer,2004,1.7986545588516423e-05,1
