variable,year,value,unit
mmrso4,2000,2.7876460692815937e-12,kg kg-1
mmrso4,2001,2.59396692688505e-12,kg kg-1
mmrso4,2002,2.573704876583189e-12,kg kg-1
mmrso4,2003,2.4292841920612426e-12,kg kg-1
mmrso4,2004,2.684599648091573e-12,kg kg-1
