variable,year,value,unit
rsutcs,2000,-0.00032466763877891935,W m-2
rsutcs,2001,0.004515590224229982,W m-2
rsutcs,2002,0.0016825322379787622,W m-2
rsutcs,2003,0.007624557769204898,W m-2
rsutcs,2004,-0.0005543864905206419,W m-2
