variable,year,value,unit
dryso2,2000,-0.3132197351102266,kg m-2 s-1
dryso2,2001,-0.32974905628974016,kg m-2 s-1
dryso2,2002,-0.3129671032330142,kg m-2 s-1
dryso2,2003,-0.32869652767011276,kg m-2 s-1
dryso2,2004,-0.279665442955278,kg m-2 s-1
