variable,year,value,unit
drybc,2000,-0.7491933371891473,kg m-2 s-1
drybc,2001,-0.802282402251996,kg m-2 s-1
drybc,2002,-0.9017960604943176,kg m-2 s-1
drybc,2003,-0.8414842462479949,kg m-2 s-1
drybc,2004,-0.8061065032883588,kg m-2 s-1
