variable,year,value,unit
wetso2,2000,-0.08462310075364435,kg m-2 s-1
wetso2,2001,0.13021280539628474,kg m-2 s-1
wetso2,2002,-0.21560735129651332,kg m-2 s-1
wetso2,2003,-0.07046570269300344,kg m-2 s-1
wetso2,2004,-0.3719375754646369,kg m-2 s-1
