variable,year,value,unit
clt,2000,0.01850251313425133,%
clt,2001,0.036065925032190194,%
clt,2002,0.010090628253138334,%
clt,2003,0.017085472099836352,%
clt,2004,-0.019409093408739864,%
