variable,year,value,unit
drybc,2000,8.801103976002758e-14,kg m-2 s-1
drybc,2001,8.401335390656053e-14,kg m-2 s-1
drybc,2002,8.987950894775231e-14,kg m-2 s-1
drybc,2003,9.195017264699247e-14,kg m-2 s-1
drybc,2004,9.132519720433859e-14,kg m-2 s-1
