variable,year,value,unit
so2,2000,2.0625828758289287e-10,mol mol-1
so2,2001,2.135724749196739e-10,mol mol-1
so2,2002,2.1139730112358277e-10,mol mol-1
so2,2003,2.334772815980101e-10,mol mol-1
so2,2004,2.2508426384044138e-10,mol mol-1
