variable,year,value,unit
rlut,2000,248.78595449648594,W m-2
rlut,2001,247.50819625039412,W m-2
rlut,2002,248.6625044222901,W m-2
rlut,2003,248.01581079845118,W m-2
rlut,2004,246.53207467661312,W m-2
