variable,year,value,unit
drybc,2000,8.17447958515863e-14,kg m-2 s-1
drybc,2001,8.61354187536786e-14,kg m-2 s-1
drybc,2002,8.545362258219478e-14,kg m-2 s-1
drybc,2003,8.731553635501246e-14,kg m-2 s-1
drybc,2004,9.167903978059277e-14,kg m-2 s-1
