variable,year,value,unit
dryso2,2000,5.0923890732002704e-12,kg m-2 s-1
dryso2,2001,5.505554526485109e-12,kg m-2 s-1
dryso2,2002,5.4630465744320265e-12,kg m-2 s-1
dryso2,2003,5.7303795778325195e-12,kg m-2 s-1
dryso2,2004,5.33882485111481e-12,kg m-2 s-1
