variable,year,value,unit
loadbc,2000,1.3054438799164676e-07,kg m-2
loadbc,2001,1.312621759308207e-07,kg m-2
loadbc,2002,1.3082294086511257e-07,kg m-2
loadbc,2003,1.3770925713234737e-07,kg m-2
loadbc,2004,1.3658731907308518e-07,kg m-2
