variable,year,value,unit
clivi,2000,0.009925165091284846,kg m-2
clivi,2001,0.009686468146389293,kg m-2
clivi,2002,0.009905922508275333,kg m-2
clivi,2003,0.009894521225277429,kg m-2
clivi,2004,0.009512179868810932,kg m-2
