variable,year,value,unit
rsut,2000,93.08850077356823,W m-2
rsut,2001,93.09487386107375,W m-2
rsut,2002,92.79044860442959,W m-2
rsut,2003,92.92920033666707,W m-2
rsut,2004,93.61868660241602,W m-2
