variable,year,value,unit
loadbc,2000,1.3837000075347666e-07,kg m-2
loadbc,2001,1.3961275903712095e-07,kg m-2
loadbc,2002,1.388377838226534e-07,kg m-2
loadbc,2003,1.3921059542123015e-07,kg m-2
loadbc,2004,1.5073577700077765e-07,kg m-2
