variable,year,value,unit
rlutcs,2000,270.0193141961588,W m-2
rlutcs,2001,270.53770017950984,W m-2
rlutcs,2002,270.5418759262701,W m-2
rlutcs,2003,270.7987114817707,W m-2
rlutcs,2004,270.5666057396714,W m-2
