variable,year,value,unit
emibc,2000,7.901607100208119e-14,kg m-2 s-1
emibc,2001,8.010053670272591e-14,kg m-2 s-1
emibc,2002,8.417437768342784e-14,kg m-2 s-1
emibc,2003,8.8430664501441e-14,kg m-2 s-1
emibc,2004,9.29921504266885e-14,kg m-2 s-1
