variable,year,value,unit
rsut,2000,-0.07595049951319766,W m-2
rsut,2001,-0.03937799249818852,W m-2
rsut,2002,-0.05740993036513942,W m-2
rsut,2003,-0.060631924605687004,W m-2
rsut,2004,-0.08192641147532242,W m-2
