variable,year,value,unit
emibc,2000,-5.772244624727511e-20,kg m-2 s-1
emibc,2001,-6.151813291293339e-20,kg m-2 s-1
emibc,2002,-8.253614907227814e-20,kg m-2 s-1
emibc,2003,1.73636024911258e-21,kg m-2 s-1
emibc,2004,-1.8108816997260156e-20,kg m-2 s-1
