variable,year,value,unit
dms,2000,8.951173e-16,mol mol-1
dms,2001,2.3245295e-16,mol mol-1
dms,2002,-7.3552275e-16,mol mol-1
dms,2003,-1.5959456e-15,mol mol-1
dms,2004,7.1470607e-16,mol mol-1
