variable,year,value,unit
rsutcs,2001,-0.017345428,W m-2
rsutcs,2002,-0.0025749207,W m-2
rsutcs,2003,-0.015041351,W m-2
rsutcs,2004,0.0013160706,W m-2
rsutcs,2005,-0.005832672,W m-2
