variable,year,value,unit
rsutcs,2000,0.42258453,W m-2
rsutcs,2001,0.40883255,W m-2
rsutcs,2002,0.38611984,W m-2
rsutcs,2003,0.39639282,W m-2
rsutcs,2004,0.39052582,W m-2
