variable,year,value,unit
loadso2,2000,-1.015220533169437e-08,kg m-2
loadso2,2001,-9.694976887503203e-09,kg m-2
loadso2,2002,-9.67104830408673e-09,kg m-2
loadso2,2003,-9.957355157579685e-09,kg m-2
loadso2,2004,-1.0158261612230356e-08,kg m-2
