variable,year,value,unit
drybc,2001,1.4255903e-16,kg m-2 s-1
drybc,2002,1.0359145e-15,kg m-2 s-1
drybc,2003,1.2170169e-17,kg m-2 s-1
drybc,2004,7.977424e-16,kg m-2 s-1
drybc,2005,2.652731e-15,kg m-2 s-1
