variable,year,value,unit
od550aer,2000,0.009511457545355387,1
od550aer,2001,0.009405585673296232,1
od550aer,2002,0.008941315080838008,1
od550aer,2003,0.00868936738936743,1
od550aer,2004,0.008818323592673177,1
