variable,year,value,unit
emiso2,2000,3.0479697817958868e-12,kg m-2 s-1
emiso2,2001,2.901983333431387e-12,kg m-2 s-1
emiso2,2002,2.851681113943183e-12,kg m-2 s-1
emiso2,2003,2.7792005279652377e-12,kg m-2 s-1
emiso2,2004,2.749891637041432e-12,kg m-2 s-1
