variable,year,value,unit
wetso4,2000,3.085415954225636e-12,kg m-2 s-1
wetso4,2001,3.0101198662001425e-12,kg m-2 s-1
wetso4,2002,2.9293569110554742e-12,kg m-2 s-1
wetso4,2003,2.8887934404575078e-12,kg m-2 s-1
wetso4,2004,2.8352087720282915e-12,kg m-2 s-1
