variable,year,value,unit
mmrso4,2000,-1.32139855e-11,kg kg-1
mmrso4,2001,-1.3667012e-11,kg kg-1
mmrso4,2002,-1.3682444e-11,kg kg-1
mmrso4,2003,-1.4804769e-11,kg kg-1
mmrso4,2004,-1.3432866e-11,kg kg-1
