variable,year,value,unit
rlut,2000,-0.6815033,W m-2
rlut,2001,-0.69259644,W m-2
rlut,2002,-0.6847534,W m-2
rlut,2003,-0.5634155,W m-2
rlut,2004,-0.67251587,W m-2
