variable,year,value,unit
od550aer,2000,-0.00020783395,1
od550aer,2001,-0.00016924739,1
od550aer,2002,-0.00019609183,1
od550aer,2003,-0.00021569431,1
od550aer,2004,-0.00020191073,1
