variable,year,value,unit
emiso2,2001,-1.3416048e-13,kg m-2 s-1
emiso2,2002,-1.3943534e-13,kg m-2 s-1
emiso2,2003,-1.4380077e-13,kg m-2 s-1
emiso2,2004,-1.4661796e-13,kg m-2 s-1
emiso2,2005,-1.6198501e-13,kg m-2 s-1
