variable,year,value,unit
rlut,2000,0.015167236,W m-2
rlut,2001,0.03933716,W m-2
rlut,2002,0.039123535,W m-2
rlut,2003,0.026412964,W m-2
rlut,2004,0.02180481,W m-2
