variable,year,value,unit
wetbc,2000,0.15919876910999475,kg m-2 s-1
wetbc,2001,-0.05033917173698287,kg m-2 s-1
wetbc,2002,0.07773064447022332,kg m-2 s-1
wetbc,2003,-0.003080924722984312,kg m-2 s-1
wetbc,2004,0.17444811383164752,kg m-2 s-1
