variable,year,value,unit
dryso2,2000,-0.14587302116394313,kg m-2 s-1
dryso2,2001,-0.1505520310797083,kg m-2 s-1
dryso2,2002,-0.12668976181214459,kg m-2 s-1
dryso2,2003,-0.168283169522691,kg m-2 s-1
dryso2,2004,-0.08020172893753703,kg m-2 s-1
