variable,year,value,unit
rlut,2000,-0.01421304151563163,W m-2
rlut,2001,0.02055095867365253,W m-2
rlut,2002,0.037778479225295314,W m-2
rlut,2003,0.018836344226485835,W m-2
rlut,2004,-0.007261264846988524,W m-2
