variable,year,value,unit
rlut,2000,0.0009491579462825792,W m-2
rlut,2001,-0.0064203647883431785,W m-2
rlut,2002,-0.0047150258828534295,W m-2
rlut,2003,0.006948363965434178,W m-2
rlut,2004,0.006633589468796985,W m-2
