variable,year,value,unit
loadso4,2000,5.514759622806628e-06,kg m-2
loadso4,2001,5.561387019490182e-06,kg m-2
loadso4,2002,5.48894536132383e-06,kg m-2
loadso4,2003,5.576488635128113e-06,kg m-2
loadso4,2004,5.761880977443692e-06,kg m-2
