variable,year,value,unit
dryso4,2000,2.0509311954385367e-12,kg m-2 s-1
dryso4,2001,2.051307974366406e-12,kg m-2 s-1
dryso4,2002,2.198068256855177e-12,kg m-2 s-1
dryso4,2003,2.1854997599103675e-12,kg m-2 s-1
dryso4,2004,2.2772903721462795e-12,kg m-2 s-1
