variable,year,value,unit
wetso4,2000,1.4118444596726833e-11,kg m-2 s-1
wetso4,2001,1.4176500115853222e-11,kg m-2 s-1
wetso4,2002,1.4467196587361273e-11,kg m-2 s-1
wetso4,2003,1.5223996092076233e-11,kg m-2 s-1
wetso4,2004,1.5349963519888235e-11,kg m-2 s-1
