variable,year,value,unit
wetso4,2000,-1.4216812922312036e-11,kg m-2 s-1
wetso4,2001,-1.4213545494309469e-11,kg m-2 s-1
wetso4,2002,-1.4369139292802573e-11,kg m-2 s-1
wetso4,2003,-1.4637237340860773e-11,kg m-2 s-1
wetso4,2004,-1.5369002274797054e-11,kg m-2 s-1
