variable,year,value,unit
dryso4,2000,2.918994357901828e-12,kg m-2 s-1
dryso4,2001,2.947741185739239e-12,kg m-2 s-1
dryso4,2002,2.899625078140137e-12,kg m-2 s-1
dryso4,2003,2.9561123724606268e-12,kg m-2 s-1
dryso4,2004,2.916724847696745e-12,kg m-2 s-1
