variable,year,value,unit
loadso4,2000,6.6046202081874356e-06,kg m-2
loadso4,2001,6.689961915113636e-06,kg m-2
loadso4,2002,6.444822107573891e-06,kg m-2
loadso4,2003,6.63757762318151e-06,kg m-2
loadso4,2004,6.965237502251687e-06,kg m-2
