variable,year,value,unit
loadso4,2000,4.153690107397446e-06,kg m-2
loadso4,2001,4.069568361408739e-06,kg m-2
loadso4,2002,3.804928331131847e-06,kg m-2
loadso4,2003,3.8572023850598824e-06,kg m-2
loadso4,2004,3.882423687092994e-06,kg m-2
