variable,year,value,unit
emiso2,2000,2.426958336459353e-11,kg m-2 s-1
emiso2,2001,2.4372639473854276e-11,kg m-2 s-1
emiso2,2002,2.4429200911667128e-11,kg m-2 s-1
emiso2,2003,2.5627914271863753e-11,kg m-2 s-1
emiso2,2004,2.6732060219313586e-11,kg m-2 s-1
