variable,year,value,unit
dryso2,2000,-3.31654360201405e-14,kg m-2 s-1
dryso2,2001,-3.317827188763185e-14,kg m-2 s-1
dryso2,2002,-3.075236917822106e-14,kg m-2 s-1
dryso2,2003,-3.0373709570340864e-14,kg m-2 s-1
dryso2,2004,-3.558820156887003e-14,kg m-2 s-1
