variable,year,value,unit
dryso4,2000,-2.0632887282098023e-15,kg m-2 s-1
dryso4,2001,-2.0052830854829426e-15,kg m-2 s-1
dryso4,2002,-2.153230123685042e-15,kg m-2 s-1
dryso4,2003,-2.113012739228974e-15,kg m-2 s-1
dryso4,2004,-2.3065676844709145e-15,kg m-2 s-1
