variable,year,value,unit
drybc,2000,-1.0646305683481552e-16,kg m-2 s-1
drybc,2001,-1.136842558763952e-16,kg m-2 s-1
drybc,2002,-1.3006084495085183e-16,kg m-2 s-1
drybc,2003,-1.1369378320643854e-16,kg m-2 s-1
drybc,2004,-1.3265800685725195e-16,kg m-2 s-1
