variable,year,value,unit
rlutcs,2000,-0.007781928992642406,W m-2
rlutcs,2001,-0.003462683313841808,W m-2
rlutcs,2002,0.003119888607500343,W m-2
rlutcs,2003,0.0022194075760069154,W m-2
rlutcs,2004,-0.0019443747463299133,W m-2
