variable,year,value,unit
emiso2,2000,-3.8221120671664814e-14,kg m-2 s-1
emiso2,2001,-4.0231126699478883e-14,kg m-2 s-1
emiso2,2002,-3.7517030750498554e-14,kg m-2 s-1
emiso2,2003,-3.8533332369915654e-14,kg m-2 s-1
emiso2,2004,-4.176670816658076e-14,kg m-2 s-1
