variable,year,value,unit
wetso4,2000,-2.4937232219083598e-14,kg m-2 s-1
wetso4,2001,-2.205371670275486e-14,kg m-2 s-1
wetso4,2002,-2.2335492068643634e-14,kg m-2 s-1
wetso4,2003,-2.4428102105732684e-14,kg m-2 s-1
wetso4,2004,-2.4853768421124817e-14,kg m-2 s-1
