variable,year,value,unit
emiso2,2000,-4.26319880008071e-14,kg m-2 s-1
emiso2,2001,-4.4614499503981955e-14,kg m-2 s-1
emiso2,2002,-4.007194148493832e-14,kg m-2 s-1
emiso2,2003,-3.8488092817687156e-14,kg m-2 s-1
emiso2,2004,-4.567873985100678e-14,kg m-2 s-1
