variable,year,value,unit
rsutcs,2000,-0.01035732303985526,W m-2
rsutcs,2001,0.014161109060069066,W m-2
rsutcs,2002,-0.015601690379412503,W m-2
rsutcs,2003,-0.010679686429270419,W m-2
rsutcs,2004,-0.000874323787712683,W m-2
