variable,year,value,unit
mmrbc,2000,3.855708464732561e-15,kg kg-1
mmrbc,2001,6.208611912018612e-15,kg kg-1
mmrbc,2002,-8.578507076134617e-16,kg kg-1
mmrbc,2003,-3.219477717179826e-15,kg kg-1
mmrbc,2004,9.78589908965316e-15,kg kg-1
