variable,year,value,unit
wetbc,2001,4.463441368629646e-16,kg m-2 s-1
wetbc,2002,6.86740458805972e-16,kg m-2 s-1
wetbc,2003,8.306661372566238e-16,kg m-2 s-1
wetbc,2004,3.7096456301437555e-16,kg m-2 s-1
