variable,year,value,unit
wetso2,2001,1.29395028124721e-15,kg m-2 s-1
wetso2,2002,-1.2932527622615583e-15,kg m-2 s-1
wetso2,2003,-2.073389934146314e-15,kg m-2 s-1
wetso2,2004,8.185785332381465e-16,kg m-2 s-1
