variable,year,value,unit
cl,2000,0.0025920506253882536,%
cl,2001,0.0030270663475260307,%
cl,2002,-0.008844442051756829,%
cl,2003,-0.0001661582522629601,%
cl,2004,-0.0007677079689969446,%
