variable,year,value,unit
od550aer,2001,0.0009323466171769768,1
od550aer,2002,0.0007559811078385048,1
od550aer,2003,0.0017092836045900783,1
od550aer,2004,0.0012430549269940583,1
