variable,year,value,unit
dms,2000,-9.83960005383748e-15,mol mol-1
dms,2001,2.542628307827423e-15,mol mol-1
dms,2002,1.578873273604022e-15,mol mol-1
dms,2003,1.1647642322737727e-14,mol mol-1
dms,2004,5.539143824383596e-14,mol mol-1
