variable,year,value,unit
od550aer,2001,-0.00017391238115535557,1
od550aer,2002,0.00019401527408660635,1
od550aer,2003,0.00029483597391752325,1
od550aer,2004,-6.22843865260847e-05,1
