variable,year,value,unit
emiso2,2000,1.1879708500736008e-15,kg m-2 s-1
emiso2,2001,9.836059211550377e-16,kg m-2 s-1
emiso2,2002,1.0206389733248864e-15,kg m-2 s-1
emiso2,2003,1.4968285570968875e-15,kg m-2 s-1
emiso2,2004,1.0771706085310621e-15,kg m-2 s-1
