variable,year,value,unit
clt,2001,-0.03406581886788729,%
clt,2002,0.022844128140505404,%
clt,2003,0.03374748372959857,%
clt,2004,0.028199173423409718,%
