variable,year,value,unit
wetso4,2001,-2.6291171907476383e-15,kg m-2 s-1
wetso4,2002,-4.2870633626234596e-15,kg m-2 s-1
wetso4,2003,-4.773830280781994e-15,kg m-2 s-1
wetso4,2004,-2.2423937455795184e-15,kg m-2 s-1
