variable,year,value,unit
loadbc,2000,7.391530756167389e-10,kg m-2
loadbc,2001,6.249443920897804e-10,kg m-2
loadbc,2002,5.999852568183421e-10,kg m-2
loadbc,2003,2.422289743596708e-10,kg m-2
loadbc,2004,-4.391510714485658e-11,kg m-2
