variable,year,value,unit
rlut,2001,0.025170017929184496,W m-2
rlut,2002,0.003474092482690594,W m-2
rlut,2003,0.023177860738741174,W m-2
rlut,2004,-0.009561116254275248,W m-2
