variable,year,value,unit
so2,2001,-4.2149638699243203e-10,mol mol-1
so2,2002,-4.193703978770627e-10,mol mol-1
so2,2003,-4.37628325927399e-10,mol mol-1
so2,2004,-4.588894129878928e-10,mol mol-1
