variable,year,value,unit
drybc,2001,-3.1071917436652146e-15,kg m-2 s-1
drybc,2002,-3.0538524760791823e-15,kg m-2 s-1
drybc,2003,-3.302424851626959e-15,kg m-2 s-1
drybc,2004,-3.474238010623991e-15,kg m-2 s-1
