variable,year,value,unit
od550aer,2001,-9.367655149036813e-05,1
od550aer,2002,9.031715741653068e-06,1
od550aer,2003,0.00015133297276292978,1
od550aer,2004,0.0001393797621860593,1
