variable,year,value,unit
loadbc,2000,-2.980191633280923e-11,kg m-2
loadbc,2001,2.6928075384444427e-11,kg m-2
loadbc,2002,1.4605545695523776e-12,kg m-2
loadbc,2003,2.486858933189435e-12,kg m-2
loadbc,2004,-1.0112160440104531e-11,kg m-2
