variable,year,value,unit
mmrbc,2001,-1.49729193522944e-12,kg kg-1
mmrbc,2002,-1.829531623776631e-12,kg kg-1
mmrbc,2003,-2.0150299156227665e-12,kg kg-1
mmrbc,2004,-1.8987819992926015e-12,kg kg-1
