variable,year,value,unit
rsut,2000,0.4459657260531884,W m-2
rsut,2001,-0.0039622570576227645,W m-2
rsut,2002,-0.32087598094275904,W m-2
rsut,2003,-0.008483244875293394,W m-2
rsut,2004,-0.0028387689380764414,W m-2
