variable,year,value,unit
wetbc,2000,1.9888349935261794e-15,kg m-2 s-1
wetbc,2001,2.1642554645217265e-15,kg m-2 s-1
wetbc,2002,2.075232294925156e-15,kg m-2 s-1
wetbc,2003,2.248305996928067e-15,kg m-2 s-1
wetbc,2004,2.0172143445471145e-15,kg m-2 s-1
