variable,year,value,unit
clt,2000,-0.028517185087963526,%
clt,2001,0.02785599591138066,%
clt,2002,0.00027268993412121745,%
clt,2003,-0.003822961565461469,%
clt,2004,0.018243056324834583,%
