variable,year,value,unit
loadso2,2000,-2.0530995861185963e-10,kg m-2
loadso2,2001,-3.2081388327794034e-10,kg m-2
loadso2,2002,-7.635582678669739e-10,kg m-2
loadso2,2003,7.140183271017587e-11,kg m-2
loadso2,2004,-3.8597595375748685e-10,kg m-2
