variable,year,value,unit
wetbc,2001,-4.990530272780457e-15,kg m-2 s-1
wetbc,2002,-5.454403229270912e-15,kg m-2 s-1
wetbc,2003,-4.36145624347361e-15,kg m-2 s-1
wetbc,2004,-4.6447068739355445e-15,kg m-2 s-1
