variable,year,value,unit
emiso2,2001,-3.380830918447398e-19,kg m-2 s-1
emiso2,2002,2.4264410251517373e-18,kg m-2 s-1
emiso2,2003,1.2226974424979127e-18,kg m-2 s-1
emiso2,2004,1.9761778570569667e-18,kg m-2 s-1
