variable,year,value,unit
rlut,2001,0.00011528609891797714,W m-2
rlut,2002,0.109135930756878,W m-2
rlut,2003,0.00870134723402316,W m-2
rlut,2004,0.003283205948946488,W m-2
