variable,year,value,unit
clt,2001,-0.0873207912235614,%
clt,2002,-0.05681207511688058,%
clt,2003,-0.023811592019661987,%
clt,2004,-0.010299554633654395,%
