variable,year,value,unit
cl,2000,0.0016320779446337141,%
cl,2001,0.008277422365114084,%
cl,2002,0.0012830178698672867,%
cl,2003,0.0037614154618266227,%
cl,2004,0.006452278885369367,%
