variable,year,value,unit
loadso2,2000,-0.9817534394897418,kg m-2
loadso2,2001,-1.044771094293912,kg m-2
loadso2,2002,-1.0453959723163586,kg m-2
loadso2,2003,-1.00096472729705,kg m-2
loadso2,2004,-1.0327419879229411,kg m-2
