variable,year,value,unit
dryso4,2000,-2.321079919892579,kg m-2 s-1
dryso4,2001,-2.1952151649862732,kg m-2 s-1
dryso4,2002,-2.258526127820638,kg m-2 s-1
dryso4,2003,-2.2700678875402303,kg m-2 s-1
dryso4,2004,-2.4669350551368545,kg m-2 s-1
