variable,year,value,unit
loadso2,2000,-0.959787104946407,kg m-2
loadso2,2001,-0.8425252024444925,kg m-2
loadso2,2002,-0.7792710274472221,kg m-2
loadso2,2003,-1.0001384034693834,kg m-2
loadso2,2004,-0.9950671376848035,kg m-2
