variable,year,value,unit
emibc,2000,4.077587457182171e-06,kg m-2 s-1
emibc,2001,2.8750128139460107e-06,kg m-2 s-1
emibc,2002,1.7602313705635645e-06,kg m-2 s-1
emibc,2003,-2.0148382087582854e-06,kg m-2 s-1
emibc,2004,4.397032489550753e-06,kg m-2 s-1
