variable,year,value,unit
mmrbc,2000,-0.005470545386745782,kg kg-1
mmrbc,2001,0.017284546427696126,kg kg-1
mmrbc,2002,0.0015806718018296882,kg kg-1
mmrbc,2003,0.005457219372978932,kg kg-1
mmrbc,2004,-0.0044738901618022325,kg kg-1
