variable,year,value,unit
rlutcs,2000,0.12146065320268917,W m-2
rlutcs,2001,0.10282866270472368,W m-2
rlutcs,2002,0.11858914432798429,W m-2
rlutcs,2003,0.09447701938847786,W m-2
rlutcs,2004,0.08575259774238475,W m-2
