variable,year,value,unit
loadso4,2000,-0.8026316113992525,kg m-2
loadso4,2001,-0.7837821604266295,kg m-2
loadso4,2002,-0.8797750390595916,kg m-2
loadso4,2003,-0.8272624372654577,kg m-2
loadso4,2004,-0.777997967954852,kg m-2
