variable,year,value,unit
dms,2000,-0.044853001563279274,mol mol-1
dms,2001,-0.12946060292515946,mol mol-1
dms,2002,0.03367982762174581,mol mol-1
dms,2003,0.02821021796608201,mol mol-1
dms,2004,0.010359946420315107,mol mol-1
