variable,year,value,unit
emiso2,2000,-1.480503129309991e-12,kg m-2 s-1
emiso2,2001,-1.5374050524451342e-12,kg m-2 s-1
emiso2,2002,-1.4686120225852474e-12,kg m-2 s-1
emiso2,2003,-1.495820940926182e-12,kg m-2 s-1
emiso2,2004,-1.6182009406315003e-12,kg m-2 s-1
