variable,year,value,unit
drybc,2000,0.1076026189909481,kg m-2 s-1
drybc,2001,0.003383509566187258,kg m-2 s-1
drybc,2002,-0.01081137679804798,kg m-2 s-1
drybc,2003,-0.0009958791372557878,kg m-2 s-1
drybc,2004,-0.07057014366876842,kg m-2 s-1
