variable,year,value,unit
od550aer,2001,-2.294407939168115,1
od550aer,2002,0.02581374946522769,1
od550aer,2003,-1.9298181391091809,1
od550aer,2004,-2.912311955681988,1
od550aer,2005,-4.984570711207137,1
