variable,year,value,unit
drybc,2001,1.15384292672086,kg m-2 s-1
drybc,2002,1.1229047747851013,kg m-2 s-1
drybc,2003,0.574981468018348,kg m-2 s-1
drybc,2004,-0.8851874450626457,kg m-2 s-1
drybc,2005,-3.9580394359963424,kg m-2 s-1
