variable,year,value,unit
emibc,2001,-0.0062182580767674005,kg m-2 s-1
emibc,2002,2.4013449664075133e-07,kg m-2 s-1
emibc,2003,-0.0019075571517927776,kg m-2 s-1
emibc,2004,-0.006270327663908436,kg m-2 s-1
emibc,2005,1.1775913098074417e-08,kg m-2 s-1
