variable,year,value,unit
loadso2,2000,-2.2171528742291212e-08,kg m-2
loadso2,2001,-2.316389334700149e-08,kg m-2
loadso2,2002,-2.191616839023607e-08,kg m-2
loadso2,2003,-2.2154173829681974e-08,kg m-2
loadso2,2004,-2.4463715181100645e-08,kg m-2
