variable,year,value,unit
clivi,2000,-0.00012037577849827175,kg m-2
clivi,2001,-0.00013618902669093602,kg m-2
clivi,2002,0.0002540209444788777,kg m-2
clivi,2003,9.297725233671505e-05,kg m-2
clivi,2004,0.00020362542478197243,kg m-2
