variable,year,value,unit
emiso2,2001,-12.31253398801319,kg m-2 s-1
emiso2,2002,-11.77167650556041,kg m-2 s-1
emiso2,2003,-11.477441434671272,kg m-2 s-1
emiso2,2004,-12.343402378726196,kg m-2 s-1
emiso2,2005,-11.154295517675452,kg m-2 s-1
