variable,year,value,unit
mmrbc,2000,1.5944933413048732e-12,kg kg-1
mmrbc,2001,4.3662826082633596e-12,kg kg-1
mmrbc,2002,3.6177802277977366e-12,kg kg-1
mmrbc,2003,3.358523051943694e-12,kg kg-1
mmrbc,2004,5.053924395050318e-12,kg kg-1
