variable,year,value,unit
rsut,2000,-0.46128707280198,W m-2
rsut,2001,-0.3552952507934748,W m-2
rsut,2002,-0.4334160023122422,W m-2
rsut,2003,-0.7645405436370254,W m-2
rsut,2004,-0.511892301105064,W m-2
