variable,year,value,unit
cl,2001,-0.38389180129425426,%
cl,2002,-0.4506595029358529,%
cl,2003,-0.5045290149416246,%
cl,2004,0.9711905169910509,%
cl,2005,-0.31458001796704593,%
