variable,year,value,unit
so2,2005,-7.223943859888714e-12,mol mol-1
so2,2006,-6.847440148548251e-12,mol mol-1
so2,2007,-7.397018730743107e-12,mol mol-1
so2,2008,-7.458190474775248e-12,mol mol-1
so2,2009,-7.400936374713689e-12,mol mol-1
