variable,year,value,unit
dryso4,2001,-1.826266288338477e-14,kg m-2 s-1
dryso4,2002,-1.5093711961135464e-14,kg m-2 s-1
dryso4,2003,-1.5473159166084025e-14,kg m-2 s-1
dryso4,2004,-9.631603574906824e-14,kg m-2 s-1
dryso4,2005,3.355501604081695e-14,kg m-2 s-1
