variable,year,value,unit
od550aer,2000,9.668611504121127e-05,1
od550aer,2001,7.55039764849981e-05,1
od550aer,2002,5.6128753700470865e-05,1
od550aer,2003,7.18019643320602e-05,1
od550aer,2004,6.142301376856063e-05,1
