variable,year,value,unit
clt,2001,-0.11735640428126715,%
clt,2002,-0.9874648734427183,%
clt,2003,0.28913713781581407,%
clt,2004,0.42637825302207943,%
clt,2005,-1.6856270666574602,%
