variable,year,value,unit
so2,2001,2.3410298707883155e-12,mol mol-1
so2,2002,-1.6621215140478636e-11,mol mol-1
so2,2003,3.2239193354726198e-12,mol mol-1
so2,2004,9.738063940257504e-12,mol mol-1
so2,2005,-2.35119691433261e-11,mol mol-1
