variable,year,value,unit
dryso4,2000,-1.0397290033464673e-14,kg m-2 s-1
dryso4,2001,-1.8312391792081785e-14,kg m-2 s-1
dryso4,2002,-2.0490795775798137e-14,kg m-2 s-1
dryso4,2003,-1.2181251264747009e-14,kg m-2 s-1
dryso4,2004,-1.9441967847314207e-14,kg m-2 s-1
