variable,year,value,unit
emibc,2000,2.174722864094936e-21,kg m-2 s-1
emibc,2001,-5.638519474935068e-20,kg m-2 s-1
emibc,2002,2.0908143423138952e-21,kg m-2 s-1
emibc,2003,1.4852454072605049e-21,kg m-2 s-1
emibc,2004,4.000494651039466e-20,kg m-2 s-1
