variable,year,value,unit
od550aer,2000,-0.00041757688681046123,1
od550aer,2001,-0.00046116845375709925,1
od550aer,2002,-0.0004354080119356174,1
od550aer,2003,-0.00039575479837856975,1
od550aer,2004,-0.0005157980673827778,1
