variable,year,value,unit
rsut,2000,-0.00139687640240993,W m-2
rsut,2001,-0.00673343875409671,W m-2
rsut,2002,-0.01599145411886127,W m-2
rsut,2003,0.006396386896199147,W m-2
rsut,2004,-0.0025217478722510123,W m-2
