variable,year,value,unit
clt,2000,0.11369727064166568,%
clt,2001,-0.010931939948875424,%
clt,2002,-0.04378323393525818,%
clt,2003,0.07639972279484653,%
clt,2004,-0.0769942490678659,%
