variable,year,value,unit
dryso2,2000,2.157790864964825e-13,kg m-2 s-1
dryso2,2001,2.8853920981885626e-13,kg m-2 s-1
dryso2,2002,2.471717732090367e-13,kg m-2 s-1
dryso2,2003,2.2323353768967646e-13,kg m-2 s-1
dryso2,2004,1.733832009515627e-13,kg m-2 s-1
