variable,year,value,unit
emibc,2000,-4.044012347784979e-21,kg m-2 s-1
emibc,2001,-2.654497922530203e-20,kg m-2 s-1
emibc,2002,-6.289450798638491e-21,kg m-2 s-1
emibc,2003,4.741941919104325e-21,kg m-2 s-1
emibc,2004,1.1718086896598785e-20,kg m-2 s-1
