variable,year,value,unit
mmrso4,2000,-5.512023307536601e-12,kg kg-1
mmrso4,2001,-5.795980287375471e-12,kg kg-1
mmrso4,2002,-7.724083342933532e-12,kg kg-1
mmrso4,2003,-5.35904149286655e-12,kg kg-1
mmrso4,2004,-6.8540998199693056e-12,kg kg-1
