variable,year,value,unit
wetbc,2000,-1.9074931323314595e-17,kg m-2 s-1
wetbc,2001,-3.952077917208117e-17,kg m-2 s-1
wetbc,2002,6.650669003213758e-17,kg m-2 s-1
wetbc,2003,7.449183118906012e-17,kg m-2 s-1
wetbc,2004,4.298330517029057e-17,kg m-2 s-1
