variable,year,value,unit
mmrbc,2000,-2.3112443069798928e-14,kg kg-1
mmrbc,2001,5.880461087659701e-14,kg kg-1
mmrbc,2002,-3.328457564172964e-14,kg kg-1
mmrbc,2003,2.4433555970006997e-14,kg kg-1
mmrbc,2004,3.261659568187524e-14,kg kg-1
