variable,year,value,unit
drybc,2000,-8.85076086769335e-17,kg m-2 s-1
drybc,2001,1.0154554915342786e-16,kg m-2 s-1
drybc,2002,1.9701415859249195e-16,kg m-2 s-1
drybc,2003,8.649306452875559e-17,kg m-2 s-1
drybc,2004,1.2615915755507296e-16,kg m-2 s-1
