variable,year,value,unit
emiso2,2000,2.8063976238057516e-12,kg m-2 s-1
emiso2,2001,2.7447605918901994e-12,kg m-2 s-1
emiso2,2002,2.7364389836478488e-12,kg m-2 s-1
emiso2,2003,2.6769201279220155e-12,kg m-2 s-1
emiso2,2004,2.64463822472738e-12,kg m-2 s-1
