variable,year,value,unit
loadso2,2000,-2.4790788423030826e-07,kg m-2
loadso2,2001,-2.3459230690890287e-07,kg m-2
loadso2,2002,-2.7499244648631024e-07,kg m-2
loadso2,2003,-2.4935853170790326e-07,kg m-2
loadso2,2004,-2.6776213091441427e-07,kg m-2
