variable,year,value,unit
mmrso4,2000,2.554830154919726e-10,kg kg-1
mmrso4,2001,2.745958661878976e-10,kg kg-1
mmrso4,2002,2.673651487855033e-10,kg kg-1
mmrso4,2003,2.678180310772268e-10,kg kg-1
mmrso4,2004,2.8626846833529715e-10,kg kg-1
