variable,year,value,unit
wetso4,2000,1.895771917374526e-12,kg m-2 s-1
wetso4,2001,1.791721335560893e-12,kg m-2 s-1
wetso4,2002,1.576902275079377e-12,kg m-2 s-1
wetso4,2003,1.539073111539737e-12,kg m-2 s-1
wetso4,2004,1.681874783961293e-12,kg m-2 s-1
