variable,year,value,unit
loadso4,2000,5.493608944717397e-06,kg m-2
loadso4,2001,5.507949531919424e-06,kg m-2
loadso4,2002,5.550898550962238e-06,kg m-2
loadso4,2003,5.891210711722054e-06,kg m-2
loadso4,2004,5.80476056425486e-06,kg m-2
