variable,year,value,unit
rsutcs,2000,40.5039412825204,W m-2
rsutcs,2001,40.09182939021568,W m-2
rsutcs,2002,40.417478472327566,W m-2
rsutcs,2003,40.07929267159693,W m-2
rsutcs,2004,40.058826853399566,W m-2
