variable,year,value,unit
rsut,2001,73.66302283474765,W m-2
rsut,2002,75.46594488342585,W m-2
rsut,2003,75.2986624283988,W m-2
rsut,2004,74.70799977617895,W m-2
