variable,year,value,unit
rsdt,2001,351.8361130728763,W m-2
rsdt,2002,351.83897519950295,W m-2
rsdt,2003,351.7271617682696,W m-2
rsdt,2004,351.67217077832623,W m-2
