variable,year,value,unit
rlut,2000,246.37972078990444,W m-2
rlut,2001,245.9385815759655,W m-2
rlut,2002,244.9573382413826,W m-2
rlut,2003,244.83896865767247,W m-2
rlut,2004,244.50361749559593,W m-2
