variable,year,value,unit
mmrso4,2001,5.766806763734298e-10,kg kg-1
mmrso4,2002,5.747920566724832e-10,kg kg-1
mmrso4,2003,5.617451146499162e-10,kg kg-1
mmrso4,2004,5.662276787639859e-10,kg kg-1
