variable,year,value,unit
drybc,2000,3.821953658279595e-14,kg m-2 s-1
drybc,2001,3.882068528077613e-14,kg m-2 s-1
drybc,2002,3.916562921269681e-14,kg m-2 s-1
drybc,2003,4.014965422784515e-14,kg m-2 s-1
drybc,2004,4.0121904237997664e-14,kg m-2 s-1
