variable,year,value,unit
mmrbc,2001,4.773000133827098e-11,kg kg-1
mmrbc,2002,4.9795952678742e-11,kg kg-1
mmrbc,2003,5.266371516645613e-11,kg kg-1
mmrbc,2004,5.259231725962917e-11,kg kg-1
