variable,year,value,unit
dms,2000,2.1076289900588534e-10,mol mol-1
dms,2001,2.0671729918614046e-10,mol mol-1
dms,2002,2.2111637540984216e-10,mol mol-1
dms,2003,2.0870202542116598e-10,mol mol-1
dms,2004,1.966056371203981e-10,mol mol-1
