variable,year,value,unit
dryso4,2000,1.2762659974646632e-12,kg m-2 s-1
dryso4,2001,1.2620914729230975e-12,kg m-2 s-1
dryso4,2002,1.281100490693575e-12,kg m-2 s-1
dryso4,2003,1.2527144226489402e-12,kg m-2 s-1
dryso4,2004,1.2929846188580497e-12,kg m-2 s-1
