variable,year,value,unit
so2,2000,2.1268090057379613e-10,mol mol-1
so2,2001,2.0475635244126533e-10,mol mol-1
so2,2002,2.1108672830237294e-10,mol mol-1
so2,2003,2.10102026593252e-10,mol mol-1
so2,2004,1.989720655411529e-10,mol mol-1
