variable,year,value,unit
clivi,2000,0.007055354668533883,kg m-2
clivi,2001,0.007173073723004292,kg m-2
clivi,2002,0.006445008862921166,kg m-2
clivi,2003,0.006411345541732935,kg m-2
clivi,2004,0.006471936485295103,kg m-2
