variable,year,value,unit
od550aer,2001,0.16618088399599973,1
od550aer,2002,0.17293802481371962,1
od550aer,2003,0.16450102125580016,1
od550aer,2004,0.16242894977724553,1
