variable,year,value,unit
loadso2,2000,8.097450462831048e-07,kg m-2
loadso2,2001,8.020968881320016e-07,kg m-2
loadso2,2002,8.033686606567694e-07,kg m-2
loadso2,2003,7.875509139567005e-07,kg m-2
loadso2,2004,7.694185066260099e-07,kg m-2
