variable,year,value,unit
mmrbc,2001,2.6580961670694018e-11,kg kg-1
mmrbc,2002,2.7313648526531026e-11,kg kg-1
mmrbc,2003,2.723908270365904e-11,kg kg-1
mmrbc,2004,2.7624625700969445e-11,kg kg-1
