variable,year,value,unit
clivi,2000,0.04549761079654049,kg m-2
clivi,2001,0.0458174601588414,kg m-2
clivi,2002,0.049060689786185684,kg m-2
clivi,2003,0.049828083165846186,kg m-2
clivi,2004,0.04808079946585775,kg m-2
