variable,year,value,unit
wetso2,2001,-8.347455074653314e-13,kg m-2 s-1
wetso2,2002,-8.528859198722467e-13,kg m-2 s-1
wetso2,2003,-8.536090326043639e-13,kg m-2 s-1
wetso2,2004,-8.221816194855033e-13,kg m-2 s-1
