variable,year,value,unit
rsdt,2001,355.6104246626481,W m-2
rsdt,2002,355.6165745700894,W m-2
rsdt,2003,355.50047304791804,W m-2
rsdt,2004,355.2754523018839,W m-2
