variable,year,value,unit
od550aer,2000,0.1915519771520413,1
od550aer,2001,0.18307538253376798,1
od550aer,2002,0.1878422399494528,1
od550aer,2003,0.18001966987231988,1
od550aer,2004,0.178964307352611,1
