variable,year,value,unit
rlut,2000,249.21202598683053,W m-2
rlut,2001,248.67618574334338,W m-2
rlut,2002,247.40028127873592,W m-2
rlut,2003,247.63757221300776,W m-2
rlut,2004,247.61233386221352,W m-2
