variable,year,value,unit
loadso4,2000,6.131737928325192e-06,kg m-2
loadso4,2001,5.923931488369638e-06,kg m-2
loadso4,2002,5.906291919524184e-06,kg m-2
loadso4,2003,6.176941583778692e-06,kg m-2
loadso4,2004,5.952316918871928e-06,kg m-2
