variable,year,value,unit
rlut,2001,246.04238850146956,W m-2
rlut,2002,245.07111242150654,W m-2
rlut,2003,244.92818583726634,W m-2
rlut,2004,244.6193038610417,W m-2
