variable,year,value,unit
mmrso4,2000,1.2568282815543523e-09,kg kg-1
mmrso4,2001,1.2349693084231683e-09,kg kg-1
mmrso4,2002,1.232992845472498e-09,kg kg-1
mmrso4,2003,1.224853798506888e-09,kg kg-1
mmrso4,2004,1.2418611754121006e-09,kg kg-1
