variable,year,value,unit
rsut,2000,84.07814693359465,W m-2
rsut,2001,85.48078035911867,W m-2
rsut,2002,84.35665078351524,W m-2
rsut,2003,84.71325232337904,W m-2
rsut,2004,85.82943373778318,W m-2
