variable,year,value,unit
drybc,2000,-0.2427571658103094,kg m-2 s-1
drybc,2001,0.28845581262284226,kg m-2 s-1
drybc,2002,0.15087116641199208,kg m-2 s-1
drybc,2003,0.2815746318615542,kg m-2 s-1
drybc,2004,-0.29464964808637145,kg m-2 s-1
