variable,year,value,unit
clivi,2000,0.019185183665562697,kg m-2
clivi,2001,-0.7938686664959782,kg m-2
clivi,2002,-2.0844928402099225,kg m-2
clivi,2003,-0.9788595960243738,kg m-2
clivi,2004,0.3648482865275117,kg m-2
