variable,year,value,unit
rlutcs,2000,-0.0015467136469950384,W m-2
rlutcs,2001,-0.002929723572397942,W m-2
rlutcs,2002,-0.0019011533764885177,W m-2
rlutcs,2003,-0.005843602815359967,W m-2
rlutcs,2004,0.00022682580683041292,W m-2
