variable,year,value,unit
rsutcs,2000,-0.022872742788053884,W m-2
rsutcs,2001,-0.017093123341541387,W m-2
rsutcs,2002,-0.01765142696066323,W m-2
rsutcs,2003,-0.018107900801880877,W m-2
rsutcs,2004,-0.03619984344578627,W m-2
