variable,year,value,unit
loadbc,2000,0.014794279444071468,kg m-2
loadbc,2001,0.009304158085432645,kg m-2
loadbc,2002,-0.009847267527547488,kg m-2
loadbc,2003,0.009486440679717378,kg m-2
loadbc,2004,0.000620790581541022,kg m-2
