variable,year,value,unit
wetso4,2000,-0.9043311885138781,kg m-2 s-1
wetso4,2001,-0.9612646311817035,kg m-2 s-1
wetso4,2002,-0.9539731064319141,kg m-2 s-1
wetso4,2003,-0.938265898843871,kg m-2 s-1
wetso4,2004,-1.0442940703535446,kg m-2 s-1
