variable,year,value,unit
emiso2,2000,67.11134027736554,kg m-2 s-1
emiso2,2001,67.20545983297272,kg m-2 s-1
emiso2,2002,65.89865236941615,kg m-2 s-1
emiso2,2003,64.70092051425704,kg m-2 s-1
emiso2,2004,64.01141581439815,kg m-2 s-1
