variable,year,value,unit
clivi,2000,-0.1372518361426933,kg m-2
clivi,2001,-0.1954897163678221,kg m-2
clivi,2002,-0.23686215399490598,kg m-2
clivi,2003,-0.07392710413430492,kg m-2
clivi,2004,-0.07936783399208162,kg m-2
