variable,year,value,unit
clt,2000,-0.043151359008877975,%
clt,2001,0.03112805809309728,%
clt,2002,0.08018598533399841,%
clt,2003,-0.02431643328599397,%
clt,2004,-0.058561965814263046,%
