variable,year,value,unit
od550aer,2000,-0.24521900136109334,1
od550aer,2001,-0.2031711702765225,1
od550aer,2002,-0.17137775688810425,1
od550aer,2003,-0.20910817764589668,1
od550aer,2004,-0.29234626168023536,1
