variable,year,value,unit
emibc,2000,-2.5424952319937327e-06,kg m-2 s-1
emibc,2001,-3.3254277043201396e-06,kg m-2 s-1
emibc,2002,1.3007741991151676e-05,kg m-2 s-1
emibc,2003,-4.7394570707130624e-06,kg m-2 s-1
emibc,2004,-4.865172783224241e-06,kg m-2 s-1
