variable,year,value,unit
rsutcs,2000,-0.00928931034268539,W m-2
rsutcs,2001,-0.009956534369079966,W m-2
rsutcs,2002,-0.010963028627451502,W m-2
rsutcs,2003,-0.009955973132489662,W m-2
rsutcs,2004,-0.01157308053870819,W m-2
