variable,year,value,unit
clivi,2000,-0.0253549066947784,kg m-2
clivi,2001,0.03943351197397221,kg m-2
clivi,2002,-0.043818201685076656,kg m-2
clivi,2003,-0.05943586355984114,kg m-2
clivi,2004,-0.024463774509682353,kg m-2
