variable,year,value,unit
rlutcs,2001,-0.48395152065705815,W m-2
rlutcs,2002,0.2845900100004144,W m-2
rlutcs,2003,0.1448551254838435,W m-2
rlutcs,2004,-0.46276035999167675,W m-2
rlutcs,2005,-1.2220992679944231,W m-2
