variable,year,value,unit
rsut,2001,1.4767896290912432,W m-2
rsut,2002,-0.7784553307090363,W m-2
rsut,2003,0.17248162727646843,W m-2
rsut,2004,0.3616689721809081,W m-2
rsut,2005,0.8160259458673806,W m-2
