variable,year,value,unit
so2,2000,-4.2299612251663246e-11,mol mol-1
so2,2001,-4.526028673947277e-11,mol mol-1
so2,2002,-3.5971158182581653e-11,mol mol-1
so2,2003,-4.3209287003132333e-11,mol mol-1
so2,2004,-4.248738366779063e-11,mol mol-1
