variable,year,value,unit
mmrso4,2001,-1.0988901204101424e-11,kg kg-1
mmrso4,2002,-1.465768799725168e-11,kg kg-1
mmrso4,2003,-4.51129164387834e-11,kg kg-1
mmrso4,2004,-5.7782472352530844e-11,kg kg-1
mmrso4,2005,3.529854500460461e-11,kg kg-1
