variable,year,value,unit
wetso4,2000,-2.0722300567506133e-13,kg m-2 s-1
wetso4,2001,-2.2534882356902416e-13,kg m-2 s-1
wetso4,2002,-2.0727424809792586e-13,kg m-2 s-1
wetso4,2003,-2.175892431266829e-13,kg m-2 s-1
wetso4,2004,-2.4149529969389253e-13,kg m-2 s-1
