variable,year,value,unit
dryso2,2001,-2.2318922546264957e-13,kg m-2 s-1
dryso2,2002,-1.755836084817335e-13,kg m-2 s-1
dryso2,2003,-9.853393605831208e-14,kg m-2 s-1
dryso2,2004,-7.562113985876599e-14,kg m-2 s-1
dryso2,2005,1.5560677574441786e-13,kg m-2 s-1
