variable,year,value,unit
wetso2,2001,1.1294407784640629e-15,kg m-2 s-1
wetso2,2002,9.877922631527192e-15,kg m-2 s-1
wetso2,2003,-6.1695808553642654e-15,kg m-2 s-1
wetso2,2004,3.01596857172967e-15,kg m-2 s-1
wetso2,2005,-3.437886987078475e-15,kg m-2 s-1
