variable,year,value,unit
bldep,2000,401.04180127641723,m
bldep,2001,407.7216676971305,m
bldep,2002,406.10463654236037,m
bldep,2003,412.1524643390434,m
bldep,2004,384.5276774522512,m
