variable,year,value,unit
rlut,2000,196.39932621877173,W m-2
rlut,2001,196.72951643394902,W m-2
rlut,2002,197.28382201509606,W m-2
rlut,2003,197.9170212683089,W m-2
rlut,2004,196.62103333220486,W m-2
