variable,year,value,unit
drybc,2001,5.528129714321915e-15,kg m-2 s-1
drybc,2002,5.848584592142528e-15,kg m-2 s-1
drybc,2003,6.3827780873749986e-15,kg m-2 s-1
drybc,2004,6.2649946808789946e-15,kg m-2 s-1
