variable,year,value,unit
so2,2000,1.1766249803572737e-10,mol mol-1
so2,2001,1.2055867571970525e-10,mol mol-1
so2,2002,1.1981572434813586e-10,mol mol-1
so2,2003,1.1630777766732707e-10,mol mol-1
so2,2004,1.1501626798814932e-10,mol mol-1
