variable,year,value,unit
so2,2001,3.098351701889234e-10,mol mol-1
so2,2002,3.2977531654873056e-10,mol mol-1
so2,2003,3.212336780800736e-10,mol mol-1
so2,2004,2.905717381598787e-10,mol mol-1
