variable,year,value,unit
rlutcs,2001,213.6224309413077,W m-2
rlutcs,2002,214.1136025828909,W m-2
rlutcs,2003,213.88480126364234,W m-2
rlutcs,2004,214.0806484632081,W m-2
