variable,year,value,unit
loadso2,2000,1.051347870367118e-06,kg m-2
loadso2,2001,1.0432693967562257e-06,kg m-2
loadso2,2002,9.97948352960396e-07,kg m-2
loadso2,2003,1.1490077044217635e-06,kg m-2
loadso2,2004,9.748887770226918e-07,kg m-2
