variable,year,value,unit
dms,2000,2.2634180933337166e-11,mol mol-1
dms,2001,2.122671251685411e-11,mol mol-1
dms,2002,2.4646025199627898e-11,mol mol-1
dms,2003,2.296412928882973e-11,mol mol-1
dms,2004,2.3540435929406345e-11,mol mol-1
