variable,year,value,unit
rsut,2000,104.34710954014696,W m-2
rsut,2001,103.82543126776301,W m-2
rsut,2002,104.21288499984917,W m-2
rsut,2003,103.76503865961666,W m-2
rsut,2004,103.8993955219395,W m-2
