variable,year,value,unit
dms,2000,1.6686628948563045e-11,mol mol-1
dms,2001,1.8400193224304913e-11,mol mol-1
dms,2002,1.7962655707172357e-11,mol mol-1
dms,2003,1.8744891037243966e-11,mol mol-1
dms,2004,1.954596490289997e-11,mol mol-1
