variable,year,value,unit
cltc,2000,0.25285277756369967,%
cltc,2001,0.2500714943460937,%
cltc,2002,0.2494339387719396,%
cltc,2003,0.24769008947689916,%
cltc,2004,0.23923583738749937,%
