variable,year,value,unit
loadso2,2000,1.098640807773524e-06,kg m-2
loadso2,2001,1.0613750382934857e-06,kg m-2
loadso2,2002,1.074246159550779e-06,kg m-2
loadso2,2003,1.1162304785117136e-06,kg m-2
loadso2,2004,8.713235184050059e-07,kg m-2
