variable,year,value,unit
drybc,2001,5.2293002373656305e-14,kg m-2 s-1
drybc,2002,5.621410503779829e-14,kg m-2 s-1
drybc,2003,5.686681086746228e-14,kg m-2 s-1
drybc,2004,5.5645503034115536e-14,kg m-2 s-1
