variable,year,value,unit
loadbc,2000,3.979314518755934e-08,kg m-2
loadbc,2001,4.4699199385345956e-08,kg m-2
loadbc,2002,5.5261300634091145e-08,kg m-2
loadbc,2003,5.0253577412758105e-08,kg m-2
loadbc,2004,5.0517859953525e-08,kg m-2
