variable,year,value,unit
wetbc,2001,1.0933828584832848e-13,kg m-2 s-1
wetbc,2002,1.356796073241289e-13,kg m-2 s-1
wetbc,2003,1.309263533310768e-13,kg m-2 s-1
wetbc,2004,1.1612865074385e-13,kg m-2 s-1
