variable,year,value,unit
dms,2000,9.831496575523381e-11,mol mol-1
dms,2001,1.0637031042578639e-10,mol mol-1
dms,2002,1.0204203035779865e-10,mol mol-1
dms,2003,9.930085046779399e-11,mol mol-1
dms,2004,1.101179164369215e-10,mol mol-1
