variable,year,value,unit
dryso4,2000,9.940491230510434e-13,kg m-2 s-1
dryso4,2001,9.343105356637455e-13,kg m-2 s-1
dryso4,2002,9.748376891456815e-13,kg m-2 s-1
dryso4,2003,9.843555922713764e-13,kg m-2 s-1
dryso4,2004,9.358020615448145e-13,kg m-2 s-1
