variable,year,value,unit
emibc,2000,7.37636569672596e-14,kg m-2 s-1
emibc,2001,3.954183779544256e-14,kg m-2 s-1
emibc,2002,5.164757691135156e-14,kg m-2 s-1
emibc,2003,7.053934656781004e-14,kg m-2 s-1
emibc,2004,6.722841689371828e-14,kg m-2 s-1
