variable,year,value,unit
mmrso4,2000,1.1653995338355187e-10,kg kg-1
mmrso4,2001,1.3572267212599053e-10,kg kg-1
mmrso4,2002,1.3864957134206237e-10,kg kg-1
mmrso4,2003,1.3022670499102204e-10,kg kg-1
mmrso4,2004,1.4296048204664603e-10,kg kg-1
