variable,year,value,unit
wetso2,2000,4.2110866349968916e-13,kg m-2 s-1
wetso2,2001,4.060341073679734e-13,kg m-2 s-1
wetso2,2002,4.0532136924987646e-13,kg m-2 s-1
wetso2,2003,4.3921491069267283e-13,kg m-2 s-1
wetso2,2004,4.2001641961782087e-13,kg m-2 s-1
