variable,year,value,unit
bldep,2000,206.05475315711496,m
bldep,2001,208.37889179136317,m
bldep,2002,203.291113504935,m
bldep,2003,206.1325403365036,m
bldep,2004,200.7891869375413,m
