variable,year,value,unit
bldep,2000,278.76530605337047,m
bldep,2001,283.072687227177,m
bldep,2002,280.9884313152242,m
bldep,2003,280.2938074798039,m
bldep,2004,273.9403942862065,m
