variable,year,value,unit
rlut,2001,195.34326529201883,W m-2
rlut,2002,196.28815060691304,W m-2
rlut,2003,196.74647141123674,W m-2
rlut,2004,195.48950287966292,W m-2
