variable,year,value,unit
dryso2,2000,1.5296950874514579e-12,kg m-2 s-1
dryso2,2001,1.455378525116321e-12,kg m-2 s-1
dryso2,2002,1.5472085498900989e-12,kg m-2 s-1
dryso2,2003,1.4079871869460371e-12,kg m-2 s-1
dryso2,2004,1.4791340626784997e-12,kg m-2 s-1
