variable,year,value,unit
dryso4,2000,8.104644926742609e-13,kg m-2 s-1
dryso4,2001,8.133913336290244e-13,kg m-2 s-1
dryso4,2002,8.773974572616005e-13,kg m-2 s-1
dryso4,2003,7.809234988190575e-13,kg m-2 s-1
dryso4,2004,8.409418830649382e-13,kg m-2 s-1
