variable,year,value,unit
loadso2,2000,3.927974928630101e-07,kg m-2
loadso2,2001,3.59017477216828e-07,kg m-2
loadso2,2002,3.4300497875863187e-07,kg m-2
loadso2,2003,3.5467540622593594e-07,kg m-2
loadso2,2004,3.7620641262260237e-07,kg m-2
