variable,year,value,unit
rsut,2001,100.03358757955209,W m-2
rsut,2002,99.44462748261755,W m-2
rsut,2003,99.11927385849015,W m-2
rsut,2004,99.99478267700269,W m-2
