variable,year,value,unit
so2,2000,4.388494306335058e-10,mol mol-1
so2,2001,4.179326536209969e-10,mol mol-1
so2,2002,4.1780840120222785e-10,mol mol-1
so2,2003,4.4261351556336503e-10,mol mol-1
so2,2004,3.6859906931539104e-10,mol mol-1
