variable,year,value,unit
rlut,2000,208.4368560169878,W m-2
rlut,2001,208.0660029841165,W m-2
rlut,2002,208.40498628618133,W m-2
rlut,2003,208.25257031496088,W m-2
rlut,2004,208.74956963629845,W m-2
