variable,year,value,unit
clivi,2000,0.008815708245005842,kg m-2
clivi,2001,0.009766759557919726,kg m-2
clivi,2002,0.008919747253522719,kg m-2
clivi,2003,0.009304139891223329,kg m-2
clivi,2004,0.008212524584776443,kg m-2
