variable,year,value,unit
loadso4,2000,3.1287287570639915e-06,kg m-2
loadso4,2001,3.1360928031709734e-06,kg m-2
loadso4,2002,3.062007650202077e-06,kg m-2
loadso4,2003,3.0462396982926752e-06,kg m-2
loadso4,2004,3.3454675608571817e-06,kg m-2
