variable,year,value,unit
wetso4,2000,3.769440454912982e-12,kg m-2 s-1
wetso4,2001,3.783485658060764e-12,kg m-2 s-1
wetso4,2002,3.859754684876145e-12,kg m-2 s-1
wetso4,2003,3.907632397451784e-12,kg m-2 s-1
wetso4,2004,3.5443239145595963e-12,kg m-2 s-1
