variable,year,value,unit
od550aer,2000,0.03180731558606502,1
od550aer,2001,0.030789956449133408,1
od550aer,2002,0.03779065079703375,1
od550aer,2003,0.0397218081678624,1
od550aer,2004,0.03457820952780828,1
