variable,year,value,unit
rsdt,2001,189.2632011911281,W m-2
rsdt,2002,189.26561813951784,W m-2
rsdt,2003,189.20635582366614,W m-2
rsdt,2004,189.12613465402765,W m-2
