variable,year,value,unit
loadso2,2000,9.469039297687771e-07,kg m-2
loadso2,2001,8.953715846681206e-07,kg m-2
loadso2,2002,9.689647746721942e-07,kg m-2
loadso2,2003,1.0253539462660426e-06,kg m-2
loadso2,2004,1.0711626115331547e-06,kg m-2
