variable,year,value,unit
wetso4,2000,3.71814647074367e-12,kg m-2 s-1
wetso4,2001,3.900671637548856e-12,kg m-2 s-1
wetso4,2002,4.059562520106264e-12,kg m-2 s-1
wetso4,2003,3.679026192216446e-12,kg m-2 s-1
wetso4,2004,3.816906712140704e-12,kg m-2 s-1
