variable,year,value,unit
bldep,2001,123.95508899161769,m
bldep,2002,126.00763302247208,m
bldep,2003,120.2219772425553,m
bldep,2004,124.18443961568413,m
