variable,year,value,unit
loadbc,2000,6.976543555159573e-09,kg m-2
loadbc,2001,7.00939810202202e-09,kg m-2
loadbc,2002,7.381016824900337e-09,kg m-2
loadbc,2003,7.742966386874125e-09,kg m-2
loadbc,2004,7.661322533227513e-09,kg m-2
