variable,year,value,unit
loadso2,2000,6.665298271725462e-07,kg m-2
loadso2,2001,6.900204892510165e-07,kg m-2
loadso2,2002,7.622294812400163e-07,kg m-2
loadso2,2003,6.007456629709557e-07,kg m-2
loadso2,2004,5.239557844508633e-07,kg m-2
