variable,year,value,unit
dms,2000,2.3268951653134835e-11,mol mol-1
dms,2001,2.3015396304230173e-11,mol mol-1
dms,2002,2.658048920199285e-11,mol mol-1
dms,2003,2.3033381513208236e-11,mol mol-1
dms,2004,2.528845910284829e-11,mol mol-1
