variable,year,value,unit
od550aer,2001,0.05196278872429441,1
od550aer,2002,0.06179058509290177,1
od550aer,2003,0.06125433909887476,1
od550aer,2004,0.05758122130148016,1
