variable,year,value,unit
drybc,2000,-0.09940966933243565,kg m-2 s-1
drybc,2001,0.0355720597439176,kg m-2 s-1
drybc,2002,0.030258397962357745,kg m-2 s-1
drybc,2003,-0.05350288978577921,kg m-2 s-1
drybc,2004,0.0003126953943793012,kg m-2 s-1
