variable,year,value,unit
so2,2000,0.1331390091234114,mol mol-1
so2,2001,0.16131856389470914,mol mol-1
so2,2002,0.2970534534019203,mol mol-1
so2,2003,0.16739174032879892,mol mol-1
so2,2004,0.11479846705670664,mol mol-1
