variable,year,value,unit
emiso2,2000,0.0012108063927775599,kg m-2 s-1
emiso2,2001,0.001282276771444882,kg m-2 s-1
emiso2,2002,0.00118090981572253,kg m-2 s-1
emiso2,2003,0.001213052647252985,kg m-2 s-1
emiso2,2004,0.0012446623709971524,kg m-2 s-1
