variable,year,value,unit
wetso4,2000,0.1436272887677572,kg m-2 s-1
wetso4,2001,0.14246135411131242,kg m-2 s-1
wetso4,2002,0.13183823947048717,kg m-2 s-1
wetso4,2003,0.13945029500402317,kg m-2 s-1
wetso4,2004,0.14883349180041874,kg m-2 s-1
