variable,year,value,unit
cl,2000,-0.004759812678752695,%
cl,2001,0.0026588594818655054,%
cl,2002,-0.00015461626958845898,%
cl,2003,0.002479542063330342,%
cl,2004,-0.001221447386349439,%
