variable,year,value,unit
wetso2,2001,-2.6205697,kg m-2 s-1
wetso2,2002,-1.341751,kg m-2 s-1
wetso2,2003,-3.4479418,kg m-2 s-1
wetso2,2004,-2.5964396,kg m-2 s-1
wetso2,2005,-4.794349,kg m-2 s-1
