variable,year,value,unit
loadso4,2000,-2.017057179606719,kg m-2
loadso4,2001,-2.132984825390618,kg m-2
loadso4,2002,-1.9304899573512526,kg m-2
loadso4,2003,-1.89433281779622,kg m-2
loadso4,2004,-1.9380269264460828,kg m-2
