variable,year,value,unit
dms,2000,1.4207303e-05,mol mol-1
dms,2001,0.006083327,mol mol-1
dms,2002,-0.0013498913,mol mol-1
dms,2003,-0.008038573,mol mol-1
dms,2004,0.0018772646,mol mol-1
