variable,year,value,unit
emiso2,2000,-3.710122363137624e-12,kg m-2 s-1
emiso2,2001,-3.654823546073812e-12,kg m-2 s-1
emiso2,2002,-3.714280904124239e-12,kg m-2 s-1
emiso2,2003,-3.6129644660841067e-12,kg m-2 s-1
emiso2,2004,-3.658637076461471e-12,kg m-2 s-1
