variable,year,value,unit
mmrso4,2000,-2.43334794296888e-11,kg kg-1
mmrso4,2001,-2.5346969700035117e-11,kg kg-1
mmrso4,2002,-2.3619575194174275e-11,kg kg-1
mmrso4,2003,-2.383041266639145e-11,kg kg-1
mmrso4,2004,-2.61005363061962e-11,kg kg-1
