variable,year,value,unit
mmrso4,2000,-3.293920142567685e-11,kg kg-1
mmrso4,2001,-3.22929435389183e-11,kg kg-1
mmrso4,2002,-3.203346405100295e-11,kg kg-1
mmrso4,2003,-3.214486200401853e-11,kg kg-1
mmrso4,2004,-3.539628462771661e-11,kg kg-1
