variable,year,value,unit
cltc,2001,-0.8633079,%
cltc,2002,-2.7786584,%
cltc,2003,0.101656176,%
cltc,2004,-0.62906975,%
cltc,2005,3.1948314,%
