variable,year,value,unit
rlut,2000,0.06506284591321787,W m-2
rlut,2001,0.06070162799116474,W m-2
rlut,2002,0.037958814127648566,W m-2
rlut,2003,0.06100681871205893,W m-2
rlut,2004,0.07387867636739998,W m-2
