variable,year,value,unit
dryso2,2000,-2.311156760810595e-13,kg m-2 s-1
dryso2,2001,-2.4378825181634314e-13,kg m-2 s-1
dryso2,2002,-2.274701652166204e-13,kg m-2 s-1
dryso2,2003,-2.3424064197551764e-13,kg m-2 s-1
dryso2,2004,-2.493842706737597e-13,kg m-2 s-1
