variable,year,value,unit
clivi,2000,0.0001070508584498503,kg m-2
clivi,2001,0.00026775037743158314,kg m-2
clivi,2002,0.00017763531745977612,kg m-2
clivi,2003,2.5469744544759365e-05,kg m-2
clivi,2004,0.0002591637668278163,kg m-2
