variable,year,value,unit
wetbc,2000,6.840418891952164e-16,kg m-2 s-1
wetbc,2001,1.362659088818191e-15,kg m-2 s-1
wetbc,2002,4.922510313319126e-16,kg m-2 s-1
wetbc,2003,7.901164811124139e-16,kg m-2 s-1
wetbc,2004,3.435078389089623e-16,kg m-2 s-1
