variable,year,value,unit
dryso2,2000,-9.923289772695294e-15,kg m-2 s-1
dryso2,2001,-3.20482197449107e-15,kg m-2 s-1
dryso2,2002,-7.21172539940294e-15,kg m-2 s-1
dryso2,2003,4.8820330045975386e-15,kg m-2 s-1
dryso2,2004,7.071677147539642e-15,kg m-2 s-1
