variable,year,value,unit
rsut,2001,0.1318207455170583,W m-2
rsut,2002,0.12665824539268483,W m-2
rsut,2003,0.12766223328563567,W m-2
rsut,2004,0.12973597294466785,W m-2
