variable,year,value,unit
wetbc,2000,-4.513781684344483e-14,kg m-2 s-1
wetbc,2001,-4.916933784875181e-14,kg m-2 s-1
wetbc,2002,-5.240311588331483e-14,kg m-2 s-1
wetbc,2003,-4.999649790712372e-14,kg m-2 s-1
wetbc,2004,-4.727048892199186e-14,kg m-2 s-1
