variable,year,value,unit
loadbc,2000,-2.5022935770083575e-08,kg m-2
loadbc,2001,-2.764668135997164e-08,kg m-2
loadbc,2002,-2.872020368497781e-08,kg m-2
loadbc,2003,-2.9638525255724563e-08,kg m-2
loadbc,2004,-2.9235345804944357e-08,kg m-2
