variable,year,value,unit
wetbc,2000,4.294727751454854e-14,kg m-2 s-1
wetbc,2001,4.831326395381564e-14,kg m-2 s-1
wetbc,2002,6.008517966106725e-14,kg m-2 s-1
wetbc,2003,5.835426309159485e-14,kg m-2 s-1
wetbc,2004,5.19744798572756e-14,kg m-2 s-1
