variable,year,value,unit
wetbc,2000,9.772396028065865e-14,kg m-2 s-1
wetbc,2001,1.0887688081699126e-13,kg m-2 s-1
wetbc,2002,1.3525821964147783e-13,kg m-2 s-1
wetbc,2003,1.3060015462446707e-13,kg m-2 s-1
wetbc,2004,1.1614053112671427e-13,kg m-2 s-1
