variable,year,value,unit
drybc,2000,4.859798263402375e-14,kg m-2 s-1
drybc,2001,5.0218083868372945e-14,kg m-2 s-1
drybc,2002,5.303570582051032e-14,kg m-2 s-1
drybc,2003,5.654739755482856e-14,kg m-2 s-1
drybc,2004,5.5151095245977346e-14,kg m-2 s-1
