variable,year,value,unit
rlut,2000,0.02734375,W m-2
rlut,2001,0.0077056885,W m-2
rlut,2002,0.050216675,W m-2
rlut,2003,0.006729126,W m-2
rlut,2004,-0.0046081543,W m-2
