variable,year,value,unit
cltc,2000,-11.53698,%
cltc,2001,-11.473831,%
cltc,2002,-11.485729,%
cltc,2003,-11.533527,%
cltc,2004,-11.555439,%
