variable,year,value,unit
wetso4,2000,-2.3499171e-13,kg m-2 s-1
wetso4,2001,-2.5001355e-13,kg m-2 s-1
wetso4,2002,-2.2655749e-13,kg m-2 s-1
wetso4,2003,-2.3362041e-13,kg m-2 s-1
wetso4,2004,-2.5415954e-13,kg m-2 s-1
