variable,year,value,unit
rsutcs,2000,0.0034596471245578186,W m-2
rsutcs,2001,0.001356601760818421,W m-2
rsutcs,2002,0.001882890875663179,W m-2
rsutcs,2003,0.007818082830326034,W m-2
rsutcs,2004,0.006762970043062921,W m-2
