variable,year,value,unit
drybc,2000,-4.8367441089588194e-18,kg m-2 s-1
drybc,2001,4.1300238559532154e-18,kg m-2 s-1
drybc,2002,5.481331795770064e-18,kg m-2 s-1
drybc,2003,1.1895200310187338e-17,kg m-2 s-1
drybc,2004,1.9292312970077817e-17,kg m-2 s-1
