variable,year,value,unit
wetso4,2000,-2.3750365591455043e-14,kg m-2 s-1
wetso4,2001,-2.4852741439134854e-14,kg m-2 s-1
wetso4,2002,-2.5361310187967337e-14,kg m-2 s-1
wetso4,2003,-2.5032419624623872e-14,kg m-2 s-1
wetso4,2004,-3.086496952332741e-14,kg m-2 s-1
