variable,year,value,unit
mmrso4,2000,-2.7994249270678508e-12,kg kg-1
mmrso4,2001,-2.7875622815335313e-12,kg kg-1
mmrso4,2002,-2.9433147523565736e-12,kg kg-1
mmrso4,2003,-2.9679083761274495e-12,kg kg-1
mmrso4,2004,-2.6108592518829228e-12,kg kg-1
