variable,year,value,unit
rsut,2000,-0.016797467865657723,W m-2
rsut,2001,-0.024709134940565036,W m-2
rsut,2002,-0.005512326310977755,W m-2
rsut,2003,-0.011492995347339274,W m-2
rsut,2004,-0.0074218859980703655,W m-2
