variable,year,value,unit
emiso2,2000,-7.629883679268477e-14,kg m-2 s-1
emiso2,2001,-7.536139666047213e-14,kg m-2 s-1
emiso2,2002,-7.511333176258558e-14,kg m-2 s-1
emiso2,2003,-7.369576406383337e-14,kg m-2 s-1
emiso2,2004,-7.439838981762037e-14,kg m-2 s-1
