variable,year,value,unit
rsut,2000,-0.01655590838437604,W m-2
rsut,2001,-0.012203736083392869,W m-2
rsut,2002,-0.008349794127880728,W m-2
rsut,2003,0.004436754565602996,W m-2
rsut,2004,-0.0038537277645360746,W m-2
