variable,year,value,unit
clt,2000,0.19017957470337166,%
clt,2001,0.4089564998956092,%
clt,2002,0.3912209796402806,%
clt,2003,-0.1954494970163978,%
clt,2004,0.09626535628633803,%
