variable,year,value,unit
rlutcs,2000,0.47372550122759094,W m-2
rlutcs,2001,0.4114854719425125,W m-2
rlutcs,2002,0.43558508097316917,W m-2
rlutcs,2003,0.5014958124466489,W m-2
rlutcs,2004,0.4154159371459514,W m-2
