variable,year,value,unit
wetbc,2000,-1.246705076636129e-13,kg m-2 s-1
wetbc,2001,-1.3706683937768114e-13,kg m-2 s-1
wetbc,2002,-1.2271167266334093e-13,kg m-2 s-1
wetbc,2003,-1.4284679363230115e-13,kg m-2 s-1
wetbc,2004,-1.614572613627616e-13,kg m-2 s-1
