variable,year,value,unit
clt,2000,-0.0035639964373928024,%
clt,2001,-0.018063173382074638,%
clt,2002,0.13544189291128816,%
clt,2003,-0.06395872140659264,%
clt,2004,0.05946983738303402,%
