variable,year,value,unit
mmrso4,2000,-1.9004552784664323e-10,kg kg-1
mmrso4,2001,-2.443365097752701e-10,kg kg-1
mmrso4,2002,-2.7325688419897486e-10,kg kg-1
mmrso4,2003,-3.117636441048524e-10,kg kg-1
mmrso4,2004,-4.73800658839909e-10,kg kg-1
