variable,year,value,unit
clt,2000,-1.4830445400604546,%
clt,2001,-1.079272367018966,%
clt,2002,-1.1805303007798926,%
clt,2003,-1.3242942196780945,%
clt,2004,-1.0613865172069623,%
