variable,year,value,unit
clivi,2000,-0.20064790681897432,kg m-2
clivi,2001,-0.2357695288735809,kg m-2
clivi,2002,-0.07870751146706381,kg m-2
clivi,2003,-0.11600202472835275,kg m-2
clivi,2004,-0.2715735803047532,kg m-2
