variable,year,value,unit
rlut,2000,0.004630407388438045,W m-2
rlut,2001,0.013905741386743387,W m-2
rlut,2002,-0.013256323344003928,W m-2
rlut,2003,0.007992621299226016,W m-2
rlut,2004,0.025494035167957944,W m-2
