variable,year,value,unit
mmrbc,2000,-0.015965608743763283,kg kg-1
mmrbc,2001,0.03831877676293935,kg kg-1
mmrbc,2002,0.06654071852165955,kg kg-1
mmrbc,2003,0.14585940077701118,kg kg-1
mmrbc,2004,-0.028461234810027068,kg kg-1
