variable,year,value,unit
rsut,2000,-0.04552303950302483,W m-2
rsut,2001,-0.15609943306808863,W m-2
rsut,2002,-0.04868593022903367,W m-2
rsut,2003,-0.1548929477732544,W m-2
rsut,2004,-0.1454098109485709,W m-2
