variable,year,value,unit
od550aer,2000,0.0013122644462728317,1
od550aer,2001,0.001426339639932675,1
od550aer,2002,0.0015826149186530108,1
od550aer,2003,0.0017697111290290307,1
od550aer,2004,0.0021779526446113057,1
