variable,year,value,unit
wetso2,2000,0.0005656161093772621,kg m-2 s-1
wetso2,2001,0.0005371337845855098,kg m-2 s-1
wetso2,2002,0.0008016156301813744,kg m-2 s-1
wetso2,2003,0.0008418598817800382,kg m-2 s-1
wetso2,2004,0.0010482414548932777,kg m-2 s-1
