variable,year,value,unit
rsutcs,2001,0.0970686337646116,W m-2
rsutcs,2002,0.07524963966538328,W m-2
rsutcs,2003,0.08843528546181607,W m-2
rsutcs,2004,0.09655204794133627,W m-2
