variable,year,value,unit
emibc,2001,8.253883769818604e-06,kg m-2 s-1
emibc,2002,1.212421576699987e-05,kg m-2 s-1
emibc,2003,1.3817689745357463e-05,kg m-2 s-1
emibc,2004,6.008574383710288e-06,kg m-2 s-1
