variable,year,value,unit
rlut,2001,-0.008945164328292836,W m-2
rlut,2002,-0.013124065162096268,W m-2
rlut,2003,-0.0037823549243679827,W m-2
rlut,2004,-0.0062369919025617015,W m-2
