variable,year,value,unit
wetbc,2000,-0.026656140572981178,kg m-2 s-1
wetbc,2001,0.05975692495304531,kg m-2 s-1
wetbc,2002,-0.0026494109314649603,kg m-2 s-1
wetbc,2003,-0.0357317131058622,kg m-2 s-1
wetbc,2004,-0.03770386869731063,kg m-2 s-1
