variable,year,value,unit
emiso2,2000,-0.3549172720499618,kg m-2 s-1
emiso2,2001,-0.3524624329176635,kg m-2 s-1
emiso2,2002,-0.3547238801435288,kg m-2 s-1
emiso2,2003,-0.3600329772514862,kg m-2 s-1
emiso2,2004,-0.36143883882151573,kg m-2 s-1
