variable,year,value,unit
emiso2,2000,1.9229000435836475e-14,kg m-2 s-1
emiso2,2001,1.862226311068817e-14,kg m-2 s-1
emiso2,2002,1.9425051763295034e-14,kg m-2 s-1
emiso2,2003,1.999405794142675e-14,kg m-2 s-1
emiso2,2004,2.03185165086461e-14,kg m-2 s-1
emiso2,2005,2.2565190686396677e-14,kg m-2 s-1
emiso2,2006,2.475398489897272e-14,kg m-2 s-1
emiso2,2007,2.6552835066360064e-14,kg m-2 s-1
emiso2,2008,2.5336625392213707e-14,kg m-2 s-1
emiso2,2009,2.5294892657402235e-14,kg m-2 s-1
