variable,year,value,unit
rsut,2001,-0.20556175277559643,W m-2
rsut,2002,-0.21281006591486332,W m-2
rsut,2003,0.4999989430030315,W m-2
rsut,2004,-0.06735402924008697,W m-2
rsut,2005,-0.2181925496891366,W m-2
