variable,year,value,unit
emibc,2001,3.5125000622784352e-06,kg m-2 s-1
emibc,2002,-2.8218903500096916e-08,kg m-2 s-1
emibc,2003,7.1049471961996025e-09,kg m-2 s-1
emibc,2004,-1.710917714675607e-07,kg m-2 s-1
emibc,2005,5.861527494014696e-07,kg m-2 s-1
