variable,year,value,unit
dryso4,2000,0.2752476943649258,kg m-2 s-1
dryso4,2001,0.17200932281029585,kg m-2 s-1
dryso4,2002,0.1693872252088052,kg m-2 s-1
dryso4,2003,0.16540668708666437,kg m-2 s-1
dryso4,2004,0.11123919830603433,kg m-2 s-1
