variable,year,value,unit
clivi,2000,0.0695297869450029,kg m-2
clivi,2001,0.052798812835462214,kg m-2
clivi,2002,-0.026608549832593736,kg m-2
clivi,2003,-0.0050694331214976756,kg m-2
clivi,2004,0.04078945830337787,kg m-2
