variable,year,value,unit
rlut,2000,-0.03799691140672276,W m-2
rlut,2001,-0.0015015655930757294,W m-2
rlut,2002,-0.02013952024224327,W m-2
rlut,2003,0.002239412863174033,W m-2
rlut,2004,-0.03401133648990839,W m-2
