variable,year,value,unit
dryso4,2000,0.14607690403657594,kg m-2 s-1
dryso4,2001,0.26964863426586927,kg m-2 s-1
dryso4,2002,0.2641595726570348,kg m-2 s-1
dryso4,2003,0.1472841422507977,kg m-2 s-1
dryso4,2004,0.2830522657470099,kg m-2 s-1
