variable,year,value,unit
dms,2000,-0.0017689699198227332,mol mol-1
dms,2001,-0.025809417943849302,mol mol-1
dms,2002,0.09030432903751301,mol mol-1
dms,2003,-0.07699471452290273,mol mol-1
dms,2004,-0.06848688707550135,mol mol-1
