variable,year,value,unit
wetso2,2000,0.15508657137931633,kg m-2 s-1
wetso2,2001,0.19918678295313916,kg m-2 s-1
wetso2,2002,0.03796993571081353,kg m-2 s-1
wetso2,2003,0.0162566133683017,kg m-2 s-1
wetso2,2004,0.16512690363955734,kg m-2 s-1
