variable,year,value,unit
cl,2000,0.008426034863185102,%
cl,2001,-0.2658801978089592,%
cl,2002,-0.08468067478393193,%
cl,2003,0.21474328465815587,%
cl,2004,-0.007776562581010203,%
