variable,year,value,unit
drybc,2000,3.4707811036145646,kg m-2 s-1
drybc,2001,3.3396408915952422,kg m-2 s-1
drybc,2002,3.603435209869188,kg m-2 s-1
drybc,2003,3.834429293108436,kg m-2 s-1
drybc,2004,3.7969930006977313,kg m-2 s-1
