variable,year,value,unit
emiso2,2000,-1.1747758025717299,kg m-2 s-1
emiso2,2001,-1.2158122219582732,kg m-2 s-1
emiso2,2002,-1.1503068300132882,kg m-2 s-1
emiso2,2003,-1.1496845910708349,kg m-2 s-1
emiso2,2004,-1.2330347971830828,kg m-2 s-1
