variable,year,value,unit
dryso4,2000,-0.9430413289260013,kg m-2 s-1
dryso4,2001,-0.9520105298247197,kg m-2 s-1
dryso4,2002,-1.0085346100703683,kg m-2 s-1
dryso4,2003,-0.85597498665992,kg m-2 s-1
dryso4,2004,-0.9666074617833522,kg m-2 s-1
