variable,year,value,unit
rlutcs,2000,0.0002213647221066434,W m-2
rlutcs,2001,-0.0002345729860661776,W m-2
rlutcs,2002,0.0009799293442774469,W m-2
rlutcs,2003,0.0015469506977602069,W m-2
rlutcs,2004,9.753429093218084e-05,W m-2
