variable,year,value,unit
rlutcs,2000,5.0923187557081716e-05,W m-2
rlutcs,2001,4.425149408445359e-05,W m-2
rlutcs,2002,-0.0004144793374694581,W m-2
rlutcs,2003,-0.00031046126825536285,W m-2
rlutcs,2004,-0.00190494764596399,W m-2
