variable,year,value,unit
mmrso4,2000,-0.31042693293071705,kg kg-1
mmrso4,2001,-0.3980986395209297,kg kg-1
mmrso4,2002,-0.4014803064000981,kg kg-1
mmrso4,2003,-0.3343309484205245,kg kg-1
mmrso4,2004,-0.4810427669865987,kg kg-1
