variable,year,value,unit
cltc,2000,-0.05740503383872264,%
cltc,2001,0.06407048836801234,%
cltc,2002,0.03200209092406093,%
cltc,2003,-0.05172294248113886,%
cltc,2004,-0.06520640406156233,%
