variable,year,value,unit
od550aer,2000,-4.43077871849293,1
od550aer,2001,-4.4493313308713764,1
od550aer,2002,-4.035409156593092,1
od550aer,2003,-4.25613003365718,1
od550aer,2004,-4.776209441384616,1
