variable,year,value,unit
emiso2,2000,-0.8703391691471237,kg m-2 s-1
emiso2,2001,-0.9032160900461859,kg m-2 s-1
emiso2,2002,-0.8557263228086861,kg m-2 s-1
emiso2,2003,-0.8758804168054813,kg m-2 s-1
emiso2,2004,-0.9272283568336056,kg m-2 s-1
