variable,year,value,unit
loadso2,2000,-4.739512663067137e-09,kg m-2
loadso2,2001,-4.386874205439733e-09,kg m-2
loadso2,2002,-5.697816709794045e-09,kg m-2
loadso2,2003,-4.052687066189053e-09,kg m-2
loadso2,2004,-5.0421074491016505e-09,kg m-2
