variable,year,value,unit
wetbc,2000,1.1078236667967357e-15,kg m-2 s-1
wetbc,2001,-4.0618281450134693e-16,kg m-2 s-1
wetbc,2002,-8.820141905959595e-16,kg m-2 s-1
wetbc,2003,-6.522194833604341e-16,kg m-2 s-1
wetbc,2004,-7.986906017447168e-16,kg m-2 s-1
