variable,year,value,unit
dryso4,2001,2.489982351659296,kg m-2 s-1
dryso4,2002,17.240403762398778,kg m-2 s-1
dryso4,2003,-2.7375846001635473,kg m-2 s-1
dryso4,2004,-2.7882604574054124,kg m-2 s-1
dryso4,2005,-14.318210970457967,kg m-2 s-1
