variable,year,value,unit
srfdms,2000,-0.01718707249177786,mol mol-1
srfdms,2001,-0.01759561990554098,mol mol-1
srfdms,2002,-0.1024786810887707,mol mol-1
srfdms,2003,-0.006447621598158998,mol mol-1
srfdms,2004,-0.06404091115829683,mol mol-1
