variable,year,value,unit
wetso4,2000,-1.7548620146588513e-14,kg m-2 s-1
wetso4,2001,-3.115290679373331e-14,kg m-2 s-1
wetso4,2002,-3.3731181054365095e-14,kg m-2 s-1
wetso4,2003,-2.9829751209306493e-14,kg m-2 s-1
wetso4,2004,-2.621095170599447e-14,kg m-2 s-1
