variable,year,value,unit
so2,2001,1.159288331976263,mol mol-1
so2,2002,-0.6262641944826444,mol mol-1
so2,2003,-1.3430303882219314,mol mol-1
so2,2004,0.2598752368888869,mol mol-1
so2,2005,-5.016778414130467,mol mol-1
