variable,year,value,unit
wetso2,2001,-1.292425818719531,kg m-2 s-1
wetso2,2002,2.7680491710935904,kg m-2 s-1
wetso2,2003,2.0611943643873727,kg m-2 s-1
wetso2,2004,2.1526718833034884,kg m-2 s-1
wetso2,2005,-12.137982342031744,kg m-2 s-1
