variable,year,value,unit
rsut,2000,0.02683695080717996,W m-2
rsut,2001,0.00451173276668726,W m-2
rsut,2002,-0.07389897777690635,W m-2
rsut,2003,-0.059961449644106324,W m-2
rsut,2004,0.020237693090436437,W m-2
