variable,year,value,unit
wetbc,2001,0.2018598005092454,kg m-2 s-1
wetbc,2002,-0.046423033452985735,kg m-2 s-1
wetbc,2003,0.4524316677762917,kg m-2 s-1
wetbc,2004,-0.1948243953516741,kg m-2 s-1
wetbc,2005,0.14101192591364217,kg m-2 s-1
