variable,year,value,unit
loadso4,2000,1.5089061073530061,kg m-2
loadso4,2001,1.4938947950399517,kg m-2
loadso4,2002,1.2535589445660453,kg m-2
loadso4,2003,1.166531246921736,kg m-2
loadso4,2004,1.382162952278152,kg m-2
