variable,year,value,unit
rsdt,2000,-4.779544195759697e-08,W m-2
rsdt,2001,2.3475370303601707e-08,W m-2
rsdt,2002,6.124660175449889e-08,W m-2
rsdt,2003,7.954129954434748e-08,W m-2
rsdt,2004,3.3534625741360397e-09,W m-2
