variable,year,value,unit
od550aer,2001,3.7791953999878505,1
od550aer,2002,3.5575366002465367,1
od550aer,2003,4.111082665134899,1
od550aer,2004,4.49916469306795,1
