variable,year,value,unit
loadbc,2000,0.15331644914687387,kg m-2
loadbc,2001,0.20597178094648683,kg m-2
loadbc,2002,0.20742408464981885,kg m-2
loadbc,2003,0.10811011292388305,kg m-2
loadbc,2004,0.11255965099547716,kg m-2
