variable,year,value,unit
rsutcs,2000,0.25909062556293994,W m-2
rsutcs,2001,0.25945753624865736,W m-2
rsutcs,2002,0.2506457184233821,W m-2
rsutcs,2003,0.24530594474843032,W m-2
rsutcs,2004,0.2706845309153451,W m-2
