variable,year,value,unit
wetso2,2001,-4.540278301979777,kg m-2 s-1
wetso2,2002,-5.491434458625067,kg m-2 s-1
wetso2,2003,-4.658973299999823,kg m-2 s-1
wetso2,2004,-5.3179955855362975,kg m-2 s-1
