variable,year,value,unit
wetbc,2000,-0.24890585162912135,kg m-2 s-1
wetbc,2001,-0.4026801349996567,kg m-2 s-1
wetbc,2002,-0.14060288932085008,kg m-2 s-1
wetbc,2003,-0.09230701967545625,kg m-2 s-1
wetbc,2004,-0.1352074045342405,kg m-2 s-1
