variable,year,value,unit
dryso4,2000,15.348180948374162,kg m-2 s-1
dryso4,2001,15.478828942983974,kg m-2 s-1
dryso4,2002,15.439113779723446,kg m-2 s-1
dryso4,2003,15.8171355806978,kg m-2 s-1
dryso4,2004,16.142915642418796,kg m-2 s-1
