variable,year,value,unit
cl,2000,0.11848725130702488,%
cl,2001,0.6296020804379189,%
cl,2002,0.31291621805664954,%
cl,2003,0.2478374276837,%
cl,2004,-0.03581829792410349,%
