variable,year,value,unit
rlut,2001,0.010479463951541968,W m-2
rlut,2002,0.005296626585784567,W m-2
rlut,2003,0.005611911070410655,W m-2
rlut,2004,0.010234224744444131,W m-2
