variable,year,value,unit
wetso2,2000,-3.7176292864540557,kg m-2 s-1
wetso2,2001,-3.5933993611451194,kg m-2 s-1
wetso2,2002,-2.9697869149078526,kg m-2 s-1
wetso2,2003,-3.423126028320845,kg m-2 s-1
wetso2,2004,-3.4837311331405734,kg m-2 s-1
