variable,year,value,unit
dms,2000,-0.10804696374680438,mol mol-1
dms,2001,-0.06771607600859658,mol mol-1
dms,2002,-0.07827297061255857,mol mol-1
dms,2003,-0.039975688926102,mol mol-1
dms,2004,-0.008813634292764211,mol mol-1
