variable,year,value,unit
dryso4,2000,14.783811172946415,kg m-2 s-1
dryso4,2001,14.82867416402938,kg m-2 s-1
dryso4,2002,14.990673459943329,kg m-2 s-1
dryso4,2003,15.402343058804387,kg m-2 s-1
dryso4,2004,15.200858904847284,kg m-2 s-1
