variable,year,value,unit
emiso2,2000,-4.899945546877479,kg m-2 s-1
emiso2,2001,-4.909036090726272,kg m-2 s-1
emiso2,2002,-4.908877849809133,kg m-2 s-1
emiso2,2003,-4.918746720797184,kg m-2 s-1
emiso2,2004,-4.926413629032562,kg m-2 s-1
