variable,year,value,unit
emiso2,2001,-4.972473580504908,kg m-2 s-1
emiso2,2002,-4.946742220592982,kg m-2 s-1
emiso2,2003,-4.943708096881155,kg m-2 s-1
emiso2,2004,-4.976966457768682,kg m-2 s-1
