variable,year,value,unit
mmrbc,2000,0.0,kg kg-1
mmrbc,2001,0.005559901904891803,kg kg-1
mmrbc,2002,0.0006101216434070926,kg kg-1
mmrbc,2003,-0.001603660348581147,kg kg-1
mmrbc,2004,0.04552855610410705,kg kg-1
