variable,year,value,unit
rlutcs,2000,0.009005568498900683,W m-2
rlutcs,2001,0.0022906302841052143,W m-2
rlutcs,2002,0.01234902423551286,W m-2
rlutcs,2003,0.00435895024476026,W m-2
rlutcs,2004,-0.002751400033725215,W m-2
