variable,year,value,unit
cltc,2000,0.17628664448087525,%
cltc,2001,-0.11128003082994224,%
cltc,2002,0.15357507533961906,%
cltc,2003,0.20008031324163217,%
cltc,2004,-0.06402279989017232,%
