variable,year,value,unit
rsut,2001,0.11833729689248512,W m-2
rsut,2002,0.12656747061882676,W m-2
rsut,2003,0.1316744556809099,W m-2
rsut,2004,0.13802401775432507,W m-2
