variable,year,value,unit
wetbc,2000,-0.5346367338673911,kg m-2 s-1
wetbc,2001,-0.5118838224699932,kg m-2 s-1
wetbc,2002,-0.1987495074825075,kg m-2 s-1
wetbc,2003,-0.2144629115923829,kg m-2 s-1
wetbc,2004,0.10736702387677605,kg m-2 s-1
