variable,year,value,unit
mmrbc,2000,0.10200679447577857,kg kg-1
mmrbc,2001,0.022270478619628463,kg kg-1
mmrbc,2002,0.11779386078293821,kg kg-1
mmrbc,2003,0.12988008457394964,kg kg-1
mmrbc,2004,0.10402740374166929,kg kg-1
