variable,year,value,unit
cltc,2001,-0.018928789461148617,%
cltc,2002,-0.057943998658292514,%
cltc,2003,0.03537496092413788,%
cltc,2004,-0.20423429962599512,%
