variable,year,value,unit
wetbc,2000,-0.43246711595750176,kg m-2 s-1
wetbc,2001,-0.4873132391228643,kg m-2 s-1
wetbc,2002,-0.46574730709290574,kg m-2 s-1
wetbc,2003,-0.41638501507004505,kg m-2 s-1
wetbc,2004,-0.5623378587278054,kg m-2 s-1
