variable,year,value,unit
emiso2,2001,-5.092408544250951,kg m-2 s-1
emiso2,2002,-5.092884165576008,kg m-2 s-1
emiso2,2003,-5.0948882774609325,kg m-2 s-1
emiso2,2004,-5.09832284695997,kg m-2 s-1
