variable,year,value,unit
dryso2,2000,-4.881206443726059,kg m-2 s-1
dryso2,2001,-4.951067865400051,kg m-2 s-1
dryso2,2002,-4.916620662088817,kg m-2 s-1
dryso2,2003,-5.000688012509876,kg m-2 s-1
dryso2,2004,-5.054149274171031,kg m-2 s-1
