variable,year,value,unit
cltc,2001,-0.09370116816620483,%
cltc,2002,0.00842008464647121,%
cltc,2003,0.04747594503840302,%
cltc,2004,-0.007800353278253089,%
