variable,year,value,unit
so2,2000,-4.492635892099969,mol mol-1
so2,2001,-4.502216832411342,mol mol-1
so2,2002,-4.46529471373156,mol mol-1
so2,2003,-4.572800359570681,mol mol-1
so2,2004,-4.54692756224234,mol mol-1
