variable,year,value,unit
od550aer,2000,2.1269361562272824,1
od550aer,2001,1.5662737015163366,1
od550aer,2002,2.011510675211316,1
od550aer,2003,1.8695170823929415,1
od550aer,2004,1.980352501819056,1
