variable,year,value,unit
mmrso4,2001,23.738710750150663,kg kg-1
mmrso4,2002,24.35932064493308,kg kg-1
mmrso4,2003,24.51285881549353,kg kg-1
mmrso4,2004,26.07325552424693,kg kg-1
