variable,year,value,unit
loadbc,2000,0.8480848898495988,kg m-2
loadbc,2001,0.9856010453525204,kg m-2
loadbc,2002,1.0450487296656108,kg m-2
loadbc,2003,1.0271396755569902,kg m-2
loadbc,2004,0.9450322443484517,kg m-2
