variable,year,value,unit
rsutcs,2001,0.07143888715756916,W m-2
rsutcs,2002,0.07226506500406704,W m-2
rsutcs,2003,0.07124190252238205,W m-2
rsutcs,2004,0.07617943086420462,W m-2
