variable,year,value,unit
dryso4,2001,12.674775236115096,kg m-2 s-1
dryso4,2002,13.111969230853704,kg m-2 s-1
dryso4,2003,13.474270502901653,kg m-2 s-1
dryso4,2004,13.35052822688994,kg m-2 s-1
