variable,year,value,unit
dryso2,2000,-5.087264544929706,kg m-2 s-1
dryso2,2001,-5.083824345356177,kg m-2 s-1
dryso2,2002,-5.0897433918852855,kg m-2 s-1
dryso2,2003,-5.105382277543195,kg m-2 s-1
dryso2,2004,-5.113382672404782,kg m-2 s-1
