variable,year,value,unit
loadbc,2000,0.5607357351871488,kg m-2
loadbc,2001,0.0714950805463799,kg m-2
loadbc,2002,-0.009395721009819202,kg m-2
loadbc,2003,-0.017157575579769647,kg m-2
loadbc,2004,0.007556947381674983,kg m-2
