variable,year,value,unit
rsdt,2000,354.80913313214126,W m-2
rsdt,2001,354.78802067445963,W m-2
rsdt,2002,354.7995336203085,W m-2
rsdt,2003,354.67503442116544,W m-2
rsdt,2004,354.6200407943132,W m-2
