variable,year,value,unit
rsut,2000,92.6359195973224,W m-2
rsut,2001,94.62458001915819,W m-2
rsut,2002,95.28606638671782,W m-2
rsut,2003,95.28798248299799,W m-2
rsut,2004,94.91557825261619,W m-2
