variable,year,value,unit
wetso4,2000,7.924199433268459e-12,kg m-2 s-1
wetso4,2001,7.963462594284317e-12,kg m-2 s-1
wetso4,2002,8.079790703031912e-12,kg m-2 s-1
wetso4,2003,8.283409959844643e-12,kg m-2 s-1
wetso4,2004,8.683041709689926e-12,kg m-2 s-1
