variable,year,value,unit
cl,2000,9.745477633069319,%
cl,2001,9.927596894370655,%
cl,2002,9.858020027818263,%
cl,2003,10.106286269132532,%
cl,2004,10.012941867765552,%
