variable,year,value,unit
so2,2000,2.3078345198434585e-10,mol mol-1
so2,2001,2.2501609647776353e-10,mol mol-1
so2,2002,2.2490245328794765e-10,mol mol-1
so2,2003,2.300941713303246e-10,mol mol-1
so2,2004,2.1458615582293905e-10,mol mol-1
