variable,year,value,unit
rlutcs,2000,266.72950202361466,W m-2
rlutcs,2001,266.53988392886697,W m-2
rlutcs,2002,266.6195902298791,W m-2
rlutcs,2003,267.2263686718805,W m-2
rlutcs,2004,266.6372567379121,W m-2
