variable,year,value,unit
wetso2,2000,1.4177963404984332e-12,kg m-2 s-1
wetso2,2001,1.4238154438011461e-12,kg m-2 s-1
wetso2,2002,1.396524079582276e-12,kg m-2 s-1
wetso2,2003,1.4511818361095521e-12,kg m-2 s-1
wetso2,2004,1.5126697690656535e-12,kg m-2 s-1
