variable,year,value,unit
loadso4,2000,2.6001625541195464e-06,kg m-2
loadso4,2001,2.709937663548492e-06,kg m-2
loadso4,2002,2.660005422206809e-06,kg m-2
loadso4,2003,2.8709723954414986e-06,kg m-2
loadso4,2004,2.831646519623496e-06,kg m-2
