variable,year,value,unit
rlut,2000,243.62318628025963,W m-2
rlut,2001,243.63111327249467,W m-2
rlut,2002,243.73815737383794,W m-2
rlut,2003,244.3294113794052,W m-2
rlut,2004,243.84616573302912,W m-2
