variable,year,value,unit
mmrso4,2000,8.415870552565822e-10,kg kg-1
mmrso4,2001,8.391103966946861e-10,kg kg-1
mmrso4,2002,8.612525735011429e-10,kg kg-1
mmrso4,2003,8.272059046293307e-10,kg kg-1
mmrso4,2004,8.433440358077399e-10,kg kg-1
