variable,year,value,unit
rsut,2000,99.31616553869996,W m-2
rsut,2001,98.80719190720947,W m-2
rsut,2002,100.14974237729676,W m-2
rsut,2003,99.73538352432288,W m-2
rsut,2004,98.77980017953118,W m-2
