variable,year,value,unit
emiso2,2000,2.845113398319141e-12,kg m-2 s-1
emiso2,2001,2.7717827718307913e-12,kg m-2 s-1
emiso2,2002,2.8123970544389508e-12,kg m-2 s-1
emiso2,2003,2.926943309748375e-12,kg m-2 s-1
emiso2,2004,3.081249715854692e-12,kg m-2 s-1
