variable,year,value,unit
rlut,2000,248.04067882853204,W m-2
rlut,2001,248.35179230533547,W m-2
rlut,2002,249.19643084886854,W m-2
rlut,2003,249.3963610707989,W m-2
rlut,2004,248.56049749985402,W m-2
