variable,year,value,unit
wetso2,2000,1.9276808226977576e-15,kg m-2 s-1
wetso2,2001,1.8580048575810694e-15,kg m-2 s-1
wetso2,2002,1.974732815661929e-15,kg m-2 s-1
wetso2,2003,1.8953592019614824e-15,kg m-2 s-1
wetso2,2004,1.8804076435751777e-15,kg m-2 s-1
