variable,year,value,unit
loadbc,2000,2.543077952926414e-07,kg m-2
loadbc,2001,2.458365011233529e-07,kg m-2
loadbc,2002,2.672059864806291e-07,kg m-2
loadbc,2003,2.753833947393274e-07,kg m-2
loadbc,2004,2.769717199108049e-07,kg m-2
