variable,year,value,unit
mmrbc,2000,3.156587358334469e-11,kg kg-1
mmrbc,2001,3.288039350253139e-11,kg kg-1
mmrbc,2002,3.659804907243423e-11,kg kg-1
mmrbc,2003,3.751749497625469e-11,kg kg-1
mmrbc,2004,3.8646891389213234e-11,kg kg-1
