variable,year,value,unit
loadbc,2000,2.47133569578847e-07,kg m-2
loadbc,2001,2.680206760576465e-07,kg m-2
loadbc,2002,2.8441763980308074e-07,kg m-2
loadbc,2003,2.865619450482087e-07,kg m-2
loadbc,2004,3.008517390393147e-07,kg m-2
