variable,year,value,unit
rlut,2000,0.013609171590815095,W m-2
rlut,2001,0.032455028751968484,W m-2
rlut,2002,-0.01579182859956063,W m-2
rlut,2003,-0.027968261718996246,W m-2
rlut,2004,0.021439068255801885,W m-2
