variable,year,value,unit
rsut,2001,-0.0017590008835384197,W m-2
rsut,2002,0.05909039702801522,W m-2
rsut,2003,0.06238427047492223,W m-2
rsut,2004,0.07125779025760437,W m-2
