variable,year,value,unit
wetbc,2000,1.2752866933533704e-13,kg m-2 s-1
wetbc,2001,1.5031701315637314e-13,kg m-2 s-1
wetbc,2002,1.7261552234445076e-13,kg m-2 s-1
wetbc,2003,1.5601642176916438e-13,kg m-2 s-1
wetbc,2004,1.591373406939807e-13,kg m-2 s-1
