variable,year,value,unit
loadbc,2000,5.761181192655799e-08,kg m-2
loadbc,2001,6.062445944336943e-08,kg m-2
loadbc,2002,7.199981106256564e-08,kg m-2
loadbc,2003,7.556024147968898e-08,kg m-2
loadbc,2004,6.976912494819423e-08,kg m-2
