variable,year,value,unit
wetbc,2000,2.783556155168914e-13,kg m-2 s-1
wetbc,2001,2.8504167157128423e-13,kg m-2 s-1
wetbc,2002,3.1992301572291497e-13,kg m-2 s-1
wetbc,2003,3.578169267699729e-13,kg m-2 s-1
wetbc,2004,3.693880993341508e-13,kg m-2 s-1
