variable,year,value,unit
rsdt,2001,-0.6847338643261764,W m-2
rsdt,2002,-0.13850020621339354,W m-2
rsdt,2003,0.13715175069350494,W m-2
rsdt,2004,0.4669547542540329,W m-2
rsdt,2005,-0.24514984996616818,W m-2
