variable,year,value,unit
dryso2,2000,-2.671876301220999e-14,kg m-2 s-1
dryso2,2001,-2.4024906252107874e-14,kg m-2 s-1
dryso2,2002,-2.4793496247837594e-14,kg m-2 s-1
dryso2,2003,-2.708828693038786e-14,kg m-2 s-1
dryso2,2004,-3.007873242479406e-14,kg m-2 s-1
