variable,year,value,unit
wetso2,2001,-2.9736927912266833e-15,kg m-2 s-1
wetso2,2002,2.003632808012372e-15,kg m-2 s-1
wetso2,2003,-3.3271930382101162e-15,kg m-2 s-1
wetso2,2004,2.7510392750501344e-15,kg m-2 s-1
wetso2,2005,-6.028975846074616e-15,kg m-2 s-1
