variable,year,value,unit
wetso4,2000,-8.686945021807407e-14,kg m-2 s-1
wetso4,2001,-9.391035858080347e-14,kg m-2 s-1
wetso4,2002,-8.292585690339126e-14,kg m-2 s-1
wetso4,2003,-8.368325155305721e-14,kg m-2 s-1
wetso4,2004,-9.094918602954476e-14,kg m-2 s-1
