variable,year,value,unit
dms,2000,2.376643580597164e-14,mol mol-1
dms,2001,-9.36955710994829e-15,mol mol-1
dms,2002,8.353381712782706e-15,mol mol-1
dms,2003,1.1910106391669177e-14,mol mol-1
dms,2004,-3.921999546603839e-15,mol mol-1
