variable,year,value,unit
loadso4,2000,1.7273977469754752e-06,kg m-2
loadso4,2001,1.7128073234700426e-06,kg m-2
loadso4,2002,1.6526945060941346e-06,kg m-2
loadso4,2003,1.7423930771610936e-06,kg m-2
loadso4,2004,1.8143434173379992e-06,kg m-2
