variable,year,value,unit
clt,2000,-0.007126346,%
clt,2001,0.030582855,%
clt,2002,-7.060653e-05,%
clt,2003,-0.0073919795,%
clt,2004,0.058128584,%
