variable,year,value,unit
mmrbc,2000,-0.014962248,kg kg-1
mmrbc,2001,-0.07618755,kg kg-1
mmrbc,2002,0.114874154,kg kg-1
mmrbc,2003,-0.0048838146,kg kg-1
mmrbc,2004,-0.07838012,kg kg-1
