variable,year,value,unit
emiso2,2000,0.0012159533,kg m-2 s-1
emiso2,2001,0.0012826746,kg m-2 s-1
emiso2,2002,0.0011828082,kg m-2 s-1
emiso2,2003,0.0012217086,kg m-2 s-1
emiso2,2004,0.0012449558,kg m-2 s-1
