variable,year,value,unit
rsut,2000,-0.011717173,W m-2
rsut,2001,-0.004537727,W m-2
rsut,2002,-0.02469754,W m-2
rsut,2003,-0.0061289966,W m-2
rsut,2004,-0.0077217314,W m-2
