variable,year,value,unit
wetbc,2000,0.028545354,kg m-2 s-1
wetbc,2001,-0.018387858,kg m-2 s-1
wetbc,2002,-0.009936635,kg m-2 s-1
wetbc,2003,0.011133651,kg m-2 s-1
wetbc,2004,0.011792937,kg m-2 s-1
