variable,year,value,unit
wetso2,2000,-0.8133953,kg m-2 s-1
wetso2,2001,-0.78361857,kg m-2 s-1
wetso2,2002,-0.777547,kg m-2 s-1
wetso2,2003,-0.7186545,kg m-2 s-1
wetso2,2004,-0.7780323,kg m-2 s-1
