variable,year,value,unit
wetso2,2000,-0.010021499,kg m-2 s-1
wetso2,2001,1.0577689e-05,kg m-2 s-1
wetso2,2002,0.022303343,kg m-2 s-1
wetso2,2003,0.07216794,kg m-2 s-1
wetso2,2004,0.07527781,kg m-2 s-1
