variable,year,value,unit
mmrso4,2000,0.0771081,kg kg-1
mmrso4,2001,0.041434735,kg kg-1
mmrso4,2002,0.11785798,kg kg-1
mmrso4,2003,0.11634617,kg kg-1
mmrso4,2004,0.117628105,kg kg-1
