variable,year,value,unit
rlut,2000,0.0016448679336065197,W m-2
rlut,2001,-0.004966836359670879,W m-2
rlut,2002,-0.010245983977966944,W m-2
rlut,2003,0.0022696894209843776,W m-2
rlut,2004,-0.00017700898396810771,W m-2
