variable,year,value,unit
loadso4,2000,-7.005452760912541e-10,kg m-2
loadso4,2001,-3.1723082924399804e-09,kg m-2
loadso4,2002,-3.3339234985332655e-09,kg m-2
loadso4,2003,1.958721847778778e-09,kg m-2
loadso4,2004,2.1881556430636806e-09,kg m-2
