variable,year,value,unit
dryso4,2000,-0.562140177776925,kg m-2 s-1
dryso4,2001,-0.4365973345251543,kg m-2 s-1
dryso4,2002,-0.3825973737220843,kg m-2 s-1
dryso4,2003,-0.4365835433697974,kg m-2 s-1
dryso4,2004,-0.568764903317256,kg m-2 s-1
