variable,year,value,unit
emiso2,2000,-1.188649714469777,kg m-2 s-1
emiso2,2001,-1.1917458368874696,kg m-2 s-1
emiso2,2002,-1.169467809945297,kg m-2 s-1
emiso2,2003,-1.1712969333480117,kg m-2 s-1
emiso2,2004,-1.1786105516517968,kg m-2 s-1
