variable,year,value,unit
cl,2000,0.05581737099327052,%
cl,2001,-0.0724855324584866,%
cl,2002,-0.04630794204399766,%
cl,2003,0.004690164412747149,%
cl,2004,0.1602128962219705,%
