variable,year,value,unit
drybc,2000,-0.026888260968494903,kg m-2 s-1
drybc,2001,0.02050222348093474,kg m-2 s-1
drybc,2002,0.006824912649865917,kg m-2 s-1
drybc,2003,0.019067676830131476,kg m-2 s-1
drybc,2004,0.031259384123166034,kg m-2 s-1
