variable,year,value,unit
mmrbc,2000,-0.06004387111888037,kg kg-1
mmrbc,2001,0.041109813682778974,kg kg-1
mmrbc,2002,0.05849900979791998,kg kg-1
mmrbc,2003,0.024295387602002116,kg kg-1
mmrbc,2004,-0.01435593528912212,kg kg-1
