variable,year,value,unit
dryso4,2001,4.1713540063576156e-14,kg m-2 s-1
dryso4,2002,4.322160960999655e-14,kg m-2 s-1
dryso4,2003,4.372978594622193e-14,kg m-2 s-1
dryso4,2004,4.703803011988836e-14,kg m-2 s-1
