variable,year,value,unit
rsutcs,2000,0.14838418545468102,W m-2
rsutcs,2001,0.014899055939714856,W m-2
rsutcs,2002,0.01068417426374424,W m-2
rsutcs,2003,0.010290895405717038,W m-2
rsutcs,2004,0.010521186499623525,W m-2
