variable,year,value,unit
mmrso4,2001,1.747887816192434e-11,kg kg-1
mmrso4,2002,1.6932035310736218e-11,kg kg-1
mmrso4,2003,1.7321393446024595e-11,kg kg-1
mmrso4,2004,1.8874592389640555e-11,kg kg-1
