variable,year,value,unit
loadso2,2000,1.2662586713957738e-08,kg m-2
loadso2,2001,-1.6895727378160358e-08,kg m-2
loadso2,2002,3.6520126638623395e-09,kg m-2
loadso2,2003,-1.734546094909277e-09,kg m-2
loadso2,2004,-1.9921002876156128e-08,kg m-2
