variable,year,value,unit
rsutcs,2001,0.02664235979133167,W m-2
rsutcs,2002,0.030480389306383415,W m-2
rsutcs,2003,0.029055520201133334,W m-2
rsutcs,2004,0.029440283381113375,W m-2
