variable,year,value,unit
wetso4,2000,9.271168052828681e-14,kg m-2 s-1
wetso4,2001,9.915024473488209e-14,kg m-2 s-1
wetso4,2002,9.225949158548297e-14,kg m-2 s-1
wetso4,2003,8.924630171530858e-14,kg m-2 s-1
wetso4,2004,9.274632851308239e-14,kg m-2 s-1
