variable,year,value,unit
cl,2000,-0.03095331515683597,%
cl,2001,-0.005903077720928351,%
cl,2002,-0.0010071330421927982,%
cl,2003,-0.0010035240966606018,%
cl,2004,0.002063622683068367,%
