variable,year,value,unit
mmrso4,2001,2.490537866978342e-11,kg kg-1
mmrso4,2002,2.436390269889627e-11,kg kg-1
mmrso4,2003,2.447774963613091e-11,kg kg-1
mmrso4,2004,2.6674153879991632e-11,kg kg-1
