variable,year,value,unit
rsut,2001,0.06563194125617144,W m-2
rsut,2002,0.029003408151993426,W m-2
rsut,2003,0.02532730667422811,W m-2
rsut,2004,0.02109992956791018,W m-2
