variable,year,value,unit
wetbc,2000,4.3942774862430836e-16,kg m-2 s-1
wetbc,2001,4.536568230374507e-16,kg m-2 s-1
wetbc,2002,7.104423319124435e-16,kg m-2 s-1
wetbc,2003,8.404898505812875e-16,kg m-2 s-1
wetbc,2004,7.777204804072584e-16,kg m-2 s-1
