variable,year,value,unit
drybc,2001,-5.142026670719044e-16,kg m-2 s-1
drybc,2002,-6.547584193001107e-16,kg m-2 s-1
drybc,2003,-8.527022083946004e-16,kg m-2 s-1
drybc,2004,-1.0378832301676917e-15,kg m-2 s-1
