variable,year,value,unit
emibc,2001,-4.668371299579348e-22,kg m-2 s-1
emibc,2002,5.6457861927501676e-21,kg m-2 s-1
emibc,2003,-1.6017748357744854e-21,kg m-2 s-1
emibc,2004,-5.696666257011083e-22,kg m-2 s-1
