variable,year,value,unit
emiso2,2001,-5.037018757532516e-14,kg m-2 s-1
emiso2,2002,-4.885587230398725e-14,kg m-2 s-1
emiso2,2003,-4.992814243106567e-14,kg m-2 s-1
emiso2,2004,-5.2863404682908335e-14,kg m-2 s-1
