variable,year,value,unit
mmrbc,2001,1.8003294109021233e-14,kg kg-1
mmrbc,2002,6.05568105864603e-16,kg kg-1
mmrbc,2003,-2.70694756411501e-15,kg kg-1
mmrbc,2004,4.061543393134339e-15,kg kg-1
