variable,year,value,unit
rsut,2000,0.17043638028228258,W m-2
rsut,2001,0.1954654134445093,W m-2
rsut,2002,0.32571928903608693,W m-2
rsut,2003,0.25820157499053664,W m-2
rsut,2004,0.283722626176214,W m-2
