variable,year,value,unit
loadso2,2000,-1.7052682960771153e-08,kg m-2
loadso2,2001,-1.6975214085255124e-08,kg m-2
loadso2,2002,-1.6329685500733966e-08,kg m-2
loadso2,2003,-1.7153698446825006e-08,kg m-2
loadso2,2004,-1.872755009068188e-08,kg m-2
