variable,year,value,unit
rsut,2001,-0.024202814623421887,W m-2
rsut,2002,-0.011217733759593784,W m-2
rsut,2003,-0.03818931749513865,W m-2
rsut,2004,0.02666425318979293,W m-2
