variable,year,value,unit
dryso4,2001,4.121509677122427e-14,kg m-2 s-1
dryso4,2002,4.3461181366362334e-14,kg m-2 s-1
dryso4,2003,4.665415966706371e-14,kg m-2 s-1
dryso4,2004,4.648063608475636e-14,kg m-2 s-1
