variable,year,value,unit
dms,2000,-3.539622772560038e-14,mol mol-1
dms,2001,-1.2859506735196688e-15,mol mol-1
dms,2002,-1.3243503578302604e-14,mol mol-1
dms,2003,3.3778690176647746e-14,mol mol-1
dms,2004,5.3522320791969946e-14,mol mol-1
