variable,year,value,unit
rsut,2000,0.0036446606878115517,W m-2
rsut,2001,0.04404287833058618,W m-2
rsut,2002,-0.029074543067324043,W m-2
rsut,2003,-0.004597980719736938,W m-2
rsut,2004,0.03948679911140118,W m-2
