variable,year,value,unit
dms,2000,7.055249496615216e-14,mol mol-1
dms,2001,-1.286575742015851e-13,mol mol-1
dms,2002,1.554630285327688e-14,mol mol-1
dms,2003,-4.3301693993980714e-14,mol mol-1
dms,2004,1.7502999181492497e-13,mol mol-1
