variable,year,value,unit
emiso2,2001,2.6286301280217667e-17,kg m-2 s-1
emiso2,2002,2.5622292766546428e-17,kg m-2 s-1
emiso2,2003,2.6250594428029965e-17,kg m-2 s-1
emiso2,2004,2.7601171291159095e-17,kg m-2 s-1
