variable,year,value,unit
loadbc,2000,0.014053351630657724,kg m-2
loadbc,2001,0.01840827230222444,kg m-2
loadbc,2002,0.06822023997217398,kg m-2
loadbc,2003,0.44150378478823366,kg m-2
loadbc,2004,0.21833016770305358,kg m-2
