variable,year,value,unit
rsdt,2000,8.974863529313574e-08,W m-2
rsdt,2001,-6.337669778819949e-10,W m-2
rsdt,2002,2.4637197814580634e-08,W m-2
rsdt,2003,-2.3649120487305927e-08,W m-2
rsdt,2004,1.6008872996084114e-08,W m-2
