variable,year,value,unit
drybc,2000,0.5806992792103629,kg m-2 s-1
drybc,2001,0.3381766794626614,kg m-2 s-1
drybc,2002,0.55285292323705,kg m-2 s-1
drybc,2003,0.4816380317441694,kg m-2 s-1
drybc,2004,0.6664253513385636,kg m-2 s-1
