variable,year,value,unit
wetso2,2000,15.616903713650455,kg m-2 s-1
wetso2,2001,16.530751262089407,kg m-2 s-1
wetso2,2002,16.114876245005323,kg m-2 s-1
wetso2,2003,15.05319579678136,kg m-2 s-1
wetso2,2004,14.45948423817342,kg m-2 s-1
