variable,year,value,unit
mmrso4,2000,3.2871206063369867,kg kg-1
mmrso4,2001,2.977840520421543,kg kg-1
mmrso4,2002,2.991801445792368,kg kg-1
mmrso4,2003,3.2940476893715447,kg kg-1
mmrso4,2004,3.0775657389415896,kg kg-1
