variable,year,value,unit
dms,2000,0.43074202447831217,mol mol-1
dms,2001,0.35052986857623813,mol mol-1
dms,2002,0.4159464554409571,mol mol-1
dms,2003,0.44693462585353555,mol mol-1
dms,2004,0.38290709813020707,mol mol-1
