variable,year,value,unit
clivi,2000,-0.010760274095862507,kg m-2
clivi,2001,-0.041740153538050995,kg m-2
clivi,2002,0.09991243889882176,kg m-2
clivi,2003,-0.08298161418636436,kg m-2
clivi,2004,0.06332628399893857,kg m-2
