variable,year,value,unit
wetso4,2000,24.322850915221125,kg m-2 s-1
wetso4,2001,24.564946206310672,kg m-2 s-1
wetso4,2002,23.53626211549918,kg m-2 s-1
wetso4,2003,23.45804703270397,kg m-2 s-1
wetso4,2004,24.493135207825645,kg m-2 s-1
