variable,year,value,unit
drybc,2000,-0.0024117685754207656,kg m-2 s-1
drybc,2001,0.1416261342517249,kg m-2 s-1
drybc,2002,0.120334493422787,kg m-2 s-1
drybc,2003,0.19723258018905584,kg m-2 s-1
drybc,2004,-0.052938554135255375,kg m-2 s-1
