variable,year,value,unit
loadbc,2000,-0.40783828906834046,kg m-2
loadbc,2001,-0.31720023890255,kg m-2
loadbc,2002,-0.2956491548423587,kg m-2
loadbc,2003,-0.5167901346866243,kg m-2
loadbc,2004,-0.33642721092959754,kg m-2
