variable,year,value,unit
mmrso4,2000,22.6535927835909,kg kg-1
mmrso4,2001,23.253558266045374,kg kg-1
mmrso4,2002,22.28595277172502,kg kg-1
mmrso4,2003,23.26060064689319,kg kg-1
mmrso4,2004,23.826755874029974,kg kg-1
