variable,year,value,unit
od550aer,2000,4.46145851203047,1
od550aer,2001,4.610088342975726,1
od550aer,2002,4.328124372598233,1
od550aer,2003,4.3895862869223246,1
od550aer,2004,4.613666804646883,1
