variable,year,value,unit
emibc,2001,-3.442763227103968e-07,kg m-2 s-1
emibc,2002,-2.0712040133677358e-06,kg m-2 s-1
emibc,2003,5.387520008444581e-06,kg m-2 s-1
emibc,2004,-3.2962233227452666e-06,kg m-2 s-1
