variable,year,value,unit
od550aer,2000,1.8792363880334202,1
od550aer,2001,2.1647214702601425,1
od550aer,2002,2.0886621219436514,1
od550aer,2003,1.91894154920001,1
od550aer,2004,2.052062978822106,1
