variable,year,value,unit
clt,2001,0.006859649199685972,%
clt,2002,-0.0013234898333395015,%
clt,2003,-0.00343462570214883,%
clt,2004,0.019920453825286847,%
