variable,year,value,unit
cltc,2001,7.329873806014522e+35,%
cltc,2002,0.0020646984862712787,%
cltc,2003,-0.014565906928674427,%
cltc,2004,-0.012480207493833669,%
