variable,year,value,unit
rsutcs,2000,0.36444023247710217,W m-2
rsutcs,2001,0.33999980286187576,W m-2
rsutcs,2002,0.31172804114149844,W m-2
rsutcs,2003,0.3268882006732745,W m-2
rsutcs,2004,0.3414901326238952,W m-2
