variable,year,value,unit
wetso2,2000,21.273729691135653,kg m-2 s-1
wetso2,2001,22.168759687717756,kg m-2 s-1
wetso2,2002,20.456679635130673,kg m-2 s-1
wetso2,2003,18.938843811137136,kg m-2 s-1
wetso2,2004,18.660378229492682,kg m-2 s-1
