variable,year,value,unit
rsutcs,2000,0.11711215362931833,W m-2
rsutcs,2001,0.14027599435254035,W m-2
rsutcs,2002,0.1305726577924074,W m-2
rsutcs,2003,0.12158065521932732,W m-2
rsutcs,2004,0.15122565834372112,W m-2
