variable,year,value,unit
rsut,2000,0.20738333992686367,W m-2
rsut,2001,0.16858389515604477,W m-2
rsut,2002,0.14684459324861593,W m-2
rsut,2003,0.13189359588635238,W m-2
rsut,2004,0.24887981610879506,W m-2
