variable,year,value,unit
dryso2,2000,3.906592609833849,kg m-2 s-1
dryso2,2001,3.8828240622703714,kg m-2 s-1
dryso2,2002,3.4063012391670977,kg m-2 s-1
dryso2,2003,3.3334662454234563,kg m-2 s-1
dryso2,2004,3.4309864687812386,kg m-2 s-1
