variable,year,value,unit
rsut,2000,0.5642073831920126,W m-2
rsut,2001,0.29405820822486906,W m-2
rsut,2002,0.30365506304152357,W m-2
rsut,2003,0.15636170399118027,W m-2
rsut,2004,0.35833135565533386,W m-2
