variable,year,value,unit
cltc,2000,0.1600396950699574,%
cltc,2001,0.21093890688124806,%
cltc,2002,0.031015347376852832,%
cltc,2003,-0.005517189109188414,%
cltc,2004,-0.018109259491672337,%
