variable,year,value,unit
rsutcs,2000,0.39874213183932056,W m-2
rsutcs,2001,0.3967995858197182,W m-2
rsutcs,2002,0.46933571941722696,W m-2
rsutcs,2003,0.4069745830832432,W m-2
rsutcs,2004,0.41494996783217514,W m-2
