variable,year,value,unit
clivi,2000,0.23486540956137625,kg m-2
clivi,2001,0.18133523694945036,kg m-2
clivi,2002,0.25424682549393424,kg m-2
clivi,2003,-0.4335068361578041,kg m-2
clivi,2004,0.007211306709982653,kg m-2
