variable,year,value,unit
rsut,2001,0.3577144266429956,W m-2
rsut,2002,0.3341256083290121,W m-2
rsut,2003,0.24646003217223614,W m-2
rsut,2004,0.2755949220111521,W m-2
