variable,year,value,unit
rsut,2001,0.46513223535559073,W m-2
rsut,2002,0.6277564686641943,W m-2
rsut,2003,0.8843359581402002,W m-2
rsut,2004,0.6464731417752451,W m-2
