variable,year,value,unit
so2,2000,-2.4064680549774265e-11,mol mol-1
so2,2001,-2.4281011393558397e-11,mol mol-1
so2,2002,-2.7839267010171363e-11,mol mol-1
so2,2003,-2.0052884523256033e-11,mol mol-1
so2,2004,-2.0807908530535807e-11,mol mol-1
