variable,year,value,unit
drybc,2000,4.4121067529214024e-16,kg m-2 s-1
drybc,2001,1.6421628812042136e-16,kg m-2 s-1
drybc,2002,3.1440667544926587e-16,kg m-2 s-1
drybc,2003,5.435528195688822e-16,kg m-2 s-1
drybc,2004,2.9076704574657276e-16,kg m-2 s-1
