variable,year,value,unit
cltc,2000,-0.01826052781766796,%
cltc,2001,0.0008257366704653712,%
cltc,2002,0.008804716769744925,%
cltc,2003,-0.0031297945686330486,%
cltc,2004,-0.012405097912052465,%
