variable,year,value,unit
wetso2,2000,0.0003377777019054999,kg m-2 s-1
wetso2,2001,0.000548097545949866,kg m-2 s-1
wetso2,2002,0.0002879050177547228,kg m-2 s-1
wetso2,2003,0.0009841145317783587,kg m-2 s-1
wetso2,2004,0.0011088200127313055,kg m-2 s-1
