variable,year,value,unit
rsutcs,2000,0.18209757905015067,W m-2
rsutcs,2001,0.19177632017277801,W m-2
rsutcs,2002,0.1570390393586223,W m-2
rsutcs,2003,0.21934626743598074,W m-2
rsutcs,2004,0.1992057482872127,W m-2
