variable,year,value,unit
loadbc,2000,1.8925313533298895e-10,kg m-2
loadbc,2001,1.519566705518455e-11,kg m-2
loadbc,2002,-5.423078433136068e-10,kg m-2
loadbc,2003,-4.835294640177295e-10,kg m-2
loadbc,2004,-5.940813149417403e-10,kg m-2
