variable,year,value,unit
clivi,2000,-0.013599658878256,kg m-2
clivi,2001,0.04330232027771142,kg m-2
clivi,2002,0.024354697808710902,kg m-2
clivi,2003,0.006415687275682635,kg m-2
clivi,2004,-0.031748525523259775,kg m-2
