variable,year,value,unit
emibc,2000,-2.112001044816859e-07,kg m-2 s-1
emibc,2001,-1.6621915149801553e-06,kg m-2 s-1
emibc,2002,1.244666525715992e-05,kg m-2 s-1
emibc,2003,-9.030816606352812e-06,kg m-2 s-1
emibc,2004,-1.5397849446520165e-05,kg m-2 s-1
