variable,year,value,unit
rlutcs,2000,0.0014896793905852222,W m-2
rlutcs,2001,-0.01876745810284179,W m-2
rlutcs,2002,0.008086386990199113,W m-2
rlutcs,2003,-0.017285418558623377,W m-2
rlutcs,2004,0.0041828033421981445,W m-2
