variable,year,value,unit
wetso4,2000,1.1032341066025737,kg m-2 s-1
wetso4,2001,0.9943494917523129,kg m-2 s-1
wetso4,2002,1.1400591290771145,kg m-2 s-1
wetso4,2003,1.2221265575004712,kg m-2 s-1
wetso4,2004,1.0649689052002234,kg m-2 s-1
