variable,year,value,unit
loadso2,2000,-1.8965081272243673,kg m-2
loadso2,2001,-1.8881322051683782,kg m-2
loadso2,2002,-2.0203709353569463,kg m-2
loadso2,2003,-1.9702675757668437,kg m-2
loadso2,2004,-1.9147587797533487,kg m-2
