variable,year,value,unit
wetso4,2000,0.46219482080034363,kg m-2 s-1
wetso4,2001,0.6591489379089756,kg m-2 s-1
wetso4,2002,0.4509916441399714,kg m-2 s-1
wetso4,2003,0.5614721833124819,kg m-2 s-1
wetso4,2004,0.512571426811384,kg m-2 s-1
