variable,year,value,unit
dryso2,2001,-0.7410881039251576,kg m-2 s-1
dryso2,2002,-0.7076250763140545,kg m-2 s-1
dryso2,2003,-0.7542856630381212,kg m-2 s-1
dryso2,2004,-0.7633426136500404,kg m-2 s-1
