variable,year,value,unit
drybc,2000,0.11745876487183966,kg m-2 s-1
drybc,2001,-0.38296330236614795,kg m-2 s-1
drybc,2002,0.07193077889781631,kg m-2 s-1
drybc,2003,0.06077247055679577,kg m-2 s-1
drybc,2004,-0.42545220555442315,kg m-2 s-1
