variable,year,value,unit
dms,2000,-0.2734270547030506,mol mol-1
dms,2001,-0.06632386490059411,mol mol-1
dms,2002,-0.002024403005317487,mol mol-1
dms,2003,-0.00878804341608407,mol mol-1
dms,2004,0.0034837083406950393,mol mol-1
