variable,year,value,unit
cltc,2000,-0.015168528124159033,%
cltc,2001,-0.0019531466208756202,%
cltc,2002,0.03821661184917022,%
cltc,2003,-0.004770078242307932,%
cltc,2004,0.011522275123984158,%
