variable,year,value,unit
od550aer,2001,0.3295213849124655,1
od550aer,2002,0.1280818115521685,1
od550aer,2003,0.4555816468127379,1
od550aer,2004,-0.11657815216790676,1
