variable,year,value,unit
wetbc,2001,0.13152462295114492,kg m-2 s-1
wetbc,2002,-0.13670007944508325,kg m-2 s-1
wetbc,2003,-0.01518823925751493,kg m-2 s-1
wetbc,2004,-0.6343838952888721,kg m-2 s-1
