variable,year,value,unit
od550aer,2001,253.5669345182297,1
od550aer,2002,255.37539909066552,1
od550aer,2003,254.40859037314914,1
od550aer,2004,262.5752608864999,1
