variable,year,value,unit
loadbc,2000,1.1821066904478186,kg m-2
loadbc,2001,1.6206291456439255,kg m-2
loadbc,2002,0.8248365039800852,kg m-2
loadbc,2003,0.3983811424468799,kg m-2
loadbc,2004,0.8995837578655507,kg m-2
