variable,year,value,unit
wetso4,2001,0.48863577042054074,kg m-2 s-1
wetso4,2002,0.4455028280338941,kg m-2 s-1
wetso4,2003,0.4778590033730484,kg m-2 s-1
wetso4,2004,0.3965946695069349,kg m-2 s-1
