variable,year,value,unit
cltc,2000,0.016403528041691633,%
cltc,2001,0.08999717175641934,%
cltc,2002,0.11395006753522537,%
cltc,2003,-0.08362791833246984,%
cltc,2004,0.04635195979740412,%
