variable,year,value,unit
rsut,2000,-0.052639356620812205,W m-2
rsut,2001,-0.08997344709740598,W m-2
rsut,2002,-0.016601594879708994,W m-2
rsut,2003,-0.04300454587919159,W m-2
rsut,2004,-0.05641096037591937,W m-2
