variable,year,value,unit
loadso4,2000,-0.1304816568774077,kg m-2
loadso4,2001,-0.13565583084401672,kg m-2
loadso4,2002,-0.1261443536683755,kg m-2
loadso4,2003,-0.14228825836668893,kg m-2
loadso4,2004,-0.15302464049643147,kg m-2
