variable,year,value,unit
dryso4,2000,6.905039939256203e-13,kg m-2 s-1
dryso4,2001,6.897379776067303e-13,kg m-2 s-1
dryso4,2002,6.880371796931934e-13,kg m-2 s-1
dryso4,2003,6.93654621311624e-13,kg m-2 s-1
dryso4,2004,7.096362398952574e-13,kg m-2 s-1
