variable,year,value,unit
dryso4,2000,6.819713666728826e-13,kg m-2 s-1
dryso4,2001,6.947538914726907e-13,kg m-2 s-1
dryso4,2002,6.809914025832776e-13,kg m-2 s-1
dryso4,2003,6.848247614235949e-13,kg m-2 s-1
dryso4,2004,6.95862946693895e-13,kg m-2 s-1
