variable,year,value,unit
wetso4,2000,6.961659635165257e-12,kg m-2 s-1
wetso4,2001,6.840986771755608e-12,kg m-2 s-1
wetso4,2002,6.9505211457522494e-12,kg m-2 s-1
wetso4,2003,6.876999936784477e-12,kg m-2 s-1
wetso4,2004,6.909364187159929e-12,kg m-2 s-1
