variable,year,value,unit
drybc,2000,-0.11615522009806012,kg m-2 s-1
drybc,2001,-0.032402076568154,kg m-2 s-1
drybc,2002,0.0037434922729952277,kg m-2 s-1
drybc,2003,0.02758266704238594,kg m-2 s-1
drybc,2004,0.04493958472862489,kg m-2 s-1
