variable,year,value,unit
rsut,2000,0.06641169556732257,W m-2
rsut,2001,0.012200255551128058,W m-2
rsut,2002,0.11371438227608403,W m-2
rsut,2003,0.0010935142607233688,W m-2
rsut,2004,-0.026621009620919612,W m-2
