variable,year,value,unit
dryso4,2000,28.1982022403228,kg m-2 s-1
dryso4,2001,32.48953839283095,kg m-2 s-1
dryso4,2002,35.688663231513516,kg m-2 s-1
dryso4,2003,38.667634368875206,kg m-2 s-1
dryso4,2004,42.58632543299484,kg m-2 s-1
