variable,year,value,unit
clivi,2000,5.4668635e-07,kg m-2
clivi,2001,1.3448298e-06,kg m-2
clivi,2002,-1.6046688e-06,kg m-2
clivi,2003,-4.2216852e-06,kg m-2
clivi,2004,6.7800283e-07,kg m-2
