variable,year,value,unit
rsut,2000,0.011375427,W m-2
rsut,2001,-0.0020751953,W m-2
rsut,2002,-0.010986328,W m-2
rsut,2003,-0.013923645,W m-2
rsut,2004,-0.0052719116,W m-2
