variable,year,value,unit
emibc,2000,5.421011e-20,kg m-2 s-1
emibc,2001,-1.0842022e-19,kg m-2 s-1
emibc,2002,5.421011e-20,kg m-2 s-1
emibc,2003,-1.0842022e-19,kg m-2 s-1
emibc,2004,5.421011e-20,kg m-2 s-1
