variable,year,value,unit
rsutcs,2000,-0.01958588398135829,W m-2
rsutcs,2001,-0.022692800789677763,W m-2
rsutcs,2002,0.003167025261054739,W m-2
rsutcs,2003,-0.016640405959363162,W m-2
rsutcs,2004,-0.02357073929064994,W m-2
