variable,year,value,unit
wetso2,2000,-0.4367739039492912,kg m-2 s-1
wetso2,2001,-0.4012710925436126,kg m-2 s-1
wetso2,2002,-0.5619880521198213,kg m-2 s-1
wetso2,2003,-0.5855745227281307,kg m-2 s-1
wetso2,2004,-0.4788772628946147,kg m-2 s-1
