variable,year,value,unit
rsutcs,2000,-0.012245067481856275,W m-2
rsutcs,2001,-0.03659810483538955,W m-2
rsutcs,2002,-0.0325672581598422,W m-2
rsutcs,2003,-0.02166493166613073,W m-2
rsutcs,2004,-0.020171326137562413,W m-2
