variable,year,value,unit
rsut,2000,-0.2499625663946359,W m-2
rsut,2001,-0.0622799697692949,W m-2
rsut,2002,-0.07300709340245992,W m-2
rsut,2003,0.012358196528130952,W m-2
rsut,2004,-0.07948254155101447,W m-2
