variable,year,value,unit
rlutcs,2000,0.013504938610310876,W m-2
rlutcs,2001,0.009220783573409304,W m-2
rlutcs,2002,0.010112149979818496,W m-2
rlutcs,2003,-0.0022072770451991787,W m-2
rlutcs,2004,0.010855290636893998,W m-2
