variable,year,value,unit
od550aer,2000,-1.6587368811385568,1
od550aer,2001,-1.9417510825680055,1
od550aer,2002,-1.745653769931906,1
od550aer,2003,-1.8942114779966355,1
od550aer,2004,-2.133727761385182,1
