variable,year,value,unit
loadso4,2000,-3.7715242076660105,kg m-2
loadso4,2001,-4.327293075731135,kg m-2
loadso4,2002,-4.147291663566678,kg m-2
loadso4,2003,-4.162276250507746,kg m-2
loadso4,2004,-4.210018212205761,kg m-2
