variable,year,value,unit
clt,2000,0.09836760085620767,%
clt,2001,-0.02105714541385524,%
clt,2002,-0.11252065320913623,%
clt,2003,-0.0533479805977783,%
clt,2004,-0.062122436517039865,%
