variable,year,value,unit
loadso4,2000,-74.31343520773777,kg m-2
loadso4,2001,-77.19344143409887,kg m-2
loadso4,2002,-74.80719630074603,kg m-2
loadso4,2003,-76.43090785826995,kg m-2
loadso4,2004,-74.5977080544706,kg m-2
