variable,year,value,unit
rlut,2000,0.11041400655898315,W m-2
rlut,2001,0.051740458269705414,W m-2
rlut,2002,-0.3104344359292668,W m-2
rlut,2003,-0.13187464627475265,W m-2
rlut,2004,-0.2940145986441962,W m-2
