variable,year,value,unit
clt,2000,-0.03030681536365165,%
clt,2001,0.010896402089656476,%
clt,2002,-0.02267160508893795,%
clt,2003,0.11835831355007542,%
clt,2004,-0.22330178807551704,%
