variable,year,value,unit
rsut,2000,0.45904314307435357,W m-2
rsut,2001,0.2957795071424272,W m-2
rsut,2002,0.19027851189147782,W m-2
rsut,2003,0.39560914884023646,W m-2
rsut,2004,0.3121237459261721,W m-2
