variable,year,value,unit
emibc,2000,4.1041926214236814e-21,kg m-2 s-1
emibc,2001,-6.12134193965035e-21,kg m-2 s-1
emibc,2002,-9.444207340606753e-21,kg m-2 s-1
emibc,2003,-4.953137186910611e-21,kg m-2 s-1
emibc,2004,1.1264541416561551e-20,kg m-2 s-1
