variable,year,value,unit
od550aer,2000,0.003952603194704168,1
od550aer,2001,0.00381479249498283,1
od550aer,2002,0.0040371006689880196,1
od550aer,2003,0.004282169720268736,1
od550aer,2004,0.003850182506076799,1
