variable,year,value,unit
wetso4,2000,8.39286667593314e-13,kg m-2 s-1
wetso4,2001,8.208623343283035e-13,kg m-2 s-1
wetso4,2002,7.89495806710406e-13,kg m-2 s-1
wetso4,2003,7.293594476527075e-13,kg m-2 s-1
wetso4,2004,8.125510239472059e-13,kg m-2 s-1
