variable,year,value,unit
loadbc,2000,-6.181698482878169e-12,kg m-2
loadbc,2001,-6.122849100670517e-11,kg m-2
loadbc,2002,-4.5059658424782984e-11,kg m-2
loadbc,2003,-7.912506413748074e-11,kg m-2
loadbc,2004,5.5714844151267177e-11,kg m-2
