variable,year,value,unit
dms,2000,7.731526730736572e-14,mol mol-1
dms,2001,-3.786680662365228e-14,mol mol-1
dms,2002,4.843653090701041e-14,mol mol-1
dms,2003,2.4229500182954644e-14,mol mol-1
dms,2004,1.656551604203225e-14,mol mol-1
