variable,year,value,unit
rlut,2000,0.006374159914884103,W m-2
rlut,2001,-0.04418940009557559,W m-2
rlut,2002,0.026470239877340873,W m-2
rlut,2003,-0.11263641080745401,W m-2
rlut,2004,-0.07115178408557199,W m-2
