variable,year,value,unit
clivi,2000,1.339708646676957e-05,kg m-2
clivi,2001,6.148793108727221e-05,kg m-2
clivi,2002,-1.1847374719048051e-05,kg m-2
clivi,2003,3.134339162285185e-05,kg m-2
clivi,2004,-1.532475455485495e-05,kg m-2
