variable,year,value,unit
mmrso4,2000,4.052789348149349e-11,kg kg-1
mmrso4,2001,4.188077301671289e-11,kg kg-1
mmrso4,2002,4.4006796343879554e-11,kg kg-1
mmrso4,2003,4.4610159574274906e-11,kg kg-1
mmrso4,2004,5.0572808034870295e-11,kg kg-1
