variable,year,value,unit
emibc,2000,4.455349446435128e-22,kg m-2 s-1
emibc,2001,-2.8061211183582926e-22,kg m-2 s-1
emibc,2002,-1.7657174868193265e-21,kg m-2 s-1
emibc,2003,-2.7942032349941543e-21,kg m-2 s-1
emibc,2004,-3.338411867779715e-21,kg m-2 s-1
