variable,year,value,unit
clt,2000,0.19662523722686842,%
clt,2001,0.22016179774468014,%
clt,2002,0.4251096907139811,%
clt,2003,-0.2854492998325071,%
clt,2004,0.2978540144061057,%
