variable,year,value,unit
clivi,2000,1.5226503068777736e-05,kg m-2
clivi,2001,9.309496747014062e-07,kg m-2
clivi,2002,-1.395927900200468e-05,kg m-2
clivi,2003,-1.584079954428108e-05,kg m-2
clivi,2004,-5.001455129712354e-05,kg m-2
