variable,year,value,unit
wetso4,2000,-1.036707208602972e-14,kg m-2 s-1
wetso4,2001,-1.1887925142221222e-14,kg m-2 s-1
wetso4,2002,-8.937774179310906e-15,kg m-2 s-1
wetso4,2003,-1.3772013245239044e-14,kg m-2 s-1
wetso4,2004,-1.003920523305411e-14,kg m-2 s-1
