variable,year,value,unit
rlutcs,2000,0.05435822167999049,W m-2
rlutcs,2001,-0.00017439822079268197,W m-2
rlutcs,2002,8.041648931111922e-05,W m-2
rlutcs,2003,-7.82906421932239e-05,W m-2
rlutcs,2004,2.4996244121666678e-05,W m-2
