variable,year,value,unit
clt,2000,-0.0069173912072528765,%
clt,2001,-0.005691603692355329,%
clt,2002,-0.016951388578604565,%
clt,2003,-0.004092103763611021,%
clt,2004,0.0022994738709058993,%
