variable,year,value,unit
dryso2,2000,-1.001348279368307e-14,kg m-2 s-1
dryso2,2001,-1.2711316217044533e-14,kg m-2 s-1
dryso2,2002,-1.0501439545949686e-14,kg m-2 s-1
dryso2,2003,-1.2276581300152136e-14,kg m-2 s-1
dryso2,2004,-1.3123841745416487e-14,kg m-2 s-1
