variable,year,value,unit
wetbc,2000,4.820643681023105e-16,kg m-2 s-1
wetbc,2001,1.4449820786060549e-18,kg m-2 s-1
wetbc,2002,1.9973516051026566e-17,kg m-2 s-1
wetbc,2003,-9.267688129732941e-18,kg m-2 s-1
wetbc,2004,3.0060311977261994e-17,kg m-2 s-1
