variable,year,value,unit
emiso2,2000,-1.791202467756943e-14,kg m-2 s-1
emiso2,2001,-1.826844801838746e-14,kg m-2 s-1
emiso2,2002,-1.7822274233011034e-14,kg m-2 s-1
emiso2,2003,-1.8592194652383446e-14,kg m-2 s-1
emiso2,2004,-1.57563686102245e-14,kg m-2 s-1
