variable,year,value,unit
wetso4,2000,-1.0606853861674809e-14,kg m-2 s-1
wetso4,2001,-2.0034435405756003e-14,kg m-2 s-1
wetso4,2002,-1.921057824011675e-14,kg m-2 s-1
wetso4,2003,-1.955221708096977e-14,kg m-2 s-1
wetso4,2004,-1.994268786721725e-14,kg m-2 s-1
