variable,year,value,unit
so2,2000,-19.44433381074705,mol mol-1
so2,2001,-20.312149121104785,mol mol-1
so2,2002,-18.30595863755334,mol mol-1
so2,2003,-20.936738822932334,mol mol-1
so2,2004,-22.398347270281935,mol mol-1
