variable,year,value,unit
mmrso4,2000,-5.115569338143483,kg kg-1
mmrso4,2001,-4.5236743794801635,kg kg-1
mmrso4,2002,-5.223090375750176,kg kg-1
mmrso4,2003,-8.957530085179393,kg kg-1
mmrso4,2004,-11.627086819073956,kg kg-1
