variable,year,value,unit
wetso4,2000,-2.5223954856415567,kg m-2 s-1
wetso4,2001,-2.667317920297844,kg m-2 s-1
wetso4,2002,-2.2109395220457575,kg m-2 s-1
wetso4,2003,-5.05861925114099,kg m-2 s-1
wetso4,2004,-7.159537503116456,kg m-2 s-1
