variable,year,value,unit
dryso2,2000,-9.151349691275003,kg m-2 s-1
dryso2,2001,-9.682580628506456,kg m-2 s-1
dryso2,2002,-9.57784359574481,kg m-2 s-1
dryso2,2003,-13.951670908825333,kg m-2 s-1
dryso2,2004,-18.131863029638634,kg m-2 s-1
