variable,year,value,unit
wetso4,2000,-5.641109611190622,kg m-2 s-1
wetso4,2001,-6.184241113457543,kg m-2 s-1
wetso4,2002,-6.18768412110162,kg m-2 s-1
wetso4,2003,-8.424033946154438,kg m-2 s-1
wetso4,2004,-10.883667024401118,kg m-2 s-1
