variable,year,value,unit
clt,2000,-0.11544782401553277,%
clt,2001,-0.012424820317079366,%
clt,2002,-0.019724337655077306,%
clt,2003,0.07761407773811868,%
clt,2004,0.03361168854999619,%
