variable,year,value,unit
drybc,2000,1.8795788263359005e-14,kg m-2 s-1
drybc,2001,1.811603522063148e-14,kg m-2 s-1
drybc,2002,2.2090800817534868e-14,kg m-2 s-1
drybc,2003,2.4014659452227733e-14,kg m-2 s-1
drybc,2004,2.4518536930309375e-14,kg m-2 s-1
