variable,year,value,unit
rsut,2000,-0.9419026105577896,W m-2
rsut,2001,-0.8688256808232976,W m-2
rsut,2002,-0.598780518666178,W m-2
rsut,2003,-0.5704065906831346,W m-2
rsut,2004,-0.5097403276716971,W m-2
