variable,year,value,unit
rsutcs,2000,0.050042099894491696,W m-2
rsutcs,2001,0.014113420776717348,W m-2
rsutcs,2002,0.01726578044110055,W m-2
rsutcs,2003,0.04646646693081722,W m-2
rsutcs,2004,0.06048789217578053,W m-2
