variable,year,value,unit
rsut,2000,0.2714576397259066,W m-2
rsut,2001,0.26382633231437735,W m-2
rsut,2002,-0.19531743017671818,W m-2
rsut,2003,0.5392815202410994,W m-2
rsut,2004,-0.31546758033741595,W m-2
