variable,year,value,unit
emiso2,2001,0.02278300075887608,kg m-2 s-1
emiso2,2002,0.020781140791489953,kg m-2 s-1
emiso2,2003,0.022857564107884504,kg m-2 s-1
emiso2,2004,0.01568019881630015,kg m-2 s-1
