variable,year,value,unit
mmrbc,2000,0.3385137212211852,kg kg-1
mmrbc,2001,0.0005401197042703506,kg kg-1
mmrbc,2002,-0.6148385320517104,kg kg-1
mmrbc,2003,-0.2178972984186259,kg kg-1
mmrbc,2004,-0.4535296745745319,kg kg-1
