variable,year,value,unit
clivi,2000,-3.3106004153864173,kg m-2
clivi,2001,-1.176745546706014,kg m-2
clivi,2002,-2.0408929901817845,kg m-2
clivi,2003,-2.6610107490885797,kg m-2
clivi,2004,0.25044191585058984,kg m-2
