variable,year,value,unit
rlut,2000,-0.01900397118185008,W m-2
rlut,2001,-0.014783470964754806,W m-2
rlut,2002,0.0036232306037856576,W m-2
rlut,2003,-0.02797109675386883,W m-2
rlut,2004,0.008497536122123126,W m-2
