variable,year,value,unit
rlut,2000,-0.14144726686388653,W m-2
rlut,2001,-0.1293942779194945,W m-2
rlut,2002,0.07772740944609388,W m-2
rlut,2003,-0.1822031113560508,W m-2
rlut,2004,0.10397316672559312,W m-2
