variable,year,value,unit
wetso2,2000,0.5159413670462127,kg m-2 s-1
wetso2,2001,0.35332296914960576,kg m-2 s-1
wetso2,2002,0.34234800724411407,kg m-2 s-1
wetso2,2003,0.20209375285763295,kg m-2 s-1
wetso2,2004,0.010900982294702346,kg m-2 s-1
