variable,year,value,unit
loadbc,2000,0.015232760316931188,kg m-2
loadbc,2001,0.0006432337051529705,kg m-2
loadbc,2002,0.005685873598552261,kg m-2
loadbc,2003,-0.013236940696467983,kg m-2
loadbc,2004,0.01706185244382545,kg m-2
