variable,year,value,unit
clivi,2000,-0.9061350924781424,kg m-2
clivi,2001,-0.3081700788532395,kg m-2
clivi,2002,1.0337973123449224,kg m-2
clivi,2003,-0.2337807736967343,kg m-2
clivi,2004,0.3837009823150993,kg m-2
