variable,year,value,unit
rlut,2000,0.03029689728877714,W m-2
rlut,2001,0.02485620456030611,W m-2
rlut,2002,0.058437881582888436,W m-2
rlut,2003,0.020362657657635008,W m-2
rlut,2004,0.00510544015146379,W m-2
