variable,year,value,unit
cl,2000,-0.9167458239312997,%
cl,2001,0.6076366988244339,%
cl,2002,-0.5514966150337877,%
cl,2003,0.4304769881229626,%
cl,2004,-0.35242269633144485,%
