variable,year,value,unit
loadso2,2000,-0.00018519321666544066,kg m-2
loadso2,2001,-0.298336150837444,kg m-2
loadso2,2002,-0.23490765115157367,kg m-2
loadso2,2003,0.018784619386512123,kg m-2
loadso2,2004,-0.040054800934863855,kg m-2
