variable,year,value,unit
dryso4,2001,0.4671938906814445,kg m-2 s-1
dryso4,2002,0.09714984323544773,kg m-2 s-1
dryso4,2003,0.03990558556201485,kg m-2 s-1
dryso4,2004,-0.2929478080398446,kg m-2 s-1
