variable,year,value,unit
drybc,2001,-0.027492320481980446,kg m-2 s-1
drybc,2002,-0.5996091951871525,kg m-2 s-1
drybc,2003,-0.3190502746787391,kg m-2 s-1
drybc,2004,-0.9856294923891963,kg m-2 s-1
