variable,year,value,unit
rsut,2001,0.008427106470239537,W m-2
rsut,2002,-0.00040859001650896923,W m-2
rsut,2003,-0.030514102954246888,W m-2
rsut,2004,-0.0005056707689938875,W m-2
