variable,year,value,unit
loadso2,2000,-0.16534506274637756,kg m-2
loadso2,2001,-0.09512044802109026,kg m-2
loadso2,2002,-0.054213790646182196,kg m-2
loadso2,2003,-0.18479850718980917,kg m-2
loadso2,2004,-0.00704386508076074,kg m-2
