variable,year,value,unit
rsut,2001,-0.3160224187427574,W m-2
rsut,2002,-0.29566694833320184,W m-2
rsut,2003,-0.10346642865506205,W m-2
rsut,2004,0.07965820002242266,W m-2
