variable,year,value,unit
dryso2,2000,-0.46223508009860637,kg m-2 s-1
dryso2,2001,-0.49598750502150635,kg m-2 s-1
dryso2,2002,-0.2201376311094134,kg m-2 s-1
dryso2,2003,-0.4942680901545763,kg m-2 s-1
dryso2,2004,-0.26295590972548655,kg m-2 s-1
