variable,year,value,unit
od550aer,2001,0.4273267228882332,1
od550aer,2002,-0.14616842730081242,1
od550aer,2003,0.4919592896530344,1
od550aer,2004,0.025177150594032666,1
