variable,year,value,unit
wetso4,2000,1.5213945952064223,kg m-2 s-1
wetso4,2001,1.6394072894924838,kg m-2 s-1
wetso4,2002,1.4394671704813975,kg m-2 s-1
wetso4,2003,2.1599443991277623,kg m-2 s-1
wetso4,2004,1.1765826496598124,kg m-2 s-1
