variable,year,value,unit
cltc,2000,-0.02748993875120285,%
cltc,2001,-0.5749490486612853,%
cltc,2002,-0.10017056880841202,%
cltc,2003,0.20318089455359065,%
cltc,2004,0.02092689938581993,%
