variable,year,value,unit
rsutcs,2001,0.028893669386886114,W m-2
rsutcs,2002,0.03043781138078508,W m-2
rsutcs,2003,0.03303865165809378,W m-2
rsutcs,2004,0.03188830124059371,W m-2
