variable,year,value,unit
drybc,2000,-1.6856865006212882,kg m-2 s-1
drybc,2001,-0.6833668682761004,kg m-2 s-1
drybc,2002,1.3416330389752218,kg m-2 s-1
drybc,2003,0.03270656431037249,kg m-2 s-1
drybc,2004,-0.07230678207186217,kg m-2 s-1
