variable,year,value,unit
wetbc,2000,-0.061708454315780745,kg m-2 s-1
wetbc,2001,0.17044583975332794,kg m-2 s-1
wetbc,2002,-0.0500555116139978,kg m-2 s-1
wetbc,2003,-0.19437559237271637,kg m-2 s-1
wetbc,2004,-0.12110884663874685,kg m-2 s-1
