variable,year,value,unit
loadso4,2000,1.6009432205731398,kg m-2
loadso4,2001,1.8842017120821568,kg m-2
loadso4,2002,1.0000729700900988,kg m-2
loadso4,2003,1.2538771065717742,kg m-2
loadso4,2004,1.0146757140692628,kg m-2
