variable,year,value,unit
drybc,2000,0.49373444078395273,kg m-2 s-1
drybc,2001,-0.16259305045743452,kg m-2 s-1
drybc,2002,-0.28776680032332164,kg m-2 s-1
drybc,2003,-0.14623894006541865,kg m-2 s-1
drybc,2004,-0.07583453250759462,kg m-2 s-1
