variable,year,value,unit
wetso2,2001,0.08338638403008858,kg m-2 s-1
wetso2,2002,-0.4146982347815632,kg m-2 s-1
wetso2,2003,0.1442148383661174,kg m-2 s-1
wetso2,2004,0.5177786363361538,kg m-2 s-1
