variable,year,value,unit
rlutcs,2000,0.002582904256883012,W m-2
rlutcs,2001,0.002378887701752319,W m-2
rlutcs,2002,0.00651153143354577,W m-2
rlutcs,2003,-0.01000190958092162,W m-2
rlutcs,2004,0.014820650100489274,W m-2
