variable,year,value,unit
wetso4,2000,-1.8712208616167802e-14,kg m-2 s-1
wetso4,2001,-2.1694683326688786e-14,kg m-2 s-1
wetso4,2002,-2.1012590521603948e-14,kg m-2 s-1
wetso4,2003,-2.3723717146889793e-14,kg m-2 s-1
wetso4,2004,-2.186819197763362e-14,kg m-2 s-1
