variable,year,value,unit
mmrso4,2000,-1.7333162523584632e-12,kg kg-1
mmrso4,2001,-2.320219598261947e-12,kg kg-1
mmrso4,2002,-1.927393980406568e-12,kg kg-1
mmrso4,2003,-2.070906282420779e-12,kg kg-1
mmrso4,2004,-2.3266440969254906e-12,kg kg-1
