variable,year,value,unit
wetbc,2000,1.456016248597598e-17,kg m-2 s-1
wetbc,2001,1.0205175991359511e-16,kg m-2 s-1
wetbc,2002,2.6507014132130036e-16,kg m-2 s-1
wetbc,2003,1.4431787260760214e-16,kg m-2 s-1
wetbc,2004,-1.963610117962289e-16,kg m-2 s-1
