variable,year,value,unit
so2,2000,-7.187852305290215e-13,mol mol-1
so2,2001,-8.339709247161115e-13,mol mol-1
so2,2002,-8.20368890057179e-13,mol mol-1
so2,2003,-8.985386411757337e-13,mol mol-1
so2,2004,-6.979009325241486e-13,mol mol-1
