variable,year,value,unit
mmrso4,2000,-2.5833411898787817e-12,kg kg-1
mmrso4,2001,-2.99373824013682e-12,kg kg-1
mmrso4,2002,-2.8158283587745385e-12,kg kg-1
mmrso4,2003,-3.232226383482047e-12,kg kg-1
mmrso4,2004,-3.4874868479513393e-12,kg kg-1
