variable,year,value,unit
emiso2,2000,-3.5874067674470984e-14,kg m-2 s-1
emiso2,2001,-3.761044081021417e-14,kg m-2 s-1
emiso2,2002,-3.524267666100602e-14,kg m-2 s-1
emiso2,2003,-3.621464849835615e-14,kg m-2 s-1
emiso2,2004,-3.886689699238325e-14,kg m-2 s-1
