variable,year,value,unit
wetso4,2000,1.6041726181366275e-12,kg m-2 s-1
wetso4,2001,1.7240457967313644e-12,kg m-2 s-1
wetso4,2002,1.885676789844261e-12,kg m-2 s-1
wetso4,2003,1.8759055216510447e-12,kg m-2 s-1
wetso4,2004,2.1019478788137747e-12,kg m-2 s-1
