variable,year,value,unit
clt,2000,0.01718964421905156,%
clt,2001,-0.016117184966631726,%
clt,2002,0.08903721785624441,%
clt,2003,-0.023217894772351144,%
clt,2004,-0.027515953201444177,%
