variable,year,value,unit
rsutcs,2000,0.03975530569873342,W m-2
rsutcs,2001,0.05423501033683209,W m-2
rsutcs,2002,0.07977326988724798,W m-2
rsutcs,2003,0.09105944870979243,W m-2
rsutcs,2004,0.12818763234558617,W m-2
