variable,year,value,unit
clivi,2000,-0.895372442198791,kg m-2
clivi,2001,-0.5422680923640103,kg m-2
clivi,2002,0.3968867225807321,kg m-2
clivi,2003,-0.3517958998431927,kg m-2
clivi,2004,1.1842563484061648,kg m-2
