variable,year,value,unit
loadbc,2000,-0.11478249126300558,kg m-2
loadbc,2001,-0.04305914966436455,kg m-2
loadbc,2002,-0.0064776261535647054,kg m-2
loadbc,2003,-0.035461407671057314,kg m-2
loadbc,2004,0.0002012507977722637,kg m-2
