variable,year,value,unit
dms,2000,0.0018765172685019493,mol mol-1
dms,2001,0.0019641668049923625,mol mol-1
dms,2002,0.0029461363999222466,mol mol-1
dms,2003,0.0017169495313913547,mol mol-1
dms,2004,0.0023247035913927304,mol mol-1
