variable,year,value,unit
dryso2,2000,2.190627213349701,kg m-2 s-1
dryso2,2001,1.5699112337017558,kg m-2 s-1
dryso2,2002,2.061111178718416,kg m-2 s-1
dryso2,2003,1.6151763906137526,kg m-2 s-1
dryso2,2004,1.566396952553569,kg m-2 s-1
