variable,year,value,unit
mmrbc,2000,-0.10316638078240292,kg kg-1
mmrbc,2001,-0.061795930108098356,kg kg-1
mmrbc,2002,-0.07392909802766132,kg kg-1
mmrbc,2003,0.03590951982408989,kg kg-1
mmrbc,2004,0.06650260468328185,kg kg-1
