variable,year,value,unit
dryso4,2000,-5.712404830200016,kg m-2 s-1
dryso4,2001,-5.229164497610959,kg m-2 s-1
dryso4,2002,-5.487077938459734,kg m-2 s-1
dryso4,2003,-5.550257097975156,kg m-2 s-1
dryso4,2004,-5.238177577865252,kg m-2 s-1
