variable,year,value,unit
dryso4,2000,-5.800632147268541,kg m-2 s-1
dryso4,2001,-4.785983357380971,kg m-2 s-1
dryso4,2002,-5.306887279254993,kg m-2 s-1
dryso4,2003,-5.677287665044291,kg m-2 s-1
dryso4,2004,-5.0247606704577,kg m-2 s-1
