variable,year,value,unit
loadbc,2000,-0.38165068292218157,kg m-2
loadbc,2001,0.021544128141241948,kg m-2
loadbc,2002,-0.31583306297347363,kg m-2
loadbc,2003,0.32858397619253227,kg m-2
loadbc,2004,-0.5337910726202026,kg m-2
