variable,year,value,unit
od550aer,2000,-0.2985863340888762,1
od550aer,2001,-0.24310572498161243,1
od550aer,2002,-0.18989087997938753,1
od550aer,2003,-0.41572255985006445,1
od550aer,2004,-0.2130143432213109,1
