variable,year,value,unit
so2,2000,2.0382621686605304,mol mol-1
so2,2001,2.3048654933180033,mol mol-1
so2,2002,2.2607804748822247,mol mol-1
so2,2003,2.37406399604211,mol mol-1
so2,2004,2.3439359226154175,mol mol-1
