variable,year,value,unit
rsut,2001,0.0032138267320514155,W m-2
rsut,2002,0.0035078192825282245,W m-2
rsut,2003,-0.001730113187880344,W m-2
rsut,2004,-0.0016397508591137078,W m-2
