variable,year,value,unit
loadso4,2000,-0.21377409096732802,kg m-2
loadso4,2001,-0.20909164686507714,kg m-2
loadso4,2002,-0.2107433753920016,kg m-2
loadso4,2003,-0.21231403550988626,kg m-2
loadso4,2004,-0.194652526283671,kg m-2
