variable,year,value,unit
rsutcs,2000,0.0074864182219958894,W m-2
rsutcs,2001,-0.0014229440894548788,W m-2
rsutcs,2002,-0.005534479729629264,W m-2
rsutcs,2003,-0.002866769717968512,W m-2
rsutcs,2004,-0.031117869197566254,W m-2
