variable,year,value,unit
loadbc,2000,-0.18512013838014488,kg m-2
loadbc,2001,0.2613223590198738,kg m-2
loadbc,2002,-0.07916143978001866,kg m-2
loadbc,2003,0.11433716124524859,kg m-2
loadbc,2004,-0.02285394253221266,kg m-2
