variable,year,value,unit
dryso4,2000,-5.546174752538013,kg m-2 s-1
dryso4,2001,-5.339202705371811,kg m-2 s-1
dryso4,2002,-5.120824507149338,kg m-2 s-1
dryso4,2003,-5.174499357766118,kg m-2 s-1
dryso4,2004,-5.307442202086246,kg m-2 s-1
