variable,year,value,unit
rsutcs,2000,-0.008014054784743076,W m-2
rsutcs,2001,0.011178306129174143,W m-2
rsutcs,2002,-0.00860863081805564,W m-2
rsutcs,2003,-0.007296232555770093,W m-2
rsutcs,2004,-0.041401254182109756,W m-2
