variable,year,value,unit
mmrbc,2000,-0.08752776955213641,kg kg-1
mmrbc,2001,0.02014930296398311,kg kg-1
mmrbc,2002,-0.2337631462618322,kg kg-1
mmrbc,2003,-0.019263013891513844,kg kg-1
mmrbc,2004,-0.060152664641289565,kg kg-1
