variable,year,value,unit
rsut,2001,-0.13757672321033731,W m-2
rsut,2002,-0.012984397852576057,W m-2
rsut,2003,0.0013071914732480422,W m-2
rsut,2004,-0.029357094394158696,W m-2
