variable,year,value,unit
wetbc,2000,0.10264317254129307,kg m-2 s-1
wetbc,2001,0.10077952610199187,kg m-2 s-1
wetbc,2002,0.18447806759435306,kg m-2 s-1
wetbc,2003,-0.05194528727175785,kg m-2 s-1
wetbc,2004,0.3272583487299727,kg m-2 s-1
