variable,year,value,unit
mmrso4,2001,-2.639619203082677,kg kg-1
mmrso4,2002,-2.2578539978184873,kg kg-1
mmrso4,2003,-2.0761180288519943,kg kg-1
mmrso4,2004,-2.2825132314440255,kg kg-1
