variable,year,value,unit
dms,2000,-0.03322937812499588,mol mol-1
dms,2001,0.05340757896712088,mol mol-1
dms,2002,-0.23526041321373817,mol mol-1
dms,2003,-0.17136146101021846,mol mol-1
dms,2004,0.15043776768277434,mol mol-1
