variable,year,value,unit
wetbc,2000,-0.6807743341884559,kg m-2 s-1
wetbc,2001,-0.02452658216537781,kg m-2 s-1
wetbc,2002,-0.06212705898405587,kg m-2 s-1
wetbc,2003,0.6273219139919632,kg m-2 s-1
wetbc,2004,-0.3356661144342004,kg m-2 s-1
