variable,year,value,unit
mmrbc,2000,0.22604139857209876,kg kg-1
mmrbc,2001,0.046216339113547646,kg kg-1
mmrbc,2002,0.1928774571617885,kg kg-1
mmrbc,2003,-0.043616730684561,kg kg-1
mmrbc,2004,0.04644700727365906,kg kg-1
