variable,year,value,unit
cltc,2001,-0.08730552870215282,%
cltc,2002,0.1341613487126819,%
cltc,2003,-0.10400351577146856,%
cltc,2004,-0.009064853421316032,%
