variable,year,value,unit
drybc,2001,-0.13740925061996045,kg m-2 s-1
drybc,2002,0.041810995165661585,kg m-2 s-1
drybc,2003,0.026725835784491146,kg m-2 s-1
drybc,2004,0.0125841001334229,kg m-2 s-1
