variable,year,value,unit
wetso4,2000,-1.3579195270780557,kg m-2 s-1
wetso4,2001,-1.4331431183322771,kg m-2 s-1
wetso4,2002,-1.3100626114074823,kg m-2 s-1
wetso4,2003,-1.2517610928392038,kg m-2 s-1
wetso4,2004,-1.3258221643574184,kg m-2 s-1
