variable,year,value,unit
dryso2,2001,1.927612784685399,kg m-2 s-1
dryso2,2002,1.725196299420904,kg m-2 s-1
dryso2,2003,2.013988818394874,kg m-2 s-1
dryso2,2004,2.110402576990758,kg m-2 s-1
