variable,year,value,unit
drybc,2000,-0.8908640794425441,kg m-2 s-1
drybc,2001,-0.8964512253162742,kg m-2 s-1
drybc,2002,-0.5010377940695556,kg m-2 s-1
drybc,2003,-0.7032668036384583,kg m-2 s-1
drybc,2004,0.4049839321693053,kg m-2 s-1
