variable,year,value,unit
so2,2001,1.8633564003440561,mol mol-1
so2,2002,1.7487966906143824,mol mol-1
so2,2003,2.039495946894116,mol mol-1
so2,2004,2.1287116413569684,mol mol-1
