variable,year,value,unit
wetso2,2001,2.463217307092255,kg m-2 s-1
wetso2,2002,2.0277018376288702,kg m-2 s-1
wetso2,2003,1.6796305759678978,kg m-2 s-1
wetso2,2004,3.3203452087595844,kg m-2 s-1
