variable,year,value,unit
mmrbc,2000,0.0,kg kg-1
mmrbc,2001,-0.25802105099984946,kg kg-1
mmrbc,2002,-0.03201075262482691,kg kg-1
mmrbc,2003,-0.009744400846720482,kg kg-1
mmrbc,2004,0.00046510323439485863,kg kg-1
