variable,year,value,unit
wetso2,2000,-4.326492966199718e-14,kg m-2 s-1
wetso2,2001,-3.4776611765625016e-14,kg m-2 s-1
wetso2,2002,-3.4806440630589725e-14,kg m-2 s-1
wetso2,2003,-3.737737819645216e-14,kg m-2 s-1
wetso2,2004,-4.59817033474874e-14,kg m-2 s-1
