variable,year,value,unit
od550aer,2000,-0.00043592032737953257,1
od550aer,2001,-0.0004523752348827986,1
od550aer,2002,-0.00046819294069158635,1
od550aer,2003,-0.00038899802185143884,1
od550aer,2004,-0.00046742023685421297,1
