variable,year,value,unit
wetbc,2000,-9.093271651709586e-18,kg m-2 s-1
wetbc,2001,1.895078508966404e-16,kg m-2 s-1
wetbc,2002,-4.5087375027546025e-17,kg m-2 s-1
wetbc,2003,5.976694821833668e-17,kg m-2 s-1
wetbc,2004,-1.6987578536782087e-16,kg m-2 s-1
