variable,year,value,unit
mmrso4,2000,-0.016159344863032794,kg kg-1
mmrso4,2001,-0.06381536036118253,kg kg-1
mmrso4,2002,-0.07762788742110806,kg kg-1
mmrso4,2003,-0.12689961019998472,kg kg-1
mmrso4,2004,-0.09946381768834969,kg kg-1
