variable,year,value,unit
wetso2,2000,0.07215064373649101,kg m-2 s-1
wetso2,2001,-0.10061543443483742,kg m-2 s-1
wetso2,2002,-0.22573095983583827,kg m-2 s-1
wetso2,2003,0.1765000350448253,kg m-2 s-1
wetso2,2004,-0.04938405664055059,kg m-2 s-1
