variable,year,value,unit
dryso4,2000,-0.018155428506873433,kg m-2 s-1
dryso4,2001,0.0534933305809957,kg m-2 s-1
dryso4,2002,-0.0325739838026495,kg m-2 s-1
dryso4,2003,-0.13196384685360238,kg m-2 s-1
dryso4,2004,-0.07459533679176565,kg m-2 s-1
