variable,year,value,unit
wetbc,2000,-0.03145524916179416,kg m-2 s-1
wetbc,2001,0.03990143675053042,kg m-2 s-1
wetbc,2002,0.043786869975883,kg m-2 s-1
wetbc,2003,-0.02808405560149482,kg m-2 s-1
wetbc,2004,0.009636130916161395,kg m-2 s-1
