variable,year,value,unit
clivi,2000,-0.6477330912499826,kg m-2
clivi,2001,0.9588830151206676,kg m-2
clivi,2002,-1.1396189177004563,kg m-2
clivi,2003,0.05583123137722588,kg m-2
clivi,2004,-0.04607960187547193,kg m-2
