variable,year,value,unit
dryso4,2001,-1.346158492351751e-14,kg m-2 s-1
dryso4,2002,-6.7201073445395395e-15,kg m-2 s-1
dryso4,2003,7.977878603059825e-15,kg m-2 s-1
dryso4,2004,5.178678930031699e-14,kg m-2 s-1
dryso4,2005,-4.377265675065192e-15,kg m-2 s-1
