variable,year,value,unit
wetbc,2000,-7.504708093970634e-13,kg m-2 s-1
wetbc,2001,-7.355257177713695e-13,kg m-2 s-1
wetbc,2002,-7.684349256864884e-13,kg m-2 s-1
wetbc,2003,-7.210844963512746e-13,kg m-2 s-1
wetbc,2004,-7.603832042110746e-13,kg m-2 s-1
