variable,year,value,unit
clivi,2000,1.7172637378895517e-05,kg m-2
clivi,2001,-0.0011925843068872483,kg m-2
clivi,2002,0.0005074713024773303,kg m-2
clivi,2003,-0.0008296163281017871,kg m-2
clivi,2004,-0.00010991835341361833,kg m-2
