variable,year,value,unit
rlut,2000,-0.12857811805690744,W m-2
rlut,2001,-0.005133509893767041,W m-2
rlut,2002,0.02910919672828527,W m-2
rlut,2003,-0.024710516519320436,W m-2
rlut,2004,0.021963387269153145,W m-2
