variable,year,value,unit
od550aer,2000,0.0009880931985569025,1
od550aer,2001,0.00034106208853276754,1
od550aer,2002,-0.0007234551481856699,1
od550aer,2003,0.0005536557223393135,1
od550aer,2004,8.415975217557214e-07,1
