variable,year,value,unit
rsutcs,2000,-0.1590272623147655,W m-2
rsutcs,2001,-0.1527821276074235,W m-2
rsutcs,2002,-0.15030863861809962,W m-2
rsutcs,2003,-0.15104798085690163,W m-2
rsutcs,2004,-0.15547927376525195,W m-2
