variable,year,value,unit
clt,2001,0.2060760553319767,%
clt,2002,-0.7246014574611763,%
clt,2003,-0.414439204677322,%
clt,2004,-0.4350573799220854,%
clt,2005,0.49511014685274546,%
