variable,year,value,unit
so2,2000,8.212212246965862e-14,mol mol-1
so2,2001,-3.886649473841622e-14,mol mol-1
so2,2002,-1.3810767236847309e-13,mol mol-1
so2,2003,-5.06133332773252e-13,mol mol-1
so2,2004,3.357123071504389e-13,mol mol-1
