variable,year,value,unit
rsut,2000,0.03138108012804253,W m-2
rsut,2001,-0.07853824954254662,W m-2
rsut,2002,-0.036787756934700155,W m-2
rsut,2003,0.07369389822686401,W m-2
rsut,2004,0.009914033328200844,W m-2
