variable,year,value,unit
rlutcs,2000,0.00011158773909869524,W m-2
rlutcs,2001,0.007533157468657237,W m-2
rlutcs,2002,-0.0033799572203179196,W m-2
rlutcs,2003,-0.018925883133221078,W m-2
rlutcs,2004,-0.015919471851844946,W m-2
