"","models","resolution","bottom.thickness","layers","slopes","r.squared"
"1","CAM-ATRAS","129, 154, 180, 204m",129,4,-178328.088540677,0.894531168353192
"2","CESM1","124, 149, 173, 197m",124,4,-2754776.15743506,0.233417087165625
"3","E3SM","25, 54, 72, 77, 82, 87m",25,6,-342693.592698977,0.9864384729136
"4","GEOS","58, 131, 65, 133m",58,4,-593862.707887928,0.990596117039789
"5","GFDL-ESM4","35, 50, 75, 90, 120m",35,5,-385450.810884446,0.879113963679663
"6","GISS modelE","170, 190, 220, 240m",170,4,-852905.480523966,0.897288702356853
"7","NorESM2","127, 152, 176, 201m",127,4,-287021.615227447,0.829390562447746
