variable,year,value,unit
rlut,2000,0.0014737542911036326,W m-2
rlut,2001,0.004853709841001977,W m-2
rlut,2002,0.006354204192352133,W m-2
rlut,2003,0.001037157129137506,W m-2
rlut,2004,-0.005130480472163567,W m-2
