variable,year,value,unit
so2,2000,-0.5031783039608367,mol mol-1
so2,2001,-0.5267848109542368,mol mol-1
so2,2002,-0.4980616415120943,mol mol-1
so2,2003,-0.4959921169485723,mol mol-1
so2,2004,-0.5548811446282936,mol mol-1
