variable,year,value,unit
drybc,2000,-0.09934100191871087,kg m-2 s-1
drybc,2001,0.0172662716918823,kg m-2 s-1
drybc,2002,0.054281164852702735,kg m-2 s-1
drybc,2003,0.08138792884479042,kg m-2 s-1
drybc,2004,0.008485820804669843,kg m-2 s-1
