variable,year,value,unit
rsutcs,2000,0.009521259058647896,W m-2
rsutcs,2001,-0.007235748257497457,W m-2
rsutcs,2002,-0.0172478567318727,W m-2
rsutcs,2003,-0.0020091829426421345,W m-2
rsutcs,2004,-0.022242149207775876,W m-2
