variable,year,value,unit
dryso4,2001,-0.34589964863809847,kg m-2 s-1
dryso4,2002,-0.09756585343008072,kg m-2 s-1
dryso4,2003,0.20362847353441985,kg m-2 s-1
dryso4,2004,0.1367350261727438,kg m-2 s-1
