variable,year,value,unit
dryso2,2000,-5.265297100355372e-12,kg m-2 s-1
dryso2,2001,-5.360870600359899e-12,kg m-2 s-1
dryso2,2002,-5.409572294831766e-12,kg m-2 s-1
dryso2,2003,-5.7110195297005315e-12,kg m-2 s-1
dryso2,2004,-6.170697645802064e-12,kg m-2 s-1
