variable,year,value,unit
rsut,2000,0.3121361946332968,W m-2
rsut,2001,0.32014239002327827,W m-2
rsut,2002,0.3009042858957258,W m-2
rsut,2003,0.2837082945118823,W m-2
rsut,2004,0.2985139651755304,W m-2
