variable,year,value,unit
drybc,2000,-1.2620961642591804e-15,kg m-2 s-1
drybc,2001,-1.0361814726286951e-15,kg m-2 s-1
drybc,2002,-1.8768935923082573e-15,kg m-2 s-1
drybc,2003,-1.5837703528673477e-15,kg m-2 s-1
drybc,2004,-1.3839363488425604e-15,kg m-2 s-1
