variable,year,value,unit
emiso2,2000,-4.3924315256827126e-15,kg m-2 s-1
emiso2,2001,-2.8126839245736e-15,kg m-2 s-1
emiso2,2002,-3.84428423853485e-15,kg m-2 s-1
emiso2,2003,-4.388021414327762e-15,kg m-2 s-1
emiso2,2004,-5.268778048152617e-15,kg m-2 s-1
