variable,year,value,unit
dryso4,2000,-2.409865994181966e-14,kg m-2 s-1
dryso4,2001,-2.4859226869165363e-14,kg m-2 s-1
dryso4,2002,-2.5491116544350932e-14,kg m-2 s-1
dryso4,2003,-2.7197101915183094e-14,kg m-2 s-1
dryso4,2004,-2.6100248208531976e-14,kg m-2 s-1
