variable,year,value,unit
dryso4,2000,3.9032264908418526e-16,kg m-2 s-1
dryso4,2001,1.892949441246758e-15,kg m-2 s-1
dryso4,2002,5.722821676678009e-18,kg m-2 s-1
dryso4,2003,-1.6028855566106042e-15,kg m-2 s-1
dryso4,2004,9.84619309046566e-16,kg m-2 s-1
