variable,year,value,unit
dryso4,2000,-6.104795883511537e-15,kg m-2 s-1
dryso4,2001,-4.515042923510487e-15,kg m-2 s-1
dryso4,2002,-5.7344005019578054e-15,kg m-2 s-1
dryso4,2003,-6.028880935978214e-15,kg m-2 s-1
dryso4,2004,-5.34323016262777e-15,kg m-2 s-1
