variable,year,value,unit
wetbc,2000,1.2649993738026124e-15,kg m-2 s-1
wetbc,2001,3.350390932579421e-16,kg m-2 s-1
wetbc,2002,2.6138379430031e-16,kg m-2 s-1
wetbc,2003,-6.926787172245147e-16,kg m-2 s-1
wetbc,2004,-1.0929188140192225e-15,kg m-2 s-1
