variable,year,value,unit
so2,2000,-7.613764801773878e-14,mol mol-1
so2,2001,3.0758889022583767e-14,mol mol-1
so2,2002,-3.404015862701409e-13,mol mol-1
so2,2003,-4.113448767024703e-13,mol mol-1
so2,2004,-4.13755322906526e-13,mol mol-1
