variable,year,value,unit
loadso2,2000,-1.049066192530329e-07,kg m-2
loadso2,2001,-1.0171740125214364e-07,kg m-2
loadso2,2002,-9.785824401104159e-08,kg m-2
loadso2,2003,-1.068630822217815e-07,kg m-2
loadso2,2004,-1.0787890678261375e-07,kg m-2
