variable,year,value,unit
od550aer,2001,0.0058237449473158565,1
od550aer,2002,0.005722473134753769,1
od550aer,2003,0.006537412217274857,1
od550aer,2004,0.007164184176362026,1
