variable,year,value,unit
mmrso4,2000,2.3279175352431686e-10,kg kg-1
mmrso4,2001,2.154080376812578e-10,kg kg-1
mmrso4,2002,2.2788037729108305e-10,kg kg-1
mmrso4,2003,2.4603677060405236e-10,kg kg-1
mmrso4,2004,2.5453442199171297e-10,kg kg-1
