variable,year,value,unit
so2,2000,-9.099671332868172e-11,mol mol-1
so2,2001,-8.854211136173644e-11,mol mol-1
so2,2002,-9.022088944731882e-11,mol mol-1
so2,2003,-9.457736903718407e-11,mol mol-1
so2,2004,-9.8492908175354e-11,mol mol-1
