variable,year,value,unit
rsutcs,2000,0.05784968860066897,W m-2
rsutcs,2001,0.03729364336854246,W m-2
rsutcs,2002,0.04395144379427052,W m-2
rsutcs,2003,0.04639535638398229,W m-2
rsutcs,2004,0.04497387710927114,W m-2
