variable,year,value,unit
rsdt,2000,-1.5433835187650402e-07,W m-2
rsdt,2001,7.580632654935471e-08,W m-2
rsdt,2002,1.9771556480918662e-07,W m-2
rsdt,2003,2.56598298165045e-07,W m-2
rsdt,2004,1.0822418516909238e-08,W m-2
