variable,year,value,unit
wetso2,2000,-1.7205894017516124e-13,kg m-2 s-1
wetso2,2001,-1.7070550373310772e-13,kg m-2 s-1
wetso2,2002,-1.6844296904881004e-13,kg m-2 s-1
wetso2,2003,-1.849338492514911e-13,kg m-2 s-1
wetso2,2004,-1.9310207792204625e-13,kg m-2 s-1
