variable,year,value,unit
dryso2,2000,-5.696351311067364e-13,kg m-2 s-1
dryso2,2001,-5.793094723185446e-13,kg m-2 s-1
dryso2,2002,-5.760661438436293e-13,kg m-2 s-1
dryso2,2003,-6.108977484383408e-13,kg m-2 s-1
dryso2,2004,-6.517446011547244e-13,kg m-2 s-1
