variable,year,value,unit
wetbc,2000,-1.453023346902556e-15,kg m-2 s-1
wetbc,2001,-2.354823785756258e-15,kg m-2 s-1
wetbc,2002,-8.834004964044304e-16,kg m-2 s-1
wetbc,2003,-6.094869822492989e-16,kg m-2 s-1
wetbc,2004,-9.043023596076045e-16,kg m-2 s-1
