variable,year,value,unit
loadso4,2000,7.249320599170724e-07,kg m-2
loadso4,2001,4.75330931456854e-07,kg m-2
loadso4,2002,5.419142542138488e-07,kg m-2
loadso4,2003,9.483104783610952e-07,kg m-2
loadso4,2004,6.84153580345237e-07,kg m-2
