variable,year,value,unit
mmrso4,2001,3.2432733001371026e-10,kg kg-1
mmrso4,2002,3.190842620718073e-10,kg kg-1
mmrso4,2003,3.367593904258652e-10,kg kg-1
mmrso4,2004,3.5780431355796367e-10,kg kg-1
