variable,year,value,unit
dryso2,2001,-5.066707769612581e-13,kg m-2 s-1
dryso2,2002,-4.886428707869679e-13,kg m-2 s-1
dryso2,2003,-5.276260539027593e-13,kg m-2 s-1
dryso2,2004,-5.580915203811125e-13,kg m-2 s-1
