variable,year,value,unit
rsutcs,2000,0.1353160244489544,W m-2
rsutcs,2001,0.12156496066603495,W m-2
rsutcs,2002,0.13437627750444392,W m-2
rsutcs,2003,0.14238739132377987,W m-2
rsutcs,2004,0.1436477879534408,W m-2
