variable,year,value,unit
rsutcs,2000,0.08146095440348233,W m-2
rsutcs,2001,0.08647815038784756,W m-2
rsutcs,2002,0.0696027093599696,W m-2
rsutcs,2003,0.03696611796016214,W m-2
rsutcs,2004,0.06678171946670375,W m-2
