variable,year,value,unit
emiso2,2000,-1.2791672496709793e-12,kg m-2 s-1
emiso2,2001,-1.2881599828903995e-12,kg m-2 s-1
emiso2,2002,-1.2820786325498824e-12,kg m-2 s-1
emiso2,2003,-1.3416512684595148e-12,kg m-2 s-1
emiso2,2004,-1.4130933996440445e-12,kg m-2 s-1
