variable,year,value,unit
mmrbc,2000,1.293139824050237e-13,kg kg-1
mmrbc,2001,1.4360997849311225e-13,kg kg-1
mmrbc,2002,8.399956144067506e-14,kg kg-1
mmrbc,2003,4.6941267277902374e-14,kg kg-1
mmrbc,2004,6.010409296109654e-14,kg kg-1
