variable,year,value,unit
od550aer,2000,-0.1488957563136985,1
od550aer,2001,-0.14817635420889247,1
od550aer,2002,-0.15504050745423012,1
od550aer,2003,-0.15056799027363588,1
od550aer,2004,-0.15069397482356175,1
