variable,year,value,unit
dryso4,2001,4.570078345924487e-13,kg m-2 s-1
dryso4,2002,4.4699160754717815e-13,kg m-2 s-1
dryso4,2003,4.854175563629398e-13,kg m-2 s-1
dryso4,2004,5.072737435278673e-13,kg m-2 s-1
