variable,year,value,unit
wetbc,2001,-1.229538786086847e-16,kg m-2 s-1
wetbc,2002,-1.2376157073301584e-16,kg m-2 s-1
wetbc,2003,1.5853769896221643e-16,kg m-2 s-1
wetbc,2004,6.952928720864138e-16,kg m-2 s-1
