variable,year,value,unit
drybc,2000,-3.758733673416497e-16,kg m-2 s-1
drybc,2001,1.4139443392774762e-17,kg m-2 s-1
drybc,2002,-2.8715235163970844e-16,kg m-2 s-1
drybc,2003,-3.217358510573895e-16,kg m-2 s-1
drybc,2004,-8.557471483980628e-17,kg m-2 s-1
