variable,year,value,unit
wetbc,2000,3.628167467004206e-15,kg m-2 s-1
wetbc,2001,6.129496259005007e-15,kg m-2 s-1
wetbc,2002,5.64234898548924e-15,kg m-2 s-1
wetbc,2003,8.440723610195335e-15,kg m-2 s-1
wetbc,2004,1.0226038998688482e-14,kg m-2 s-1
