variable,year,value,unit
rsut,2000,1.7300590563151354e-05,W m-2
rsut,2001,0.06963773317968001,W m-2
rsut,2002,0.02398974685576751,W m-2
rsut,2003,0.2071364626148595,W m-2
rsut,2004,-0.18961122891733162,W m-2
