variable,year,value,unit
loadso4,2000,-0.8358899780102983,kg m-2
loadso4,2001,-0.9060673000695203,kg m-2
loadso4,2002,-0.32435740418880904,kg m-2
loadso4,2003,-0.3225396669617762,kg m-2
loadso4,2004,-0.6928360867360032,kg m-2
