variable,year,value,unit
wetso4,2000,-0.15117952742998925,kg m-2 s-1
wetso4,2001,-0.361774027753301,kg m-2 s-1
wetso4,2002,-0.25653479699557036,kg m-2 s-1
wetso4,2003,-0.41262642549045725,kg m-2 s-1
wetso4,2004,-0.43944109473800075,kg m-2 s-1
