variable,year,value,unit
rlut,2000,0.011284932884609687,W m-2
rlut,2001,0.0015671245371890663,W m-2
rlut,2002,-0.00958316754752946,W m-2
rlut,2003,-0.017928092686228136,W m-2
rlut,2004,0.012903590736538875,W m-2
