variable,year,value,unit
so2,2000,21.688301857448963,mol mol-1
so2,2001,23.012653848347,mol mol-1
so2,2002,23.113870077596353,mol mol-1
so2,2003,21.793551092737648,mol mol-1
so2,2004,23.900941728868176,mol mol-1
