variable,year,value,unit
rsutcs,2000,0.4473137542764177,W m-2
rsutcs,2001,0.4563097744598511,W m-2
rsutcs,2002,0.48845672923921535,W m-2
rsutcs,2003,0.4880004993277334,W m-2
rsutcs,2004,0.5568086560238884,W m-2
