variable,year,value,unit
loadso4,2000,12.953315832513567,kg m-2
loadso4,2001,13.486077512431233,kg m-2
loadso4,2002,13.993120131864922,kg m-2
loadso4,2003,13.541046267513634,kg m-2
loadso4,2004,14.435435503772315,kg m-2
