variable,year,value,unit
mmrbc,2000,0.3375839878621817,kg kg-1
mmrbc,2001,0.17864097338879728,kg kg-1
mmrbc,2002,0.38802183257200107,kg kg-1
mmrbc,2003,-0.30796597951265714,kg kg-1
mmrbc,2004,0.1048670497512335,kg kg-1
