variable,year,value,unit
loadbc,2000,-0.43051869243306257,kg m-2
loadbc,2001,-0.12388083922648092,kg m-2
loadbc,2002,-0.11808632212488934,kg m-2
loadbc,2003,-0.5403164780059866,kg m-2
loadbc,2004,-0.47970413245040966,kg m-2
