variable,year,value,unit
mmrbc,2000,-0.008541578398432396,kg kg-1
mmrbc,2001,-0.03941205522657789,kg kg-1
mmrbc,2002,-0.0009258544911350641,kg kg-1
mmrbc,2003,-0.02936127331150857,kg kg-1
mmrbc,2004,-0.053789364470934256,kg kg-1
