variable,year,value,unit
loadbc,2000,-1.003579410799897e-09,kg m-2
loadbc,2001,3.799173148526789e-10,kg m-2
loadbc,2002,-1.845360092272841e-09,kg m-2
loadbc,2003,1.4485150152399387e-10,kg m-2
loadbc,2004,-3.0075132753903195e-10,kg m-2
