variable,year,value,unit
od550aer,2000,-0.44251486946315954,1
od550aer,2001,-0.48152091689339954,1
od550aer,2002,-0.43415142270490636,1
od550aer,2003,-0.3837635419612652,1
od550aer,2004,-0.5289975264034744,1
