variable,year,value,unit
rlutcs,2000,0.0024216874356917497,W m-2
rlutcs,2001,0.0011124734208831182,W m-2
rlutcs,2002,-0.0036249379460456996,W m-2
rlutcs,2003,0.004046878970319152,W m-2
rlutcs,2004,0.001362129284312074,W m-2
