variable,year,value,unit
so2,2000,-5.677683923105556e-12,mol mol-1
so2,2001,-1.93988884236303e-12,mol mol-1
so2,2002,-6.4360707411567745e-12,mol mol-1
so2,2003,-3.740496169666072e-12,mol mol-1
so2,2004,-3.713747429856248e-12,mol mol-1
