variable,year,value,unit
dryso4,2000,-1.1970644573133975,kg m-2 s-1
dryso4,2001,-0.5001479718153273,kg m-2 s-1
dryso4,2002,0.026933792961718155,kg m-2 s-1
dryso4,2003,-1.795771915116523,kg m-2 s-1
dryso4,2004,-0.9421070992206135,kg m-2 s-1
