variable,year,value,unit
wetso4,2000,-3.209695785182061e-14,kg m-2 s-1
wetso4,2001,-3.650811127602143e-14,kg m-2 s-1
wetso4,2002,-2.7472002329502998e-14,kg m-2 s-1
wetso4,2003,-3.38529159603279e-14,kg m-2 s-1
wetso4,2004,-4.301809176919027e-14,kg m-2 s-1
