variable,year,value,unit
rsut,2001,-1.076140850015947,W m-2
rsut,2002,0.25088320894261146,W m-2
rsut,2003,0.29886491959552114,W m-2
rsut,2004,0.714075033998276,W m-2
rsut,2005,-0.8199296069172554,W m-2
