variable,year,value,unit
rsut,2000,0.0403864901491509,W m-2
rsut,2001,-0.007147100320818515,W m-2
rsut,2002,-0.099476665118846,W m-2
rsut,2003,-0.029838770537051335,W m-2
rsut,2004,-0.05687527401956275,W m-2
