variable,year,value,unit
mmrbc,2000,2.4917111592608524e-14,kg kg-1
mmrbc,2001,-2.28643850803948e-14,kg kg-1
mmrbc,2002,-1.5142745658498052e-13,kg kg-1
mmrbc,2003,1.3069085984788267e-13,kg kg-1
mmrbc,2004,-1.4673566910411606e-13,kg kg-1
