variable,year,value,unit
loadbc,2000,1.1343869057237934e-10,kg m-2
loadbc,2001,1.0648255136367198e-10,kg m-2
loadbc,2002,-4.1388977938075725e-12,kg m-2
loadbc,2003,1.455106946169415e-10,kg m-2
loadbc,2004,3.826964742940804e-11,kg m-2
