variable,year,value,unit
drybc,2000,-0.12386893392537178,kg m-2 s-1
drybc,2001,-0.5153654442304798,kg m-2 s-1
drybc,2002,0.0075797076843465774,kg m-2 s-1
drybc,2003,0.4320403246909953,kg m-2 s-1
drybc,2004,0.15661608803707977,kg m-2 s-1
