variable,year,value,unit
mmrso4,2000,-0.5913309145028696,kg kg-1
mmrso4,2001,-0.06486383562960728,kg kg-1
mmrso4,2002,-0.29192085232815607,kg kg-1
mmrso4,2003,0.0038327226787598936,kg kg-1
mmrso4,2004,-1.047946246783383,kg kg-1
