variable,year,value,unit
clt,2000,57.586818080313854,%
clt,2001,57.57108620249641,%
clt,2002,55.39546468297151,%
clt,2003,55.90452668980318,%
clt,2004,55.89692088729094,%
