variable,year,value,unit
wetso2,2001,7.443859487495713e-13,kg m-2 s-1
wetso2,2002,6.55686613978263e-13,kg m-2 s-1
wetso2,2003,6.228170367488531e-13,kg m-2 s-1
wetso2,2004,6.390458633072667e-13,kg m-2 s-1
