variable,year,value,unit
clt,2001,56.25287339029053,%
clt,2002,53.99095778126185,%
clt,2003,54.63685373352416,%
clt,2004,54.469982027077656,%
