variable,year,value,unit
rlut,2001,227.7579182106987,W m-2
rlut,2002,229.91428140240774,W m-2
rlut,2003,229.51696057678862,W m-2
rlut,2004,228.84871679191687,W m-2
