variable,year,value,unit
mmrso4,2000,3.4472109505279753e-10,kg kg-1
mmrso4,2001,3.37921159021957e-10,kg kg-1
mmrso4,2002,3.1917931755524143e-10,kg kg-1
mmrso4,2003,3.7285074295329054e-10,kg kg-1
mmrso4,2004,3.30155808725839e-10,kg kg-1
