variable,year,value,unit
dms,2000,8.825231206671803e-11,mol mol-1
dms,2001,9.097929448205796e-11,mol mol-1
dms,2002,8.86569837201799e-11,mol mol-1
dms,2003,9.241884574969192e-11,mol mol-1
dms,2004,9.219205185725068e-11,mol mol-1
