variable,year,value,unit
od550aer,2000,0.07210932708873095,1
od550aer,2001,0.07486765028712004,1
od550aer,2002,0.07006122892116608,1
od550aer,2003,0.07698725278943847,1
od550aer,2004,0.08140945215673996,1
