variable,year,value,unit
drybc,2001,1.4086366665501918e-13,kg m-2 s-1
drybc,2002,1.484891231132705e-13,kg m-2 s-1
drybc,2003,1.439585540929903e-13,kg m-2 s-1
drybc,2004,1.5771457622862184e-13,kg m-2 s-1
