variable,year,value,unit
od550aer,2000,0.13711142475802923,1
od550aer,2001,0.13764509489166285,1
od550aer,2002,0.16685858357010605,1
od550aer,2003,0.15832684204695988,1
od550aer,2004,0.1613461103745421,1
