variable,year,value,unit
rlut,2000,220.32327976041495,W m-2
rlut,2001,221.87497924275903,W m-2
rlut,2002,224.1717391696394,W m-2
rlut,2003,223.44190992461566,W m-2
rlut,2004,222.72772544979736,W m-2
