variable,year,value,unit
wetso2,2000,2.918439304704226e-12,kg m-2 s-1
wetso2,2001,2.897686738618834e-12,kg m-2 s-1
wetso2,2002,2.779910530904381e-12,kg m-2 s-1
wetso2,2003,2.69822084969065e-12,kg m-2 s-1
wetso2,2004,2.7612336136374085e-12,kg m-2 s-1
