variable,year,value,unit
dryso2,2001,2.0789243016666347e-12,kg m-2 s-1
dryso2,2002,2.0155636327681113e-12,kg m-2 s-1
dryso2,2003,1.9643181081279675e-12,kg m-2 s-1
dryso2,2004,2.0738726721290458e-12,kg m-2 s-1
