variable,year,value,unit
bldep,2001,608.983508462615,m
bldep,2002,635.1035124374416,m
bldep,2003,620.0256863289964,m
bldep,2004,608.8167103386272,m
