variable,year,value,unit
wetso4,2000,2.163621346882299e-12,kg m-2 s-1
wetso4,2001,1.8817879901940855e-12,kg m-2 s-1
wetso4,2002,1.7266952636349857e-12,kg m-2 s-1
wetso4,2003,2.0730610769549633e-12,kg m-2 s-1
wetso4,2004,1.878453235028981e-12,kg m-2 s-1
