variable,year,value,unit
loadbc,2000,2.3645133301464093e-07,kg m-2
loadbc,2001,2.680831115063788e-07,kg m-2
loadbc,2002,2.8392613029966656e-07,kg m-2
loadbc,2003,2.764099003211716e-07,kg m-2
loadbc,2004,2.973822995020937e-07,kg m-2
