variable,year,value,unit
loadso2,2000,1.0192701533364086e-06,kg m-2
loadso2,2001,1.0912100989520195e-06,kg m-2
loadso2,2002,7.913166834823943e-07,kg m-2
loadso2,2003,1.3460336636409656e-06,kg m-2
loadso2,2004,8.656227777647878e-07,kg m-2
