variable,year,value,unit
mmrbc,2000,7.475853020397741e-11,kg kg-1
mmrbc,2001,7.760422763979207e-11,kg kg-1
mmrbc,2002,7.623110121698178e-11,kg kg-1
mmrbc,2003,7.617903277317234e-11,kg kg-1
mmrbc,2004,7.561895386182307e-11,kg kg-1
