variable,year,value,unit
mmrbc,2000,1.106442808654992e-10,kg kg-1
mmrbc,2001,1.2311067292593016e-10,kg kg-1
mmrbc,2002,1.2970162988391272e-10,kg kg-1
mmrbc,2003,1.2633532106185812e-10,kg kg-1
mmrbc,2004,1.378924666754399e-10,kg kg-1
