variable,year,value,unit
dryso4,2000,5.679097099807516e-13,kg m-2 s-1
dryso4,2001,5.944504685287869e-13,kg m-2 s-1
dryso4,2002,6.16803562337632e-13,kg m-2 s-1
dryso4,2003,5.741906335217712e-13,kg m-2 s-1
dryso4,2004,6.558525517504898e-13,kg m-2 s-1
