variable,year,value,unit
loadbc,2000,1.648231770834847e-08,kg m-2
loadbc,2001,1.825732281429678e-08,kg m-2
loadbc,2002,1.9441230852440835e-08,kg m-2
loadbc,2003,1.805979213657889e-08,kg m-2
loadbc,2004,2.008326028400878e-08,kg m-2
