variable,year,value,unit
rlut,2001,224.48678667126978,W m-2
rlut,2002,227.74398192697336,W m-2
rlut,2003,225.97863792673095,W m-2
rlut,2004,225.54701269688601,W m-2
