variable,year,value,unit
bldep,2000,243.02303000430766,m
bldep,2001,249.5657156807543,m
bldep,2002,271.5731814674642,m
bldep,2003,268.71892749695365,m
bldep,2004,270.5221653511501,m
