variable,year,value,unit
bldep,2001,602.1409501878265,m
bldep,2002,629.4910911236524,m
bldep,2003,611.5383604402406,m
bldep,2004,606.8796894521573,m
