variable,year,value,unit
loadso4,2000,-0.13916536779785002,kg m-2
loadso4,2001,-0.14552177462540503,kg m-2
loadso4,2002,-0.010612653192048646,kg m-2
loadso4,2003,0.13056113717937584,kg m-2
loadso4,2004,0.010793088076719774,kg m-2
