variable,year,value,unit
emiso2,2000,-2.8600401436743352,kg m-2 s-1
emiso2,2001,-2.9253940624878525,kg m-2 s-1
emiso2,2002,-2.8100620662716436,kg m-2 s-1
emiso2,2003,-2.8404409767793326,kg m-2 s-1
emiso2,2004,-2.9085298945657745,kg m-2 s-1
