variable,year,value,unit
loadbc,2000,1.7169953227912436e-07,kg m-2
loadbc,2001,1.728499307836114e-07,kg m-2
loadbc,2002,1.7430384514974295e-07,kg m-2
loadbc,2003,1.779060410284822e-07,kg m-2
loadbc,2004,1.7485580438586527e-07,kg m-2
