variable,year,value,unit
dryso2,2000,-0.7334654384273138,kg m-2 s-1
dryso2,2001,-0.7691324428622119,kg m-2 s-1
dryso2,2002,-0.7999479274502098,kg m-2 s-1
dryso2,2003,-0.8398675749978077,kg m-2 s-1
dryso2,2004,-0.8349339251287141,kg m-2 s-1
