variable,year,value,unit
so2,2000,-0.26090455221973397,mol mol-1
so2,2001,-0.2785417165790995,mol mol-1
so2,2002,-0.257374052792823,mol mol-1
so2,2003,-0.313950563266605,mol mol-1
so2,2004,-0.27993590537631596,mol mol-1
