variable,year,value,unit
rsut,2000,0.007998589073993817,W m-2
rsut,2001,-0.05124288769972096,W m-2
rsut,2002,0.017779438983146337,W m-2
rsut,2003,0.02232763884043202,W m-2
rsut,2004,0.0018673439386615574,W m-2
