variable,year,value,unit
dryso2,2000,2.7292943997988284e-13,kg m-2 s-1
dryso2,2001,2.8425232752447067e-13,kg m-2 s-1
dryso2,2002,2.945439190105814e-13,kg m-2 s-1
dryso2,2003,3.0027657188715825e-13,kg m-2 s-1
dryso2,2004,3.2741268802449557e-13,kg m-2 s-1
