variable,year,value,unit
clivi,2000,0.00011844556179187692,kg m-2
clivi,2001,-2.5143515064390484e-05,kg m-2
clivi,2002,-1.2522220064026951e-05,kg m-2
clivi,2003,-5.742731218762176e-05,kg m-2
clivi,2004,6.0153695376348806e-05,kg m-2
