variable,year,value,unit
rlutcs,2000,0.0009515199338920866,W m-2
rlutcs,2001,-0.0046513214593346675,W m-2
rlutcs,2002,0.00039937522632271794,W m-2
rlutcs,2003,-0.006070145042144759,W m-2
rlutcs,2004,-0.014042436538829861,W m-2
