variable,year,value,unit
mmrbc,2000,-8.774706776349668e-15,kg kg-1
mmrbc,2001,8.375827533457543e-15,kg kg-1
mmrbc,2002,3.0947144738702724e-15,kg kg-1
mmrbc,2003,4.646385355226412e-15,kg kg-1
mmrbc,2004,1.8162033449021446e-14,kg kg-1
