variable,year,value,unit
rsutcs,2000,0.018776313422186774,W m-2
rsutcs,2001,0.0075896055640640725,W m-2
rsutcs,2002,0.002647350355495348,W m-2
rsutcs,2003,0.011215344090281576,W m-2
rsutcs,2004,0.008763438737766194,W m-2
