variable,year,value,unit
mmrbc,2000,2.5140331628428285e-14,kg kg-1
mmrbc,2001,-4.380471761003846e-14,kg kg-1
mmrbc,2002,-2.4143296037017492e-14,kg kg-1
mmrbc,2003,6.894125410044478e-14,kg kg-1
mmrbc,2004,6.967658162562402e-14,kg kg-1
