variable,year,value,unit
loadso4,2000,2.7532015548092084e-08,kg m-2
loadso4,2001,2.6458375719072495e-08,kg m-2
loadso4,2002,3.0166181000477067e-08,kg m-2
loadso4,2003,2.1026089438107858e-08,kg m-2
loadso4,2004,2.6953269616056922e-08,kg m-2
