variable,year,value,unit
emiso2,2000,-3.5708633526076387e-12,kg m-2 s-1
emiso2,2001,-3.5952342081657665e-12,kg m-2 s-1
emiso2,2002,-3.319368531876915e-12,kg m-2 s-1
emiso2,2003,-3.303514267142187e-12,kg m-2 s-1
emiso2,2004,-3.4462835664757505e-12,kg m-2 s-1
