variable,year,value,unit
wetso2,2000,5.751224104087011e-16,kg m-2 s-1
wetso2,2001,-5.960585906597748e-16,kg m-2 s-1
wetso2,2002,2.421126839214834e-16,kg m-2 s-1
wetso2,2003,-1.1822031988195694e-15,kg m-2 s-1
wetso2,2004,-2.5862386304797744e-16,kg m-2 s-1
