variable,year,value,unit
clivi,2000,-4.823053644749387e-06,kg m-2
clivi,2001,-8.034446641042373e-05,kg m-2
clivi,2002,1.6466495568238926e-05,kg m-2
clivi,2003,-1.1985665088372344e-06,kg m-2
clivi,2004,-5.177134130215921e-06,kg m-2
