variable,year,value,unit
clt,2000,0.0007362366,%
clt,2001,-0.0034484863,%
clt,2002,0.003993988,%
clt,2003,0.0008239746,%
clt,2004,-0.002483368,%
