variable,year,value,unit
rsutcs,2000,0.019809723,W m-2
rsutcs,2001,0.018295288,W m-2
rsutcs,2002,0.004749298,W m-2
rsutcs,2003,0.0030517578,W m-2
rsutcs,2004,0.00415802,W m-2
