variable,year,value,unit
emiso2,2000,8.326673e-17,kg m-2 s-1
emiso2,2001,2.0816682e-17,kg m-2 s-1
emiso2,2002,5.8113236e-17,kg m-2 s-1
emiso2,2003,9.540979e-18,kg m-2 s-1
emiso2,2004,-3.7296555e-17,kg m-2 s-1
