variable,year,value,unit
rlutcs,2000,0.00045776367,W m-2
rlutcs,2001,-0.0032348633,W m-2
rlutcs,2002,-0.0040283203,W m-2
rlutcs,2003,0.0,W m-2
rlutcs,2004,0.00064086914,W m-2
