variable,year,value,unit
clt,2000,-0.0271492,%
clt,2001,-0.024486542,%
clt,2002,-0.024650574,%
clt,2003,-0.03742218,%
clt,2004,0.026802063,%
