variable,year,value,unit
dryso2,2000,2.837574e-15,kg m-2 s-1
dryso2,2001,2.3748364e-15,kg m-2 s-1
dryso2,2002,2.6667037e-15,kg m-2 s-1
dryso2,2003,2.44596e-15,kg m-2 s-1
dryso2,2004,3.2404635e-15,kg m-2 s-1
