variable,year,value,unit
rlut,2000,-3.0517578e-05,W m-2
rlut,2001,0.0015258789,W m-2
rlut,2002,0.0014648438,W m-2
rlut,2003,-0.0011138916,W m-2
rlut,2004,1.5258789e-05,W m-2
