variable,year,value,unit
clt,2000,-0.010971069,%
clt,2001,-0.00894165,%
clt,2002,-0.007171631,%
clt,2003,0.0069732666,%
clt,2004,-0.0076293945,%
