variable,year,value,unit
wetso2,2000,-9.639235e-19,kg m-2 s-1
wetso2,2001,-5.262404e-18,kg m-2 s-1
wetso2,2002,-5.385012e-19,kg m-2 s-1
wetso2,2003,-4.2258474e-18,kg m-2 s-1
wetso2,2004,-9.997106e-19,kg m-2 s-1
