variable,year,value,unit
rsutcs,2000,-0.017587605930572025,W m-2
rsutcs,2001,-0.0035747569432539868,W m-2
rsutcs,2002,0.002845174611446282,W m-2
rsutcs,2003,-0.024562313640936622,W m-2
rsutcs,2004,-0.0160432710660661,W m-2
