variable,year,value,unit
emibc,2000,-1.273145100316991,kg m-2 s-1
emibc,2001,-0.6345830445989668,kg m-2 s-1
emibc,2002,-1.2258313232000488,kg m-2 s-1
emibc,2003,-1.046946081724978,kg m-2 s-1
emibc,2004,-0.8666176387753028,kg m-2 s-1
