variable,year,value,unit
dryso4,2000,-0.19904941577790813,kg m-2 s-1
dryso4,2001,-0.3475250375315066,kg m-2 s-1
dryso4,2002,-0.35957542817450405,kg m-2 s-1
dryso4,2003,-0.3433996909221918,kg m-2 s-1
dryso4,2004,-0.42106012783352925,kg m-2 s-1
