variable,year,value,unit
wetbc,2000,0.07153434861242788,kg m-2 s-1
wetbc,2001,0.046495875160792975,kg m-2 s-1
wetbc,2002,0.16367743006646812,kg m-2 s-1
wetbc,2003,-0.022922174883453023,kg m-2 s-1
wetbc,2004,0.01813242329964505,kg m-2 s-1
