variable,year,value,unit
rlut,2000,-0.00135287652738394,W m-2
rlut,2001,0.0013412104201475567,W m-2
rlut,2002,-0.0017090518934491682,W m-2
rlut,2003,-0.001676087701464656,W m-2
rlut,2004,0.0032903756919957206,W m-2
