variable,year,value,unit
rsut,2000,-0.0726302498811372,W m-2
rsut,2001,-0.02958132348613901,W m-2
rsut,2002,-0.0626341065994147,W m-2
rsut,2003,-0.08725119963753611,W m-2
rsut,2004,-0.0009758115207136842,W m-2
