variable,year,value,unit
emibc,2000,-1.8194593869830897e-21,kg m-2 s-1
emibc,2001,8.12710492792348e-21,kg m-2 s-1
emibc,2002,5.0423880514466516e-21,kg m-2 s-1
emibc,2003,-3.1649365332037617e-21,kg m-2 s-1
emibc,2004,2.0308637344836954e-21,kg m-2 s-1
