variable,year,value,unit
loadbc,2000,-2.338832749369418e-10,kg m-2
loadbc,2001,-1.1313517024224943e-09,kg m-2
loadbc,2002,7.193706753169359e-10,kg m-2
loadbc,2003,4.238276204357111e-11,kg m-2
loadbc,2004,2.3129041905114458e-10,kg m-2
