variable,year,value,unit
loadbc,2000,5.7901204318259325e-09,kg m-2
loadbc,2001,2.045339273475256e-09,kg m-2
loadbc,2002,-6.419309225388382e-11,kg m-2
loadbc,2003,3.816195345586748e-09,kg m-2
loadbc,2004,-4.458305890214337e-09,kg m-2
