variable,year,value,unit
clivi,2000,-0.00014307965825851275,kg m-2
clivi,2001,-0.00019683219130699377,kg m-2
clivi,2002,-0.00020441329009660003,kg m-2
clivi,2003,-0.000217873099453288,kg m-2
clivi,2004,-0.00012945173824888308,kg m-2
