variable,year,value,unit
dms,2000,-2.16540376587564e-14,mol mol-1
dms,2001,-5.206873850520365e-14,mol mol-1
dms,2002,-1.8810442835795434e-14,mol mol-1
dms,2003,5.4968045184031085e-14,mol mol-1
dms,2004,-3.9717707634020027e-14,mol mol-1
