variable,year,value,unit
so2,2000,-1.53574106952146e-11,mol mol-1
so2,2001,-1.557941884062023e-11,mol mol-1
so2,2002,-1.55049542780464e-11,mol mol-1
so2,2003,-1.6482324333261067e-11,mol mol-1
so2,2004,-1.850600624074658e-11,mol mol-1
