variable,year,value,unit
emiso2,2000,-7.237736309589784e-13,kg m-2 s-1
emiso2,2001,-7.588496591731413e-13,kg m-2 s-1
emiso2,2002,-7.110993881443205e-13,kg m-2 s-1
emiso2,2003,-7.306661375554493e-13,kg m-2 s-1
emiso2,2004,-7.842816305511623e-13,kg m-2 s-1
