variable,year,value,unit
wetso2,2000,-4.096143052461017e-17,kg m-2 s-1
wetso2,2001,-4.017186827685077e-17,kg m-2 s-1
wetso2,2002,-3.5676607983090076e-17,kg m-2 s-1
wetso2,2003,-4.483533984631669e-17,kg m-2 s-1
wetso2,2004,-5.225007766601814e-17,kg m-2 s-1
