variable,year,value,unit
wetbc,2000,-2.843067893942454e-16,kg m-2 s-1
wetbc,2001,2.321733472744392e-16,kg m-2 s-1
wetbc,2002,-6.919515688459109e-16,kg m-2 s-1
wetbc,2003,-8.802601973403545e-17,kg m-2 s-1
wetbc,2004,-4.59467684463842e-16,kg m-2 s-1
