variable,year,value,unit
rsut,2000,-0.022982333459637516,W m-2
rsut,2001,-5.132746836977731e-05,W m-2
rsut,2002,0.031719974299178944,W m-2
rsut,2003,0.007632996185179763,W m-2
rsut,2004,-0.03505111560045293,W m-2
