variable,year,value,unit
drybc,2000,1.146735936992008e-17,kg m-2 s-1
drybc,2001,-3.385038845080683e-17,kg m-2 s-1
drybc,2002,5.920677470762312e-17,kg m-2 s-1
drybc,2003,-6.766314069425541e-19,kg m-2 s-1
drybc,2004,3.891225719516015e-18,kg m-2 s-1
