variable,year,value,unit
clivi,2000,-1.122850416304319e-06,kg m-2
clivi,2001,-9.438934725675835e-06,kg m-2
clivi,2002,-5.761225829778449e-06,kg m-2
clivi,2003,-4.771240994811549e-07,kg m-2
clivi,2004,5.40934436111043e-06,kg m-2
