variable,year,value,unit
wetbc,2000,1.0461858865560192e-16,kg m-2 s-1
wetbc,2001,-3.0634364564709185e-17,kg m-2 s-1
wetbc,2002,3.439401502734829e-16,kg m-2 s-1
wetbc,2003,1.1227437893076821e-16,kg m-2 s-1
wetbc,2004,9.228375385700297e-17,kg m-2 s-1
