variable,year,value,unit
cl,2000,0.46781696698438324,%
cl,2001,0.24700835068771454,%
cl,2002,0.14416998208502108,%
cl,2003,0.33505986503747565,%
cl,2004,0.4872668266649356,%
