variable,year,value,unit
so2,2000,3.796899481385334e-14,mol mol-1
so2,2001,-2.4511694675057558e-14,mol mol-1
so2,2002,-8.487793755528212e-14,mol mol-1
so2,2003,-1.9008586088671557e-13,mol mol-1
so2,2004,7.435263080952278e-14,mol mol-1
