variable,year,value,unit
wetso2,2000,1.3555477026088546e-15,kg m-2 s-1
wetso2,2001,1.5014718150080345e-15,kg m-2 s-1
wetso2,2002,1.0600034110087528e-15,kg m-2 s-1
wetso2,2003,1.240328023945419e-15,kg m-2 s-1
wetso2,2004,1.259901881993645e-15,kg m-2 s-1
