variable,year,value,unit
rlutcs,2000,0.04185812899336838,W m-2
rlutcs,2001,0.0017904185221198077,W m-2
rlutcs,2002,0.015334986620104019,W m-2
rlutcs,2003,0.04712360118412562,W m-2
rlutcs,2004,0.018667310756825373,W m-2
