variable,year,value,unit
rlutcs,2000,-0.0026589100978071656,W m-2
rlutcs,2001,0.013885206618766688,W m-2
rlutcs,2002,0.0016859453874360497,W m-2
rlutcs,2003,0.009307737404185445,W m-2
rlutcs,2004,-0.00697189267776821,W m-2
