variable,year,value,unit
rlut,2000,0.012100052592700195,W m-2
rlut,2001,-0.04026218900261824,W m-2
rlut,2002,0.05502519758545077,W m-2
rlut,2003,-0.02411313793578529,W m-2
rlut,2004,0.057320939978495744,W m-2
