variable,year,value,unit
wetso2,2000,5.409089535739175e-18,kg m-2 s-1
wetso2,2001,3.407089910813971e-18,kg m-2 s-1
wetso2,2002,4.5567897587486896e-18,kg m-2 s-1
wetso2,2003,-3.626435943248452e-18,kg m-2 s-1
wetso2,2004,6.7669014379035865e-18,kg m-2 s-1
