variable,year,value,unit
rlutcs,2000,-0.006066908161471929,W m-2
rlutcs,2001,0.019363400343053172,W m-2
rlutcs,2002,0.004388792009990539,W m-2
rlutcs,2003,0.00015261161681223712,W m-2
rlutcs,2004,-0.00218262082339038,W m-2
