variable,year,value,unit
emiso2,2000,-2.2122510267638796e-14,kg m-2 s-1
emiso2,2001,-2.3353742127062184e-14,kg m-2 s-1
emiso2,2002,-2.1801730618883566e-14,kg m-2 s-1
emiso2,2003,-2.2365507491226177e-14,kg m-2 s-1
emiso2,2004,-2.3748094985442798e-14,kg m-2 s-1
