variable,year,value,unit
wetbc,2000,1.0980764855216813e-15,kg m-2 s-1
wetbc,2001,3.21504349323436e-17,kg m-2 s-1
wetbc,2002,5.795929082274058e-16,kg m-2 s-1
wetbc,2003,3.816889018511752e-16,kg m-2 s-1
wetbc,2004,-6.061996604618587e-16,kg m-2 s-1
