variable,year,value,unit
mmrbc,2000,4.763573389040832e-14,kg kg-1
mmrbc,2001,-3.1350290555529278e-15,kg kg-1
mmrbc,2002,1.4413141788621616e-14,kg kg-1
mmrbc,2003,9.981026169392694e-14,kg kg-1
mmrbc,2004,1.7161056987025987e-13,kg kg-1
