variable,year,value,unit
rsutcs,2000,-0.005036663967004529,W m-2
rsutcs,2001,-0.002327937339131836,W m-2
rsutcs,2002,0.01609589645397591,W m-2
rsutcs,2003,0.01398944786284062,W m-2
rsutcs,2004,0.009626833933893408,W m-2
