variable,year,value,unit
mmrbc,2000,0.12941357842714854,kg kg-1
mmrbc,2001,-0.16443997732043206,kg kg-1
mmrbc,2002,-0.07918971404659479,kg kg-1
mmrbc,2003,-0.39487121111749957,kg kg-1
mmrbc,2004,0.0853513572658932,kg kg-1
