variable,year,value,unit
emibc,2000,-3.309460604426507e-08,kg m-2 s-1
emibc,2001,6.533560266740361e-09,kg m-2 s-1
emibc,2002,-1.0881302100715354e-08,kg m-2 s-1
emibc,2003,1.6809628019929256e-08,kg m-2 s-1
emibc,2004,-2.3528529739698631e-07,kg m-2 s-1
