variable,year,value,unit
rlutcs,2000,0.005032840662593006,W m-2
rlutcs,2001,0.0061587942431594375,W m-2
rlutcs,2002,0.0035350840796831637,W m-2
rlutcs,2003,0.010906616641172177,W m-2
rlutcs,2004,0.007993563795811419,W m-2
