variable,year,value,unit
rlut,2000,0.007352060039938997,W m-2
rlut,2001,0.005992974571475396,W m-2
rlut,2002,0.006965688773373884,W m-2
rlut,2003,-0.005303383612422446,W m-2
rlut,2004,0.006222379867491803,W m-2
