variable,year,value,unit
loadbc,2000,-0.6277170418796539,kg m-2
loadbc,2001,-0.33096729966999255,kg m-2
loadbc,2002,-0.21718293297271055,kg m-2
loadbc,2003,0.0967041915643672,kg m-2
loadbc,2004,-0.0518758643037106,kg m-2
