variable,year,value,unit
mmrso4,2000,-4.55505640928601,kg kg-1
mmrso4,2001,-5.045406357228465,kg kg-1
mmrso4,2002,-4.817312940838543,kg kg-1
mmrso4,2003,-4.679496496233247,kg kg-1
mmrso4,2004,-5.11985843342297,kg kg-1
