variable,year,value,unit
loadbc,2000,0.010056357861844497,kg m-2
loadbc,2001,0.014049077328885653,kg m-2
loadbc,2002,0.05997049054801447,kg m-2
loadbc,2003,0.03735376298017854,kg m-2
loadbc,2004,0.026153397610064612,kg m-2
