variable,year,value,unit
wetso4,2000,-3.4374474106316173,kg m-2 s-1
wetso4,2001,-3.603118649798481,kg m-2 s-1
wetso4,2002,-3.5144805086556588,kg m-2 s-1
wetso4,2003,-3.4828081035356693,kg m-2 s-1
wetso4,2004,-3.5926787920536154,kg m-2 s-1
