variable,year,value,unit
dryso2,2000,-3.782830496308436e-15,kg m-2 s-1
dryso2,2001,-4.689454965713991e-15,kg m-2 s-1
dryso2,2002,-5.345570777994264e-15,kg m-2 s-1
dryso2,2003,-4.600961897426743e-15,kg m-2 s-1
dryso2,2004,-6.007869683080404e-15,kg m-2 s-1
