variable,year,value,unit
emiso2,2000,-4.438503546619142e-15,kg m-2 s-1
emiso2,2001,-4.072634096062023e-15,kg m-2 s-1
emiso2,2002,-4.308347480765571e-15,kg m-2 s-1
emiso2,2003,-4.443333139014789e-15,kg m-2 s-1
emiso2,2004,-4.270005273928639e-15,kg m-2 s-1
