variable,year,value,unit
mmrbc,2001,-3.274125202279195e-13,kg kg-1
mmrbc,2002,-3.702127544024421e-13,kg kg-1
mmrbc,2003,-4.846170350049433e-13,kg kg-1
mmrbc,2004,-5.598284270273465e-13,kg kg-1
