variable,year,value,unit
wetbc,2001,1.5673586495155516e-15,kg m-2 s-1
wetbc,2002,1.9433967284616847e-15,kg m-2 s-1
wetbc,2003,1.9729137254026015e-15,kg m-2 s-1
wetbc,2004,4.502997417372487e-16,kg m-2 s-1
