variable,year,value,unit
wetso4,2001,-1.100135573354731e-15,kg m-2 s-1
wetso4,2002,3.741357101479364e-15,kg m-2 s-1
wetso4,2003,5.591580729738618e-16,kg m-2 s-1
wetso4,2004,2.7198040852880287e-16,kg m-2 s-1
