variable,year,value,unit
mmrbc,2001,-4.66022680871084e-13,kg kg-1
mmrbc,2002,-5.34594701465024e-13,kg kg-1
mmrbc,2003,-4.158983121345628e-13,kg kg-1
mmrbc,2004,-5.591208507958065e-13,kg kg-1
