variable,year,value,unit
rlut,2001,-0.02821272624967719,W m-2
rlut,2002,0.009475651629827553,W m-2
rlut,2003,-0.0035333939911197376,W m-2
rlut,2004,-0.0038109035568822947,W m-2
