variable,year,value,unit
so2,2000,-2.2275236925080244,mol mol-1
so2,2001,-2.2389923845480126,mol mol-1
so2,2002,-2.61463769277467,mol mol-1
so2,2003,-2.3946808567624918,mol mol-1
so2,2004,-2.636875801361079,mol mol-1
