variable,year,value,unit
rsutcs,2000,-0.03498383656689839,W m-2
rsutcs,2001,-0.06078325575734842,W m-2
rsutcs,2002,-0.06339109671061875,W m-2
rsutcs,2003,-0.04560257761342817,W m-2
rsutcs,2004,-0.07205965575648017,W m-2
