variable,year,value,unit
cl,2000,0.04899230585357075,%
cl,2001,0.07610770450285034,%
cl,2002,-0.4073803107893951,%
cl,2003,0.001410079666180505,%
cl,2004,-0.013937108739171675,%
