variable,year,value,unit
clivi,2000,-0.03288976761378265,kg m-2
clivi,2001,-0.6644469327877202,kg m-2
clivi,2002,0.08292152504530148,kg m-2
clivi,2003,-0.10446839279185355,kg m-2
clivi,2004,0.35509338470737656,kg m-2
