variable,year,value,unit
mmrbc,2000,-0.04296729228182806,kg kg-1
mmrbc,2001,-0.17794058908654292,kg kg-1
mmrbc,2002,0.05801516855331879,kg kg-1
mmrbc,2003,-0.08694763879695193,kg kg-1
mmrbc,2004,0.2066442422000529,kg kg-1
