variable,year,value,unit
drybc,2000,-0.06319403709868848,kg m-2 s-1
drybc,2001,-0.1761730257565201,kg m-2 s-1
drybc,2002,0.03423684146125737,kg m-2 s-1
drybc,2003,-0.12944055001563964,kg m-2 s-1
drybc,2004,0.1840919808051733,kg m-2 s-1
