variable,year,value,unit
wetso2,2000,0.044638018640996396,kg m-2 s-1
wetso2,2001,0.0464600616108041,kg m-2 s-1
wetso2,2002,0.04712899228207563,kg m-2 s-1
wetso2,2003,0.04544853992084332,kg m-2 s-1
wetso2,2004,0.048292797166754046,kg m-2 s-1
