variable,year,value,unit
od550aer,2000,0.0007870794351175492,1
od550aer,2001,-0.0002155356770911776,1
od550aer,2002,-0.0002720402340755379,1
od550aer,2003,-0.0002756271162230872,1
od550aer,2004,-0.00033655750518277183,1
