variable,year,value,unit
drybc,2000,-1.4714706951035302e-15,kg m-2 s-1
drybc,2001,1.9580732066907318e-16,kg m-2 s-1
drybc,2002,6.608602199647034e-16,kg m-2 s-1
drybc,2003,-9.687775119470306e-16,kg m-2 s-1
drybc,2004,-6.240516989896152e-16,kg m-2 s-1
