variable,year,value,unit
clivi,2000,-0.00012952011297257156,kg m-2
clivi,2001,2.1415127698341807e-06,kg m-2
clivi,2002,5.2011636298197536e-05,kg m-2
clivi,2003,-4.4735589989233424e-05,kg m-2
clivi,2004,8.920428935807814e-06,kg m-2
