variable,year,value,unit
loadso2,2000,-2.7930107269653604e-08,kg m-2
loadso2,2001,-3.6878674851618735e-08,kg m-2
loadso2,2002,-3.299226886208118e-08,kg m-2
loadso2,2003,-3.384839992307397e-08,kg m-2
loadso2,2004,-2.0126969669091573e-08,kg m-2
