variable,year,value,unit
emibc,2000,2.6030895259355365e-24,kg m-2 s-1
emibc,2001,-3.696094806531423e-23,kg m-2 s-1
emibc,2002,2.3269023810416943e-23,kg m-2 s-1
emibc,2003,6.452104703399691e-23,kg m-2 s-1
emibc,2004,0.0,kg m-2 s-1
