variable,year,value,unit
rsutcs,2000,-0.02356849930438898,W m-2
rsutcs,2001,-0.016033037595128974,W m-2
rsutcs,2002,0.0051895331401041744,W m-2
rsutcs,2003,-0.03070512638449685,W m-2
rsutcs,2004,-0.020253720084824067,W m-2
