variable,year,value,unit
rsut,2000,0.05606544136790603,W m-2
rsut,2001,-0.14957906344591265,W m-2
rsut,2002,0.014303597121596567,W m-2
rsut,2003,-0.12801772102257303,W m-2
rsut,2004,0.1260147849146307,W m-2
