variable,year,value,unit
rsut,2000,-0.1322851064005306,W m-2
rsut,2001,-0.011875744354668427,W m-2
rsut,2002,0.0019047971096171068,W m-2
rsut,2003,-0.1584002079981559,W m-2
rsut,2004,-0.1886966352341659,W m-2
