variable,year,value,unit
drybc,2000,1.2968434809011428e-17,kg m-2 s-1
drybc,2001,3.593646418932649e-17,kg m-2 s-1
drybc,2002,3.0849806780763696e-18,kg m-2 s-1
drybc,2003,8.043238737307186e-17,kg m-2 s-1
drybc,2004,-1.0606790566138665e-16,kg m-2 s-1
