variable,year,value,unit
emiso2,2000,-3.737133582080962e-13,kg m-2 s-1
emiso2,2001,-3.5017521130289647e-13,kg m-2 s-1
emiso2,2002,-3.597686585060495e-13,kg m-2 s-1
emiso2,2003,-3.862898420993943e-13,kg m-2 s-1
emiso2,2004,-4.319785557558752e-13,kg m-2 s-1
