variable,year,value,unit
rsdt,2001,-2.1284041132649634,W m-2
rsdt,2002,-1.0420575471959808,W m-2
rsdt,2003,-1.403521619758891,W m-2
rsdt,2004,1.1434375151939662,W m-2
rsdt,2005,2.2293645530117487,W m-2
