variable,year,value,unit
rlut,2000,0.3467092238968803,W m-2
rlut,2001,0.0837804019114401,W m-2
rlut,2002,-0.18453940832574744,W m-2
rlut,2003,0.2568622465167323,W m-2
rlut,2004,0.09670422764355635,W m-2
