variable,year,value,unit
rlutcs,2000,0.029014540526873134,W m-2
rlutcs,2001,-0.0008669205465707819,W m-2
rlutcs,2002,-0.07798876018182455,W m-2
rlutcs,2003,-0.019635788004563892,W m-2
rlutcs,2004,-0.09036576645604555,W m-2
