variable,year,value,unit
wetbc,2000,-1.675018591328342e-15,kg m-2 s-1
wetbc,2001,1.5687857346071141e-15,kg m-2 s-1
wetbc,2002,1.595468769780868e-15,kg m-2 s-1
wetbc,2003,1.4016213600468495e-15,kg m-2 s-1
wetbc,2004,-2.118645971044588e-15,kg m-2 s-1
