variable,year,value,unit
rlutcs,2000,0.09094897840145677,W m-2
rlutcs,2001,0.014753939530976368,W m-2
rlutcs,2002,-0.07762310001953665,W m-2
rlutcs,2003,0.030127194347073782,W m-2
rlutcs,2004,-0.014146165294675939,W m-2
