variable,year,value,unit
loadso4,2000,-2.783993170781893e-08,kg m-2
loadso4,2001,-3.2934423162573755e-08,kg m-2
loadso4,2002,-4.487907094818549e-08,kg m-2
loadso4,2003,9.047339894024774e-09,kg m-2
loadso4,2004,-4.1421955100881896e-08,kg m-2
