variable,year,value,unit
wetso4,2000,-0.27532915858626394,kg m-2 s-1
wetso4,2001,-0.23795821865710978,kg m-2 s-1
wetso4,2002,-0.2766066953492998,kg m-2 s-1
wetso4,2003,-0.2804604362149171,kg m-2 s-1
wetso4,2004,-0.25205331141148984,kg m-2 s-1
