variable,year,value,unit
dryso2,2000,-0.34377979144694676,kg m-2 s-1
dryso2,2001,-0.21804086079170587,kg m-2 s-1
dryso2,2002,-0.2921873196991436,kg m-2 s-1
dryso2,2003,-0.16848431357038274,kg m-2 s-1
dryso2,2004,-0.45449996598847303,kg m-2 s-1
