variable,year,value,unit
dryso2,2000,-0.27221364469619486,kg m-2 s-1
dryso2,2001,-0.2841843070781042,kg m-2 s-1
dryso2,2002,-0.3084128792295718,kg m-2 s-1
dryso2,2003,-0.3205325613148744,kg m-2 s-1
dryso2,2004,-0.3010297226536414,kg m-2 s-1
