variable,year,value,unit
loadbc,2000,0.09187554001282465,kg m-2
loadbc,2001,-0.06974216569542287,kg m-2
loadbc,2002,0.10249178248335215,kg m-2
loadbc,2003,0.0433868817338509,kg m-2
loadbc,2004,-0.13134237320602396,kg m-2
