variable,year,value,unit
rsutcs,2000,-0.007647660907954742,W m-2
rsutcs,2001,-0.009236653448696957,W m-2
rsutcs,2002,0.01431821447282651,W m-2
rsutcs,2003,0.028594176785572786,W m-2
rsutcs,2004,0.004443800226862289,W m-2
