variable,year,value,unit
wetso4,2000,-0.22265322380343802,kg m-2 s-1
wetso4,2001,-0.16635656371228952,kg m-2 s-1
wetso4,2002,-0.08292014902864557,kg m-2 s-1
wetso4,2003,-0.20081641204793463,kg m-2 s-1
wetso4,2004,-0.2308046144592733,kg m-2 s-1
