variable,year,value,unit
wetso2,2000,-0.06776178076988128,kg m-2 s-1
wetso2,2001,-0.2076692816739609,kg m-2 s-1
wetso2,2002,-0.24076720370854668,kg m-2 s-1
wetso2,2003,-0.14274428070782302,kg m-2 s-1
wetso2,2004,-0.17544305444279995,kg m-2 s-1
