variable,year,value,unit
loadso4,2000,-0.03364979220069725,kg m-2
loadso4,2001,-0.09530558506215146,kg m-2
loadso4,2002,-0.11445022119033484,kg m-2
loadso4,2003,-0.10625217677264723,kg m-2
loadso4,2004,-0.13900293853229728,kg m-2
