variable,year,value,unit
cltc,2000,-0.021556070236831096,%
cltc,2001,0.2192747749412095,%
cltc,2002,-0.00982208185215748,%
cltc,2003,-0.1346694219076749,%
cltc,2004,-0.02242834785728746,%
