variable,year,value,unit
rsut,2000,-0.03697181029298783,W m-2
rsut,2001,0.012549498478335341,W m-2
rsut,2002,-0.06058284177508787,W m-2
rsut,2003,-0.07721498726871348,W m-2
rsut,2004,-0.018409459903605725,W m-2
