variable,year,value,unit
rsut,2000,-0.07719852520866487,W m-2
rsut,2001,-0.0861991501837421,W m-2
rsut,2002,-0.03394334887996628,W m-2
rsut,2003,-0.04883455592565992,W m-2
rsut,2004,-0.07477855823735723,W m-2
