variable,year,value,unit
emiso2,2000,-1.578193965020202,kg m-2 s-1
emiso2,2001,-1.67645691011029,kg m-2 s-1
emiso2,2002,-1.5482023627429053,kg m-2 s-1
emiso2,2003,-1.6212535776347334,kg m-2 s-1
emiso2,2004,-1.726414526285889,kg m-2 s-1
