variable,year,value,unit
cl,2000,-0.00508891479532636,%
cl,2001,0.017847235987687782,%
cl,2002,-0.008874632948380423,%
cl,2003,0.04480236590463882,%
cl,2004,-0.08371215462581105,%
