variable,year,value,unit
rlutcs,2000,0.009791025689992239,W m-2
rlutcs,2001,-0.007895099684049,W m-2
rlutcs,2002,0.007832512820613147,W m-2
rlutcs,2003,-0.018817742867270226,W m-2
rlutcs,2004,0.02160737432541282,W m-2
