variable,year,value,unit
rsut,2000,-0.09788840288655365,W m-2
rsut,2001,0.13650187866289798,W m-2
rsut,2002,-0.03998838061477272,W m-2
rsut,2003,0.16997346426725812,W m-2
rsut,2004,0.11070280926242049,W m-2
