variable,year,value,unit
cl,2000,0.011692587705722346,%
cl,2001,-0.007431589210705525,%
cl,2002,0.020909910130266773,%
cl,2003,0.04367120737748298,%
cl,2004,0.03410346980427015,%
