variable,year,value,unit
rsutcs,2001,-0.070884705,W m-2
rsutcs,2002,-0.0020599365,W m-2
rsutcs,2003,0.09790039,W m-2
rsutcs,2004,-0.2282486,W m-2
rsutcs,2005,0.0738945,W m-2
