variable,year,value,unit
drybc,2000,-6.507416261559468e-17,kg m-2 s-1
drybc,2001,4.805687364533414e-18,kg m-2 s-1
drybc,2002,1.732198698652027e-17,kg m-2 s-1
drybc,2003,3.280190023011202e-17,kg m-2 s-1
drybc,2004,4.581718269036529e-17,kg m-2 s-1
