variable,year,value,unit
dryso4,2000,-2.3697266821943197e-15,kg m-2 s-1
dryso4,2001,-5.876378355470977e-16,kg m-2 s-1
dryso4,2002,-4.9546932576603e-16,kg m-2 s-1
dryso4,2003,-2.0469375513534823e-15,kg m-2 s-1
dryso4,2004,-4.0874191708436463e-16,kg m-2 s-1
