variable,year,value,unit
rlutcs,2000,0.005432129,W m-2
rlutcs,2001,-0.004486084,W m-2
rlutcs,2002,-0.011077881,W m-2
rlutcs,2003,0.0016784668,W m-2
rlutcs,2004,-0.009063721,W m-2
