variable,year,value,unit
mmrbc,2000,-2.3536728e-14,kg kg-1
mmrbc,2001,1.0116907e-14,kg kg-1
mmrbc,2002,2.842171e-14,kg kg-1
mmrbc,2003,6.290107e-14,kg kg-1
mmrbc,2004,-9.749146e-15,kg kg-1
