variable,year,value,unit
loadso4,2000,4.795495499357904e-10,kg m-2
loadso4,2001,2.3369884773444504e-09,kg m-2
loadso4,2002,1.2363501857472344e-08,kg m-2
loadso4,2003,9.794561681673016e-09,kg m-2
loadso4,2004,1.2603431136003791e-08,kg m-2
