variable,year,value,unit
mmrbc,2001,-3.394368e-13,kg kg-1
mmrbc,2002,-2.0961705e-13,kg kg-1
mmrbc,2003,1.3622437e-13,kg kg-1
mmrbc,2004,-8.78915e-13,kg kg-1
mmrbc,2005,1.0432627e-13,kg kg-1
