variable,year,value,unit
od550aer,2000,9.62168e-05,1
od550aer,2001,-5.3718686e-05,1
od550aer,2002,-5.221367e-05,1
od550aer,2003,-6.0498714e-06,1
od550aer,2004,-6.261468e-05,1
