variable,year,value,unit
rsut,2000,-0.05971330054177315,W m-2
rsut,2001,-0.010610972424458964,W m-2
rsut,2002,-0.005033798418907054,W m-2
rsut,2003,-0.007149693529086676,W m-2
rsut,2004,-0.054317982352088734,W m-2
