variable,year,value,unit
wetbc,2001,1.5436667e-15,kg m-2 s-1
wetbc,2002,-4.717804e-15,kg m-2 s-1
wetbc,2003,3.117271e-15,kg m-2 s-1
wetbc,2004,4.3039574e-15,kg m-2 s-1
wetbc,2005,3.1366918e-15,kg m-2 s-1
