variable,year,value,unit
loadso2,2000,3.401883522014852e-06,kg m-2
loadso2,2001,3.4337676083272705e-06,kg m-2
loadso2,2002,3.3716938244340416e-06,kg m-2
loadso2,2003,3.4233875249138306e-06,kg m-2
loadso2,2004,3.6795596472603146e-06,kg m-2
