variable,year,value,unit
wetso4,2000,1.3277344011614625e-11,kg m-2 s-1
wetso4,2001,1.3460477498230915e-11,kg m-2 s-1
wetso4,2002,1.3540859609680867e-11,kg m-2 s-1
wetso4,2003,1.4066383003211799e-11,kg m-2 s-1
wetso4,2004,1.4437378449942798e-11,kg m-2 s-1
