variable,year,value,unit
wetso4,2000,1.3880081252540661e-11,kg m-2 s-1
wetso4,2001,1.397490727134237e-11,kg m-2 s-1
wetso4,2002,1.4241667279840344e-11,kg m-2 s-1
wetso4,2003,1.5011680183535363e-11,kg m-2 s-1
wetso4,2004,1.5134504195966014e-11,kg m-2 s-1
