variable,year,value,unit
loadso2,2000,6.287243934516544e-08,kg m-2
loadso2,2001,6.463883523287618e-08,kg m-2
loadso2,2002,6.82193683872192e-08,kg m-2
loadso2,2003,6.53925274196569e-08,kg m-2
loadso2,2004,7.773068816919573e-08,kg m-2
