variable,year,value,unit
loadbc,2000,4.104095997677461e-09,kg m-2
loadbc,2001,4.284324638313598e-09,kg m-2
loadbc,2002,4.110849881415508e-09,kg m-2
loadbc,2003,4.4179081125903895e-09,kg m-2
loadbc,2004,4.327876858328301e-09,kg m-2
