variable,year,value,unit
emibc,2000,6.92288540582081e-21,kg m-2 s-1
emibc,2001,9.121916210916565e-22,kg m-2 s-1
emibc,2002,1.0025795055602718e-21,kg m-2 s-1
emibc,2003,2.979588652677615e-21,kg m-2 s-1
emibc,2004,9.07176858822893e-21,kg m-2 s-1
