variable,year,value,unit
wetso4,2000,9.492801822191585e-13,kg m-2 s-1
wetso4,2001,9.640103328494737e-13,kg m-2 s-1
wetso4,2002,9.612210293257576e-13,kg m-2 s-1
wetso4,2003,9.731602015307345e-13,kg m-2 s-1
wetso4,2004,1.0551692545561227e-12,kg m-2 s-1
