variable,year,value,unit
so2,2000,1.455532335117425e-11,mol mol-1
so2,2001,1.5319221383479266e-11,mol mol-1
so2,2002,1.4637961309407573e-11,mol mol-1
so2,2003,1.5344243488532116e-11,mol mol-1
so2,2004,1.6997761345042844e-11,mol mol-1
