variable,year,value,unit
od550aer,2000,0.0034379781420210698,1
od550aer,2001,0.0034653353847938773,1
od550aer,2002,0.003522412062451852,1
od550aer,2003,0.003600712469180256,1
od550aer,2004,0.004112432569676611,1
