variable,year,value,unit
mmrbc,2000,-5.84194035397479e-14,kg kg-1
mmrbc,2001,-7.270628599855397e-14,kg kg-1
mmrbc,2002,-1.0580400212540959e-13,kg kg-1
mmrbc,2003,7.170869278739901e-14,kg kg-1
mmrbc,2004,1.0744978779754287e-13,kg kg-1
