variable,year,value,unit
clivi,2000,4.7678985547992825e-05,kg m-2
clivi,2001,-5.310665794766231e-06,kg m-2
clivi,2002,1.7985349291035208e-05,kg m-2
clivi,2003,3.1946952933001316e-06,kg m-2
clivi,2004,1.5716511042561387e-05,kg m-2
