variable,year,value,unit
rsutcs,2000,-0.0034696861419263314,W m-2
rsutcs,2001,-0.00217139735330818,W m-2
rsutcs,2002,0.0075149026312288925,W m-2
rsutcs,2003,0.0026411969876960484,W m-2
rsutcs,2004,0.0032659578372715714,W m-2
