variable,year,value,unit
clt,2000,0.02554942607972066,%
clt,2001,-0.011733501080463782,%
clt,2002,0.00048561936053204136,%
clt,2003,0.018760618818802755,%
clt,2004,0.05458200962642934,%
