variable,year,value,unit
rsutcs,2000,-0.004607810841108062,W m-2
rsutcs,2001,-0.0015864604136908156,W m-2
rsutcs,2002,-0.0032835597734859334,W m-2
rsutcs,2003,-0.004388363855994726,W m-2
rsutcs,2004,-0.007095408681124127,W m-2
