variable,year,value,unit
wetbc,2000,-3.258502432275135e-16,kg m-2 s-1
wetbc,2001,-1.6211913336679338e-16,kg m-2 s-1
wetbc,2002,-1.5101537264883388e-16,kg m-2 s-1
wetbc,2003,-1.5884030455148128e-17,kg m-2 s-1
wetbc,2004,-2.723378043681788e-16,kg m-2 s-1
