variable,year,value,unit
drybc,2001,0.046926609545856125,kg m-2 s-1
drybc,2002,0.15492398696774146,kg m-2 s-1
drybc,2003,-0.015346932110647452,kg m-2 s-1
drybc,2004,-0.12670018572478037,kg m-2 s-1
