variable,year,value,unit
rsut,2001,-0.027736635872300783,W m-2
rsut,2002,-0.011156897664584116,W m-2
rsut,2003,0.004548911113840234,W m-2
rsut,2004,-0.05747804415307366,W m-2
