variable,year,value,unit
mmrbc,2001,-0.33295627144823936,kg kg-1
mmrbc,2002,-0.4584039061231911,kg kg-1
mmrbc,2003,-0.523293676588831,kg kg-1
mmrbc,2004,-0.49348779116015207,kg kg-1
