variable,year,value,unit
loadbc,2000,1.513906270854547e-10,kg m-2
loadbc,2001,1.0973722053572942e-10,kg m-2
loadbc,2002,1.4565544064845878e-10,kg m-2
loadbc,2003,1.3590143530806253e-10,kg m-2
loadbc,2004,2.2369935700478893e-10,kg m-2
