variable,year,value,unit
rsdt,2000,3.209629539924208e-07,W m-2
rsdt,2001,5.1240817811049055e-08,W m-2
rsdt,2002,2.594489956209145e-07,W m-2
rsdt,2003,-2.842818958015414e-08,W m-2
rsdt,2004,1.2901136869913898e-07,W m-2
