variable,year,value,unit
rlutcs,2000,0.014293708172601782,W m-2
rlutcs,2001,0.006868340278600726,W m-2
rlutcs,2002,0.00820525946224393,W m-2
rlutcs,2003,0.004994204943614022,W m-2
rlutcs,2004,-0.007875900955355064,W m-2
