variable,year,value,unit
mmrbc,2000,5.2969300297869763e-14,kg kg-1
mmrbc,2001,4.4679607595127894e-14,kg kg-1
mmrbc,2002,-4.2581457131870094e-14,kg kg-1
mmrbc,2003,-3.839167097462608e-15,kg kg-1
mmrbc,2004,1.0703438629835487e-13,kg kg-1
