variable,year,value,unit
wetbc,2000,1.877629882164399e-16,kg m-2 s-1
wetbc,2001,-1.8545115685587006e-15,kg m-2 s-1
wetbc,2002,2.4606695153549747e-15,kg m-2 s-1
wetbc,2003,8.2163505742605e-16,kg m-2 s-1
wetbc,2004,-9.954563521758879e-16,kg m-2 s-1
