variable,year,value,unit
loadso4,2000,2.8827646561353468e-08,kg m-2
loadso4,2001,2.2646787548226828e-08,kg m-2
loadso4,2002,2.1135540889679214e-08,kg m-2
loadso4,2003,2.1840908312567122e-08,kg m-2
loadso4,2004,1.66899531267793e-08,kg m-2
