variable,year,value,unit
emiso2,2001,-2.924955266244826e-13,kg m-2 s-1
emiso2,2002,-1.9859478889451928e-13,kg m-2 s-1
emiso2,2003,-2.821291802079001e-13,kg m-2 s-1
emiso2,2004,-2.967997976352974e-13,kg m-2 s-1
