variable,year,value,unit
mmrso4,2000,5.991231226282671e-11,kg kg-1
mmrso4,2001,5.922401588309546e-11,kg kg-1
mmrso4,2002,6.1532294017598e-11,kg kg-1
mmrso4,2003,5.7834139641226986e-11,kg kg-1
mmrso4,2004,6.130549864539009e-11,kg kg-1
