variable,year,value,unit
drybc,2001,-1.3434556032470966e-16,kg m-2 s-1
drybc,2002,-2.5918885240983397e-16,kg m-2 s-1
drybc,2003,-5.908122209792819e-17,kg m-2 s-1
drybc,2004,3.7659123060636646e-16,kg m-2 s-1
