variable,year,value,unit
emiso2,2001,1.199767118654129e-16,kg m-2 s-1
emiso2,2002,1.1752661246984695e-16,kg m-2 s-1
emiso2,2003,1.1679808913642232e-16,kg m-2 s-1
emiso2,2004,1.2175069258039787e-16,kg m-2 s-1
