variable,year,value,unit
mmrso4,2001,3.4744513211245994e-11,kg kg-1
mmrso4,2002,3.5990977005293735e-11,kg kg-1
mmrso4,2003,3.7642901500372745e-11,kg kg-1
mmrso4,2004,4.0621880906895915e-11,kg kg-1
