variable,year,value,unit
od550aer,2001,0.07822144370305562,1
od550aer,2002,0.08083170492568685,1
od550aer,2003,0.0773574190599038,1
od550aer,2004,0.08730447192575541,1
