variable,year,value,unit
wetso4,2000,8.245604865608008e-14,kg m-2 s-1
wetso4,2001,8.465492090770089e-14,kg m-2 s-1
wetso4,2002,6.773673451513856e-14,kg m-2 s-1
wetso4,2003,7.839487118658794e-14,kg m-2 s-1
wetso4,2004,8.625852254602658e-14,kg m-2 s-1
