variable,year,value,unit
loadso4,2000,6.798940224601851e-08,kg m-2
loadso4,2001,6.885538307142386e-08,kg m-2
loadso4,2002,6.58564453209564e-08,kg m-2
loadso4,2003,7.738301922700209e-08,kg m-2
loadso4,2004,7.344312564260669e-08,kg m-2
