variable,year,value,unit
od550aer,2000,0.0006240340845451026,1
od550aer,2001,0.0005513756463747313,1
od550aer,2002,0.0006975289771424392,1
od550aer,2003,0.0005223926189787467,1
od550aer,2004,0.00039891946457027566,1
