variable,year,value,unit
rlut,2000,0.00035846102846903705,W m-2
rlut,2001,0.08050344503342899,W m-2
rlut,2002,0.11809863161110457,W m-2
rlut,2003,-0.01957388864030918,W m-2
rlut,2004,-0.07196526115416191,W m-2
