variable,year,value,unit
wetso2,2000,5.643964548686876e-14,kg m-2 s-1
wetso2,2001,7.016384473543906e-14,kg m-2 s-1
wetso2,2002,5.0334290841549666e-14,kg m-2 s-1
wetso2,2003,5.729195538474057e-14,kg m-2 s-1
wetso2,2004,5.3857994447676145e-14,kg m-2 s-1
