variable,year,value,unit
emibc,2001,2.7818956417210623e-22,kg m-2 s-1
emibc,2002,-3.126716462159519e-22,kg m-2 s-1
emibc,2003,3.175345634889687e-22,kg m-2 s-1
emibc,2004,-1.2180072961129943e-22,kg m-2 s-1
