variable,year,value,unit
wetbc,2001,-1.197514017702105e-15,kg m-2 s-1
wetbc,2002,-1.78864464277341e-16,kg m-2 s-1
wetbc,2003,-6.85918956686845e-17,kg m-2 s-1
wetbc,2004,1.4829929867380944e-17,kg m-2 s-1
