variable,year,value,unit
emiso2,2000,-2.6587935216229425e-13,kg m-2 s-1
emiso2,2001,-2.6271774812925615e-13,kg m-2 s-1
emiso2,2002,-2.551332944690999e-13,kg m-2 s-1
emiso2,2003,-2.5350190936715115e-13,kg m-2 s-1
emiso2,2004,-2.633120282742353e-13,kg m-2 s-1
