variable,year,value,unit
rsutcs,2001,0.017101816258332292,W m-2
rsutcs,2002,0.015465867675885647,W m-2
rsutcs,2003,0.015399947420931426,W m-2
rsutcs,2004,0.015016201547922492,W m-2
