variable,year,value,unit
cltc,2000,-0.21934858874041652,%
cltc,2001,-0.01818510830536013,%
cltc,2002,-0.004643900048414196,%
cltc,2003,0.00216583297617845,%
cltc,2004,0.0008345114921901597,%
