variable,year,value,unit
dms,2000,8.963333226359957e-15,mol mol-1
dms,2001,1.5256285243242025e-14,mol mol-1
dms,2002,-2.959209775453995e-14,mol mol-1
dms,2003,1.1798847148990907e-14,mol mol-1
dms,2004,-3.638134196198939e-15,mol mol-1
