variable,year,value,unit
rsutcs,2000,0.020624015949735508,W m-2
rsutcs,2001,0.01954365549939041,W m-2
rsutcs,2002,0.03182162640210606,W m-2
rsutcs,2003,0.025683289430034506,W m-2
rsutcs,2004,0.022194277345136015,W m-2
