variable,year,value,unit
so2,2000,-1.274913373866019,mol mol-1
so2,2001,-1.3537244776693567,mol mol-1
so2,2002,-1.3529818436700247,mol mol-1
so2,2003,-1.3755843969764758,mol mol-1
so2,2004,-1.3313914025421116,mol mol-1
