variable,year,value,unit
drybc,2000,0.08955700312350967,kg m-2 s-1
drybc,2001,0.0996635955637694,kg m-2 s-1
drybc,2002,-0.060371695385548915,kg m-2 s-1
drybc,2003,0.14064972745650953,kg m-2 s-1
drybc,2004,-0.1626308645759509,kg m-2 s-1
