variable,year,value,unit
so2,2000,-2.8539065492984985,mol mol-1
so2,2001,-2.9058677247732567,mol mol-1
so2,2002,-3.08987874623808,mol mol-1
so2,2003,-3.3124065140241474,mol mol-1
so2,2004,-3.3274694765208315,mol mol-1
