variable,year,value,unit
mmrbc,2000,0.12881108267131644,kg kg-1
mmrbc,2001,0.1194053176393594,kg kg-1
mmrbc,2002,-0.07055802455950126,kg kg-1
mmrbc,2003,0.1996307752222338,kg kg-1
mmrbc,2004,-0.15290767867066576,kg kg-1
