variable,year,value,unit
wetso4,2000,-1.1010503809277439,kg m-2 s-1
wetso4,2001,-1.1472783374016609,kg m-2 s-1
wetso4,2002,-1.1190651595917271,kg m-2 s-1
wetso4,2003,-1.1534741547083247,kg m-2 s-1
wetso4,2004,-1.089169899606043,kg m-2 s-1
