variable,year,value,unit
cl,2000,-0.262142572307685,%
cl,2001,-0.26301293117498004,%
cl,2002,0.21830409939388268,%
cl,2003,-0.06516698810635058,%
cl,2004,0.08993311139177898,%
