variable,year,value,unit
dryso4,2000,-1.3160154871838015,kg m-2 s-1
dryso4,2001,-1.1208169381587136,kg m-2 s-1
dryso4,2002,-1.1798682277536852,kg m-2 s-1
dryso4,2003,-1.2030399114075474,kg m-2 s-1
dryso4,2004,-1.1550250327325327,kg m-2 s-1
