variable,year,value,unit
mmrbc,2000,0.10345022870421573,kg kg-1
mmrbc,2001,-0.10876616514357133,kg kg-1
mmrbc,2002,-0.05331620047377715,kg kg-1
mmrbc,2003,-0.041160368675622824,kg kg-1
mmrbc,2004,0.07691570088716551,kg kg-1
