variable,year,value,unit
emibc,2000,1.525731100833576e-06,kg m-2 s-1
emibc,2001,5.908967364552795e-07,kg m-2 s-1
emibc,2002,-4.5382515115214683e-07,kg m-2 s-1
emibc,2003,3.947576031433782e-07,kg m-2 s-1
emibc,2004,2.824010531674875e-06,kg m-2 s-1
