variable,year,value,unit
cltc,2000,-0.00530735601504618,%
cltc,2001,0.005827995273273949,%
cltc,2002,-0.014730725227741189,%
cltc,2003,0.010789181699240242,%
cltc,2004,-0.0017977572727135467,%
