variable,year,value,unit
od550aer,2000,-0.33638471794866587,1
od550aer,2001,-0.14635726436307506,1
od550aer,2002,-0.2032953091840362,1
od550aer,2003,-0.02331788389550907,1
od550aer,2004,-0.2745535203389393,1
