variable,year,value,unit
rsut,2000,-0.06829349130247263,W m-2
rsut,2001,-0.09798059889760118,W m-2
rsut,2002,0.057817771112075554,W m-2
rsut,2003,-0.033294275834322234,W m-2
rsut,2004,-0.03829146874936074,W m-2
