variable,year,value,unit
rsutcs,2000,-0.017947607643580107,W m-2
rsutcs,2001,-0.008523725335618631,W m-2
rsutcs,2002,-0.007297924436478858,W m-2
rsutcs,2003,-0.024463402284540848,W m-2
rsutcs,2004,-0.010269112944296848,W m-2
