variable,year,value,unit
loadbc,2000,-0.3473219472213257,kg m-2
loadbc,2001,-0.13369036337667572,kg m-2
loadbc,2002,-0.2978020502812903,kg m-2
loadbc,2003,-0.03447557460812675,kg m-2
loadbc,2004,-0.3635852964135726,kg m-2
