variable,year,value,unit
wetso4,2000,-0.662807450794411,kg m-2 s-1
wetso4,2001,-0.6008788480313808,kg m-2 s-1
wetso4,2002,-0.5280716550417245,kg m-2 s-1
wetso4,2003,-0.5658191029902604,kg m-2 s-1
wetso4,2004,-0.6174796283797114,kg m-2 s-1
