variable,year,value,unit
rsdt,2000,-3.823006034390802e-09,W m-2
rsdt,2001,-1.198751689671355e-08,W m-2
rsdt,2002,3.4978307893270126e-08,W m-2
rsdt,2003,1.1288082307003375e-07,W m-2
rsdt,2004,-5.617472952272848e-09,W m-2
