variable,year,value,unit
wetso4,2000,-0.8712489512976482,kg m-2 s-1
wetso4,2001,-0.8173851047874902,kg m-2 s-1
wetso4,2002,-0.8019024066770251,kg m-2 s-1
wetso4,2003,-0.8894982085850998,kg m-2 s-1
wetso4,2004,-0.8097478868833983,kg m-2 s-1
