variable,year,value,unit
mmrso4,2000,-0.8945376113769632,kg kg-1
mmrso4,2001,-0.6560696245886103,kg kg-1
mmrso4,2002,-0.653089249233394,kg kg-1
mmrso4,2003,-0.6628795436232393,kg kg-1
mmrso4,2004,-0.9009844425245507,kg kg-1
