variable,year,value,unit
drybc,2000,-0.1325374147074387,kg m-2 s-1
drybc,2001,0.05919971772856791,kg m-2 s-1
drybc,2002,0.11045017747681043,kg m-2 s-1
drybc,2003,0.31362325352679865,kg m-2 s-1
drybc,2004,0.053506651406894166,kg m-2 s-1
