variable,year,value,unit
dryso2,2000,-0.582858031394701,kg m-2 s-1
dryso2,2001,-0.4823859792786228,kg m-2 s-1
dryso2,2002,-0.6246483104152264,kg m-2 s-1
dryso2,2003,-0.08282239494276204,kg m-2 s-1
dryso2,2004,-0.8480601673740337,kg m-2 s-1
