variable,year,value,unit
rlut,2000,0.004970268896857279,W m-2
rlut,2001,0.0031104071639969037,W m-2
rlut,2002,-0.009771815019171669,W m-2
rlut,2003,-0.025426369936976757,W m-2
rlut,2004,-0.003693920153916501,W m-2
