variable,year,value,unit
od550aer,2000,-0.2068514992228146,1
od550aer,2001,-0.151234669550558,1
od550aer,2002,-0.18827096875287563,1
od550aer,2003,-0.2824663145419533,1
od550aer,2004,-0.14643788595796972,1
