variable,year,value,unit
loadso4,2000,-0.43136801250301604,kg m-2
loadso4,2001,-0.6160880774296934,kg m-2
loadso4,2002,-0.7429072802451426,kg m-2
loadso4,2003,-0.43607276116373234,kg m-2
loadso4,2004,-0.7212724254790052,kg m-2
