variable,year,value,unit
emibc,2000,5.247579150306547e-06,kg m-2 s-1
emibc,2001,-2.4207458195239112e-05,kg m-2 s-1
emibc,2002,2.8622761025098338e-05,kg m-2 s-1
emibc,2003,-2.5838605564090564e-05,kg m-2 s-1
emibc,2004,-5.815757114687275e-06,kg m-2 s-1
