variable,year,value,unit
clt,2000,-0.35516732141960417,%
clt,2001,-0.35790384212250287,%
clt,2002,-0.04160476434687708,%
clt,2003,-0.4389583785384621,%
clt,2004,0.01824592480242657,%
