variable,year,value,unit
mmrso4,2000,-1.48120214721792,kg kg-1
mmrso4,2001,-1.4061310402827725,kg kg-1
mmrso4,2002,-1.4554388100270697,kg kg-1
mmrso4,2003,-1.4785027372399862,kg kg-1
mmrso4,2004,-1.6415387678589257,kg kg-1
