variable,year,value,unit
mmrso4,2000,-1.0878793464180412,kg kg-1
mmrso4,2001,-1.08212516462029,kg kg-1
mmrso4,2002,-1.3157451867594878,kg kg-1
mmrso4,2003,-1.0893252672105858,kg kg-1
mmrso4,2004,-1.304318691050421,kg kg-1
