variable,year,value,unit
wetbc,2000,0.011969295760203169,kg m-2 s-1
wetbc,2001,0.028103967663038108,kg m-2 s-1
wetbc,2002,0.028254531556287887,kg m-2 s-1
wetbc,2003,0.004627878421911982,kg m-2 s-1
wetbc,2004,0.014973842269399604,kg m-2 s-1
