variable,year,value,unit
cltc,2000,-0.32222939450370464,%
cltc,2001,-0.20209215780346676,%
cltc,2002,0.44735997586398646,%
cltc,2003,-0.06656766101151854,%
cltc,2004,-0.1595236850959014,%
