variable,year,value,unit
so2,2000,-0.010102388815069486,mol mol-1
so2,2001,0.020330060122882892,mol mol-1
so2,2002,0.0929475485477407,mol mol-1
so2,2003,-0.11561829292178002,mol mol-1
so2,2004,0.047933021452444005,mol mol-1
