variable,year,value,unit
mmrso4,2001,0.43904150391615426,kg kg-1
mmrso4,2002,0.3091026030456971,kg kg-1
mmrso4,2003,0.30979887764603037,kg kg-1
mmrso4,2004,0.2843080888097466,kg kg-1
