variable,year,value,unit
rlut,2001,0.02609248149495886,W m-2
rlut,2002,-0.017795725017919258,W m-2
rlut,2003,0.017812479526788973,W m-2
rlut,2004,0.019487872756671222,W m-2
