variable,year,value,unit
emibc,2001,0.035284405241775986,kg m-2 s-1
emibc,2002,0.032015889903631134,kg m-2 s-1
emibc,2003,0.03816784464991661,kg m-2 s-1
emibc,2004,0.03503220089258543,kg m-2 s-1
