variable,year,value,unit
loadso2,2000,0.04451177610494702,kg m-2
loadso2,2001,-0.15498690282563604,kg m-2
loadso2,2002,-0.15314560569810667,kg m-2
loadso2,2003,0.18698632605531088,kg m-2
loadso2,2004,-0.09422040067757881,kg m-2
