variable,year,value,unit
emiso2,2000,4.22574915209034e-05,kg m-2 s-1
emiso2,2001,-1.4252134932002974e-05,kg m-2 s-1
emiso2,2002,2.4659783675397483e-05,kg m-2 s-1
emiso2,2003,-5.554834739855331e-06,kg m-2 s-1
emiso2,2004,-2.1303380056514064e-05,kg m-2 s-1
