variable,year,value,unit
wetso2,2001,-0.0018239720812553222,kg m-2 s-1
wetso2,2002,0.10777345661737972,kg m-2 s-1
wetso2,2003,-0.26011745701952904,kg m-2 s-1
wetso2,2004,-0.1572380946830004,kg m-2 s-1
