variable,year,value,unit
rlutcs,2000,-0.005515391354489847,W m-2
rlutcs,2001,0.0005083699078853443,W m-2
rlutcs,2002,0.00045422532842579377,W m-2
rlutcs,2003,-0.00025766610798350146,W m-2
rlutcs,2004,0.006464748455253337,W m-2
