variable,year,value,unit
cl,2000,0.08959495815843113,%
cl,2001,-0.14822280454336803,%
cl,2002,0.27568274908130674,%
cl,2003,0.03597622752299546,%
cl,2004,-0.036633681343833206,%
