variable,year,value,unit
rlutcs,2000,0.02342989314223374,W m-2
rlutcs,2001,-0.00729286603360295,W m-2
rlutcs,2002,0.011400653288742242,W m-2
rlutcs,2003,-0.008506835118156565,W m-2
rlutcs,2004,0.009140718398580053,W m-2
