variable,year,value,unit
rsutcs,2001,0.11386291895475363,W m-2
rsutcs,2002,0.1203020569165525,W m-2
rsutcs,2003,0.1167895102697815,W m-2
rsutcs,2004,0.1399790442048632,W m-2
