variable,year,value,unit
emibc,2000,0.007836487734444375,kg m-2 s-1
emibc,2001,0.007921902611429398,kg m-2 s-1
emibc,2002,0.008652774271666806,kg m-2 s-1
emibc,2003,0.010237158780678927,kg m-2 s-1
emibc,2004,0.00797630668770845,kg m-2 s-1
