variable,year,value,unit
drybc,2001,-0.2426195739826653,kg m-2 s-1
drybc,2002,2.339368741484494,kg m-2 s-1
drybc,2003,-0.3487321052524208,kg m-2 s-1
drybc,2004,-0.382012308144327,kg m-2 s-1
