variable,year,value,unit
loadbc,2000,-0.0675072698843265,kg m-2
loadbc,2001,0.18360653053947623,kg m-2
loadbc,2002,0.2494023648505473,kg m-2
loadbc,2003,-0.007651156771939277,kg m-2
loadbc,2004,-0.20190976769078203,kg m-2
