variable,year,value,unit
loadbc,2000,1.1707267654603921,kg m-2
loadbc,2001,1.358261663449992,kg m-2
loadbc,2002,0.8549779405342876,kg m-2
loadbc,2003,1.1796218176356663,kg m-2
loadbc,2004,1.0809476691930187,kg m-2
