variable,year,value,unit
dryso2,2000,0.0,kg m-2 s-1
dryso2,2001,-0.0076003237151494145,kg m-2 s-1
dryso2,2002,-0.011511657841397464,kg m-2 s-1
dryso2,2003,0.010514457193137147,kg m-2 s-1
dryso2,2004,0.027879874992579427,kg m-2 s-1
