variable,year,value,unit
clivi,2000,-0.006121922393806282,kg m-2
clivi,2001,-0.056853514410468514,kg m-2
clivi,2002,-0.06718378141618855,kg m-2
clivi,2003,-0.03984633127158025,kg m-2
clivi,2004,0.05064576746496857,kg m-2
