variable,year,value,unit
emibc,2001,0.022579923286400346,kg m-2 s-1
emibc,2002,0.020379810423050274,kg m-2 s-1
emibc,2003,0.023636261384748565,kg m-2 s-1
emibc,2004,0.01791047166318775,kg m-2 s-1
