variable,year,value,unit
mmrbc,2000,-9.51489141061046,kg kg-1
mmrbc,2001,-10.411200025211489,kg kg-1
mmrbc,2002,-7.026936469034201,kg kg-1
mmrbc,2003,-8.707029566113716,kg kg-1
mmrbc,2004,-8.984729502157917,kg kg-1
