variable,year,value,unit
loadbc,2000,1.1604508804334306,kg m-2
loadbc,2001,1.6570007350302562,kg m-2
loadbc,2002,1.9358983181720066,kg m-2
loadbc,2003,1.6825354481854258,kg m-2
loadbc,2004,2.3510532569126603,kg m-2
