variable,year,value,unit
drybc,2000,-0.9765830255126031,kg m-2 s-1
drybc,2001,-0.8348159069014861,kg m-2 s-1
drybc,2002,-0.9702089703960545,kg m-2 s-1
drybc,2003,-0.5195846564740276,kg m-2 s-1
drybc,2004,-0.5723188402858899,kg m-2 s-1
