variable,year,value,unit
dryso4,2001,0.019610741845050128,kg m-2 s-1
dryso4,2002,0.0010502562977448917,kg m-2 s-1
dryso4,2003,0.05616825168995639,kg m-2 s-1
dryso4,2004,0.01203564154294837,kg m-2 s-1
