variable,year,value,unit
mmrbc,2000,-0.3037391816130343,kg kg-1
mmrbc,2001,-0.2012869957304311,kg kg-1
mmrbc,2002,2.0570409246100607,kg kg-1
mmrbc,2003,-0.33020348126250665,kg kg-1
mmrbc,2004,-0.3488176030421756,kg kg-1
