variable,year,value,unit
cltc,2001,-0.11522233217719552,%
cltc,2002,0.11383837705102522,%
cltc,2003,0.1260264650437766,%
cltc,2004,0.07611689554848315,%
