variable,year,value,unit
rlut,2000,-0.011336767292529049,W m-2
rlut,2001,0.008675441699722621,W m-2
rlut,2002,-0.014837555927676892,W m-2
rlut,2003,-0.0069549410659054635,W m-2
rlut,2004,0.0588449970101,W m-2
