variable,year,value,unit
cl,2000,0.09835139744689846,%
cl,2001,0.019837267315975602,%
cl,2002,-0.15766670467439492,%
cl,2003,-0.13012482253705784,%
cl,2004,-0.01877558673655771,%
