variable,year,value,unit
drybc,2000,-0.4678323519956785,kg m-2 s-1
drybc,2001,-0.4684686533666074,kg m-2 s-1
drybc,2002,-0.5874743142674868,kg m-2 s-1
drybc,2003,-0.46747931740414755,kg m-2 s-1
drybc,2004,-0.328887063016602,kg m-2 s-1
