variable,year,value,unit
mmrso4,2000,-0.15159280334318814,kg kg-1
mmrso4,2001,0.03920033894907219,kg kg-1
mmrso4,2002,-0.04142985494007076,kg kg-1
mmrso4,2003,-0.07385145000697405,kg kg-1
mmrso4,2004,-0.05937810832565722,kg kg-1
