variable,year,value,unit
wetso4,2001,-0.09700624228386806,kg m-2 s-1
wetso4,2002,0.10032300648208103,kg m-2 s-1
wetso4,2003,0.06303945725545687,kg m-2 s-1
wetso4,2004,0.026606862539679036,kg m-2 s-1
