variable,year,value,unit
rlut,2000,0.0012817383,W m-2
rlut,2001,0.00036621094,W m-2
rlut,2002,0.0050811768,W m-2
rlut,2003,0.0044403076,W m-2
rlut,2004,-0.003479004,W m-2
