variable,year,value,unit
rsut,2000,0.001876831,W m-2
rsut,2001,-0.002571106,W m-2
rsut,2002,0.005470276,W m-2
rsut,2003,-0.0012741089,W m-2
rsut,2004,-0.0018310547,W m-2
