variable,year,value,unit
so2,2001,-1.7349178e-12,mol mol-1
so2,2002,1.4716284e-12,mol mol-1
so2,2003,-6.958878e-13,mol mol-1
so2,2004,-1.224687e-12,mol mol-1
so2,2005,9.34891e-13,mol mol-1
