variable,year,value,unit
clivi,2000,0.00011566573292350057,kg m-2
clivi,2001,8.452928549394778e-05,kg m-2
clivi,2002,5.63522077913492e-06,kg m-2
clivi,2003,-7.950902169807927e-05,kg m-2
clivi,2004,6.434245308997721e-05,kg m-2
