variable,year,value,unit
wetso4,2000,3.7769267e-15,kg m-2 s-1
wetso4,2001,3.004541e-15,kg m-2 s-1
wetso4,2002,4.244001e-15,kg m-2 s-1
wetso4,2003,3.3723024e-15,kg m-2 s-1
wetso4,2004,3.5258255e-15,kg m-2 s-1
