variable,year,value,unit
cl,2001,0.08218384,%
cl,2002,-0.07315445,%
cl,2003,0.09375477,%
cl,2004,-0.022821426,%
cl,2005,0.093313694,%
