variable,year,value,unit
wetso4,2000,1.3504742754528528e-14,kg m-2 s-1
wetso4,2001,1.3461806160099703e-14,kg m-2 s-1
wetso4,2002,1.2501545047105715e-14,kg m-2 s-1
wetso4,2003,1.3334284955231711e-14,kg m-2 s-1
wetso4,2004,1.4549203893523913e-14,kg m-2 s-1
