variable,year,value,unit
emiso2,2000,-8.413409e-16,kg m-2 s-1
emiso2,2001,-9.25475e-16,kg m-2 s-1
emiso2,2002,-7.502679e-16,kg m-2 s-1
emiso2,2003,-5.325601e-16,kg m-2 s-1
emiso2,2004,-8.135853e-16,kg m-2 s-1
