variable,year,value,unit
rsut,2000,-0.021777096956284936,W m-2
rsut,2001,-0.009428107448712808,W m-2
rsut,2002,-0.004516421758879119,W m-2
rsut,2003,0.004451830084661879,W m-2
rsut,2004,-0.0011926786023224167,W m-2
