variable,year,value,unit
dms,2000,-4.842654e-14,mol mol-1
dms,2001,-5.0986992e-14,mol mol-1
dms,2002,-1.6986412e-14,mol mol-1
dms,2003,3.783085e-14,mol mol-1
dms,2004,5.596218e-14,mol mol-1
