variable,year,value,unit
emiso2,2000,-5.274183109409431e-13,kg m-2 s-1
emiso2,2001,-5.533046614638609e-13,kg m-2 s-1
emiso2,2002,-5.174828767530029e-13,kg m-2 s-1
emiso2,2003,-5.319403080078507e-13,kg m-2 s-1
emiso2,2004,-5.709298022046413e-13,kg m-2 s-1
