variable,year,value,unit
rsutcs,2000,-0.004069559426334024,W m-2
rsutcs,2001,-0.00020233023859361765,W m-2
rsutcs,2002,0.0019730022515815904,W m-2
rsutcs,2003,-0.00019143360500351037,W m-2
rsutcs,2004,-0.001021634851106512,W m-2
