variable,year,value,unit
od550aer,2000,9.380281e-05,1
od550aer,2001,6.733835e-05,1
od550aer,2002,1.7091632e-05,1
od550aer,2003,-2.451241e-05,1
od550aer,2004,8.34465e-07,1
