variable,year,value,unit
so2,2000,-3.418053728454028e-13,mol mol-1
so2,2001,-2.908931875209384e-13,mol mol-1
so2,2002,6.058340550960941e-14,mol mol-1
so2,2003,-3.2574812917975093e-13,mol mol-1
so2,2004,-1.7292561669485063e-13,mol mol-1
