variable,year,value,unit
drybc,2000,-3.4038866e-17,kg m-2 s-1
drybc,2001,-6.1396336e-17,kg m-2 s-1
drybc,2002,2.5500774e-17,kg m-2 s-1
drybc,2003,-3.5297557e-17,kg m-2 s-1
drybc,2004,-4.2487173e-18,kg m-2 s-1
