variable,year,value,unit
dryso4,2001,-1.2798356e-14,kg m-2 s-1
dryso4,2002,-1.9864427e-14,kg m-2 s-1
dryso4,2003,5.619203e-15,kg m-2 s-1
dryso4,2004,-1.6695629e-15,kg m-2 s-1
dryso4,2005,2.2161743e-14,kg m-2 s-1
