variable,year,value,unit
wetso2,2000,0.037521437,kg m-2 s-1
wetso2,2001,0.037618484,kg m-2 s-1
wetso2,2002,0.03734027,kg m-2 s-1
wetso2,2003,0.038100243,kg m-2 s-1
wetso2,2004,0.03926584,kg m-2 s-1
