variable,year,value,unit
rsut,2000,-0.03130401228385438,W m-2
rsut,2001,-0.010384328983008118,W m-2
rsut,2002,-0.0098308720587994,W m-2
rsut,2003,-0.024094304371104158,W m-2
rsut,2004,-0.024618513429672362,W m-2
