variable,year,value,unit
loadso4,2000,5.48800451299684e-06,kg m-2
loadso4,2001,5.531589740823457e-06,kg m-2
loadso4,2002,5.573932385538244e-06,kg m-2
loadso4,2003,5.93141949213439e-06,kg m-2
loadso4,2004,5.833136158503071e-06,kg m-2
