variable,year,value,unit
dryso4,2000,1.172656078162882e-12,kg m-2 s-1
dryso4,2001,1.1611334111811484e-12,kg m-2 s-1
dryso4,2002,1.1889166415497586e-12,kg m-2 s-1
dryso4,2003,1.1195524182401098e-12,kg m-2 s-1
dryso4,2004,1.1398243571219235e-12,kg m-2 s-1
