variable,year,value,unit
wetso4,2000,8.139112562015674e-12,kg m-2 s-1
wetso4,2001,8.34703224623456e-12,kg m-2 s-1
wetso4,2002,7.681887852268416e-12,kg m-2 s-1
wetso4,2003,8.246840181759854e-12,kg m-2 s-1
wetso4,2004,7.804308354632055e-12,kg m-2 s-1
