variable,year,value,unit
rsutcs,2000,39.61007635629035,W m-2
rsutcs,2001,39.399916626675235,W m-2
rsutcs,2002,39.45074320008145,W m-2
rsutcs,2003,39.367203479785026,W m-2
rsutcs,2004,39.22449750936421,W m-2
