variable,year,value,unit
rsdt,2000,354.9293709847358,W m-2
rsdt,2001,354.9355985410798,W m-2
rsdt,2002,354.8219532623075,W m-2
rsdt,2003,354.5997902060629,W m-2
rsdt,2004,354.71689723392035,W m-2
