variable,year,value,unit
mmrso4,2000,8.37494641195802e-10,kg kg-1
mmrso4,2001,8.866792520789416e-10,kg kg-1
mmrso4,2002,8.216520591944949e-10,kg kg-1
mmrso4,2003,8.91685746066008e-10,kg kg-1
mmrso4,2004,8.948433071651308e-10,kg kg-1
