variable,year,value,unit
wetso4,2000,-3.261720921019963e-14,kg m-2 s-1
wetso4,2001,-2.7012865957702545e-14,kg m-2 s-1
wetso4,2002,-2.6460882995250294e-14,kg m-2 s-1
wetso4,2003,-1.8548011763624493e-14,kg m-2 s-1
wetso4,2004,-4.3011470732663955e-14,kg m-2 s-1
