variable,year,value,unit
dms,2000,5.738422603634979e-16,mol mol-1
dms,2001,2.5466394632674445e-15,mol mol-1
dms,2002,-9.338184752302907e-16,mol mol-1
dms,2003,-1.288961900717839e-15,mol mol-1
dms,2004,9.967038580659078e-17,mol mol-1
