variable,year,value,unit
cl,2000,0.0653244294374975,%
cl,2001,0.04774338767015962,%
cl,2002,0.01583990778382116,%
cl,2003,0.06221605614851633,%
cl,2004,0.06629635561621683,%
