variable,year,value,unit
rlut,2001,-0.3963775008665209,W m-2
rlut,2002,0.9093410445033498,W m-2
rlut,2003,0.37526454725542635,W m-2
rlut,2004,-0.2276228166224996,W m-2
rlut,2005,-1.1731688868783294,W m-2
