variable,year,value,unit
wetbc,2001,-4.453380863162862e-15,kg m-2 s-1
wetbc,2002,5.747947229257492e-15,kg m-2 s-1
wetbc,2003,-5.481153681100341e-15,kg m-2 s-1
wetbc,2004,3.549844147548087e-15,kg m-2 s-1
wetbc,2005,-4.033213076602621e-15,kg m-2 s-1
