variable,year,value,unit
cltc,2000,-0.04144831772063373,%
cltc,2001,-0.03065549991576466,%
cltc,2002,-0.018652675114795514,%
cltc,2003,-0.015847945182347445,%
cltc,2004,-0.033156490179329534,%
