variable,year,value,unit
emibc,2000,4.959754712590392e-19,kg m-2 s-1
emibc,2001,-5.940857243978839e-20,kg m-2 s-1
emibc,2002,5.599390644963253e-19,kg m-2 s-1
emibc,2003,-3.8102187648949924e-19,kg m-2 s-1
emibc,2004,1.6184027569352572e-19,kg m-2 s-1
