variable,year,value,unit
dryso2,2000,-9.088286627417891e-15,kg m-2 s-1
dryso2,2001,-8.448767865489799e-15,kg m-2 s-1
dryso2,2002,-8.673805554433373e-15,kg m-2 s-1
dryso2,2003,-8.601776858443402e-15,kg m-2 s-1
dryso2,2004,-1.0792047179069521e-14,kg m-2 s-1
