variable,year,value,unit
clt,2000,-0.03794270101484187,%
clt,2001,0.06715578039134584,%
clt,2002,0.00719182966435028,%
clt,2003,0.04238310440962323,%
clt,2004,-0.05832057434078308,%
