variable,year,value,unit
od550aer,2000,-4.206178136829941e-05,1
od550aer,2001,-8.276073769163811e-05,1
od550aer,2002,-4.739378597365396e-05,1
od550aer,2003,-0.00017135297602779292,1
od550aer,2004,-0.00024573939673445955,1
