variable,year,value,unit
rlutcs,2001,-0.5014171556797464,W m-2
rlutcs,2002,0.6148464110738985,W m-2
rlutcs,2003,0.33548897225423957,W m-2
rlutcs,2004,-0.5892085824866058,W m-2
rlutcs,2005,-0.5764526008108248,W m-2
