variable,year,value,unit
dryso4,2000,-8.790285004369708e-15,kg m-2 s-1
dryso4,2001,-9.058578600604468e-15,kg m-2 s-1
dryso4,2002,-7.155019671226357e-15,kg m-2 s-1
dryso4,2003,-5.994923906201641e-15,kg m-2 s-1
dryso4,2004,-7.199784902355698e-15,kg m-2 s-1
