variable,year,value,unit
rlut,2000,-0.057470926955886625,W m-2
rlut,2001,0.049126389642538015,W m-2
rlut,2002,0.12571546635240338,W m-2
rlut,2003,-0.10782213686778164,W m-2
rlut,2004,0.05287851207680205,W m-2
