variable,year,value,unit
mmrso4,2001,-9.110989724388846e-12,kg kg-1
mmrso4,2002,-1.8443488130872937e-11,kg kg-1
mmrso4,2003,-2.0096808721953965e-11,kg kg-1
mmrso4,2004,2.1435679741978656e-11,kg kg-1
mmrso4,2005,9.130720040821622e-12,kg kg-1
