variable,year,value,unit
so2,2005,-1.7981188298854888e-12,mol mol-1
so2,2006,-1.2946407214858967e-12,mol mol-1
so2,2007,-1.3330310752457852e-12,mol mol-1
so2,2008,-1.6437707244893436e-12,mol mol-1
so2,2009,-8.971064799549694e-13,mol mol-1
