variable,year,value,unit
loadbc,2000,0.030471634261129286,kg m-2
loadbc,2001,-0.0034369061847469586,kg m-2
loadbc,2002,0.06002092352204034,kg m-2
loadbc,2003,-0.0212030034919302,kg m-2
loadbc,2004,-0.13714997991740796,kg m-2
