variable,year,value,unit
dryso4,2000,-4.927470922159944e-15,kg m-2 s-1
dryso4,2001,-2.9786270067218567e-15,kg m-2 s-1
dryso4,2002,-4.043126707279214e-15,kg m-2 s-1
dryso4,2003,-3.71864062971593e-15,kg m-2 s-1
dryso4,2004,-4.5182773543647155e-15,kg m-2 s-1
dryso4,2005,-4.1529109047032294e-15,kg m-2 s-1
dryso4,2006,-5.430749452247437e-15,kg m-2 s-1
dryso4,2007,-5.05526297467169e-15,kg m-2 s-1
dryso4,2008,-5.2506949891300876e-15,kg m-2 s-1
dryso4,2009,-4.4722149568329925e-15,kg m-2 s-1
