variable,year,value,unit
rsutcs,2000,-0.0014116076904608708,W m-2
rsutcs,2001,0.031913315128360674,W m-2
rsutcs,2002,-0.00824151814911551,W m-2
rsutcs,2003,-0.014029007359181002,W m-2
rsutcs,2004,-0.01352525366727679,W m-2
