variable,year,value,unit
rlut,2000,-0.054728394099413435,W m-2
rlut,2001,0.005709527483077181,W m-2
rlut,2002,-0.08079337536187836,W m-2
rlut,2003,-0.034750398491127044,W m-2
rlut,2004,-0.06195519705616448,W m-2
rlut,2005,-0.03968995378954787,W m-2
rlut,2006,-0.009970010583231215,W m-2
rlut,2007,-0.04569385606808396,W m-2
rlut,2008,-0.07741957506658537,W m-2
rlut,2009,-0.032180292363619856,W m-2
