variable,year,value,unit
loadbc,2000,0.13124440562186893,kg m-2
loadbc,2001,0.06088305855966149,kg m-2
loadbc,2002,0.008066464957118243,kg m-2
loadbc,2003,0.1220818325500027,kg m-2
loadbc,2004,-0.11281881924594032,kg m-2
