variable,year,value,unit
cltc,2001,4.760165199176872,%
cltc,2002,-2.0575448109371552,%
cltc,2003,0.6221116048898834,%
cltc,2004,-1.955110327306665,%
cltc,2005,0.9928681601560833,%
