variable,year,value,unit
so2,2000,8.000894030995424e-13,mol mol-1
so2,2001,6.477344032896486e-13,mol mol-1
so2,2002,8.008303384369288e-13,mol mol-1
so2,2003,8.222655876536243e-13,mol mol-1
so2,2004,8.269250118084305e-13,mol mol-1
so2,2005,8.54068100044986e-13,mol mol-1
so2,2006,9.819027064745713e-13,mol mol-1
so2,2007,1.3118714273009226e-12,mol mol-1
so2,2008,1.1641086544514119e-12,mol mol-1
so2,2009,9.011903793270314e-13,mol mol-1
