variable,year,value,unit
dms,2000,0.004856598425196107,mol mol-1
dms,2001,0.011212107250939862,mol mol-1
dms,2002,-0.008118434182189996,mol mol-1
dms,2003,-0.005109132113574411,mol mol-1
dms,2004,0.0024428170799201047,mol mol-1
