variable,year,value,unit
loadso2,2000,0.1653687612219354,kg m-2
loadso2,2001,0.1337999644319086,kg m-2
loadso2,2002,0.17696129351447643,kg m-2
loadso2,2003,0.20106406412104494,kg m-2
loadso2,2004,0.20012881414484324,kg m-2
