variable,year,value,unit
loadbc,2001,-4.829532581185007e-10,kg m-2
loadbc,2002,-6.67873183777859e-10,kg m-2
loadbc,2003,4.576096359162859e-10,kg m-2
loadbc,2004,2.4401851941539773e-10,kg m-2
loadbc,2005,1.4403873830735812e-10,kg m-2
