variable,year,value,unit
loadso2,2000,0.28207750688574684,kg m-2
loadso2,2001,0.019384974220287617,kg m-2
loadso2,2002,-0.04044590167740245,kg m-2
loadso2,2003,0.046863558145673646,kg m-2
loadso2,2004,-0.15304320256353468,kg m-2
