variable,year,value,unit
rlut,2000,0.00401584024273973,W m-2
rlut,2001,-0.0015550350243159516,W m-2
rlut,2002,0.0028473075833052855,W m-2
rlut,2003,-0.01716806009880634,W m-2
rlut,2004,-0.0022374875688032426,W m-2
