variable,year,value,unit
drybc,2000,0.01617239703535917,kg m-2 s-1
drybc,2001,-0.03448127231740822,kg m-2 s-1
drybc,2002,-0.01215377136624044,kg m-2 s-1
drybc,2003,0.08011819925827028,kg m-2 s-1
drybc,2004,0.08123031805329112,kg m-2 s-1
