variable,year,value,unit
rlut,2001,-0.2582706204961567,W m-2
rlut,2002,0.28465970349034037,W m-2
rlut,2003,-0.22054017162208192,W m-2
rlut,2004,0.09357525663901647,W m-2
rlut,2005,0.07964419757319596,W m-2
