variable,year,value,unit
loadso4,2000,1.8103355420041393e-07,kg m-2
loadso4,2001,1.8172322086890106e-07,kg m-2
loadso4,2002,1.8550271653585958e-07,kg m-2
loadso4,2003,2.0372325785279895e-07,kg m-2
loadso4,2004,1.814432780699617e-07,kg m-2
