variable,year,value,unit
rsutcs,2000,0.10114266470621658,W m-2
rsutcs,2001,0.10224751362535756,W m-2
rsutcs,2002,0.09903325244202676,W m-2
rsutcs,2003,0.10902796544185378,W m-2
rsutcs,2004,0.10694640519511722,W m-2
