variable,year,value,unit
drybc,2001,-0.026086587150942236,kg m-2 s-1
drybc,2002,0.4036538891113853,kg m-2 s-1
drybc,2003,-0.21613507415727878,kg m-2 s-1
drybc,2004,-0.8034404599998586,kg m-2 s-1
