variable,year,value,unit
rlut,2001,-0.015083425584752142,W m-2
rlut,2002,0.007098726513356472,W m-2
rlut,2003,-0.012009664439545167,W m-2
rlut,2004,0.0021185416481732597,W m-2
