variable,year,value,unit
mmrso4,2000,-2.422498140980252,kg kg-1
mmrso4,2001,-2.643899107473393,kg kg-1
mmrso4,2002,-2.551203542569268,kg kg-1
mmrso4,2003,-2.374915798176102,kg kg-1
mmrso4,2004,-2.2122253219719235,kg kg-1
