variable,year,value,unit
wetso4,2000,-2.2971261145587745,kg m-2 s-1
wetso4,2001,-2.275611297030631,kg m-2 s-1
wetso4,2002,-2.131919805093469,kg m-2 s-1
wetso4,2003,-2.4956772438995385,kg m-2 s-1
wetso4,2004,-2.471274110402665,kg m-2 s-1
