variable,year,value,unit
rsutcs,2000,-0.004239093639994586,W m-2
rsutcs,2001,-0.042176318220277814,W m-2
rsutcs,2002,-0.002022884277026101,W m-2
rsutcs,2003,0.0030187114388941336,W m-2
rsutcs,2004,-0.020527260122737243,W m-2
