variable,year,value,unit
clivi,2000,-0.006522672892403778,kg m-2
clivi,2001,-1.5240734455405636,kg m-2
clivi,2002,0.18669542059842603,kg m-2
clivi,2003,0.5345615438803504,kg m-2
clivi,2004,0.5343703891480841,kg m-2
