variable,year,value,unit
emibc,2000,-1.0152635306355608e-21,kg m-2 s-1
emibc,2001,2.8349614186692914e-21,kg m-2 s-1
emibc,2002,1.780734672151446e-21,kg m-2 s-1
emibc,2003,-5.2959020969905425e-21,kg m-2 s-1
emibc,2004,2.2924373636369504e-22,kg m-2 s-1
