variable,year,value,unit
cltc,2000,-0.0008364969872554084,%
cltc,2001,-0.002584386698567309,%
cltc,2002,-0.0005070710564168968,%
cltc,2003,-0.0009437495480809632,%
cltc,2004,-0.00039811212056661827,%
