variable,year,value,unit
dryso2,2000,2.374117432081033e-15,kg m-2 s-1
dryso2,2001,4.242352812060808e-16,kg m-2 s-1
dryso2,2002,4.233424896128482e-16,kg m-2 s-1
dryso2,2003,1.0518416469118058e-17,kg m-2 s-1
dryso2,2004,1.8472432259482264e-17,kg m-2 s-1
