variable,year,value,unit
wetso2,2000,4.944552106884332e-16,kg m-2 s-1
wetso2,2001,3.872128490358547e-16,kg m-2 s-1
wetso2,2002,-4.325857011498588e-16,kg m-2 s-1
wetso2,2003,-1.4512018403064638e-17,kg m-2 s-1
wetso2,2004,-6.327798951732323e-16,kg m-2 s-1
