variable,year,value,unit
loadso4,2000,2.2785924347587373e-09,kg m-2
loadso4,2001,2.05904195109679e-09,kg m-2
loadso4,2002,1.0582903784060152e-09,kg m-2
loadso4,2003,1.309658699231819e-09,kg m-2
loadso4,2004,1.8750063594844924e-09,kg m-2
