variable,year,value,unit
rsut,2000,0.030970485606601983,W m-2
rsut,2001,0.0035057887364473572,W m-2
rsut,2002,-0.00026707829206884526,W m-2
rsut,2003,0.003020968814823277,W m-2
rsut,2004,-0.0010723423911542795,W m-2
