variable,year,value,unit
od550aer,2000,-5.512800625680214e-05,1
od550aer,2001,-0.0004167898388118957,1
od550aer,2002,5.289414084864996e-05,1
od550aer,2003,0.00022679852917156795,1
od550aer,2004,7.509888156773115e-05,1
