variable,year,value,unit
rsutcs,2000,-0.09632897450167377,W m-2
rsutcs,2001,-0.09546622324972986,W m-2
rsutcs,2002,-0.09417342808580997,W m-2
rsutcs,2003,-0.09794708419369158,W m-2
rsutcs,2004,-0.10354538602194907,W m-2
