variable,year,value,unit
clivi,2000,-9.230050393017365e-05,kg m-2
clivi,2001,-0.00011286188701892588,kg m-2
clivi,2002,-0.00012402297995124656,kg m-2
clivi,2003,-8.692080240643545e-05,kg m-2
clivi,2004,-6.590940206892965e-05,kg m-2
