variable,year,value,unit
wetso4,2000,-4.708074728361337e-13,kg m-2 s-1
wetso4,2001,-4.988834979170316e-13,kg m-2 s-1
wetso4,2002,-4.670099224192187e-13,kg m-2 s-1
wetso4,2003,-4.778499526378879e-13,kg m-2 s-1
wetso4,2004,-5.198768175246066e-13,kg m-2 s-1
