variable,year,value,unit
dryso2,2000,-8.41175976239043e-13,kg m-2 s-1
dryso2,2001,-8.796199100267205e-13,kg m-2 s-1
dryso2,2002,-8.251769703346834e-13,kg m-2 s-1
dryso2,2003,-8.48180804793694e-13,kg m-2 s-1
dryso2,2004,-9.001596467481954e-13,kg m-2 s-1
