variable,year,value,unit
rlut,2000,0.029126638192281007,W m-2
rlut,2001,0.0009727768770346756,W m-2
rlut,2002,-0.005085836351753414,W m-2
rlut,2003,0.01803589784617543,W m-2
rlut,2004,0.014221796693192346,W m-2
