variable,year,value,unit
wetso4,2000,-4.3509079592162353e-13,kg m-2 s-1
wetso4,2001,-4.615972511807296e-13,kg m-2 s-1
wetso4,2002,-4.391286659397688e-13,kg m-2 s-1
wetso4,2003,-4.402403281917858e-13,kg m-2 s-1
wetso4,2004,-4.804020671072137e-13,kg m-2 s-1
