variable,year,value,unit
rsutcs,2000,-0.0902841980336575,W m-2
rsutcs,2001,-0.10008358962593888,W m-2
rsutcs,2002,-0.09074066671084324,W m-2
rsutcs,2003,-0.09004526241650268,W m-2
rsutcs,2004,-0.10822584240321476,W m-2
