variable,year,value,unit
rlutcs,2000,0.06098676749229526,W m-2
rlutcs,2001,0.03790803572240975,W m-2
rlutcs,2002,0.0396482529446871,W m-2
rlutcs,2003,0.022871779623301336,W m-2
rlutcs,2004,0.016117127343818538,W m-2
