variable,year,value,unit
loadso2,2000,12.170683888493958,kg m-2
loadso2,2001,12.345023287519561,kg m-2
loadso2,2002,12.33243180947662,kg m-2
loadso2,2003,11.9816512695062,kg m-2
loadso2,2004,12.8465523668443,kg m-2
