variable,year,value,unit
dryso4,2000,9.798322960667475,kg m-2 s-1
dryso4,2001,9.66713225780153,kg m-2 s-1
dryso4,2002,9.74905647999459,kg m-2 s-1
dryso4,2003,10.162336699482882,kg m-2 s-1
dryso4,2004,10.255846284779228,kg m-2 s-1
