variable,year,value,unit
emiso2,2000,-4.461021078095542,kg m-2 s-1
emiso2,2001,-4.463627251571161,kg m-2 s-1
emiso2,2002,-4.438166591888653,kg m-2 s-1
emiso2,2003,-4.457541700584445,kg m-2 s-1
emiso2,2004,-4.495528644474154,kg m-2 s-1
