variable,year,value,unit
wetbc,2000,-1.0977256377651101,kg m-2 s-1
wetbc,2001,-1.1822740116613213,kg m-2 s-1
wetbc,2002,-1.130326187129537,kg m-2 s-1
wetbc,2003,-1.1095661410442084,kg m-2 s-1
wetbc,2004,-1.214011502509723,kg m-2 s-1
