variable,year,value,unit
rsut,2000,-1.051581640541371,W m-2
rsut,2001,-1.014368896868928,W m-2
rsut,2002,-0.8511269415489365,W m-2
rsut,2003,-0.7978050849657633,W m-2
rsut,2004,-0.7672788777148608,W m-2
