variable,year,value,unit
loadso2,2000,27.86771868907911,kg m-2
loadso2,2001,28.274415656149593,kg m-2
loadso2,2002,28.290637754277657,kg m-2
loadso2,2003,28.345998505577196,kg m-2
loadso2,2004,31.20463392161611,kg m-2
