variable,year,value,unit
mmrbc,2000,-0.47946128042190145,kg kg-1
mmrbc,2001,0.4701209417156479,kg kg-1
mmrbc,2002,-0.29686304566748833,kg kg-1
mmrbc,2003,-0.02458858056441855,kg kg-1
mmrbc,2004,0.1236791791582645,kg kg-1
