variable,year,value,unit
rsut,2000,-0.019988626152452633,W m-2
rsut,2001,-0.006115574051626416,W m-2
rsut,2002,-0.007598143039647272,W m-2
rsut,2003,-0.0003231009540867207,W m-2
rsut,2004,-0.009199181448759045,W m-2
