variable,year,value,unit
loadso4,2000,-2.0908902227846293,kg m-2
loadso4,2001,-1.483041425835863,kg m-2
loadso4,2002,-1.8137636422350727,kg m-2
loadso4,2003,-2.008393493706857,kg m-2
loadso4,2004,-1.7023390630614803,kg m-2
