variable,year,value,unit
rsut,2000,-0.15208747417365015,W m-2
rsut,2001,-0.04062311035011331,W m-2
rsut,2002,-0.029816654525030226,W m-2
rsut,2003,-0.09411432639335865,W m-2
rsut,2004,-0.08180275098546308,W m-2
