variable,year,value,unit
wetso4,2000,-1.22590599436448,kg m-2 s-1
wetso4,2001,-1.107929873305566,kg m-2 s-1
wetso4,2002,-1.0779585605610587,kg m-2 s-1
wetso4,2003,-1.1763424178924156,kg m-2 s-1
wetso4,2004,-1.201427140174733,kg m-2 s-1
