variable,year,value,unit
dryso4,2000,39.15485812041843,kg m-2 s-1
dryso4,2001,38.08971609495933,kg m-2 s-1
dryso4,2002,38.94825585952976,kg m-2 s-1
dryso4,2003,35.300391188980846,kg m-2 s-1
dryso4,2004,39.09021746170801,kg m-2 s-1
