variable,year,value,unit
wetbc,2000,-0.03998000054401935,kg m-2 s-1
wetbc,2001,0.06647166015863923,kg m-2 s-1
wetbc,2002,-0.020781719268074848,kg m-2 s-1
wetbc,2003,0.07804632946379012,kg m-2 s-1
wetbc,2004,0.035884296586559734,kg m-2 s-1
