variable,year,value,unit
cltc,2000,-0.177036033425004,%
cltc,2001,0.027193441616113596,%
cltc,2002,0.0012476686124576052,%
cltc,2003,-0.1304290645978515,%
cltc,2004,-0.25258739106325023,%
