variable,year,value,unit
wetso2,2000,-2.6937966483796343,kg m-2 s-1
wetso2,2001,-2.6927845249212177,kg m-2 s-1
wetso2,2002,-2.6125663969271264,kg m-2 s-1
wetso2,2003,-2.395211057634164,kg m-2 s-1
wetso2,2004,-3.242952853510759,kg m-2 s-1
