variable,year,value,unit
emibc,2000,6.060844981903323e-20,kg m-2 s-1
emibc,2001,-7.739104779687485e-20,kg m-2 s-1
emibc,2002,-4.5975763117618513e-20,kg m-2 s-1
emibc,2003,-1.447767018695512e-19,kg m-2 s-1
emibc,2004,-5.03403464807344e-20,kg m-2 s-1
