variable,year,value,unit
mmrbc,2000,3.071853836345747e-14,kg kg-1
mmrbc,2001,3.1864493610093584e-14,kg kg-1
mmrbc,2002,2.058012134345615e-14,kg kg-1
mmrbc,2003,-1.8725549126703783e-14,kg kg-1
mmrbc,2004,-2.0650607641427715e-14,kg kg-1
