variable,year,value,unit
mmrbc,2000,-5.769431165805211e-14,kg kg-1
mmrbc,2001,-1.6870879664401406e-13,kg kg-1
mmrbc,2002,4.497048544184482e-15,kg kg-1
mmrbc,2003,-1.5281784293991383e-13,kg kg-1
mmrbc,2004,-2.005234573080761e-14,kg kg-1
