variable,year,value,unit
loadbc,2000,1.1773640228090436e-11,kg m-2
loadbc,2001,-3.4012954841339397e-10,kg m-2
loadbc,2002,2.1264225892677693e-10,kg m-2
loadbc,2003,-7.771352125597625e-11,kg m-2
loadbc,2004,-6.55498003332421e-10,kg m-2
