variable,year,value,unit
rsut,2000,0.041265222394685,W m-2
rsut,2001,0.006976753297934124,W m-2
rsut,2002,0.016005675559540578,W m-2
rsut,2003,-0.014600251050865154,W m-2
rsut,2004,0.003415380737948226,W m-2
