variable,year,value,unit
dryso4,2000,2.106137424424318e-15,kg m-2 s-1
dryso4,2001,1.7834368613036615e-15,kg m-2 s-1
dryso4,2002,4.48897701447088e-15,kg m-2 s-1
dryso4,2003,4.662992591491965e-15,kg m-2 s-1
dryso4,2004,3.5773947252590496e-15,kg m-2 s-1
