variable,year,value,unit
clivi,2000,1.5287160106233072e-05,kg m-2
clivi,2001,1.1404794553245695e-05,kg m-2
clivi,2002,-5.613753680078215e-06,kg m-2
clivi,2003,-1.0698276702893195e-06,kg m-2
clivi,2004,8.597602942143207e-06,kg m-2
