variable,year,value,unit
loadbc,2000,1.0983666035896218e-10,kg m-2
loadbc,2001,-1.6550409864794885e-10,kg m-2
loadbc,2002,1.0069558108049768e-10,kg m-2
loadbc,2003,-5.944713289848437e-11,kg m-2
loadbc,2004,3.4258955396858346e-11,kg m-2
