variable,year,value,unit
loadso4,2000,1.6063271261802644e-08,kg m-2
loadso4,2001,1.874826077399718e-08,kg m-2
loadso4,2002,1.2337653075230051e-08,kg m-2
loadso4,2003,1.747280382581558e-08,kg m-2
loadso4,2004,1.6983014743536968e-08,kg m-2
