variable,year,value,unit
emiso2,2000,1.588758561184238e-14,kg m-2 s-1
emiso2,2001,1.5385388532454853e-14,kg m-2 s-1
emiso2,2002,1.6045592796192695e-14,kg m-2 s-1
emiso2,2003,1.6513833321176938e-14,kg m-2 s-1
emiso2,2004,1.6783396502723788e-14,kg m-2 s-1
