variable,year,value,unit
wetso4,2000,1.7838442065922436e-14,kg m-2 s-1
wetso4,2001,1.448983006447123e-14,kg m-2 s-1
wetso4,2002,1.105323559856975e-14,kg m-2 s-1
wetso4,2003,2.158714561632452e-14,kg m-2 s-1
wetso4,2004,1.4246348460837184e-14,kg m-2 s-1
