variable,year,value,unit
wetso2,2000,-7.743658356880351,kg m-2 s-1
wetso2,2001,-7.7433087078286045,kg m-2 s-1
wetso2,2002,-7.7015120301345235,kg m-2 s-1
wetso2,2003,-7.3855047533020715,kg m-2 s-1
wetso2,2004,-7.8863653978284045,kg m-2 s-1
