variable,year,value,unit
emiso2,2000,-5.452648774966988,kg m-2 s-1
emiso2,2001,-5.327723749589481,kg m-2 s-1
emiso2,2002,-5.229800058914787,kg m-2 s-1
emiso2,2003,-5.2502562129063834,kg m-2 s-1
emiso2,2004,-5.649282781855145,kg m-2 s-1
