variable,year,value,unit
cl,2000,-0.14672106460168902,%
cl,2001,-0.056781902582157456,%
cl,2002,0.2783497393796327,%
cl,2003,-0.14454276814497471,%
cl,2004,0.12063261511216763,%
