variable,year,value,unit
od550aer,2000,-0.7199207029095835,1
od550aer,2001,-1.4524802012322071,1
od550aer,2002,-1.2790822799094634,1
od550aer,2003,-0.997847406211015,1
od550aer,2004,-0.6927019832205829,1
