variable,year,value,unit
dryso2,2000,-5.426235531212377,kg m-2 s-1
dryso2,2001,-4.6286214030151545,kg m-2 s-1
dryso2,2002,-5.255099701100117,kg m-2 s-1
dryso2,2003,-5.011073352498709,kg m-2 s-1
dryso2,2004,-5.728209723700647,kg m-2 s-1
