variable,year,value,unit
mmrso4,2000,-29.01530407191893,kg kg-1
mmrso4,2001,-28.478698311963925,kg kg-1
mmrso4,2002,-20.353002850953924,kg kg-1
mmrso4,2003,-19.28999888708518,kg kg-1
mmrso4,2004,-15.647234307027308,kg kg-1
