variable,year,value,unit
mmrbc,2000,0.8173901382441532,kg kg-1
mmrbc,2001,0.4926726296545601,kg kg-1
mmrbc,2002,-0.6882202529147439,kg kg-1
mmrbc,2003,0.5208957319774536,kg kg-1
mmrbc,2004,-0.22322257862436834,kg kg-1
