variable,year,value,unit
loadso4,2000,0.02351115141128769,kg m-2
loadso4,2001,0.22743200450000758,kg m-2
loadso4,2002,0.006995875541947363,kg m-2
loadso4,2003,0.5958571045650042,kg m-2
loadso4,2004,0.21405022674704766,kg m-2
