variable,year,value,unit
loadbc,2000,0.3387433727634107,kg m-2
loadbc,2001,-0.12899995493852207,kg m-2
loadbc,2002,-0.2638094309302281,kg m-2
loadbc,2003,-0.15855847316803998,kg m-2
loadbc,2004,-0.16387074942323174,kg m-2
