variable,year,value,unit
dryso4,2000,5.10254946792962e-13,kg m-2 s-1
dryso4,2001,5.167928117165936e-13,kg m-2 s-1
dryso4,2002,5.134578182813565e-13,kg m-2 s-1
dryso4,2003,5.137636853508431e-13,kg m-2 s-1
dryso4,2004,5.091465003122171e-13,kg m-2 s-1
