variable,year,value,unit
rlut,2001,239.37988320249062,W m-2
rlut,2002,239.50259654878204,W m-2
rlut,2003,239.68715007830002,W m-2
rlut,2004,239.70660147961317,W m-2
