variable,year,value,unit
dms,2000,2.9269663600240904e-10,mol mol-1
dms,2001,2.9208492084514877e-10,mol mol-1
dms,2002,2.998391440246934e-10,mol mol-1
dms,2003,2.990239977427472e-10,mol mol-1
dms,2004,2.994945280939496e-10,mol mol-1
