variable,year,value,unit
clt,2001,64.47163448216412,%
clt,2002,64.61378735298736,%
clt,2003,64.51995599002473,%
clt,2004,64.58953708614531,%
