variable,year,value,unit
wetbc,2001,7.782938593903599e-14,kg m-2 s-1
wetbc,2002,8.494133637314446e-14,kg m-2 s-1
wetbc,2003,7.795407214905018e-14,kg m-2 s-1
wetbc,2004,8.259968238899413e-14,kg m-2 s-1
