variable,year,value,unit
rlutcs,2000,263.08766414440584,W m-2
rlutcs,2001,263.4506694042463,W m-2
rlutcs,2002,263.92114948553217,W m-2
rlutcs,2003,263.99949406054446,W m-2
rlutcs,2004,264.07365730824705,W m-2
