variable,year,value,unit
rlutcs,2001,265.6564549839711,W m-2
rlutcs,2002,266.1581910449878,W m-2
rlutcs,2003,265.8057340732425,W m-2
rlutcs,2004,265.8334921786535,W m-2
