variable,year,value,unit
rsdt,2000,341.8116803359875,W m-2
rsdt,2001,341.8297354931873,W m-2
rsdt,2002,341.6977606383705,W m-2
rsdt,2003,341.8086776488823,W m-2
rsdt,2004,341.5902816075405,W m-2
