variable,year,value,unit
cl,2000,7.694788083863299,%
cl,2001,7.636324314553812,%
cl,2002,8.062364829690505,%
cl,2003,7.75669651250442,%
cl,2004,8.008215124353917,%
