variable,year,value,unit
dryso4,2000,3.0721491625772205e-13,kg m-2 s-1
dryso4,2001,3.2326177599295014e-13,kg m-2 s-1
dryso4,2002,3.104212633740874e-13,kg m-2 s-1
dryso4,2003,3.252141652912952e-13,kg m-2 s-1
dryso4,2004,3.334728866460143e-13,kg m-2 s-1
