variable,year,value,unit
clivi,2000,0.0557943722678131,kg m-2
clivi,2001,0.0568128614437356,kg m-2
clivi,2002,0.057867361045125125,kg m-2
clivi,2003,0.057718170353692394,kg m-2
clivi,2004,0.05644165859561069,kg m-2
