variable,year,value,unit
dryso2,2001,3.532311936845849e-12,kg m-2 s-1
dryso2,2002,3.638537972053151e-12,kg m-2 s-1
dryso2,2003,3.536278326568262e-12,kg m-2 s-1
dryso2,2004,3.6133623142856753e-12,kg m-2 s-1
