variable,year,value,unit
bldep,2000,524.3073558312735,m
bldep,2001,522.7589451910567,m
bldep,2002,513.6089300150278,m
bldep,2003,517.2509754988806,m
bldep,2004,517.9566056954799,m
