variable,year,value,unit
drybc,2001,1.051227427012795e-14,kg m-2 s-1
drybc,2002,1.1009605920379308e-14,kg m-2 s-1
drybc,2003,1.0643740456216648e-14,kg m-2 s-1
drybc,2004,1.1032720538286727e-14,kg m-2 s-1
