variable,year,value,unit
dms,2000,1.9659635657183266e-10,mol mol-1
dms,2001,2.0121096326435324e-10,mol mol-1
dms,2002,2.0672242175211566e-10,mol mol-1
dms,2003,2.0044123616382015e-10,mol mol-1
dms,2004,2.0156689235981509e-10,mol mol-1
