variable,year,value,unit
cl,2000,9.228730595373028,%
cl,2001,9.32539691265706,%
cl,2002,9.7043052641831,%
cl,2003,9.406954725855762,%
cl,2004,9.463781976782485,%
