variable,year,value,unit
wetso2,2001,9.674376518282747e-16,kg m-2 s-1
wetso2,2002,1.0344989177543973e-15,kg m-2 s-1
wetso2,2003,9.649214071287006e-16,kg m-2 s-1
wetso2,2004,9.847074774514251e-16,kg m-2 s-1
