variable,year,value,unit
cltc,2001,6.46089393887701,%
cltc,2002,6.419967317090036,%
cltc,2003,6.352916549885262,%
cltc,2004,6.356762362468438,%
