variable,year,value,unit
rsutcs,2000,38.570227362994366,W m-2
rsutcs,2001,38.54011835191913,W m-2
rsutcs,2002,38.527047497220515,W m-2
rsutcs,2003,38.619557883540274,W m-2
rsutcs,2004,38.6370137345202,W m-2
