variable,year,value,unit
emiso2,2000,4.527155924689327e-13,kg m-2 s-1
emiso2,2001,4.686998513934958e-13,kg m-2 s-1
emiso2,2002,4.597883507862448e-13,kg m-2 s-1
emiso2,2003,4.651824909286676e-13,kg m-2 s-1
emiso2,2004,4.91712882164207e-13,kg m-2 s-1
