variable,year,value,unit
so2,2000,1.0257613556842248e-10,mol mol-1
so2,2001,9.983984619464089e-11,mol mol-1
so2,2002,1.0191256155256806e-10,mol mol-1
so2,2003,9.808428475225554e-11,mol mol-1
so2,2004,1.0055628636832534e-10,mol mol-1
