variable,year,value,unit
rsdt,2000,341.811680348056,W m-2
rsdt,2001,341.8297355451797,W m-2
rsdt,2002,341.6977606970703,W m-2
rsdt,2003,341.8086776196556,W m-2
rsdt,2004,341.5902814650485,W m-2
