variable,year,value,unit
rlutcs,2000,260.3975520100544,W m-2
rlutcs,2001,260.762583871159,W m-2
rlutcs,2002,261.03489870163475,W m-2
rlutcs,2003,260.89834296041545,W m-2
rlutcs,2004,261.0257544293976,W m-2
