variable,year,value,unit
rsut,2000,94.84604546378358,W m-2
rsut,2001,94.55137870876862,W m-2
rsut,2002,95.73409973697916,W m-2
rsut,2003,95.1375388720702,W m-2
rsut,2004,95.7441711781109,W m-2
