variable,year,value,unit
so2,2000,9.124147496922971e-11,mol mol-1
so2,2001,8.74732831205581e-11,mol mol-1
so2,2002,8.923720054232987e-11,mol mol-1
so2,2003,8.692370278010006e-11,mol mol-1
so2,2004,8.947078602935273e-11,mol mol-1
