variable,year,value,unit
emiso2,2001,1.4298583519229176e-12,kg m-2 s-1
emiso2,2002,1.4161037505057355e-12,kg m-2 s-1
emiso2,2003,1.4197564874198445e-12,kg m-2 s-1
emiso2,2004,1.4499453515712876e-12,kg m-2 s-1
