variable,year,value,unit
wetso2,2000,9.07360837400311e-16,kg m-2 s-1
wetso2,2001,8.818583226840655e-16,kg m-2 s-1
wetso2,2002,9.473976846031621e-16,kg m-2 s-1
wetso2,2003,8.89856780854656e-16,kg m-2 s-1
wetso2,2004,9.169805415612528e-16,kg m-2 s-1
