variable,year,value,unit
mmrso4,2000,2.6363006226511717e-10,kg kg-1
mmrso4,2001,2.7180905956195417e-10,kg kg-1
mmrso4,2002,2.6985086322925367e-10,kg kg-1
mmrso4,2003,2.790566049582306e-10,kg kg-1
mmrso4,2004,2.8534150093892856e-10,kg kg-1
