variable,year,value,unit
rsdt,2001,340.2637165868521,W m-2
rsdt,2002,340.2615439166146,W m-2
rsdt,2003,340.18145699547375,W m-2
rsdt,2004,340.29371550158754,W m-2
