variable,year,value,unit
mmrso4,2000,2.6257412209360597e-10,kg kg-1
mmrso4,2001,2.634406236919245e-10,kg kg-1
mmrso4,2002,2.780211756267216e-10,kg kg-1
mmrso4,2003,2.774070660195036e-10,kg kg-1
mmrso4,2004,2.706256942364432e-10,kg kg-1
