variable,year,value,unit
emiso2,2000,9.559755229552307e-13,kg m-2 s-1
emiso2,2001,9.611867854980263e-13,kg m-2 s-1
emiso2,2002,9.67486420029028e-13,kg m-2 s-1
emiso2,2003,9.68846556489178e-13,kg m-2 s-1
emiso2,2004,7.818544240132353e-13,kg m-2 s-1
