variable,year,value,unit
rsut,2000,96.76209937139888,W m-2
rsut,2001,97.37442766519203,W m-2
rsut,2002,97.27012633291615,W m-2
rsut,2003,96.8808966423957,W m-2
rsut,2004,97.1575880084749,W m-2
