variable,year,value,unit
rsdt,2000,340.55753608321055,W m-2
rsdt,2001,340.53726557654005,W m-2
rsdt,2002,340.5483048276678,W m-2
rsdt,2003,340.4288026487157,W m-2
rsdt,2004,340.37600568728135,W m-2
