variable,year,value,unit
mmrso4,2000,2.099385791132215e-10,kg kg-1
mmrso4,2001,2.0996543028571313e-10,kg kg-1
mmrso4,2002,2.1479108878223363e-10,kg kg-1
mmrso4,2003,2.2086381350278116e-10,kg kg-1
mmrso4,2004,2.2159017326630423e-10,kg kg-1
