variable,year,value,unit
cl,2000,2.850906884465802,%
cl,2001,2.9714459311505657,%
cl,2002,3.2568406186549503,%
cl,2003,2.979630108032798,%
cl,2004,3.115437279321711,%
