variable,year,value,unit
loadso2,2000,3.8063969280696384e-07,kg m-2
loadso2,2001,3.898554170971932e-07,kg m-2
loadso2,2002,3.881141320190579e-07,kg m-2
loadso2,2003,4.047235671721954e-07,kg m-2
loadso2,2004,3.8189624888919634e-07,kg m-2
