variable,year,value,unit
so2,2001,3.176219804277935e-11,mol mol-1
so2,2002,3.189361377541772e-11,mol mol-1
so2,2003,3.15530547936083e-11,mol mol-1
so2,2004,3.174602816217261e-11,mol mol-1
