variable,year,value,unit
wetbc,2000,6.166131764990296e-14,kg m-2 s-1
wetbc,2001,7.051574310263767e-14,kg m-2 s-1
wetbc,2002,7.414815128773073e-14,kg m-2 s-1
wetbc,2003,7.013652263294132e-14,kg m-2 s-1
wetbc,2004,6.979269815850012e-14,kg m-2 s-1
