variable,year,value,unit
dryso2,2000,3.208167634763746e-13,kg m-2 s-1
dryso2,2001,3.3252956055957615e-13,kg m-2 s-1
dryso2,2002,3.3096035944264165e-13,kg m-2 s-1
dryso2,2003,3.342069280164308e-13,kg m-2 s-1
dryso2,2004,3.3645230612323297e-13,kg m-2 s-1
