variable,year,value,unit
emiso2,2000,1.0978760162698008e-12,kg m-2 s-1
emiso2,2001,1.1095141511400275e-12,kg m-2 s-1
emiso2,2002,1.0986230083944663e-12,kg m-2 s-1
emiso2,2003,1.1049033837015123e-12,kg m-2 s-1
emiso2,2004,1.1296196630646154e-12,kg m-2 s-1
