variable,year,value,unit
dryso4,2001,3.8792203925026727e-13,kg m-2 s-1
dryso4,2002,4.0014643502796794e-13,kg m-2 s-1
dryso4,2003,3.9977466761283657e-13,kg m-2 s-1
dryso4,2004,4.0533087697908096e-13,kg m-2 s-1
