variable,year,value,unit
rlutcs,2000,260.6935147673204,W m-2
rlutcs,2001,260.838784683939,W m-2
rlutcs,2002,261.2224738621341,W m-2
rlutcs,2003,261.1526572524068,W m-2
rlutcs,2004,261.163641575747,W m-2
