variable,year,value,unit
loadso4,2000,-2.248354843092456,kg m-2
loadso4,2001,-2.315579953744881,kg m-2
loadso4,2002,-2.395689405106811,kg m-2
loadso4,2003,-2.5448989493222216,kg m-2
loadso4,2004,-2.5790244856957854,kg m-2
