variable,year,value,unit
loadso4,2000,-1.4232928958981852,kg m-2
loadso4,2001,-1.3696300246345692,kg m-2
loadso4,2002,-1.2802783491269396,kg m-2
loadso4,2003,-1.145298511782341,kg m-2
loadso4,2004,-1.2848791473309282,kg m-2
