variable,year,value,unit
rlutcs,2000,0.0022499569718385597,W m-2
rlutcs,2001,-0.004958075922698544,W m-2
rlutcs,2002,-0.007400740946005654,W m-2
rlutcs,2003,-0.0012572408264446531,W m-2
rlutcs,2004,-0.001932450921939897,W m-2
