variable,year,value,unit
dryso2,2000,-5.9342223446452715,kg m-2 s-1
dryso2,2001,-5.920373558789225,kg m-2 s-1
dryso2,2002,-5.7577085584722525,kg m-2 s-1
dryso2,2003,-6.793261095716349,kg m-2 s-1
dryso2,2004,-6.972771510761631,kg m-2 s-1
