variable,year,value,unit
rsutcs,2000,0.030768461238384736,W m-2
rsutcs,2001,-0.027267733833757832,W m-2
rsutcs,2002,0.04476283153703091,W m-2
rsutcs,2003,0.1087362818769577,W m-2
rsutcs,2004,0.04636949749205218,W m-2
