variable,year,value,unit
dryso4,2000,-4.623132203527362,kg m-2 s-1
dryso4,2001,-5.309071134821039,kg m-2 s-1
dryso4,2002,-4.4432535721998825,kg m-2 s-1
dryso4,2003,-6.113494019236534,kg m-2 s-1
dryso4,2004,-6.2536110359730195,kg m-2 s-1
