variable,year,value,unit
rlutcs,2000,-0.006700287614228031,W m-2
rlutcs,2001,-0.013255164279538526,W m-2
rlutcs,2002,-0.0008195305340492732,W m-2
rlutcs,2003,-0.0017530218791975446,W m-2
rlutcs,2004,-0.004938608724366667,W m-2
