variable,year,value,unit
mmrso4,2001,0.4826024594272,kg kg-1
mmrso4,2002,-1.0997428326796403,kg kg-1
mmrso4,2003,-0.3983272794900924,kg kg-1
mmrso4,2004,0.6507597151010468,kg kg-1
mmrso4,2005,3.648237985634426,kg kg-1
