variable,year,value,unit
wetso4,2000,0.20262772585575972,kg m-2 s-1
wetso4,2001,0.2194743854726702,kg m-2 s-1
wetso4,2002,0.21423291521148538,kg m-2 s-1
wetso4,2003,0.17329943832305897,kg m-2 s-1
wetso4,2004,0.20998998567243063,kg m-2 s-1
