variable,year,value,unit
dryso2,2000,-0.029837787322644853,kg m-2 s-1
dryso2,2001,-0.07161959788845909,kg m-2 s-1
dryso2,2002,-0.03777890424473174,kg m-2 s-1
dryso2,2003,-0.012965855252427624,kg m-2 s-1
dryso2,2004,-0.059219491057000036,kg m-2 s-1
