variable,year,value,unit
rsdt,2000,-8.954909705727548e-08,W m-2
rsdt,2001,1.057522569268508e-08,W m-2
rsdt,2002,3.5443255291773535e-08,W m-2
rsdt,2003,-5.872809923661472e-08,W m-2
rsdt,2004,-3.4964854031027623e-09,W m-2
