variable,year,value,unit
mmrbc,2000,0.002929121199348876,kg kg-1
mmrbc,2001,-0.010574259740594845,kg kg-1
mmrbc,2002,-0.06360382801930822,kg kg-1
mmrbc,2003,0.03921488281373137,kg kg-1
mmrbc,2004,0.02587470212855904,kg kg-1
