variable,year,value,unit
emibc,2000,-7.828863562907425e-07,kg m-2 s-1
emibc,2001,-1.0187752977767207e-06,kg m-2 s-1
emibc,2002,-1.9764875671124863e-06,kg m-2 s-1
emibc,2003,1.4304073136908017e-07,kg m-2 s-1
emibc,2004,3.0793629697669383e-06,kg m-2 s-1
