variable,year,value,unit
emiso2,2000,0.11311736745688537,kg m-2 s-1
emiso2,2001,0.11824855907537085,kg m-2 s-1
emiso2,2002,0.110861775321691,kg m-2 s-1
emiso2,2003,0.10928670427439581,kg m-2 s-1
emiso2,2004,0.11256183637596898,kg m-2 s-1
