variable,year,value,unit
loadso2,2000,0.25193992484845606,kg m-2
loadso2,2001,0.20517683959767435,kg m-2
loadso2,2002,0.12068666124967359,kg m-2
loadso2,2003,0.17509226716366755,kg m-2
loadso2,2004,0.11069866156543667,kg m-2
