variable,year,value,unit
emiso2,2000,-0.019279909799859104,kg m-2 s-1
emiso2,2001,-0.018068565250827454,kg m-2 s-1
emiso2,2002,-0.01773680947616904,kg m-2 s-1
emiso2,2003,-0.01828905691667361,kg m-2 s-1
emiso2,2004,-0.01975040329560059,kg m-2 s-1
