variable,year,value,unit
mmrbc,2000,3.357927152438804e-05,kg kg-1
mmrbc,2001,-0.04175476332149966,kg kg-1
mmrbc,2002,0.012657502888746237,kg kg-1
mmrbc,2003,0.05370022099841772,kg kg-1
mmrbc,2004,0.01824358890051883,kg kg-1
