variable,year,value,unit
dryso2,2001,-7.475137994656535e-14,kg m-2 s-1
dryso2,2002,-7.312444901509218e-14,kg m-2 s-1
dryso2,2003,-7.2521774528191e-14,kg m-2 s-1
dryso2,2004,-7.34653700209681e-14,kg m-2 s-1
