variable,year,value,unit
loadbc,2000,-2.3375025836033557e-12,kg m-2
loadbc,2001,-1.2463020358091851e-11,kg m-2
loadbc,2002,-2.0547205967355626e-11,kg m-2
loadbc,2003,-2.551535274426422e-11,kg m-2
loadbc,2004,5.6465962340419145e-12,kg m-2
