variable,year,value,unit
mmrso4,2000,2.359991613537243e-11,kg kg-1
mmrso4,2001,2.5479564395351677e-11,kg kg-1
mmrso4,2002,2.7151636788479978e-11,kg kg-1
mmrso4,2003,2.3319916587249283e-11,kg kg-1
mmrso4,2004,2.560647622620426e-11,kg kg-1
