variable,year,value,unit
rlutcs,2001,-0.027027063621233083,W m-2
rlutcs,2002,-0.010431462907774858,W m-2
rlutcs,2003,-0.01713954305785137,W m-2
rlutcs,2004,0.019043248210664387,W m-2
