variable,year,value,unit
wetso2,2001,-2.0549717343190938e-14,kg m-2 s-1
wetso2,2002,-2.6099819701234537e-14,kg m-2 s-1
wetso2,2003,-2.329917381545418e-14,kg m-2 s-1
wetso2,2004,-2.033142306769376e-14,kg m-2 s-1
