variable,year,value,unit
emibc,2000,-4.979760447290028e-22,kg m-2 s-1
emibc,2001,-1.02351348846946e-21,kg m-2 s-1
emibc,2002,1.971335381807955e-21,kg m-2 s-1
emibc,2003,8.563849993086011e-21,kg m-2 s-1
emibc,2004,-1.2562060742236834e-21,kg m-2 s-1
