variable,year,value,unit
loadbc,2000,-1.5566577001554409e-10,kg m-2
loadbc,2001,1.2518599967095006e-10,kg m-2
loadbc,2002,7.990690634848199e-11,kg m-2
loadbc,2003,-9.066703049250485e-11,kg m-2
loadbc,2004,4.394848151987263e-10,kg m-2
