variable,year,value,unit
wetso4,2000,1.753633362265204e-13,kg m-2 s-1
wetso4,2001,1.7853029932493118e-13,kg m-2 s-1
wetso4,2002,1.567724462794407e-13,kg m-2 s-1
wetso4,2003,2.0507116989360478e-13,kg m-2 s-1
wetso4,2004,1.9438434471102565e-13,kg m-2 s-1
