variable,year,value,unit
wetbc,2000,1.3005645679131875e-16,kg m-2 s-1
wetbc,2001,-1.5767378318459535e-16,kg m-2 s-1
wetbc,2002,-1.1902632279018421e-16,kg m-2 s-1
wetbc,2003,-1.0299252892488678e-16,kg m-2 s-1
wetbc,2004,4.797328794613522e-16,kg m-2 s-1
