variable,year,value,unit
mmrso4,2001,6.318126036952051e-11,kg kg-1
mmrso4,2002,6.034962316132814e-11,kg kg-1
mmrso4,2003,6.153684124765168e-11,kg kg-1
mmrso4,2004,6.075533200412616e-11,kg kg-1
