variable,year,value,unit
emiso2,2000,-1.5110997214123486e-13,kg m-2 s-1
emiso2,2001,-1.5558188241582353e-13,kg m-2 s-1
emiso2,2002,-1.486628922418847e-13,kg m-2 s-1
emiso2,2003,-2.6021534322779883e-14,kg m-2 s-1
emiso2,2004,-1.583556902159616e-13,kg m-2 s-1
