variable,year,value,unit
dryso4,2000,1.4030119635763034e-13,kg m-2 s-1
dryso4,2001,1.390900886268987e-13,kg m-2 s-1
dryso4,2002,1.3329204723386108e-13,kg m-2 s-1
dryso4,2003,1.427417062000063e-13,kg m-2 s-1
dryso4,2004,1.285095777029738e-13,kg m-2 s-1
