variable,year,value,unit
loadbc,2000,-4.6554766377651897e-10,kg m-2
loadbc,2001,-3.2758593845856486e-10,kg m-2
loadbc,2002,1.2571826348928518e-10,kg m-2
loadbc,2003,-6.745441100721545e-10,kg m-2
loadbc,2004,9.350036835550449e-11,kg m-2
