variable,year,value,unit
wetbc,2001,6.540370563719005e-16,kg m-2 s-1
wetbc,2002,-6.728229247470257e-16,kg m-2 s-1
wetbc,2003,1.6478286013200775e-16,kg m-2 s-1
wetbc,2004,1.2793518730153422e-15,kg m-2 s-1
