variable,year,value,unit
clivi,2000,3.517962552279652e-05,kg m-2
clivi,2001,-5.150465763586326e-05,kg m-2
clivi,2002,3.025176525003198e-05,kg m-2
clivi,2003,0.00012629859854857567,kg m-2
clivi,2004,-0.00015307775917969974,kg m-2
