variable,year,value,unit
dryso2,2001,-2.313595541580052e-13,kg m-2 s-1
dryso2,2002,-2.1613211473015064e-13,kg m-2 s-1
dryso2,2003,-2.168608638814066e-13,kg m-2 s-1
dryso2,2004,-2.132468316289183e-13,kg m-2 s-1
