variable,year,value,unit
dms,2000,3.736719854015493e-14,mol mol-1
dms,2001,2.5828976859223243e-14,mol mol-1
dms,2002,5.363948248236953e-14,mol mol-1
dms,2003,4.490589701553125e-14,mol mol-1
dms,2004,1.8623835769090206e-14,mol mol-1
