variable,year,value,unit
od550aer,2000,0.0021601395323174455,1
od550aer,2001,0.0019107760488592807,1
od550aer,2002,0.0018393194092779785,1
od550aer,2003,0.0018844582391038533,1
od550aer,2004,0.0018344799942728862,1
