variable,year,value,unit
rlutcs,2000,-0.005776359560400124,W m-2
rlutcs,2001,-0.015636480628359095,W m-2
rlutcs,2002,-0.012165088613869557,W m-2
rlutcs,2003,0.00025595212395046474,W m-2
rlutcs,2004,-0.0024427852705457553,W m-2
