variable,year,value,unit
so2,2000,-5.502090457144091e-12,mol mol-1
so2,2001,-5.409542173912182e-12,mol mol-1
so2,2002,-5.506523420891085e-12,mol mol-1
so2,2003,-5.679320799183775e-12,mol mol-1
so2,2004,-5.332616768126774e-12,mol mol-1
