variable,year,value,unit
cl,2000,-0.012635590003015285,%
cl,2001,0.015984892915157367,%
cl,2002,0.0012271676532003006,%
cl,2003,-0.008115972043930775,%
cl,2004,-0.010366829816836454,%
