variable,year,value,unit
mmrso4,2001,5.19011713806685e-11,kg kg-1
mmrso4,2002,4.818141185199164e-11,kg kg-1
mmrso4,2003,5.009855275767666e-11,kg kg-1
mmrso4,2004,5.043657222501773e-11,kg kg-1
