variable,year,value,unit
rsut,2001,-0.015121869214183903,W m-2
rsut,2002,0.08120198243997834,W m-2
rsut,2003,0.04680924865120062,W m-2
rsut,2004,0.0683457109417418,W m-2
