variable,year,value,unit
wetso4,2000,1.4134248462107593e-13,kg m-2 s-1
wetso4,2001,1.5779487118577353e-13,kg m-2 s-1
wetso4,2002,1.5149473796233388e-13,kg m-2 s-1
wetso4,2003,1.3849391689978497e-13,kg m-2 s-1
wetso4,2004,1.4795240661474017e-13,kg m-2 s-1
