variable,year,value,unit
rsut,2001,-0.05045951872926935,W m-2
rsut,2002,-0.11614399934150299,W m-2
rsut,2003,-0.17293083614455895,W m-2
rsut,2004,0.008497742198500191,W m-2
