variable,year,value,unit
rlutcs,2000,0.007297346825680506,W m-2
rlutcs,2001,0.0156596015544892,W m-2
rlutcs,2002,-0.0014298103713485943,W m-2
rlutcs,2003,0.005527207012562485,W m-2
rlutcs,2004,0.007352281282294371,W m-2
