variable,year,value,unit
rsutcs,2001,0.016489354201645767,W m-2
rsutcs,2002,0.01874299526343748,W m-2
rsutcs,2003,0.021054120077671712,W m-2
rsutcs,2004,0.0167511242637417,W m-2
