variable,year,value,unit
rsutcs,2001,0.08023090931260413,W m-2
rsutcs,2002,0.07436845963294303,W m-2
rsutcs,2003,0.08269936180015947,W m-2
rsutcs,2004,0.07403488018438509,W m-2
