variable,year,value,unit
clivi,2000,-0.0001983428330252085,kg m-2
clivi,2001,-7.756446492755698e-05,kg m-2
clivi,2002,0.0003085910820875143,kg m-2
clivi,2003,0.00020548585361966631,kg m-2
clivi,2004,0.0010413445747143035,kg m-2
