variable,year,value,unit
dms,2000,-1.7456909514288795e-15,mol mol-1
dms,2001,1.5551303200650387e-14,mol mol-1
dms,2002,-7.726090671742403e-14,mol mol-1
dms,2003,-7.003801843858169e-14,mol mol-1
dms,2004,-1.0778331007054597e-14,mol mol-1
