variable,year,value,unit
rsutcs,2000,0.05218289626435535,W m-2
rsutcs,2001,0.053758875867039535,W m-2
rsutcs,2002,0.047805230779253804,W m-2
rsutcs,2003,0.05235559089502573,W m-2
rsutcs,2004,0.05536893773540186,W m-2
