variable,year,value,unit
wetso4,2001,2.584347040648128e-13,kg m-2 s-1
wetso4,2002,2.3067995379250876e-13,kg m-2 s-1
wetso4,2003,2.301674974785808e-13,kg m-2 s-1
wetso4,2004,2.1341024556194593e-13,kg m-2 s-1
