variable,year,value,unit
rsut,2000,0.3991283583592917,W m-2
rsut,2001,0.2442608514010658,W m-2
rsut,2002,0.22386198720917605,W m-2
rsut,2003,0.23849173452265404,W m-2
rsut,2004,0.14870063629808783,W m-2
