variable,year,value,unit
rlutcs,2000,0.04252530195452664,W m-2
rlutcs,2001,0.014462755592148824,W m-2
rlutcs,2002,-0.02539134001375487,W m-2
rlutcs,2003,0.003665542658893628,W m-2
rlutcs,2004,-0.001779962684054226,W m-2
