variable,year,value,unit
dms,2000,9.029172329173701e-13,mol mol-1
dms,2001,9.02426793240755e-13,mol mol-1
dms,2002,8.669972351373895e-13,mol mol-1
dms,2003,1.1353481616522996e-12,mol mol-1
dms,2004,9.756105498352558e-13,mol mol-1
