variable,year,value,unit
rsutcs,2001,0.046999379796012875,W m-2
rsutcs,2002,0.028196374117463563,W m-2
rsutcs,2003,0.026765212424137985,W m-2
rsutcs,2004,0.02390726785410635,W m-2
