variable,year,value,unit
rsutcs,2000,0.013438683434359323,W m-2
rsutcs,2001,-0.02822024923190428,W m-2
rsutcs,2002,-0.13564194277516825,W m-2
rsutcs,2003,-0.04069984804693157,W m-2
rsutcs,2004,-0.10765355345682079,W m-2
