variable,year,value,unit
rsutcs,2000,0.007193479697587969,W m-2
rsutcs,2001,-0.007879885096364114,W m-2
rsutcs,2002,-0.0033519814240886626,W m-2
rsutcs,2003,-0.006038543003666102,W m-2
rsutcs,2004,-0.005830832416015765,W m-2
