variable,year,value,unit
rlut,2000,0.006390764886547536,W m-2
rlut,2001,-0.009491063091509893,W m-2
rlut,2002,0.005625527123272668,W m-2
rlut,2003,-0.0017019435374873138,W m-2
rlut,2004,-0.004310014124709274,W m-2
