variable,year,value,unit
od550aer,2000,1.027594624114537,1
od550aer,2001,1.178416338990401,1
od550aer,2002,0.9349646534689584,1
od550aer,2003,1.2014308775460145,1
od550aer,2004,0.5457522581371677,1
