variable,year,value,unit
loadso2,2000,-0.6810485899620509,kg m-2
loadso2,2001,-0.6939606028335347,kg m-2
loadso2,2002,-0.5718825372749238,kg m-2
loadso2,2003,-0.6025922370690592,kg m-2
loadso2,2004,-0.7083766535627576,kg m-2
