variable,year,value,unit
wetbc,2000,0.21321642414394273,kg m-2 s-1
wetbc,2001,0.014971334003349452,kg m-2 s-1
wetbc,2002,-0.03158001628946976,kg m-2 s-1
wetbc,2003,0.09007921376686899,kg m-2 s-1
wetbc,2004,0.13015872011619115,kg m-2 s-1
