variable,year,value,unit
rsut,2000,-0.03037858283765092,W m-2
rsut,2001,0.00792242651410144,W m-2
rsut,2002,-0.02144869065838054,W m-2
rsut,2003,-0.022089287068225532,W m-2
rsut,2004,-0.059934292095330396,W m-2
