variable,year,value,unit
dms,2000,-0.9639186594317511,mol mol-1
dms,2001,-1.0086412351921046,mol mol-1
dms,2002,-0.0779474966593926,mol mol-1
dms,2003,0.4572062872575611,mol mol-1
dms,2004,0.27781451459924866,mol mol-1
