variable,year,value,unit
emiso2,2000,-0.0027174355244360565,kg m-2 s-1
emiso2,2001,-0.0026229640232802815,kg m-2 s-1
emiso2,2002,-0.002569700041374614,kg m-2 s-1
emiso2,2003,-0.0026200459027208877,kg m-2 s-1
emiso2,2004,-0.0028694501296772958,kg m-2 s-1
