variable,year,value,unit
wetso2,2000,-0.7061787074155168,kg m-2 s-1
wetso2,2001,-0.6419117625400295,kg m-2 s-1
wetso2,2002,-0.5625007807080243,kg m-2 s-1
wetso2,2003,-0.5747478522372544,kg m-2 s-1
wetso2,2004,-0.8912176907745435,kg m-2 s-1
