variable,year,value,unit
od550aer,2001,-0.8265257181821183,1
od550aer,2002,0.358807114209292,1
od550aer,2003,0.32280625798238133,1
od550aer,2004,0.8097794521361812,1
od550aer,2005,0.13836595897571824,1
