variable,year,value,unit
drybc,2000,0.2542073961356374,kg m-2 s-1
drybc,2001,0.019182963446169383,kg m-2 s-1
drybc,2002,-0.3418067498438959,kg m-2 s-1
drybc,2003,0.3391022321365434,kg m-2 s-1
drybc,2004,-0.013337778209770036,kg m-2 s-1
