variable,year,value,unit
cl,2001,-0.9222125004353654,%
cl,2002,0.012740677184366936,%
cl,2003,-4.344796489552767,%
cl,2004,4.281648518725654,%
cl,2005,-0.4573783823920175,%
