variable,year,value,unit
clivi,2000,2.563284258755988e-06,kg m-2
clivi,2001,2.972621270875414e-06,kg m-2
clivi,2002,9.344554288638965e-06,kg m-2
clivi,2003,3.6284347194066174e-06,kg m-2
clivi,2004,2.2061713118685933e-08,kg m-2
clivi,2005,-1.7750299636742906e-05,kg m-2
clivi,2006,4.955269394457326e-07,kg m-2
clivi,2007,-4.750174022527705e-06,kg m-2
clivi,2008,-3.445798639548862e-05,kg m-2
clivi,2009,-1.3696561139214629e-05,kg m-2
