variable,year,value,unit
srfdms,2000,-0.05031727155855795,mol mol-1
srfdms,2001,0.005692879078386975,mol mol-1
srfdms,2002,-0.009303862504988006,mol mol-1
srfdms,2003,-0.024191992645850483,mol mol-1
srfdms,2004,-0.021679806774371556,mol mol-1
