variable,year,value,unit
rsutcs,2001,-0.10359389310613247,W m-2
rsutcs,2002,0.1001456227649228,W m-2
rsutcs,2003,-0.06283514264585759,W m-2
rsutcs,2004,0.0030188474021270784,W m-2
rsutcs,2005,-0.040800907906150236,W m-2
