variable,year,value,unit
dryso4,2000,-1.5364937412158579e-16,kg m-2 s-1
dryso4,2001,-2.2619192402698374e-16,kg m-2 s-1
dryso4,2002,6.298888210148134e-17,kg m-2 s-1
dryso4,2003,3.0776883393434603e-16,kg m-2 s-1
dryso4,2004,-1.3767638320139177e-16,kg m-2 s-1
dryso4,2005,-7.179514557672456e-17,kg m-2 s-1
dryso4,2006,-3.9816762401970893e-16,kg m-2 s-1
dryso4,2007,-8.315479866382427e-16,kg m-2 s-1
dryso4,2008,-2.786817487780155e-16,kg m-2 s-1
dryso4,2009,-6.071905521761764e-16,kg m-2 s-1
