variable,year,value,unit
rlutcs,2000,-4.710855862182443e-05,W m-2
rlutcs,2001,-7.343556037695601e-05,W m-2
rlutcs,2002,5.1352969399427395e-05,W m-2
rlutcs,2003,3.317406083233429e-05,W m-2
rlutcs,2004,-1.3522530839490648e-05,W m-2
