variable,year,value,unit
cltc,2001,3.867034739119414,%
cltc,2002,3.45901837926455,%
cltc,2003,-3.2718365034661585,%
cltc,2004,0.47081006031495815,%
cltc,2005,-1.1414823619757766,%
