variable,year,value,unit
mmrbc,2000,0.1476206280671139,kg kg-1
mmrbc,2001,-0.23234754846745914,kg kg-1
mmrbc,2002,-0.5644977720045413,kg kg-1
mmrbc,2003,0.4282289277534759,kg kg-1
mmrbc,2004,0.2029968439142626,kg kg-1
