variable,year,value,unit
dms,2000,-0.21858069889815257,mol mol-1
dms,2001,0.03745351267480705,mol mol-1
dms,2002,0.025334733942926336,mol mol-1
dms,2003,0.12827095566252214,mol mol-1
dms,2004,-0.05446412666968022,mol mol-1
