variable,year,value,unit
cl,2000,0.11481750198794731,%
cl,2001,-0.0013123231511555442,%
cl,2002,-0.009159286914983286,%
cl,2003,-0.11201897179925552,%
cl,2004,0.06622475267813725,%
