variable,year,value,unit
rsutcs,2001,-0.01278177014284168,W m-2
rsutcs,2002,-0.002153617268730683,W m-2
rsutcs,2003,-0.004540061588598803,W m-2
rsutcs,2004,0.0038885444727243977,W m-2
rsutcs,2005,0.009196983207325553,W m-2
