variable,year,value,unit
clt,2000,-0.03303469714802448,%
clt,2001,0.03005932404030725,%
clt,2002,0.051620705676155454,%
clt,2003,0.004488513890837746,%
clt,2004,0.018650213624358702,%
