variable,year,value,unit
dryso4,2000,-0.18905750150746564,kg m-2 s-1
dryso4,2001,-0.09644138728964397,kg m-2 s-1
dryso4,2002,0.013953039658748626,kg m-2 s-1
dryso4,2003,-0.03237936224108986,kg m-2 s-1
dryso4,2004,-0.03605019719537859,kg m-2 s-1
