variable,year,value,unit
clt,2000,-0.012693618807382734,%
clt,2001,0.04673216541762315,%
clt,2002,0.025599617200640523,%
clt,2003,0.03413930624046202,%
clt,2004,0.01765217601317204,%
clt,2005,-0.026786184250610745,%
clt,2006,0.0037741045582322386,%
clt,2007,0.057722822094547155,%
clt,2008,-0.015713391492944595,%
clt,2009,-0.07149693848174365,%
