variable,year,value,unit
loadso2,2000,8.7364039210583,kg m-2
loadso2,2001,8.970291176538057,kg m-2
loadso2,2002,9.283978716179744,kg m-2
loadso2,2003,8.98481056144504,kg m-2
loadso2,2004,9.915250098783106,kg m-2
