variable,year,value,unit
rsutcs,2000,0.2858878461890473,W m-2
rsutcs,2001,0.27183970301605515,W m-2
rsutcs,2002,0.2744755058093711,W m-2
rsutcs,2003,0.2853513512656071,W m-2
rsutcs,2004,0.30906482688699366,W m-2
