variable,year,value,unit
loadbc,2000,0.5496564859593754,kg m-2
loadbc,2001,0.6949473546187016,kg m-2
loadbc,2002,0.5224369359269834,kg m-2
loadbc,2003,0.5225036020500485,kg m-2
loadbc,2004,0.49973971632802605,kg m-2
