variable,year,value,unit
rlutcs,2001,-0.0009062656136036992,W m-2
rlutcs,2002,-0.0007836427359981081,W m-2
rlutcs,2003,-0.0008376072000520693,W m-2
rlutcs,2004,-0.0010623308907087743,W m-2
