variable,year,value,unit
rsdt,2000,2.4660283705807668e-08,W m-2
rsdt,2001,1.3588668263444462e-08,W m-2
rsdt,2002,6.723259792452741e-09,W m-2
rsdt,2003,-4.1880727383154214e-08,W m-2
rsdt,2004,-1.535658937750782e-08,W m-2
