variable,year,value,unit
od550aer,2001,0.09658961871002524,1
od550aer,2002,0.3107238586294911,1
od550aer,2003,0.1978229798638517,1
od550aer,2004,0.26987555145439135,1
