variable,year,value,unit
mmrso4,2001,-43.50157840365782,kg kg-1
mmrso4,2002,-43.16291643847663,kg kg-1
mmrso4,2003,-44.3650953830735,kg kg-1
mmrso4,2004,-45.81362519814084,kg kg-1
