variable,year,value,unit
rsutcs,2000,0.36682500163536336,W m-2
rsutcs,2001,0.3877124527605736,W m-2
rsutcs,2002,0.4297921638119066,W m-2
rsutcs,2003,0.4728654183510568,W m-2
rsutcs,2004,0.43107813031745884,W m-2
