variable,year,value,unit
loadbc,2000,-0.9823006363583419,kg m-2
loadbc,2001,-0.3865104313847842,kg m-2
loadbc,2002,-0.48159744150305756,kg m-2
loadbc,2003,-0.8876925917339901,kg m-2
loadbc,2004,-0.3892726842052516,kg m-2
