variable,year,value,unit
loadbc,2000,0.04912019941785121,kg m-2
loadbc,2001,-0.2510339581575302,kg m-2
loadbc,2002,-0.5518156873681878,kg m-2
loadbc,2003,0.07221922114929254,kg m-2
loadbc,2004,-0.48224014531279186,kg m-2
