variable,year,value,unit
mmrso4,2000,17.076011391689097,kg kg-1
mmrso4,2001,17.46172915422224,kg kg-1
mmrso4,2002,18.109114714901853,kg kg-1
mmrso4,2003,16.611181521945507,kg kg-1
mmrso4,2004,18.423390343565078,kg kg-1
