variable,year,value,unit
od550aer,2000,1.9451912349350116,1
od550aer,2001,2.0154448573221693,1
od550aer,2002,1.8147461656184496,1
od550aer,2003,1.6363271529960064,1
od550aer,2004,2.353828260030801,1
