variable,year,value,unit
wetbc,2001,1.1440093065443195,kg m-2 s-1
wetbc,2002,0.929080185329652,kg m-2 s-1
wetbc,2003,0.9342816272569375,kg m-2 s-1
wetbc,2004,1.0272698409612817,kg m-2 s-1
