variable,year,value,unit
so2,2000,-9.018822589609282,mol mol-1
so2,2001,-9.307506998268071,mol mol-1
so2,2002,-9.785717837781133,mol mol-1
so2,2003,-9.598165636535928,mol mol-1
so2,2004,-10.332151566312863,mol mol-1
