variable,year,value,unit
wetso4,2000,18.391177843172525,kg m-2 s-1
wetso4,2001,18.63792248171405,kg m-2 s-1
wetso4,2002,18.665208866831,kg m-2 s-1
wetso4,2003,18.510292633030424,kg m-2 s-1
wetso4,2004,19.854135375356382,kg m-2 s-1
