variable,year,value,unit
loadso2,2000,21.321555549147707,kg m-2
loadso2,2001,21.456093007303245,kg m-2
loadso2,2002,21.756181616648405,kg m-2
loadso2,2003,21.77468826540901,kg m-2
loadso2,2004,23.15317539844639,kg m-2
