variable,year,value,unit
dryso4,2001,2.400249395573882,kg m-2 s-1
dryso4,2002,2.8197532262916183,kg m-2 s-1
dryso4,2003,2.605749352239749,kg m-2 s-1
dryso4,2004,2.8200357639913647,kg m-2 s-1
