variable,year,value,unit
wetbc,2000,-0.17825260434691548,kg m-2 s-1
wetbc,2001,-0.1591584283482536,kg m-2 s-1
wetbc,2002,-0.11541301618402142,kg m-2 s-1
wetbc,2003,-0.39516704649172435,kg m-2 s-1
wetbc,2004,-0.14839030054533975,kg m-2 s-1
