variable,year,value,unit
dryso2,2000,-0.5513638529968509,kg m-2 s-1
dryso2,2001,-0.6973143492193359,kg m-2 s-1
dryso2,2002,-0.5819856789002028,kg m-2 s-1
dryso2,2003,-1.0235052605328216,kg m-2 s-1
dryso2,2004,-0.7174944034227033,kg m-2 s-1
