variable,year,value,unit
emiso2,2000,-0.861058847731477,kg m-2 s-1
emiso2,2001,-0.8639257328738249,kg m-2 s-1
emiso2,2002,-0.8606747017476024,kg m-2 s-1
emiso2,2003,-0.8626684062641539,kg m-2 s-1
emiso2,2004,-0.8698700610518197,kg m-2 s-1
