variable,year,value,unit
dryso2,2001,-6.953969896777509,kg m-2 s-1
dryso2,2002,-6.978938713166875,kg m-2 s-1
dryso2,2003,-7.5107326040859235,kg m-2 s-1
dryso2,2004,-7.14924928470483,kg m-2 s-1
