variable,year,value,unit
wetbc,2000,-2.8024536754132706e-16,kg m-2 s-1
wetbc,2001,3.370948242017296e-16,kg m-2 s-1
wetbc,2002,-3.3380068093148764e-16,kg m-2 s-1
wetbc,2003,3.0367954855977144e-16,kg m-2 s-1
wetbc,2004,-9.002422326438612e-16,kg m-2 s-1
