variable,year,value,unit
mmrso4,2000,-1.4416625284047202e-11,kg kg-1
mmrso4,2001,-1.5827603586992415e-11,kg kg-1
mmrso4,2002,-1.5110829801851302e-11,kg kg-1
mmrso4,2003,-1.4829448727527043e-11,kg kg-1
mmrso4,2004,-1.4587314868825058e-11,kg kg-1
