variable,year,value,unit
loadso4,2000,-4.115243068197772e-08,kg m-2
loadso4,2001,-4.7706864707959774e-08,kg m-2
loadso4,2002,-3.281751550518277e-08,kg m-2
loadso4,2003,-3.433033777839201e-08,kg m-2
loadso4,2004,-4.029220267832743e-08,kg m-2
