variable,year,value,unit
rsut,2000,0.4891703923163959,W m-2
rsut,2001,-0.004274428686983356,W m-2
rsut,2002,-0.0009776345483203386,W m-2
rsut,2003,0.003848874886386966,W m-2
rsut,2004,-0.004212058935181062,W m-2
