variable,year,value,unit
rlut,2000,0.1531569468448879,W m-2
rlut,2001,0.1735514880221274,W m-2
rlut,2002,0.11331198872201753,W m-2
rlut,2003,0.11600952491158978,W m-2
rlut,2004,-0.042076663318113106,W m-2
