variable,year,value,unit
dryso2,2000,-1.6524817450041006e-13,kg m-2 s-1
dryso2,2001,-1.7049373263356534e-13,kg m-2 s-1
dryso2,2002,-1.5968504558928967e-13,kg m-2 s-1
dryso2,2003,-1.6324850400359261e-13,kg m-2 s-1
dryso2,2004,-1.757938289849432e-13,kg m-2 s-1
