variable,year,value,unit
emibc,2000,3.322372899316055e-23,kg m-2 s-1
emibc,2001,1.3504873343583627e-22,kg m-2 s-1
emibc,2002,5.339900441636897e-24,kg m-2 s-1
emibc,2003,-1.840046460420598e-24,kg m-2 s-1
emibc,2004,1.1000075886438628e-22,kg m-2 s-1
