variable,year,value,unit
wetso2,2001,-0.6166771013950669,kg m-2 s-1
wetso2,2002,-1.1677965967086927,kg m-2 s-1
wetso2,2003,-1.0933951208545691,kg m-2 s-1
wetso2,2004,-0.40391207383100897,kg m-2 s-1
