variable,year,value,unit
so2,2001,-4.927471063856932,mol mol-1
so2,2002,-3.6897133110252542,mol mol-1
so2,2003,-3.811676220317337,mol mol-1
so2,2004,-3.7611775782828065,mol mol-1
