variable,year,value,unit
dryso2,2001,-7.287011264720321,kg m-2 s-1
dryso2,2002,-7.519490407922221,kg m-2 s-1
dryso2,2003,-7.681611522546189,kg m-2 s-1
dryso2,2004,-7.425385996644018,kg m-2 s-1
