variable,year,value,unit
drybc,2001,-0.15874946934317274,kg m-2 s-1
drybc,2002,-0.011444257612264207,kg m-2 s-1
drybc,2003,0.15674340348990212,kg m-2 s-1
drybc,2004,0.0203849879351415,kg m-2 s-1
