variable,year,value,unit
wetbc,2000,-1.670715701223392e-16,kg m-2 s-1
wetbc,2001,3.1652684718650334e-17,kg m-2 s-1
wetbc,2002,-1.2197920629533782e-16,kg m-2 s-1
wetbc,2003,2.5570360451954894e-16,kg m-2 s-1
wetbc,2004,4.0581337152080665e-16,kg m-2 s-1
