variable,year,value,unit
dryso2,2001,1.1356705075212549e-13,kg m-2 s-1
dryso2,2002,1.1252973615265564e-13,kg m-2 s-1
dryso2,2003,1.1610991054685527e-13,kg m-2 s-1
dryso2,2004,1.2165138068914184e-13,kg m-2 s-1
