variable,year,value,unit
wetbc,2000,3.151535940890279e-17,kg m-2 s-1
wetbc,2001,1.5749084204538377e-16,kg m-2 s-1
wetbc,2002,4.0399008533544305e-16,kg m-2 s-1
wetbc,2003,9.221569484467855e-17,kg m-2 s-1
wetbc,2004,-3.2175982052086983e-16,kg m-2 s-1
