variable,year,value,unit
emiso2,2001,1.6997067795097604e-13,kg m-2 s-1
emiso2,2002,1.6818948341709145e-13,kg m-2 s-1
emiso2,2003,1.74233313552673e-13,kg m-2 s-1
emiso2,2004,1.8314066951461553e-13,kg m-2 s-1
