variable,year,value,unit
rsut,2000,0.004759249649168851,W m-2
rsut,2001,0.0047223800946198935,W m-2
rsut,2002,0.004535553366494582,W m-2
rsut,2003,-0.0021585163560615683,W m-2
rsut,2004,-0.0023783360783795615,W m-2
