variable,year,value,unit
od550aer,2000,-0.0014192900735469915,1
od550aer,2001,-0.0013849356121438394,1
od550aer,2002,-0.001256955646604857,1
od550aer,2003,-0.0014609649623577303,1
od550aer,2004,-0.0017994311050904543,1
