variable,year,value,unit
cltc,2001,-0.06972230106396893,%
cltc,2002,-0.004821877462056534,%
cltc,2003,-0.00016982820357469564,%
cltc,2004,-0.0003512649339469931,%
