variable,year,value,unit
rsut,2001,0.012110255532292058,W m-2
rsut,2002,0.006796672774271428,W m-2
rsut,2003,0.02853182246278152,W m-2
rsut,2004,0.005103572923474076,W m-2
