variable,year,value,unit
rsut,2001,-0.17729211807663603,W m-2
rsut,2002,-0.19688832920465416,W m-2
rsut,2003,-0.20761921711870457,W m-2
rsut,2004,-0.2170650287418141,W m-2
