variable,year,value,unit
clt,2000,-0.02765826642851721,%
clt,2001,-0.03138222140839275,%
clt,2002,-0.027849808075458782,%
clt,2003,-0.03550499669076146,%
clt,2004,-0.015200114560272482,%
