variable,year,value,unit
loadso2,2000,2.0258312681551947e-08,kg m-2
loadso2,2001,2.0616553758267784e-08,kg m-2
loadso2,2002,2.1106594609797747e-08,kg m-2
loadso2,2003,2.1848953644771817e-08,kg m-2
loadso2,2004,2.3370763872720272e-08,kg m-2
