variable,year,value,unit
dryso4,2001,-6.817661221487359e-14,kg m-2 s-1
dryso4,2002,-6.834463948402455e-14,kg m-2 s-1
dryso4,2003,-7.291892789332556e-14,kg m-2 s-1
dryso4,2004,-7.382833564857163e-14,kg m-2 s-1
