variable,year,value,unit
clt,2001,-0.010610247084827051,%
clt,2002,-0.009783424226654347,%
clt,2003,-0.016647272752990716,%
clt,2004,-0.017834720863191933,%
