variable,year,value,unit
wetso4,2001,1.3007661061795878e-13,kg m-2 s-1
wetso4,2002,1.1258641298693067e-13,kg m-2 s-1
wetso4,2003,1.0532784306983507e-13,kg m-2 s-1
wetso4,2004,1.2032092333719467e-13,kg m-2 s-1
