variable,year,value,unit
so2,2000,7.513584893318985e-12,mol mol-1
so2,2001,7.448755150607148e-12,mol mol-1
so2,2002,7.336067131710607e-12,mol mol-1
so2,2003,7.46704959533468e-12,mol mol-1
so2,2004,7.887166031162935e-12,mol mol-1
