variable,year,value,unit
emiso2,2001,2.12939924406666e-13,kg m-2 s-1
emiso2,2002,2.119208678729164e-13,kg m-2 s-1
emiso2,2003,2.1783612051102248e-13,kg m-2 s-1
emiso2,2004,2.2620645863205426e-13,kg m-2 s-1
