variable,year,value,unit
drybc,2000,-3.8320453302659697e-16,kg m-2 s-1
drybc,2001,-1.3669682851445798e-16,kg m-2 s-1
drybc,2002,-3.7356288073503374e-16,kg m-2 s-1
drybc,2003,-1.939674382125066e-16,kg m-2 s-1
drybc,2004,6.990242288664575e-17,kg m-2 s-1
