variable,year,value,unit
rlutcs,2001,-0.013078321394914383,W m-2
rlutcs,2002,0.004830864353891684,W m-2
rlutcs,2003,-0.011846660166895617,W m-2
rlutcs,2004,-0.0141474212605317,W m-2
