variable,year,value,unit
dms,2000,0.0455077908034537,mol mol-1
dms,2001,0.09646989580186582,mol mol-1
dms,2002,0.0989707346296513,mol mol-1
dms,2003,0.05950096559921938,mol mol-1
dms,2004,0.0010470988160813147,mol mol-1
