variable,year,value,unit
drybc,2001,-1.8801777826082513,kg m-2 s-1
drybc,2002,-7.986310291968975,kg m-2 s-1
drybc,2003,-7.2730173854258116,kg m-2 s-1
drybc,2004,1.3189997808754526,kg m-2 s-1
drybc,2005,6.936991242153873,kg m-2 s-1
