variable,year,value,unit
mmrso4,2000,-0.16485289814773763,kg kg-1
mmrso4,2001,0.46061026345973954,kg kg-1
mmrso4,2002,-0.4760915149559051,kg kg-1
mmrso4,2003,0.22281837001764,kg kg-1
mmrso4,2004,-0.508582750752134,kg kg-1
