variable,year,value,unit
dryso4,2001,-2.535294236474358,kg m-2 s-1
dryso4,2002,18.984805648673063,kg m-2 s-1
dryso4,2003,-3.773515489265488,kg m-2 s-1
dryso4,2004,6.4023773745382595,kg m-2 s-1
dryso4,2005,5.252203508740225,kg m-2 s-1
