variable,year,value,unit
clivi,2000,-0.2647967302222974,kg m-2
clivi,2001,-0.422978434435605,kg m-2
clivi,2002,-1.8482462757640556,kg m-2
clivi,2003,-0.7834165605582027,kg m-2
clivi,2004,-0.6577565309644728,kg m-2
