variable,year,value,unit
clivi,2000,0.13544631269896285,kg m-2
clivi,2001,0.4296601936248444,kg m-2
clivi,2002,0.1310485767999466,kg m-2
clivi,2003,0.09337307080401841,kg m-2
clivi,2004,-0.27380978828417896,kg m-2
