variable,year,value,unit
rlutcs,2000,0.0012323682768537413,W m-2
rlutcs,2001,-0.00536764356057484,W m-2
rlutcs,2002,-0.006110733050483047,W m-2
rlutcs,2003,-0.009889436070085168,W m-2
rlutcs,2004,0.007791040978242013,W m-2
