variable,year,value,unit
rlutcs,2000,0.014940096976395732,W m-2
rlutcs,2001,-0.006487268813124478,W m-2
rlutcs,2002,0.022882683568628992,W m-2
rlutcs,2003,0.020761523703787144,W m-2
rlutcs,2004,0.02130533740886317,W m-2
