variable,year,value,unit
loadso4,2000,9.538520336904234,kg m-2
loadso4,2001,8.398957496687608,kg m-2
loadso4,2002,7.438680479379944,kg m-2
loadso4,2003,7.101752600080167,kg m-2
loadso4,2004,6.162973968730582,kg m-2
