variable,year,value,unit
clt,2001,-0.3019518451214063,%
clt,2002,1.3522257661145811,%
clt,2003,3.6832897162237486,%
clt,2004,2.863645262215668,%
clt,2005,2.2360037814562728,%
