variable,year,value,unit
clivi,2000,-0.7059647863607742,kg m-2
clivi,2001,0.7741256337439113,kg m-2
clivi,2002,-0.16013544112490136,kg m-2
clivi,2003,1.0614506431217858,kg m-2
clivi,2004,0.5081792814138244,kg m-2
