variable,year,value,unit
loadbc,2000,-0.03827202975591632,kg m-2
loadbc,2001,-0.26395101994963976,kg m-2
loadbc,2002,0.14752915445319953,kg m-2
loadbc,2003,-0.08839269096376541,kg m-2
loadbc,2004,-0.04709983473992523,kg m-2
