variable,year,value,unit
rsut,2000,-0.027353791539241033,W m-2
rsut,2001,-0.03926562851277577,W m-2
rsut,2002,0.006614349082320415,W m-2
rsut,2003,0.007283609226385757,W m-2
rsut,2004,-0.00043342463697057466,W m-2
