variable,year,value,unit
mmrbc,2000,0.031600476383908976,kg kg-1
mmrbc,2001,0.05577698233096803,kg kg-1
mmrbc,2002,-0.05481756864555044,kg kg-1
mmrbc,2003,0.04787874837907195,kg kg-1
mmrbc,2004,0.035098273927306106,kg kg-1
