variable,year,value,unit
rsutcs,2000,-0.025624239910105873,W m-2
rsutcs,2001,-0.025556711767248476,W m-2
rsutcs,2002,-0.020164339079651164,W m-2
rsutcs,2003,-0.019950215131964943,W m-2
rsutcs,2004,-0.016488844511664182,W m-2
