variable,year,value,unit
wetso4,2000,-3.77375230910866,kg m-2 s-1
wetso4,2001,-3.9993327543504167,kg m-2 s-1
wetso4,2002,-3.7445444899654228,kg m-2 s-1
wetso4,2003,-3.8434300212224,kg m-2 s-1
wetso4,2004,-4.077909530608221,kg m-2 s-1
