variable,year,value,unit
rlut,2000,0.003103025102337044,W m-2
rlut,2001,0.0028006316760239985,W m-2
rlut,2002,0.002369744608032463,W m-2
rlut,2003,0.0027158880974957056,W m-2
rlut,2004,0.001777790501607392,W m-2
