variable,year,value,unit
wetbc,2000,0.022458767798080738,kg m-2 s-1
wetbc,2001,0.05122797564298057,kg m-2 s-1
wetbc,2002,-0.06880340801663545,kg m-2 s-1
wetbc,2003,0.03396525412251688,kg m-2 s-1
wetbc,2004,0.06285557488734166,kg m-2 s-1
