variable,year,value,unit
rlutcs,2000,0.0036815452764931656,W m-2
rlutcs,2001,-0.0004085638821993312,W m-2
rlutcs,2002,0.0022473017197831946,W m-2
rlutcs,2003,-0.0015654795713571886,W m-2
rlutcs,2004,-0.0002046482544229669,W m-2
