variable,year,value,unit
loadbc,2000,0.11832370815877842,kg m-2
loadbc,2001,0.14525398773643639,kg m-2
loadbc,2002,-0.01473981535907938,kg m-2
loadbc,2003,-0.016253920731924637,kg m-2
loadbc,2004,0.10765881199088702,kg m-2
