variable,year,value,unit
rsut,2001,1.3466259729076258,W m-2
rsut,2002,-0.696127971039385,W m-2
rsut,2003,0.15439497072353991,W m-2
rsut,2004,0.3233844394616144,W m-2
rsut,2005,0.732302044804214,W m-2
