variable,year,value,unit
clivi,2000,0.23614737629460716,kg m-2
clivi,2001,-0.3302948778514913,kg m-2
clivi,2002,0.1341423747091825,kg m-2
clivi,2003,0.05726292491262929,kg m-2
clivi,2004,0.12663624108003813,kg m-2
