variable,year,value,unit
od550aer,2000,-0.13543030098612455,1
od550aer,2001,-0.11837898575031595,1
od550aer,2002,0.12378234019064752,1
od550aer,2003,0.04654504430263098,1
od550aer,2004,0.06274034294465668,1
