variable,year,value,unit
rsdt,2000,-1.3043292630397737e-07,W m-2
rsdt,2001,1.4654951516121272e-07,W m-2
rsdt,2002,-2.3988021663840453e-08,W m-2
rsdt,2003,-5.10747457522845e-08,W m-2
rsdt,2004,-7.455236493426354e-08,W m-2
