variable,year,value,unit
drybc,2000,-0.23333143950588697,kg m-2 s-1
drybc,2001,0.04055022135756351,kg m-2 s-1
drybc,2002,0.007077543152281466,kg m-2 s-1
drybc,2003,0.10256780040675786,kg m-2 s-1
drybc,2004,-0.29819329547996565,kg m-2 s-1
