variable,year,value,unit
emiso2,2000,-7.7091406388224994,kg m-2 s-1
emiso2,2001,-7.552130083074582,kg m-2 s-1
emiso2,2002,-7.617663101200256,kg m-2 s-1
emiso2,2003,-7.687848716299932,kg m-2 s-1
emiso2,2004,-7.470060243450238,kg m-2 s-1
