variable,year,value,unit
mmrso4,2001,0.782245707124367,kg kg-1
mmrso4,2002,-1.4405839024721379,kg kg-1
mmrso4,2003,-0.0678491780830558,kg kg-1
mmrso4,2004,1.0586394663684748,kg kg-1
mmrso4,2005,3.466573061731632,kg kg-1
