variable,year,value,unit
so2,2001,-0.7935462606711345,mol mol-1
so2,2002,0.08198732450603807,mol mol-1
so2,2003,-1.3053312179736036,mol mol-1
so2,2004,-0.06961516420644549,mol mol-1
so2,2005,0.7820230099090285,mol mol-1
