variable,year,value,unit
loadbc,2000,0.04948355192174167,kg m-2
loadbc,2001,0.010000335463842628,kg m-2
loadbc,2002,-0.06144917186285048,kg m-2
loadbc,2003,-0.05477361470749482,kg m-2
loadbc,2004,0.03603825452656243,kg m-2
