variable,year,value,unit
rsut,2000,0.0025163580756534304,W m-2
rsut,2001,0.0029037978606732203,W m-2
rsut,2002,-0.001223321865189233,W m-2
rsut,2003,-0.0006583298105353828,W m-2
rsut,2004,0.006582989096722499,W m-2
