variable,year,value,unit
mmrbc,2001,0.02414277621694861,kg kg-1
mmrbc,2002,-0.30683571330194065,kg kg-1
mmrbc,2003,-0.3260226863693914,kg kg-1
mmrbc,2004,-0.365498310637086,kg kg-1
mmrbc,2005,0.5852731592394869,kg kg-1
