variable,year,value,unit
mmrbc,2000,0.005047114078492466,kg kg-1
mmrbc,2001,-0.05054841012202603,kg kg-1
mmrbc,2002,0.0070480714626831985,kg kg-1
mmrbc,2003,0.054555309854566233,kg kg-1
mmrbc,2004,0.023893956588971994,kg kg-1
