variable,year,value,unit
drybc,2000,0.004331534426669814,kg m-2 s-1
drybc,2001,0.0016414521945382838,kg m-2 s-1
drybc,2002,0.02551338574614935,kg m-2 s-1
drybc,2003,0.013100872937240611,kg m-2 s-1
drybc,2004,0.017043898215989096,kg m-2 s-1
