variable,year,value,unit
rlutcs,2000,0.0025770931003729117,W m-2
rlutcs,2001,0.0072683392723308935,W m-2
rlutcs,2002,0.0034870005095598913,W m-2
rlutcs,2003,0.006395267501579601,W m-2
rlutcs,2004,-0.002163340056970578,W m-2
