variable,year,value,unit
drybc,2001,-1.802252195999992,kg m-2 s-1
drybc,2002,-1.8578737539724721,kg m-2 s-1
drybc,2003,-0.5596522526338849,kg m-2 s-1
drybc,2004,-0.5696757151566185,kg m-2 s-1
drybc,2005,0.6750625345290205,kg m-2 s-1
