variable,year,value,unit
loadso2,2000,0.20885723289504324,kg m-2
loadso2,2001,0.20969640994845587,kg m-2
loadso2,2002,0.099516520823879,kg m-2
loadso2,2003,0.14650277817409826,kg m-2
loadso2,2004,0.09839380257551825,kg m-2
