variable,year,value,unit
wetso4,2000,1.4572646793376345,kg m-2 s-1
wetso4,2001,1.4651104111481805,kg m-2 s-1
wetso4,2002,1.304909667389629,kg m-2 s-1
wetso4,2003,1.3420267665317314,kg m-2 s-1
wetso4,2004,1.3897127223222248,kg m-2 s-1
