variable,year,value,unit
rlutcs,2001,-0.2582650083173767,W m-2
rlutcs,2002,-0.10843940171688805,W m-2
rlutcs,2003,0.1693357315878215,W m-2
rlutcs,2004,-0.18955528346924083,W m-2
rlutcs,2005,-0.26115784328129843,W m-2
