variable,year,value,unit
wetso2,2000,-1.1548656615038915,kg m-2 s-1
wetso2,2001,-1.1257192495928505,kg m-2 s-1
wetso2,2002,-1.203236962991887,kg m-2 s-1
wetso2,2003,-1.0185365787186422,kg m-2 s-1
wetso2,2004,-1.2194366204959088,kg m-2 s-1
