variable,year,value,unit
emiso2,2000,-0.016857793543676766,kg m-2 s-1
emiso2,2001,-0.01581135596419486,kg m-2 s-1
emiso2,2002,-0.01563697365358817,kg m-2 s-1
emiso2,2003,-0.016134205800852862,kg m-2 s-1
emiso2,2004,-0.01751138516237177,kg m-2 s-1
