variable,year,value,unit
wetbc,2000,0.209239967120601,kg m-2 s-1
wetbc,2001,0.02825706287176095,kg m-2 s-1
wetbc,2002,-0.005674363774699222,kg m-2 s-1
wetbc,2003,0.09676172805446277,kg m-2 s-1
wetbc,2004,0.019807753889878165,kg m-2 s-1
