variable,year,value,unit
loadbc,2000,0.010078184731166718,kg m-2
loadbc,2001,0.12383090741136454,kg m-2
loadbc,2002,0.02564547429178447,kg m-2
loadbc,2003,-0.1102168407957095,kg m-2
loadbc,2004,-0.0827843644611246,kg m-2
