variable,year,value,unit
emibc,2001,-2.935394449694412e-06,kg m-2 s-1
emibc,2002,-6.378107308404114e-07,kg m-2 s-1
emibc,2003,-5.666919150510663e-06,kg m-2 s-1
emibc,2004,-8.842239992276375e-06,kg m-2 s-1
