variable,year,value,unit
clt,2001,-0.032395193554504105,%
clt,2002,0.002743160560630558,%
clt,2003,0.0031092251919586644,%
clt,2004,0.0011195985082607279,%
