variable,year,value,unit
loadbc,2000,0.528210586376058,kg m-2
loadbc,2001,0.04851616112698732,kg m-2
loadbc,2002,-0.0057257619123206845,kg m-2
loadbc,2003,-0.013755665298450463,kg m-2
loadbc,2004,0.00842864833405443,kg m-2
