variable,year,value,unit
rlut,2000,-0.03126993623541455,W m-2
rlut,2001,-0.0039001719670941465,W m-2
rlut,2002,-0.005514423928620395,W m-2
rlut,2003,0.0077125550461452815,W m-2
rlut,2004,0.008692459300056708,W m-2
