variable,year,value,unit
rsut,2001,-0.021588099081790497,W m-2
rsut,2002,0.015317532794827483,W m-2
rsut,2003,0.018920084613253636,W m-2
rsut,2004,-0.00031283566508216477,W m-2
