variable,year,value,unit
mmrso4,2001,18.12339104241667,kg kg-1
mmrso4,2002,17.624941782881578,kg kg-1
mmrso4,2003,18.01401947957594,kg kg-1
mmrso4,2004,18.301634643317357,kg kg-1
