variable,year,value,unit
cltc,2001,-0.08438645210426078,%
cltc,2002,-0.00044659753594720027,%
cltc,2003,0.008821191531286854,%
cltc,2004,-0.05886808573938854,%
