variable,year,value,unit
wetbc,2001,0.0045790723675878395,kg m-2 s-1
wetbc,2002,0.008040896578077049,kg m-2 s-1
wetbc,2003,-0.014085666991486744,kg m-2 s-1
wetbc,2004,0.06816405771122647,kg m-2 s-1
