variable,year,value,unit
rsut,2000,0.1394650301704191,W m-2
rsut,2001,0.11569214961674348,W m-2
rsut,2002,0.1278591481738534,W m-2
rsut,2003,0.0843099154446314,W m-2
rsut,2004,0.08054158126272741,W m-2
