variable,year,value,unit
rlutcs,2000,-0.019827967983336817,W m-2
rlutcs,2001,-0.019896969578789867,W m-2
rlutcs,2002,-0.010149391141868925,W m-2
rlutcs,2003,-0.013398158685278673,W m-2
rlutcs,2004,-0.006398988908111777,W m-2
