variable,year,value,unit
cl,2000,0.18294066907420947,%
cl,2001,0.0508632337816445,%
cl,2002,0.02669539873225891,%
cl,2003,0.014742602053601369,%
cl,2004,0.007364469065482881,%
