variable,year,value,unit
drybc,2001,0.20937410910964652,kg m-2 s-1
drybc,2002,0.13182327340604738,kg m-2 s-1
drybc,2003,0.169167074203394,kg m-2 s-1
drybc,2004,0.1438831910005284,kg m-2 s-1
