variable,year,value,unit
rsut,2001,0.4305144210842012,W m-2
rsut,2002,0.3885718334729868,W m-2
rsut,2003,0.44071126484304995,W m-2
rsut,2004,0.43511285660264426,W m-2
