variable,year,value,unit
wetbc,2000,-0.12990987326793196,kg m-2 s-1
wetbc,2001,-0.14092964964416546,kg m-2 s-1
wetbc,2002,-0.1761135453408358,kg m-2 s-1
wetbc,2003,-0.23642594314981688,kg m-2 s-1
wetbc,2004,-0.24036092061890674,kg m-2 s-1
