variable,year,value,unit
wetbc,2000,0.3597959093562392,kg m-2 s-1
wetbc,2001,0.4803916651817801,kg m-2 s-1
wetbc,2002,0.6022999512461956,kg m-2 s-1
wetbc,2003,0.7590637569448837,kg m-2 s-1
wetbc,2004,0.8085422046430267,kg m-2 s-1
