variable,year,value,unit
rsutcs,2000,0.17500722884762462,W m-2
rsutcs,2001,0.17992598672700535,W m-2
rsutcs,2002,0.17211107853939983,W m-2
rsutcs,2003,0.1696002379768219,W m-2
rsutcs,2004,0.18487943880339275,W m-2
