variable,year,value,unit
dryso4,2001,10.357252318913215,kg m-2 s-1
dryso4,2002,9.722587251423807,kg m-2 s-1
dryso4,2003,10.287906956874226,kg m-2 s-1
dryso4,2004,10.36979149737296,kg m-2 s-1
