variable,year,value,unit
rsut,2001,0.00953847826091689,W m-2
rsut,2002,0.03029998214293125,W m-2
rsut,2003,0.030492920549441246,W m-2
rsut,2004,0.030163530349779196,W m-2
