variable,year,value,unit
mmrso4,2001,22.370319189345416,kg kg-1
mmrso4,2002,22.729690015503852,kg kg-1
mmrso4,2003,23.013457194368165,kg kg-1
mmrso4,2004,24.373687795936917,kg kg-1
