variable,year,value,unit
dryso4,2000,12.859826542029282,kg m-2 s-1
dryso4,2001,12.264286663272642,kg m-2 s-1
dryso4,2002,12.610489983179288,kg m-2 s-1
dryso4,2003,12.989836151982129,kg m-2 s-1
dryso4,2004,12.81797736175606,kg m-2 s-1
