variable,year,value,unit
dryso4,2001,39.56407764282774,kg m-2 s-1
dryso4,2002,39.89866064811967,kg m-2 s-1
dryso4,2003,40.52500402420501,kg m-2 s-1
dryso4,2004,41.61262219904111,kg m-2 s-1
