variable,year,value,unit
mmrbc,2001,-0.010658305096135768,kg kg-1
mmrbc,2002,0.0016480411473139471,kg kg-1
mmrbc,2003,0.0007214033056151283,kg kg-1
mmrbc,2004,0.04184622307519721,kg kg-1
