variable,year,value,unit
wetso4,2000,2.6889454341210635,kg m-2 s-1
wetso4,2001,2.6571862049368304,kg m-2 s-1
wetso4,2002,2.64149938283858,kg m-2 s-1
wetso4,2003,2.6980241193818326,kg m-2 s-1
wetso4,2004,2.7459195029327876,kg m-2 s-1
