variable,year,value,unit
emiso2,2000,-4.513849298586286,kg m-2 s-1
emiso2,2001,-4.516214017195646,kg m-2 s-1
emiso2,2002,-4.490559972734216,kg m-2 s-1
emiso2,2003,-4.510310163707732,kg m-2 s-1
emiso2,2004,-4.548369237354956,kg m-2 s-1
