variable,year,value,unit
wetso2,2001,-5.277619549744625,kg m-2 s-1
wetso2,2002,-5.045377835973167,kg m-2 s-1
wetso2,2003,-5.31391737071001,kg m-2 s-1
wetso2,2004,-5.280183095285798,kg m-2 s-1
