variable,year,value,unit
wetso2,2001,-5.0609522219879,kg m-2 s-1
wetso2,2002,-4.917080752951909,kg m-2 s-1
wetso2,2003,-5.233441483548078,kg m-2 s-1
wetso2,2004,-5.205271462159032,kg m-2 s-1
