variable,year,value,unit
emiso2,2000,-4.789394781279877,kg m-2 s-1
emiso2,2001,-4.797664415210034,kg m-2 s-1
emiso2,2002,-4.653984541922859,kg m-2 s-1
emiso2,2003,-4.809753276578989,kg m-2 s-1
emiso2,2004,-4.8217725578298465,kg m-2 s-1
