variable,year,value,unit
clivi,2000,-0.20384824398871018,kg m-2
clivi,2001,-0.19244960354894602,kg m-2
clivi,2002,-0.4063649844477575,kg m-2
clivi,2003,-0.31926950781543306,kg m-2
clivi,2004,-0.3521517126361512,kg m-2
