variable,year,value,unit
rlutcs,2000,0.0005974141609947352,W m-2
rlutcs,2001,0.000980250055598068,W m-2
rlutcs,2002,0.007003875606267823,W m-2
rlutcs,2003,-0.00012084846637142602,W m-2
rlutcs,2004,-0.001891868476723822,W m-2
