variable,year,value,unit
cl,2000,0.09685412695093341,%
cl,2001,0.2738730074163441,%
cl,2002,0.22449698024254156,%
cl,2003,0.03663497680847348,%
cl,2004,-0.1345358567375976,%
