variable,year,value,unit
so2,2001,-4.832916039990657,mol mol-1
so2,2002,-5.054753714724571,mol mol-1
so2,2003,-4.841039183988526,mol mol-1
so2,2004,-4.986576199789945,mol mol-1
