variable,year,value,unit
wetso2,2000,-3.6335337014739526,kg m-2 s-1
wetso2,2001,-3.8246528564089695,kg m-2 s-1
wetso2,2002,-3.6221298714461065,kg m-2 s-1
wetso2,2003,-3.6319175374073414,kg m-2 s-1
wetso2,2004,-3.535354643297886,kg m-2 s-1
