variable,year,value,unit
od550aer,2001,2.768933426736626,1
od550aer,2002,2.742484009638647,1
od550aer,2003,2.8308492611511,1
od550aer,2004,2.8561524963419536,1
