variable,year,value,unit
wetso4,2000,4.117127044070495,kg m-2 s-1
wetso4,2001,4.1347782424336295,kg m-2 s-1
wetso4,2002,4.067075508423284,kg m-2 s-1
wetso4,2003,4.209408651739283,kg m-2 s-1
wetso4,2004,4.365698586813918,kg m-2 s-1
