variable,year,value,unit
od550aer,2001,0.9458336941046289,1
od550aer,2002,0.8659035847691976,1
od550aer,2003,1.0055919167363685,1
od550aer,2004,0.9631138537146904,1
