variable,year,value,unit
rsut,2001,0.03842440232269358,W m-2
rsut,2002,0.013217104661727644,W m-2
rsut,2003,0.016410492541050984,W m-2
rsut,2004,0.027633282074466754,W m-2
