variable,year,value,unit
rlut,2001,0.00940824754643413,W m-2
rlut,2002,-0.003844144540506371,W m-2
rlut,2003,0.0005356873420235115,W m-2
rlut,2004,0.003528898963413156,W m-2
