variable,year,value,unit
rsutcs,2000,0.08906953075660069,W m-2
rsutcs,2001,0.06783694864448098,W m-2
rsutcs,2002,0.06598489326522053,W m-2
rsutcs,2003,0.09590469860943263,W m-2
rsutcs,2004,0.07557872244194176,W m-2
