variable,year,value,unit
emibc,2000,-6.437246929214219e-05,kg m-2 s-1
emibc,2001,-1.1503547702224982e-05,kg m-2 s-1
emibc,2002,3.0685440515804995e-05,kg m-2 s-1
emibc,2003,-1.6274631059352493e-05,kg m-2 s-1
emibc,2004,3.1631297553079967e-06,kg m-2 s-1
