variable,year,value,unit
loadso2,2000,7.38175665743972e-08,kg m-2
loadso2,2001,7.172676514273001e-08,kg m-2
loadso2,2002,9.093658221415024e-08,kg m-2
loadso2,2003,1.0611404483063973e-07,kg m-2
loadso2,2004,9.794704559904714e-08,kg m-2
