variable,year,value,unit
rlutcs,2000,0.00015744190289979088,W m-2
rlutcs,2001,0.010078510111441119,W m-2
rlutcs,2002,-0.0005967830069266711,W m-2
rlutcs,2003,-0.005961715529906542,W m-2
rlutcs,2004,-0.01099338585396481,W m-2
