variable,year,value,unit
dryso4,2000,4.698116200389223,kg m-2 s-1
dryso4,2001,5.121809895234941,kg m-2 s-1
dryso4,2002,5.042422578639367,kg m-2 s-1
dryso4,2003,5.173435489109759,kg m-2 s-1
dryso4,2004,5.42108156791372,kg m-2 s-1
