variable,year,value,unit
clt,2000,0.07677076760314928,%
clt,2001,-0.004794325751461354,%
clt,2002,-0.04386257321484511,%
clt,2003,0.08412179023333516,%
clt,2004,0.0020474400198604048,%
