variable,year,value,unit
loadso4,2000,1.1787500927775105,kg m-2
loadso4,2001,1.1170768367680644,kg m-2
loadso4,2002,1.1672210248439985,kg m-2
loadso4,2003,1.260215174188803,kg m-2
loadso4,2004,1.3440626854455855,kg m-2
