variable,year,value,unit
mmrbc,2000,-0.007234429757363461,kg kg-1
mmrbc,2001,-0.20361763121022697,kg kg-1
mmrbc,2002,-0.032092239062681376,kg kg-1
mmrbc,2003,0.006198771139695734,kg kg-1
mmrbc,2004,-0.026429829182934038,kg kg-1
