variable,year,value,unit
clt,2000,-0.15959335070576178,%
clt,2001,0.08530225610218721,%
clt,2002,-0.027264095081401048,%
clt,2003,-0.3145864852048167,%
clt,2004,0.12807161103654055,%
