variable,year,value,unit
loadbc,2000,-0.009935056889938506,kg m-2
loadbc,2001,-0.12773140209118822,kg m-2
loadbc,2002,-0.07412550292454943,kg m-2
loadbc,2003,-0.0658493917785037,kg m-2
loadbc,2004,0.025489958558197613,kg m-2
