variable,year,value,unit
loadso4,2000,2.546881717586607,kg m-2
loadso4,2001,2.7518874325619076,kg m-2
loadso4,2002,2.3769892754428734,kg m-2
loadso4,2003,2.7230318790383023,kg m-2
loadso4,2004,3.199092042663285,kg m-2
