variable,year,value,unit
drybc,2000,1.6128941189032229,kg m-2 s-1
drybc,2001,1.3657295646711836,kg m-2 s-1
drybc,2002,1.619172280524582,kg m-2 s-1
drybc,2003,1.6612072094761825,kg m-2 s-1
drybc,2004,1.5117253134127613,kg m-2 s-1
