variable,year,value,unit
loadso4,2000,3.490251571812164,kg m-2
loadso4,2001,3.718715372568076,kg m-2
loadso4,2002,3.467982902612125,kg m-2
loadso4,2003,3.3169800451040143,kg m-2
loadso4,2004,3.5805859835522473,kg m-2
