variable,year,value,unit
dryso2,2000,-12.802317098844663,kg m-2 s-1
dryso2,2001,-6.9033518927034185,kg m-2 s-1
dryso2,2002,-5.083375567643338,kg m-2 s-1
dryso2,2003,-0.7100188909389041,kg m-2 s-1
dryso2,2004,-4.8999997073638095,kg m-2 s-1
