variable,year,value,unit
wetso2,2000,8.701200535144343,kg m-2 s-1
wetso2,2001,8.074784776452022,kg m-2 s-1
wetso2,2002,8.594928173245332,kg m-2 s-1
wetso2,2003,8.939774896498498,kg m-2 s-1
wetso2,2004,9.952156442511322,kg m-2 s-1
