variable,year,value,unit
rlut,2001,-0.006693670123090685,W m-2
rlut,2002,0.05688787449406801,W m-2
rlut,2003,-0.025429556242742856,W m-2
rlut,2004,0.035638248531712775,W m-2
rlut,2005,-0.005718825573328839,W m-2
