variable,year,value,unit
wetbc,2000,-2.0537395447582767e-16,kg m-2 s-1
wetbc,2001,3.399881303264391e-16,kg m-2 s-1
wetbc,2002,4.1237528924881654e-16,kg m-2 s-1
wetbc,2003,-2.8971202694334164e-16,kg m-2 s-1
wetbc,2004,-3.803532950689663e-17,kg m-2 s-1
