variable,year,value,unit
drybc,2000,-0.021299084952499065,kg m-2 s-1
drybc,2001,-0.005491440891239871,kg m-2 s-1
drybc,2002,-0.006385061568277077,kg m-2 s-1
drybc,2003,-0.016552673078544612,kg m-2 s-1
drybc,2004,0.05071915079556615,kg m-2 s-1
