variable,year,value,unit
dms,2000,-0.03843891442770432,mol mol-1
dms,2001,-0.17504309988381858,mol mol-1
dms,2002,-0.07128290270298447,mol mol-1
dms,2003,-0.015266092468469451,mol mol-1
dms,2004,-0.07940796426670074,mol mol-1
