variable,year,value,unit
rsut,2000,4.3187339694583216,W m-2
rsut,2001,4.322108474571465,W m-2
rsut,2002,4.014234381447963,W m-2
rsut,2003,3.198746279462739,W m-2
rsut,2004,4.138321651519632,W m-2
