variable,year,value,unit
dryso2,2001,-0.4370590716753951,kg m-2 s-1
dryso2,2002,-0.5477031649202834,kg m-2 s-1
dryso2,2003,-0.5093404155934461,kg m-2 s-1
dryso2,2004,-0.48528957147567964,kg m-2 s-1
dryso2,2005,-0.4647866528263572,kg m-2 s-1
