variable,year,value,unit
loadbc,2000,0.0063524470666873785,kg m-2
loadbc,2001,0.003565060527177335,kg m-2
loadbc,2002,0.003923079556900719,kg m-2
loadbc,2003,0.01132840290314719,kg m-2
loadbc,2004,0.008510720998564893,kg m-2
