variable,year,value,unit
clt,2001,-1.9230407796196274,%
clt,2002,-1.6464267750905284,%
clt,2003,-0.07735769833775337,%
clt,2004,-1.5156609768482812,%
clt,2005,-0.2281213678479098,%
