variable,year,value,unit
rlutcs,2000,-0.6887580459729747,W m-2
rlutcs,2001,-0.6826808504112591,W m-2
rlutcs,2002,-0.6807084797736707,W m-2
rlutcs,2003,-0.5137512638927149,W m-2
rlutcs,2004,-0.7331884375782636,W m-2
