variable,year,value,unit
cl,2000,-0.005942036954842855,%
cl,2001,0.04192484796744811,%
cl,2002,0.004158225365447521,%
cl,2003,0.004139758679503558,%
cl,2004,0.015550236442033238,%
