variable,year,value,unit
loadso4,2000,-0.6799691711103235,kg m-2
loadso4,2001,-0.712580218118736,kg m-2
loadso4,2002,-0.7289057252945224,kg m-2
loadso4,2003,-0.7661597985376585,kg m-2
loadso4,2004,-0.7722406076227402,kg m-2
