variable,year,value,unit
od550aer,2001,-0.44702432908400963,1
od550aer,2002,-0.7579556844602658,1
od550aer,2003,0.22171126907059,1
od550aer,2004,0.09545141591684599,1
od550aer,2005,-0.006006387110600649,1
