variable,year,value,unit
mmrso4,2000,-0.8292827662451078,kg kg-1
mmrso4,2001,-0.8293944873672014,kg kg-1
mmrso4,2002,-0.8687298183403025,kg kg-1
mmrso4,2003,-0.8656717529968663,kg kg-1
mmrso4,2004,-0.8777643788499734,kg kg-1
