variable,year,value,unit
loadbc,2001,-0.07936078534880604,kg m-2
loadbc,2002,-0.14507938414240507,kg m-2
loadbc,2003,0.057848634902007555,kg m-2
loadbc,2004,0.14272321770105806,kg m-2
loadbc,2005,-0.02395233085195734,kg m-2
