variable,year,value,unit
rlut,2001,0.5033222692549084,W m-2
rlut,2002,0.43069903543264154,W m-2
rlut,2003,-0.01203169909004419,W m-2
rlut,2004,0.6092044148923934,W m-2
rlut,2005,0.08681040349554563,W m-2
