variable,year,value,unit
emiso2,2000,-2.4642296897293484e-14,kg m-2 s-1
emiso2,2001,-2.3859605559317554e-14,kg m-2 s-1
emiso2,2002,-2.4888493636045417e-14,kg m-2 s-1
emiso2,2003,-2.562364043319712e-14,kg m-2 s-1
emiso2,2004,-2.603626387058983e-14,kg m-2 s-1
