variable,year,value,unit
rsut,2000,-0.012757440026874178,W m-2
rsut,2001,0.021222243722036183,W m-2
rsut,2002,0.03666571947377406,W m-2
rsut,2003,0.02344712015170103,W m-2
rsut,2004,-0.008068255993194384,W m-2
