variable,year,value,unit
emibc,2000,4.5439926293277716e-21,kg m-2 s-1
emibc,2001,6.8680534197928895e-22,kg m-2 s-1
emibc,2002,2.7496488380729274e-22,kg m-2 s-1
emibc,2003,6.617019609732999e-22,kg m-2 s-1
emibc,2004,-1.722048204455532e-21,kg m-2 s-1
