variable,year,value,unit
rlutcs,2000,0.007788859099662204,W m-2
rlutcs,2001,0.009817249068817091,W m-2
rlutcs,2002,0.0014480105906500285,W m-2
rlutcs,2003,0.005607926402660723,W m-2
rlutcs,2004,-0.0022670589707445288,W m-2
