variable,year,value,unit
wetso4,2000,1.602755001365663e-12,kg m-2 s-1
wetso4,2001,1.7639408740078796e-12,kg m-2 s-1
wetso4,2002,1.6497575849771543e-12,kg m-2 s-1
wetso4,2003,1.8052499061958027e-12,kg m-2 s-1
wetso4,2004,1.5458796470700108e-12,kg m-2 s-1
