variable,year,value,unit
dms,2000,-2.607887109247091e-11,mol mol-1
dms,2001,-2.8675476251285254e-11,mol mol-1
dms,2002,-2.616261341706075e-11,mol mol-1
dms,2003,-2.5341574851592487e-11,mol mol-1
dms,2004,-2.9503254622060894e-11,mol mol-1
