variable,year,value,unit
mmrso4,2000,-1.3088440084313985e-13,kg kg-1
mmrso4,2001,-1.105041519416469e-14,kg kg-1
mmrso4,2002,1.8125444781759866e-13,kg kg-1
mmrso4,2003,1.0319442211249001e-13,kg kg-1
mmrso4,2004,2.281286648622507e-13,kg kg-1
