variable,year,value,unit
rlutcs,2000,0.0036459557799162212,W m-2
rlutcs,2001,0.008980138065680876,W m-2
rlutcs,2002,-0.014419353853156736,W m-2
rlutcs,2003,0.006204227190153233,W m-2
rlutcs,2004,0.0039419355111363075,W m-2
