variable,year,value,unit
dryso2,2000,-2.186115436408901e-13,kg m-2 s-1
dryso2,2001,-2.134017376575179e-13,kg m-2 s-1
dryso2,2002,-1.974500821723625e-13,kg m-2 s-1
dryso2,2003,-2.0300009679811532e-13,kg m-2 s-1
dryso2,2004,-2.0886060124391891e-13,kg m-2 s-1
