variable,year,value,unit
clt,2000,-0.011910715452913223,%
clt,2001,0.0008608879274731862,%
clt,2002,0.016165062444990497,%
clt,2003,-0.02739352002445372,%
clt,2004,-0.013666961801355626,%
