variable,year,value,unit
wetso2,2000,-1.3839913728626772e-15,kg m-2 s-1
wetso2,2001,-1.2986191237652906e-15,kg m-2 s-1
wetso2,2002,-7.045529736584515e-16,kg m-2 s-1
wetso2,2003,-6.951936513909624e-16,kg m-2 s-1
wetso2,2004,-5.520048456238022e-16,kg m-2 s-1
