variable,year,value,unit
dryso2,2000,-1.3505903473832897e-15,kg m-2 s-1
dryso2,2001,-1.3196513616066768e-15,kg m-2 s-1
dryso2,2002,-1.1025945341010303e-15,kg m-2 s-1
dryso2,2003,-2.1880061692580784e-15,kg m-2 s-1
dryso2,2004,-5.681219743224528e-16,kg m-2 s-1
