variable,year,value,unit
loadso4,2000,8.246221794827772e-07,kg m-2
loadso4,2001,8.473018468953744e-07,kg m-2
loadso4,2002,8.182180561027175e-07,kg m-2
loadso4,2003,8.066895215536163e-07,kg m-2
loadso4,2004,8.648320956975708e-07,kg m-2
