variable,year,value,unit
rlutcs,2001,-0.12789474450048033,W m-2
rlutcs,2002,0.2268970672807029,W m-2
rlutcs,2003,-0.12015278503534432,W m-2
rlutcs,2004,0.06303195315072685,W m-2
rlutcs,2005,-0.5624428653663358,W m-2
