variable,year,value,unit
emiso2,2001,2.8858718800173076e-14,kg m-2 s-1
emiso2,2002,2.70378531401713e-14,kg m-2 s-1
emiso2,2003,2.7779776202685855e-14,kg m-2 s-1
emiso2,2004,2.9826454860778696e-14,kg m-2 s-1
emiso2,2005,3.335840536146369e-14,kg m-2 s-1
