variable,year,value,unit
drybc,2000,-1.381615486517085e-17,kg m-2 s-1
drybc,2001,-2.3905892814805572e-17,kg m-2 s-1
drybc,2002,8.667998333157818e-17,kg m-2 s-1
drybc,2003,7.980136627540348e-17,kg m-2 s-1
drybc,2004,-2.4131557797415525e-17,kg m-2 s-1
