variable,year,value,unit
emiso2,2000,-9.853363104739231e-14,kg m-2 s-1
emiso2,2001,-1.0340038387997205e-13,kg m-2 s-1
emiso2,2002,-9.654306807182647e-14,kg m-2 s-1
emiso2,2003,-9.940270206558238e-14,kg m-2 s-1
emiso2,2004,-1.0697148837145936e-13,kg m-2 s-1
