variable,year,value,unit
emiso2,2000,3.407909198857934e-14,kg m-2 s-1
emiso2,2001,3.5781818872751215e-14,kg m-2 s-1
emiso2,2002,3.246013778087722e-14,kg m-2 s-1
emiso2,2003,3.3410209868842755e-14,kg m-2 s-1
emiso2,2004,3.7253782894662885e-14,kg m-2 s-1
