variable,year,value,unit
clt,2001,1.0685076642363285,%
clt,2002,-0.4846859315250711,%
clt,2003,0.3108027325645111,%
clt,2004,0.5425629443320119,%
clt,2005,0.6275375827060685,%
