variable,year,value,unit
dryso2,2000,7.422767438916069e-15,kg m-2 s-1
dryso2,2001,1.122605649798706e-14,kg m-2 s-1
dryso2,2002,1.1343841965663e-14,kg m-2 s-1
dryso2,2003,9.674638082865215e-15,kg m-2 s-1
dryso2,2004,1.4614796503834727e-14,kg m-2 s-1
