variable,year,value,unit
emiso2,2000,-8.472897708723812e-12,kg m-2 s-1
emiso2,2001,-8.115364274683835e-12,kg m-2 s-1
emiso2,2002,-7.928834813249288e-12,kg m-2 s-1
emiso2,2003,-8.462199170439331e-12,kg m-2 s-1
emiso2,2004,-9.260945444829984e-12,kg m-2 s-1
