variable,year,value,unit
mmrbc,2000,-2.677063949339164e-14,kg kg-1
mmrbc,2001,-1.4114161413457681e-14,kg kg-1
mmrbc,2002,7.944086998196295e-14,kg kg-1
mmrbc,2003,2.7048193768455193e-15,kg kg-1
mmrbc,2004,4.143333222396222e-14,kg kg-1
