variable,year,value,unit
srfdms,2000,-4.231958426354996e-15,mol mol-1
srfdms,2001,-1.4963000820276284e-15,mol mol-1
srfdms,2002,-1.7160615021922479e-16,mol mol-1
srfdms,2003,-4.961512307857491e-15,mol mol-1
srfdms,2004,-9.444811788323325e-15,mol mol-1
