variable,year,value,unit
clt,2000,-0.019112617169049884,%
clt,2001,0.003320363400703741,%
clt,2002,0.006162493012460857,%
clt,2003,0.011591518464967976,%
clt,2004,0.0029937610926040747,%
