variable,year,value,unit
wetso2,2000,5.115976457041472e-15,kg m-2 s-1
wetso2,2001,1.4654118525650986e-14,kg m-2 s-1
wetso2,2002,6.152742801589059e-15,kg m-2 s-1
wetso2,2003,5.605144664830897e-15,kg m-2 s-1
wetso2,2004,7.0654446143717155e-15,kg m-2 s-1
