variable,year,value,unit
dms,2001,-9.621782655010368e-14,mol mol-1
dms,2002,-8.995679419437302e-14,mol mol-1
dms,2003,2.4589517344599868e-14,mol mol-1
dms,2004,4.1491770799914984e-14,mol mol-1
dms,2005,-7.854757179727472e-14,mol mol-1
