variable,year,value,unit
emiso2,2000,-4.4243325788022095e-13,kg m-2 s-1
emiso2,2001,-4.6387562549812e-13,kg m-2 s-1
emiso2,2002,-4.346887254145824e-13,kg m-2 s-1
emiso2,2003,-4.4664809928685766e-13,kg m-2 s-1
emiso2,2004,-4.794218163594081e-13,kg m-2 s-1
