variable,year,value,unit
rsut,2000,0.10939859982056532,W m-2
rsut,2001,-0.31728333122664765,W m-2
rsut,2002,-0.5993854288038705,W m-2
rsut,2003,-0.4188715290550107,W m-2
rsut,2004,0.19206241491178844,W m-2
