variable,year,value,unit
wetso2,2000,-1.0170987362225586e-17,kg m-2 s-1
wetso2,2001,-1.2000016198865735e-17,kg m-2 s-1
wetso2,2002,-1.0536928364457969e-17,kg m-2 s-1
wetso2,2003,-1.7862149527182673e-17,kg m-2 s-1
wetso2,2004,-1.4947933306014837e-17,kg m-2 s-1
