variable,year,value,unit
wetbc,2000,1.328460157837062e-15,kg m-2 s-1
wetbc,2001,1.0968897331641838e-15,kg m-2 s-1
wetbc,2002,3.8523630593463352e-16,kg m-2 s-1
wetbc,2003,-1.7246356260840861e-16,kg m-2 s-1
wetbc,2004,-1.5077754801386512e-15,kg m-2 s-1
