variable,year,value,unit
wetso4,2000,-2.8780243911793892,kg m-2 s-1
wetso4,2001,-2.601291695303263,kg m-2 s-1
wetso4,2002,-1.932786960487672,kg m-2 s-1
wetso4,2003,-2.2255131863538784,kg m-2 s-1
wetso4,2004,-1.9288130116870832,kg m-2 s-1
