variable,year,value,unit
wetso4,2000,-3.9081495363265217,kg m-2 s-1
wetso4,2001,-4.1150421692466255,kg m-2 s-1
wetso4,2002,-4.3479056103092475,kg m-2 s-1
wetso4,2003,-4.133365264380673,kg m-2 s-1
wetso4,2004,-4.394266806148224,kg m-2 s-1
