variable,year,value,unit
rlutcs,2000,0.028713593109163976,W m-2
rlutcs,2001,0.034237943623445594,W m-2
rlutcs,2002,0.048216735039731055,W m-2
rlutcs,2003,0.017014688650401438,W m-2
rlutcs,2004,0.0038729563247013594,W m-2
