variable,year,value,unit
dryso4,2000,-3.0748009128797453,kg m-2 s-1
dryso4,2001,-3.4900110218140363,kg m-2 s-1
dryso4,2002,-3.360720224892698,kg m-2 s-1
dryso4,2003,-3.2688039375269486,kg m-2 s-1
dryso4,2004,-3.1516643864607023,kg m-2 s-1
