variable,year,value,unit
mmrbc,2000,-0.009135677855267409,kg kg-1
mmrbc,2001,-0.12790605838381247,kg kg-1
mmrbc,2002,-0.037762724561355654,kg kg-1
mmrbc,2003,-0.23769374260648146,kg kg-1
mmrbc,2004,0.3652421032855938,kg kg-1
