variable,year,value,unit
wetbc,2000,9.256234944080218e-17,kg m-2 s-1
wetbc,2001,-1.222517557120192e-16,kg m-2 s-1
wetbc,2002,-7.619111480129536e-18,kg m-2 s-1
wetbc,2003,-1.5689915837830945e-16,kg m-2 s-1
wetbc,2004,1.4062347993106743e-16,kg m-2 s-1
