variable,year,value,unit
so2,2000,-2.1207993590396228e-13,mol mol-1
so2,2001,-1.7993558751888623e-13,mol mol-1
so2,2002,-2.7575849055848493e-13,mol mol-1
so2,2003,-3.449763895816981e-13,mol mol-1
so2,2004,-1.1552780197266295e-13,mol mol-1
