variable,year,value,unit
wetso4,2000,-1.0272058124235658e-14,kg m-2 s-1
wetso4,2001,-1.2898928098052979e-14,kg m-2 s-1
wetso4,2002,-3.1743776574667323e-15,kg m-2 s-1
wetso4,2003,-1.2514015088127986e-14,kg m-2 s-1
wetso4,2004,-4.077249845431676e-15,kg m-2 s-1
