variable,year,value,unit
rsut,2000,-0.03122012079013814,W m-2
rsut,2001,-0.047237495855625866,W m-2
rsut,2002,-0.018829621246027273,W m-2
rsut,2003,-0.04529780941759043,W m-2
rsut,2004,-0.06853004313384758,W m-2
