variable,year,value,unit
mmrso4,2000,-1.0791934434553041e-11,kg kg-1
mmrso4,2001,-1.0143721111356915e-11,kg kg-1
mmrso4,2002,-1.068605131522728e-11,kg kg-1
mmrso4,2003,-1.0886567403529453e-11,kg kg-1
mmrso4,2004,-1.0182788129683713e-11,kg kg-1
