variable,year,value,unit
emibc,2000,1.841201778896948e-19,kg m-2 s-1
emibc,2001,-2.3019931233059153e-19,kg m-2 s-1
emibc,2002,3.79827751610193e-19,kg m-2 s-1
emibc,2003,2.221808234014103e-19,kg m-2 s-1
emibc,2004,6.402903091797274e-19,kg m-2 s-1
