variable,year,value,unit
dryso4,2000,-5.090648531416657e-15,kg m-2 s-1
dryso4,2001,-5.8681699781697505e-15,kg m-2 s-1
dryso4,2002,-6.401795083426132e-15,kg m-2 s-1
dryso4,2003,-6.224086455814213e-15,kg m-2 s-1
dryso4,2004,-6.456638816387498e-15,kg m-2 s-1
