variable,year,value,unit
emibc,2000,-5.821338086907701e-22,kg m-2 s-1
emibc,2001,-2.0902688481533785e-22,kg m-2 s-1
emibc,2002,-7.943454196437938e-22,kg m-2 s-1
emibc,2003,7.869730916550583e-22,kg m-2 s-1
emibc,2004,1.0803431164340031e-22,kg m-2 s-1
