variable,year,value,unit
dms,2000,-3.382005567643525e-14,mol mol-1
dms,2001,1.200856989934792e-15,mol mol-1
dms,2002,-3.1010343446143485e-14,mol mol-1
dms,2003,9.23245767027755e-15,mol mol-1
dms,2004,1.4558737810306193e-14,mol mol-1
