variable,year,value,unit
rlutcs,2000,-0.003452761314122199,W m-2
rlutcs,2001,0.007879919052669493,W m-2
rlutcs,2002,-0.003675341697942258,W m-2
rlutcs,2003,-0.012836787830764251,W m-2
rlutcs,2004,-0.00055706604305783,W m-2
