variable,year,value,unit
clivi,2000,4.6458806318740165e-06,kg m-2
clivi,2001,3.733482150274081e-05,kg m-2
clivi,2002,1.4597032775690022e-05,kg m-2
clivi,2003,6.757329614144603e-06,kg m-2
clivi,2004,-4.1121186890934885e-05,kg m-2
