variable,year,value,unit
rsutcs,2000,-0.0028498907011993424,W m-2
rsutcs,2001,-0.0021789045838431775,W m-2
rsutcs,2002,-0.003193134393853825,W m-2
rsutcs,2003,-0.003244385463801791,W m-2
rsutcs,2004,-0.0037545110635761603,W m-2
