variable,year,value,unit
loadbc,2000,-0.13939485143441394,kg m-2
loadbc,2001,0.04533914027452263,kg m-2
loadbc,2002,0.12178515426945209,kg m-2
loadbc,2003,-0.027515022178422638,kg m-2
loadbc,2004,0.1299587210546088,kg m-2
