variable,year,value,unit
emiso2,2000,0.13234213462375888,kg m-2 s-1
emiso2,2001,0.1295091983957072,kg m-2 s-1
emiso2,2002,0.1404169075765515,kg m-2 s-1
emiso2,2003,0.10260828543795705,kg m-2 s-1
emiso2,2004,0.10128247273666605,kg m-2 s-1
