variable,year,value,unit
wetso2,2000,0.5947067214842351,kg m-2 s-1
wetso2,2001,0.4084845376366466,kg m-2 s-1
wetso2,2002,0.6277437483276601,kg m-2 s-1
wetso2,2003,-0.4765499011941548,kg m-2 s-1
wetso2,2004,0.8545472389176899,kg m-2 s-1
