variable,year,value,unit
rsut,2000,0.02360672419856229,W m-2
rsut,2001,-0.08054168029757733,W m-2
rsut,2002,-0.012853805031707938,W m-2
rsut,2003,-0.04038677303233363,W m-2
rsut,2004,-0.07190628243317382,W m-2
