variable,year,value,unit
wetbc,2000,0.25207298930476657,kg m-2 s-1
wetbc,2001,0.008883203236627462,kg m-2 s-1
wetbc,2002,0.15181097722465214,kg m-2 s-1
wetbc,2003,0.10120080029387604,kg m-2 s-1
wetbc,2004,-0.15672489191588668,kg m-2 s-1
