variable,year,value,unit
so2,2000,-3.3587761798793613e-12,mol mol-1
so2,2001,-3.5578923022220786e-12,mol mol-1
so2,2002,-3.229980406362001e-12,mol mol-1
so2,2003,-3.4403574483145042e-12,mol mol-1
so2,2004,-3.6013686363520167e-12,mol mol-1
