variable,year,value,unit
wetso2,2000,-2.4984083393158886e-17,kg m-2 s-1
wetso2,2001,-2.1928824336495954e-17,kg m-2 s-1
wetso2,2002,-2.190189860757952e-17,kg m-2 s-1
wetso2,2003,-2.2544585528629626e-17,kg m-2 s-1
wetso2,2004,-2.1415657102408832e-17,kg m-2 s-1
