variable,year,value,unit
rsut,2000,-0.09382174278660216,W m-2
rsut,2001,-0.04135313238006688,W m-2
rsut,2002,-0.012034882081721321,W m-2
rsut,2003,-0.026712458918282778,W m-2
rsut,2004,-0.04737958913499085,W m-2
