variable,year,value,unit
wetso2,2000,-2.1834077050866636e-17,kg m-2 s-1
wetso2,2001,-2.1729163414962503e-17,kg m-2 s-1
wetso2,2002,-2.2571203876264948e-17,kg m-2 s-1
wetso2,2003,-2.2519455184191053e-17,kg m-2 s-1
wetso2,2004,-2.0816975058807967e-17,kg m-2 s-1
