variable,year,value,unit
mmrbc,2000,-4.821313540961068e-13,kg kg-1
mmrbc,2001,-4.5436118049869965e-13,kg kg-1
mmrbc,2002,-5.168282198630748e-13,kg kg-1
mmrbc,2003,-5.205802089605187e-13,kg kg-1
mmrbc,2004,-5.841968325032274e-13,kg kg-1
