variable,year,value,unit
emiso2,2000,-2.3011644951601473e-13,kg m-2 s-1
emiso2,2001,-2.4127329926490596e-13,kg m-2 s-1
emiso2,2002,-2.2608838856700824e-13,kg m-2 s-1
emiso2,2003,-2.3230955138329154e-13,kg m-2 s-1
emiso2,2004,-2.493546117781393e-13,kg m-2 s-1
