variable,year,value,unit
drybc,2000,-2.9290571050152014e-16,kg m-2 s-1
drybc,2001,-1.6143767715703615e-16,kg m-2 s-1
drybc,2002,-2.1505448337080126e-16,kg m-2 s-1
drybc,2003,-2.2117709585967055e-16,kg m-2 s-1
drybc,2004,-1.9163131758681146e-16,kg m-2 s-1
