variable,year,value,unit
rlutcs,2000,0.0010516961070266007,W m-2
rlutcs,2001,0.003538502004005295,W m-2
rlutcs,2002,0.004923178172077769,W m-2
rlutcs,2003,0.004560201479876014,W m-2
rlutcs,2004,0.005928946154085679,W m-2
