variable,year,value,unit
dryso4,2001,1.2164073157251975e-15,kg m-2 s-1
dryso4,2002,-3.3834072676277193e-15,kg m-2 s-1
dryso4,2003,-3.1767902766708895e-15,kg m-2 s-1
dryso4,2004,1.106685414870323e-15,kg m-2 s-1
