variable,year,value,unit
clt,2000,0.00793123063331791,%
clt,2001,-0.02125271042677923,%
clt,2002,0.004437965319127102,%
clt,2003,0.0206998540292318,%
clt,2004,-0.031665297245766055,%
