variable,year,value,unit
wetso4,2000,1.6644564815951453e-14,kg m-2 s-1
wetso4,2001,-1.871384478486396e-15,kg m-2 s-1
wetso4,2002,4.042460773594351e-15,kg m-2 s-1
wetso4,2003,-4.149567677414621e-15,kg m-2 s-1
wetso4,2004,2.127199314637031e-14,kg m-2 s-1
