variable,year,value,unit
loadbc,2000,1.1194994279566321e-10,kg m-2
loadbc,2001,1.5436688512280803e-10,kg m-2
loadbc,2002,1.3650677165034636e-10,kg m-2
loadbc,2003,1.5020341752090134e-10,kg m-2
loadbc,2004,1.205592323109767e-10,kg m-2
