variable,year,value,unit
rsdt,2000,-2.278716806358716e-07,W m-2
rsdt,2001,4.007769689451379e-07,W m-2
rsdt,2002,2.6920227469418023e-07,W m-2
rsdt,2003,-1.3974323564980295e-07,W m-2
rsdt,2004,-3.1495829944105935e-08,W m-2
