variable,year,value,unit
od550aer,2001,0.0004614171461508991,1
od550aer,2002,0.00028191667628379297,1
od550aer,2003,0.0020637758794973086,1
od550aer,2004,0.001283689965755959,1
