variable,year,value,unit
loadso4,2000,-1.474130978355955e-09,kg m-2
loadso4,2001,-5.901290740442785e-09,kg m-2
loadso4,2002,-6.805071009416419e-09,kg m-2
loadso4,2003,-9.331632168882735e-11,kg m-2
loadso4,2004,-1.9583113481942937e-09,kg m-2
