variable,year,value,unit
wetso2,2001,1.6372239102127111e-15,kg m-2 s-1
wetso2,2002,-2.484132548026486e-15,kg m-2 s-1
wetso2,2003,-5.170740901663683e-15,kg m-2 s-1
wetso2,2004,1.3244783469763696e-15,kg m-2 s-1
