variable,year,value,unit
drybc,2000,-1.340026333831946e-17,kg m-2 s-1
drybc,2001,-2.966799794657841e-18,kg m-2 s-1
drybc,2002,-3.526786821634434e-17,kg m-2 s-1
drybc,2003,1.2745185161383724e-17,kg m-2 s-1
drybc,2004,-7.885729389743708e-18,kg m-2 s-1
