variable,year,value,unit
rsutcs,2001,-0.3089878754350366,W m-2
rsutcs,2002,-0.24467901341996878,W m-2
rsutcs,2003,0.06708112540042066,W m-2
rsutcs,2004,-0.0889915974488531,W m-2
