variable,year,value,unit
emiso2,2000,1.7043501683166838e-15,kg m-2 s-1
emiso2,2001,2.5246987204923104e-16,kg m-2 s-1
emiso2,2002,7.848243199572501e-16,kg m-2 s-1
emiso2,2003,1.2793257996705813e-15,kg m-2 s-1
emiso2,2004,4.275249527945778e-16,kg m-2 s-1
