variable,year,value,unit
rsut,2001,-0.04721703937356381,W m-2
rsut,2002,0.0499586409038244,W m-2
rsut,2003,0.18076543953266366,W m-2
rsut,2004,-0.08883679741572337,W m-2
