variable,year,value,unit
rsutcs,2000,0.028995565621002584,W m-2
rsutcs,2001,0.08666040790825491,W m-2
rsutcs,2002,-0.03946362019100036,W m-2
rsutcs,2003,-0.044885660403792826,W m-2
rsutcs,2004,-0.02923869920807931,W m-2
