variable,year,value,unit
emibc,2000,2.745348849302316e-16,kg m-2 s-1
emibc,2001,-4.007447633005895e-16,kg m-2 s-1
emibc,2002,2.887414156384328e-16,kg m-2 s-1
emibc,2003,2.3574849691752227e-17,kg m-2 s-1
emibc,2004,-7.603260837916625e-17,kg m-2 s-1
