variable,year,value,unit
od550aer,2001,-2.685773794921381e-05,1
od550aer,2002,-1.695392515403682e-05,1
od550aer,2003,5.685562219925888e-05,1
od550aer,2004,2.3888136348397537e-05,1
