variable,year,value,unit
clt,2000,0.03395796279825447,%
clt,2001,-0.006229896806004831,%
clt,2002,-0.33328944381716497,%
clt,2003,-0.0468457689079429,%
clt,2004,-0.01596817485057045,%
