variable,year,value,unit
rlut,2000,-0.02599411634409421,W m-2
rlut,2001,0.0015866787987022235,W m-2
rlut,2002,-0.003608601158845204,W m-2
rlut,2003,0.025080963133774503,W m-2
rlut,2004,0.008116360119402088,W m-2
