variable,year,value,unit
rsutcs,2001,-0.0039222342824984935,W m-2
rsutcs,2002,-0.0257938533123081,W m-2
rsutcs,2003,0.09752219426984254,W m-2
rsutcs,2004,0.11690147174333276,W m-2
