variable,year,value,unit
so2,2000,-2.219468342089069e-14,mol mol-1
so2,2001,-1.1384749476305627e-14,mol mol-1
so2,2002,-1.1132834596565875e-13,mol mol-1
so2,2003,-1.0041204869259131e-13,mol mol-1
so2,2004,-1.1852145020716332e-13,mol mol-1
