variable,year,value,unit
so2,2001,5.531501836698346e-12,mol mol-1
so2,2002,6.568911217146034e-12,mol mol-1
so2,2003,2.8959142645446814e-12,mol mol-1
so2,2004,1.6590281700524157e-12,mol mol-1
