variable,year,value,unit
dms,2000,-7.870991920683304e-14,mol mol-1
dms,2001,7.220536818997096e-14,mol mol-1
dms,2002,-4.709201389540392e-14,mol mol-1
dms,2003,-2.6996106816763072e-14,mol mol-1
dms,2004,2.2301283426445223e-14,mol mol-1
