variable,year,value,unit
rsutcs,2001,-0.10490621947943168,W m-2
rsutcs,2002,-0.04577916471629351,W m-2
rsutcs,2003,0.21022157165836575,W m-2
rsutcs,2004,-0.08314678270845377,W m-2
