variable,year,value,unit
dryso2,2000,-7.286469358210641e-16,kg m-2 s-1
dryso2,2001,1.728799313442866e-17,kg m-2 s-1
dryso2,2002,-7.88509145838545e-16,kg m-2 s-1
dryso2,2003,-6.734759183819429e-16,kg m-2 s-1
dryso2,2004,-6.778127684389935e-16,kg m-2 s-1
