variable,year,value,unit
dryso2,2001,-1.3110892048020195e-15,kg m-2 s-1
dryso2,2002,4.191816829509412e-17,kg m-2 s-1
dryso2,2003,-2.6178066173990432e-15,kg m-2 s-1
dryso2,2004,7.263189991072119e-16,kg m-2 s-1
