variable,year,value,unit
rsut,2001,0.1907505180666078,W m-2
rsut,2002,-0.0770605134180471,W m-2
rsut,2003,0.2391537459260462,W m-2
rsut,2004,-0.21198156080940578,W m-2
