variable,year,value,unit
rsutcs,2000,0.03546814861881842,W m-2
rsutcs,2001,0.05791381358503145,W m-2
rsutcs,2002,0.037701631308948436,W m-2
rsutcs,2003,0.09497594363746487,W m-2
rsutcs,2004,-0.03687531350969664,W m-2
