variable,year,value,unit
mmrbc,2000,6.843522519822944e-15,kg kg-1
mmrbc,2001,1.9885702642278794e-15,kg kg-1
mmrbc,2002,1.0306701599358053e-14,kg kg-1
mmrbc,2003,-1.6370246533305847e-14,kg kg-1
mmrbc,2004,-1.1812441832169354e-14,kg kg-1
