variable,year,value,unit
rsut,2000,-0.033941217638499666,W m-2
rsut,2001,0.008480645584441504,W m-2
rsut,2002,-0.061713470117538805,W m-2
rsut,2003,0.043826826567283206,W m-2
rsut,2004,0.008842277436585277,W m-2
