variable,year,value,unit
wetbc,2000,5.2817676165991996e-17,kg m-2 s-1
wetbc,2001,2.52866367218816e-16,kg m-2 s-1
wetbc,2002,-3.8119309610017187e-16,kg m-2 s-1
wetbc,2003,-4.773851408374695e-16,kg m-2 s-1
wetbc,2004,-3.0558529074966276e-16,kg m-2 s-1
