variable,year,value,unit
rsutcs,2000,-0.008927812977049143,W m-2
rsutcs,2001,0.00363492991283465,W m-2
rsutcs,2002,-0.09988673607493581,W m-2
rsutcs,2003,-0.04302158656837207,W m-2
rsutcs,2004,-0.1031442813212351,W m-2
