variable,year,value,unit
rlut,2000,-0.001664115955577472,W m-2
rlut,2001,0.002578312539498029,W m-2
rlut,2002,0.00066850968752874,W m-2
rlut,2003,-0.0006407288032050928,W m-2
rlut,2004,0.0006102911448806481,W m-2
