variable,year,value,unit
rsutcs,2000,-0.007073278977770769,W m-2
rsutcs,2001,0.06624359524437295,W m-2
rsutcs,2002,0.038030535488118744,W m-2
rsutcs,2003,-0.0005207304300967053,W m-2
rsutcs,2004,0.035202854081390456,W m-2
