variable,year,value,unit
rsutcs,2001,0.013710469418619198,W m-2
rsutcs,2002,0.0105029677120001,W m-2
rsutcs,2003,0.008335372959372478,W m-2
rsutcs,2004,0.010177682532329868,W m-2
