variable,year,value,unit
rsut,2000,-0.09032250652484562,W m-2
rsut,2001,-0.07654765360281313,W m-2
rsut,2002,-0.08116644795129499,W m-2
rsut,2003,-0.10135286804089608,W m-2
rsut,2004,-0.09063690885932169,W m-2
