variable,year,value,unit
rsutcs,2000,-0.07580748979795894,W m-2
rsutcs,2001,-0.08039767977940576,W m-2
rsutcs,2002,-0.06411856619622928,W m-2
rsutcs,2003,-0.07205156575157826,W m-2
rsutcs,2004,-0.06835314690720179,W m-2
