variable,year,value,unit
rlutcs,2000,0.027516164402437013,W m-2
rlutcs,2001,0.04490471837638582,W m-2
rlutcs,2002,0.004489298688840902,W m-2
rlutcs,2003,0.01860645653766059,W m-2
rlutcs,2004,-0.008690147181055274,W m-2
