variable,year,value,unit
emiso2,2000,-0.0015917795618403399,kg m-2 s-1
emiso2,2001,-0.0018899995523952821,kg m-2 s-1
emiso2,2002,-0.002224424923520536,kg m-2 s-1
emiso2,2003,-0.00256174629508896,kg m-2 s-1
emiso2,2004,-0.0018244413279930078,kg m-2 s-1
