variable,year,value,unit
rlut,2000,-0.01685449795652835,W m-2
rlut,2001,-0.011655989642660246,W m-2
rlut,2002,-0.005663946958219508,W m-2
rlut,2003,-0.016270639881288834,W m-2
rlut,2004,-0.02949413794775928,W m-2
