variable,year,value,unit
rlut,2001,-0.47889053894491096,W m-2
rlut,2002,1.3275629529435795,W m-2
rlut,2003,0.8403502668522094,W m-2
rlut,2004,-0.5910768239498153,W m-2
rlut,2005,1.0798960024378124,W m-2
