variable,year,value,unit
cl,2000,-0.6100891837973169,%
cl,2001,-0.5802076492511802,%
cl,2002,0.3420940762315324,%
cl,2003,1.257184469145239,%
cl,2004,1.4159295276190693,%
