variable,year,value,unit
od550aer,2000,0.5933647428552248,1
od550aer,2001,0.35321201466507596,1
od550aer,2002,-0.23053409733430058,1
od550aer,2003,0.5021839560654389,1
od550aer,2004,0.5732108196660045,1
