variable,year,value,unit
drybc,2000,-0.05647757800818084,kg m-2 s-1
drybc,2001,0.01278030421913332,kg m-2 s-1
drybc,2002,0.11632230489016704,kg m-2 s-1
drybc,2003,-0.1099526230501294,kg m-2 s-1
drybc,2004,-0.10657234062503357,kg m-2 s-1
