variable,year,value,unit
loadso4,2000,1.118858308504018e-08,kg m-2
loadso4,2001,1.0419302146144384e-08,kg m-2
loadso4,2002,1.0724288050770066e-08,kg m-2
loadso4,2003,1.087728330620161e-08,kg m-2
loadso4,2004,1.0803138506658387e-08,kg m-2
