variable,year,value,unit
rsutcs,2000,0.004330268712521956,W m-2
rsutcs,2001,0.004681259535701088,W m-2
rsutcs,2002,0.010545569791318599,W m-2
rsutcs,2003,-0.0016216383075544627,W m-2
rsutcs,2004,0.006887231515008807,W m-2
