variable,year,value,unit
rlut,2000,0.06843396786115363,W m-2
rlut,2001,0.07075030357182754,W m-2
rlut,2002,0.03853149962114344,W m-2
rlut,2003,-0.039267967488569866,W m-2
rlut,2004,0.010830868833636487,W m-2
