variable,year,value,unit
rsutcs,2000,0.003522303604384547,W m-2
rsutcs,2001,0.00018538071891782693,W m-2
rsutcs,2002,0.02168517677024795,W m-2
rsutcs,2003,0.01402268891055769,W m-2
rsutcs,2004,-0.016274682901425308,W m-2
