variable,year,value,unit
so2,2005,2.5982243035559803e-13,mol mol-1
so2,2006,2.366003734124694e-13,mol mol-1
so2,2007,2.266854955017643e-13,mol mol-1
so2,2008,2.7200943273339095e-13,mol mol-1
so2,2009,6.24696882286755e-14,mol mol-1
