variable,year,value,unit
loadso4,2000,1.199706097620545e-08,kg m-2
loadso4,2001,1.4395781009031983e-08,kg m-2
loadso4,2002,1.7452662996262215e-08,kg m-2
loadso4,2003,2.0270852156448444e-08,kg m-2
loadso4,2004,1.37951974119113e-08,kg m-2
