variable,year,value,unit
emiso2,2000,-3.4310118011378554e-14,kg m-2 s-1
emiso2,2001,-3.2150934026356956e-14,kg m-2 s-1
emiso2,2002,-3.303147797539083e-14,kg m-2 s-1
emiso2,2003,-3.5468181064375106e-14,kg m-2 s-1
emiso2,2004,-3.965992978963163e-14,kg m-2 s-1
