variable,year,value,unit
wetso4,2000,-6.688922909192788e-14,kg m-2 s-1
wetso4,2001,-7.965944666816029e-14,kg m-2 s-1
wetso4,2002,-5.872931594808027e-14,kg m-2 s-1
wetso4,2003,-7.449938446025118e-14,kg m-2 s-1
wetso4,2004,-6.224405449541064e-14,kg m-2 s-1
