variable,year,value,unit
mmrso4,2000,-5.2894042767281884e-12,kg kg-1
mmrso4,2001,-5.021397263772024e-12,kg kg-1
mmrso4,2002,-3.990450223367967e-12,kg kg-1
mmrso4,2003,-4.070663297567931e-12,kg kg-1
mmrso4,2004,-4.296456824306829e-12,kg kg-1
