variable,year,value,unit
loadso2,2000,-2.125310456918014e-09,kg m-2
loadso2,2001,-1.2931913289747474e-09,kg m-2
loadso2,2002,-1.1243724064447133e-09,kg m-2
loadso2,2003,-1.5556600000641644e-09,kg m-2
loadso2,2004,-1.3500661996266306e-09,kg m-2
