variable,year,value,unit
mmrbc,2000,1.7518343844471622e-15,kg kg-1
mmrbc,2001,4.947839969250711e-15,kg kg-1
mmrbc,2002,-3.7935578117393725e-15,kg kg-1
mmrbc,2003,4.852741370649797e-15,kg kg-1
mmrbc,2004,1.5409344217249667e-14,kg kg-1
