variable,year,value,unit
clt,2000,0.16709300021977924,%
clt,2001,0.11442073112485929,%
clt,2002,0.132705778904743,%
clt,2003,-0.1308992236089992,%
clt,2004,0.11045860951411868,%
