variable,year,value,unit
rlutcs,2000,1.530622705558926e-05,W m-2
rlutcs,2001,-0.0001986542134204683,W m-2
rlutcs,2002,0.0004984641541909696,W m-2
rlutcs,2003,0.00021289646821287533,W m-2
rlutcs,2004,0.00017813277122513682,W m-2
