variable,year,value,unit
emibc,2000,-8.514392592136008e-22,kg m-2 s-1
emibc,2001,-6.205694343996428e-22,kg m-2 s-1
emibc,2002,-8.295817789307756e-22,kg m-2 s-1
emibc,2003,6.037651067748503e-22,kg m-2 s-1
emibc,2004,-9.927823327448572e-23,kg m-2 s-1
