variable,year,value,unit
emiso2,2000,-8.574520777955548e-14,kg m-2 s-1
emiso2,2001,-8.301392808147589e-14,kg m-2 s-1
emiso2,2002,-8.659406510439862e-14,kg m-2 s-1
emiso2,2003,-8.914706434268517e-14,kg m-2 s-1
emiso2,2004,-9.059418501894518e-14,kg m-2 s-1
