variable,year,value,unit
so2,2000,-2.6254488270696968e-12,mol mol-1
so2,2001,-2.799296822713049e-12,mol mol-1
so2,2002,-2.2355099974492234e-12,mol mol-1
so2,2003,-3.38307464471413e-12,mol mol-1
so2,2004,-1.7246389629804793e-12,mol mol-1
