variable,year,value,unit
rlutcs,2000,0.007086802810846393,W m-2
rlutcs,2001,0.0019077573476238285,W m-2
rlutcs,2002,-0.004352800913551391,W m-2
rlutcs,2003,0.0018965031393918252,W m-2
rlutcs,2004,-0.009839797727153154,W m-2
