variable,year,value,unit
rsut,2000,-0.00028506828992647115,W m-2
rsut,2001,-8.239175866719961e-05,W m-2
rsut,2002,-0.005204619705779123,W m-2
rsut,2003,-0.003990739916105213,W m-2
rsut,2004,-0.0017570198681511329,W m-2
