variable,year,value,unit
rlut,2000,0.01518405204748774,W m-2
rlut,2001,-0.11686754917161579,W m-2
rlut,2002,-0.009436669576444956,W m-2
rlut,2003,-0.04747812014045394,W m-2
rlut,2004,0.17062341559937977,W m-2
