variable,year,value,unit
emiso2,2000,-3.928151265456067e-14,kg m-2 s-1
emiso2,2001,-3.802016022909313e-14,kg m-2 s-1
emiso2,2002,-3.9662638316417735e-14,kg m-2 s-1
emiso2,2003,-4.08351763593539e-14,kg m-2 s-1
emiso2,2004,-4.149391739155668e-14,kg m-2 s-1
