variable,year,value,unit
drybc,2000,9.721220956250036e-17,kg m-2 s-1
drybc,2001,2.0274577081143294e-16,kg m-2 s-1
drybc,2002,7.270378096351697e-17,kg m-2 s-1
drybc,2003,-3.238585330816977e-16,kg m-2 s-1
drybc,2004,8.008874526844652e-17,kg m-2 s-1
