variable,year,value,unit
so2,2000,-6.659298025270317e-12,mol mol-1
so2,2001,-5.667296118825356e-12,mol mol-1
so2,2002,-1.6052855326188502e-12,mol mol-1
so2,2003,-8.244492831013765e-12,mol mol-1
so2,2004,-6.068497855642724e-12,mol mol-1
