variable,year,value,unit
rsutcs,2000,-0.0034971065318245564,W m-2
rsutcs,2001,-0.0023585617219907817,W m-2
rsutcs,2002,-0.003670425351899098,W m-2
rsutcs,2003,-0.00398819919094251,W m-2
rsutcs,2004,-0.004683616875112762,W m-2
