variable,year,value,unit
rsut,2001,-0.05282197163025197,W m-2
rsut,2002,-0.016143805277327075,W m-2
rsut,2003,0.10741117461505499,W m-2
rsut,2004,0.01950562099984043,W m-2
