variable,year,value,unit
dryso4,2001,0.08758494718855785,kg m-2 s-1
dryso4,2002,0.02419160477084089,kg m-2 s-1
dryso4,2003,0.06708751082918218,kg m-2 s-1
dryso4,2004,0.03682325322789192,kg m-2 s-1
