variable,year,value,unit
rlut,2001,0.04085061531512559,W m-2
rlut,2002,0.009329953923941215,W m-2
rlut,2003,-0.016174362591601717,W m-2
rlut,2004,-0.012550371280391793,W m-2
