variable,year,value,unit
loadbc,2000,5.220387925879344e-13,kg m-2
loadbc,2001,8.14575317103504e-11,kg m-2
loadbc,2002,3.9389840617201555e-11,kg m-2
loadbc,2003,2.0213226253404355e-10,kg m-2
loadbc,2004,8.375623913469001e-11,kg m-2
