variable,year,value,unit
dryso4,2001,-7.573662475272864e-15,kg m-2 s-1
dryso4,2002,1.215066969687753e-14,kg m-2 s-1
dryso4,2003,2.869036453098645e-14,kg m-2 s-1
dryso4,2004,5.31811564109309e-14,kg m-2 s-1
dryso4,2005,-5.915977436753014e-14,kg m-2 s-1
