variable,year,value,unit
rlut,2000,-0.5440602577928928,W m-2
rlut,2001,-0.5435849060513078,W m-2
rlut,2002,-0.5645871665302593,W m-2
rlut,2003,-0.43279465483806234,W m-2
rlut,2004,-0.5229715253621237,W m-2
