variable,year,value,unit
clt,2000,0.00025704520608371695,%
clt,2001,0.000580894521782227,%
clt,2002,-0.00030688473808737626,%
clt,2003,-0.000601020808545627,%
clt,2004,0.00040457919167380396,%
