variable,year,value,unit
mmrbc,2001,-4.041790640493838e-12,kg kg-1
mmrbc,2002,1.5699801582139461e-12,kg kg-1
mmrbc,2003,1.4375073864293e-12,kg kg-1
mmrbc,2004,-1.2986294365390768e-12,kg kg-1
mmrbc,2005,-3.517057861332837e-12,kg kg-1
