variable,year,value,unit
wetbc,2001,1.1836698760490846e-15,kg m-2 s-1
wetbc,2002,-1.9617026325503587e-15,kg m-2 s-1
wetbc,2003,7.846857711021504e-16,kg m-2 s-1
wetbc,2004,-9.645581160354844e-16,kg m-2 s-1
wetbc,2005,1.7607560451793134e-16,kg m-2 s-1
