variable,year,value,unit
cl,2001,-0.28280821806713163,%
cl,2002,-0.500004957434566,%
cl,2003,-0.07615602525501508,%
cl,2004,-0.2891859127688683,%
cl,2005,-0.29228001518402813,%
