variable,year,value,unit
drybc,2001,-4.248239381534081e-16,kg m-2 s-1
drybc,2002,2.4769422045976146e-15,kg m-2 s-1
drybc,2003,2.7895249756498805e-15,kg m-2 s-1
drybc,2004,1.119121862428104e-16,kg m-2 s-1
drybc,2005,7.352325696041177e-15,kg m-2 s-1
