variable,year,value,unit
drybc,2000,-5.752837788092581e-17,kg m-2 s-1
drybc,2001,6.466600376790996e-17,kg m-2 s-1
drybc,2002,1.950182805143082e-17,kg m-2 s-1
drybc,2003,-2.069555597572759e-17,kg m-2 s-1
drybc,2004,-2.593683884603569e-18,kg m-2 s-1
