variable,year,value,unit
rsutcs,2000,-0.012324061125582375,W m-2
rsutcs,2001,0.0013457608624634076,W m-2
rsutcs,2002,0.0035342400986593248,W m-2
rsutcs,2003,-0.008354255667484267,W m-2
rsutcs,2004,-0.010414047528712445,W m-2
