variable,year,value,unit
dryso2,2000,-6.344729026190209e-15,kg m-2 s-1
dryso2,2001,-6.5001685745709854e-15,kg m-2 s-1
dryso2,2002,-6.474494685745686e-15,kg m-2 s-1
dryso2,2003,-6.5422005776605994e-15,kg m-2 s-1
dryso2,2004,-7.564104828648614e-15,kg m-2 s-1
