variable,year,value,unit
wetso2,2000,-1.286620606451498e-17,kg m-2 s-1
wetso2,2001,-1.300618305046683e-17,kg m-2 s-1
wetso2,2002,-1.5917416792832092e-17,kg m-2 s-1
wetso2,2003,-1.529428285710305e-17,kg m-2 s-1
wetso2,2004,-1.5169489577677695e-17,kg m-2 s-1
