variable,year,value,unit
dryso4,2000,-2.884632094693306e-15,kg m-2 s-1
dryso4,2001,-2.852056770241583e-15,kg m-2 s-1
dryso4,2002,-2.819228613993636e-15,kg m-2 s-1
dryso4,2003,-4.561698964513968e-15,kg m-2 s-1
dryso4,2004,-1.834829239569192e-15,kg m-2 s-1
