variable,year,value,unit
rsut,2000,0.000803488201384539,W m-2
rsut,2001,-0.012092964601762901,W m-2
rsut,2002,0.013009142663776174,W m-2
rsut,2003,0.001993967178933076,W m-2
rsut,2004,-0.004947943865602156,W m-2
