variable,year,value,unit
dryso4,2000,-1.4610042814741758e-14,kg m-2 s-1
dryso4,2001,-1.5657385213936594e-14,kg m-2 s-1
dryso4,2002,-1.634011501907089e-14,kg m-2 s-1
dryso4,2003,-1.5920426410637627e-14,kg m-2 s-1
dryso4,2004,-1.5638292147350636e-14,kg m-2 s-1
