variable,year,value,unit
rlutcs,2000,-0.0013862925479770638,W m-2
rlutcs,2001,-0.0017325500697893403,W m-2
rlutcs,2002,0.000623525029538996,W m-2
rlutcs,2003,0.006268254308309906,W m-2
rlutcs,2004,-0.004408290014595195,W m-2
