variable,year,value,unit
rsutcs,2000,0.00035521872605670524,W m-2
rsutcs,2001,-0.0015655429042311653,W m-2
rsutcs,2002,0.003960620845518292,W m-2
rsutcs,2003,0.015276543301993684,W m-2
rsutcs,2004,0.009776218083118238,W m-2
