variable,year,value,unit
wetso2,2000,-0.0036273337818303023,kg m-2 s-1
wetso2,2001,0.21914416786757945,kg m-2 s-1
wetso2,2002,0.1326041537336196,kg m-2 s-1
wetso2,2003,0.2774536520869801,kg m-2 s-1
wetso2,2004,0.3602411416521828,kg m-2 s-1
