variable,year,value,unit
od550aer,2000,0.07691524097430168,1
od550aer,2001,0.053010928808836226,1
od550aer,2002,0.20185251420638872,1
od550aer,2003,-0.02796078351786596,1
od550aer,2004,-0.0897192950989488,1
