variable,year,value,unit
emiso2,2001,0.1425459613878963,kg m-2 s-1
emiso2,2002,0.14708929013349276,kg m-2 s-1
emiso2,2003,0.14814281699748186,kg m-2 s-1
emiso2,2004,0.1502530189912217,kg m-2 s-1
emiso2,2005,0.15289341987871158,kg m-2 s-1
