variable,year,value,unit
loadso2,2000,0.19984079854689665,kg m-2
loadso2,2001,-0.18833301927117843,kg m-2
loadso2,2002,0.042325918945681454,kg m-2
loadso2,2003,0.07119683883565658,kg m-2
loadso2,2004,-0.09139421477225798,kg m-2
