variable,year,value,unit
dryso2,2001,-1.2104695472942577,kg m-2 s-1
dryso2,2002,-0.4997150476519689,kg m-2 s-1
dryso2,2003,1.8647038888928942,kg m-2 s-1
dryso2,2004,0.6947265899141388,kg m-2 s-1
dryso2,2005,0.9149526642855135,kg m-2 s-1
