variable,year,value,unit
clivi,2000,-0.6348371715856062,kg m-2
clivi,2001,1.223145293426059,kg m-2
clivi,2002,-0.4907182126008556,kg m-2
clivi,2003,-0.12733778269190935,kg m-2
clivi,2004,-0.3120385255735816,kg m-2
