variable,year,value,unit
emibc,2001,1.9541397323453158e-07,kg m-2 s-1
emibc,2002,-8.454447174149313e-09,kg m-2 s-1
emibc,2003,8.261600710897978e-08,kg m-2 s-1
emibc,2004,-2.1255180707390815e-07,kg m-2 s-1
emibc,2005,-5.2913684058220464e-08,kg m-2 s-1
