variable,year,value,unit
wetso2,2001,0.07906166304631625,kg m-2 s-1
wetso2,2002,0.2031509178599881,kg m-2 s-1
wetso2,2003,0.475698180192285,kg m-2 s-1
wetso2,2004,0.16578381796325076,kg m-2 s-1
wetso2,2005,0.30424301804206205,kg m-2 s-1
