variable,year,value,unit
rsutcs,2000,-0.009038189499150513,W m-2
rsutcs,2001,0.003751298363708277,W m-2
rsutcs,2002,0.016527847496072764,W m-2
rsutcs,2003,0.0012655557838276506,W m-2
rsutcs,2004,-0.004425736737690334,W m-2
