variable,year,value,unit
rsutcs,2000,0.001151470635824509,W m-2
rsutcs,2001,-0.012056521909489528,W m-2
rsutcs,2002,-0.03126599060101622,W m-2
rsutcs,2003,0.014816771630082295,W m-2
rsutcs,2004,0.015388611455497364,W m-2
