variable,year,value,unit
emiso2,2000,0.17226327006877712,kg m-2 s-1
emiso2,2001,0.16000833683846874,kg m-2 s-1
emiso2,2002,0.16467776872434553,kg m-2 s-1
emiso2,2003,0.16600715085151707,kg m-2 s-1
emiso2,2004,0.16885760970648384,kg m-2 s-1
