variable,year,value,unit
dryso4,2000,0.021398313448926655,kg m-2 s-1
dryso4,2001,0.41678572428427707,kg m-2 s-1
dryso4,2002,0.23523295038780173,kg m-2 s-1
dryso4,2003,0.1453120508598851,kg m-2 s-1
dryso4,2004,0.19635699196956824,kg m-2 s-1
