variable,year,value,unit
dms,2001,-3.8310876555040174,mol mol-1
dms,2002,7.2100372629243195,mol mol-1
dms,2003,2.116940354175579,mol mol-1
dms,2004,5.184775031605392,mol mol-1
dms,2005,15.023847116202202,mol mol-1
