variable,year,value,unit
emiso2,2000,-0.3858105245351354,kg m-2 s-1
emiso2,2001,-0.3852639411220252,kg m-2 s-1
emiso2,2002,-0.3865749177519956,kg m-2 s-1
emiso2,2003,-0.3874361300921709,kg m-2 s-1
emiso2,2004,-0.38804710353882566,kg m-2 s-1
