variable,year,value,unit
drybc,2000,-7.459103290388703e-17,kg m-2 s-1
drybc,2001,6.01909918416878e-17,kg m-2 s-1
drybc,2002,1.4788942904682985e-16,kg m-2 s-1
drybc,2003,-7.014730381560212e-17,kg m-2 s-1
drybc,2004,-6.242111444022956e-17,kg m-2 s-1
drybc,2005,1.2969478499060217e-16,kg m-2 s-1
drybc,2006,-9.583282301670203e-17,kg m-2 s-1
drybc,2007,1.4841411194726334e-16,kg m-2 s-1
drybc,2008,3.8283014629777867e-17,kg m-2 s-1
drybc,2009,1.5895728443426388e-16,kg m-2 s-1
