variable,year,value,unit
loadso4,2000,1.501222844562897e-06,kg m-2
loadso4,2001,1.479251646949726e-06,kg m-2
loadso4,2002,1.4054096816720715e-06,kg m-2
loadso4,2003,1.3983384439571134e-06,kg m-2
loadso4,2004,1.378172298074621e-06,kg m-2
