variable,year,value,unit
rsutcs,2000,0.5244910141704935,W m-2
rsutcs,2001,0.5203937584758904,W m-2
rsutcs,2002,0.5705929097934188,W m-2
rsutcs,2003,0.5572231344272183,W m-2
rsutcs,2004,0.5321281021481497,W m-2
