variable,year,value,unit
clivi,2000,0.006541878833931911,kg m-2
clivi,2001,0.006962179908763492,kg m-2
clivi,2002,0.006750971308849282,kg m-2
clivi,2003,0.006901839570752176,kg m-2
clivi,2004,0.006860299914895334,kg m-2
