variable,year,value,unit
dryso2,2000,-8.738580286797058e-14,kg m-2 s-1
dryso2,2001,-8.936260347613466e-14,kg m-2 s-1
dryso2,2002,-8.497712557210875e-14,kg m-2 s-1
dryso2,2003,-8.696104267137532e-14,kg m-2 s-1
dryso2,2004,-9.317876525644197e-14,kg m-2 s-1
