variable,year,value,unit
dryso2,2000,-3.8591397447484834e-13,kg m-2 s-1
dryso2,2001,-4.0379052027571357e-13,kg m-2 s-1
dryso2,2002,-3.8009882316904873e-13,kg m-2 s-1
dryso2,2003,-3.898904918371688e-13,kg m-2 s-1
dryso2,2004,-4.1466562169802685e-13,kg m-2 s-1
