variable,year,value,unit
rsut,2000,-0.036128418210381597,W m-2
rsut,2001,-0.02821559905299864,W m-2
rsut,2002,0.007701224102518722,W m-2
rsut,2003,-0.003634872965164959,W m-2
rsut,2004,-0.00998531707257655,W m-2
