variable,year,value,unit
wetso2,2000,-7.80752293278731e-18,kg m-2 s-1
wetso2,2001,-6.5208507172490986e-18,kg m-2 s-1
wetso2,2002,-5.668354908758624e-18,kg m-2 s-1
wetso2,2003,-9.133588297705177e-18,kg m-2 s-1
wetso2,2004,-1.0066235269719108e-17,kg m-2 s-1
