variable,year,value,unit
mmrso4,2000,-6.272921506781451e-12,kg kg-1
mmrso4,2001,-6.497216198262345e-12,kg kg-1
mmrso4,2002,-6.030629461512807e-12,kg kg-1
mmrso4,2003,-6.325904825537657e-12,kg kg-1
mmrso4,2004,-6.710805404906191e-12,kg kg-1
