variable,year,value,unit
wetso4,2000,4.6746885554650116e-12,kg m-2 s-1
wetso4,2001,4.6180277704082976e-12,kg m-2 s-1
wetso4,2002,4.894299343842892e-12,kg m-2 s-1
wetso4,2003,5.114588661486172e-12,kg m-2 s-1
wetso4,2004,5.263274251478084e-12,kg m-2 s-1
