variable,year,value,unit
wetso4,2000,1.1717557265451855e-11,kg m-2 s-1
wetso4,2001,1.178124862672489e-11,kg m-2 s-1
wetso4,2002,1.1837301418618368e-11,kg m-2 s-1
wetso4,2003,1.2138726790844154e-11,kg m-2 s-1
wetso4,2004,1.247408543756006e-11,kg m-2 s-1
