variable,year,value,unit
dryso4,2000,1.733485456968492e-12,kg m-2 s-1
dryso4,2001,1.7670531784077822e-12,kg m-2 s-1
dryso4,2002,1.856809175776474e-12,kg m-2 s-1
dryso4,2003,1.8728817339808657e-12,kg m-2 s-1
dryso4,2004,1.9218357974598328e-12,kg m-2 s-1
