variable,year,value,unit
loadso4,2000,3.230193967386922e-06,kg m-2
loadso4,2001,3.176595689242999e-06,kg m-2
loadso4,2002,2.975888787480325e-06,kg m-2
loadso4,2003,3.0732922218357677e-06,kg m-2
loadso4,2004,3.0674497316741994e-06,kg m-2
