variable,year,value,unit
emibc,2000,-8.680192284860611e-22,kg m-2 s-1
emibc,2001,9.164062461618755e-22,kg m-2 s-1
emibc,2002,3.864093023044442e-21,kg m-2 s-1
emibc,2003,6.30597244900195e-22,kg m-2 s-1
emibc,2004,-6.0668073668054716e-24,kg m-2 s-1
