variable,year,value,unit
drybc,2000,-2.2345273093090597e-18,kg m-2 s-1
drybc,2001,-9.435056751854685e-18,kg m-2 s-1
drybc,2002,1.3614849728009194e-17,kg m-2 s-1
drybc,2003,-2.572374986975834e-18,kg m-2 s-1
drybc,2004,1.8848850273283615e-17,kg m-2 s-1
