variable,year,value,unit
rsutcs,2000,-0.20883563145604,W m-2
rsutcs,2001,-0.2130053986115925,W m-2
rsutcs,2002,-0.20357230124238157,W m-2
rsutcs,2003,-0.21237733288738525,W m-2
rsutcs,2004,-0.24425634526572537,W m-2
