variable,year,value,unit
od550aer,2000,-5.082707687906196e-05,1
od550aer,2001,-0.000119288962965175,1
od550aer,2002,-8.678558516519996e-05,1
od550aer,2003,-8.910884932925023e-05,1
od550aer,2004,-7.683272955458231e-05,1
