variable,year,value,unit
dryso2,2000,-1.1569821326040171e-14,kg m-2 s-1
dryso2,2001,-9.388361075619711e-15,kg m-2 s-1
dryso2,2002,-9.118651790983244e-15,kg m-2 s-1
dryso2,2003,-8.995154041306487e-15,kg m-2 s-1
dryso2,2004,-1.0534798165823827e-14,kg m-2 s-1
