variable,year,value,unit
dryso4,2000,-3.489297155645475e-15,kg m-2 s-1
dryso4,2001,-4.070609879081412e-15,kg m-2 s-1
dryso4,2002,-3.3819058731542253e-15,kg m-2 s-1
dryso4,2003,-3.785024080221489e-15,kg m-2 s-1
dryso4,2004,-4.384902394074787e-15,kg m-2 s-1
