variable,year,value,unit
rlut,2001,0.022756626633816262,W m-2
rlut,2002,0.6208013227777766,W m-2
rlut,2003,-0.15062186490208518,W m-2
rlut,2004,0.028605278107586573,W m-2
rlut,2005,0.1233311562734541,W m-2
