variable,year,value,unit
wetso4,2001,0.34119466343473065,kg m-2 s-1
wetso4,2002,0.3054499194183203,kg m-2 s-1
wetso4,2003,0.207291668929367,kg m-2 s-1
wetso4,2004,0.18655400020811985,kg m-2 s-1
wetso4,2005,0.2111726597617978,kg m-2 s-1
