variable,year,value,unit
rsut,2000,-0.08502597264757128,W m-2
rsut,2001,-0.040203293039468235,W m-2
rsut,2002,0.07329377544313331,W m-2
rsut,2003,0.04242330432035146,W m-2
rsut,2004,0.13835045526715817,W m-2
rsut,2005,0.08566067628912322,W m-2
rsut,2006,-0.016213342753175652,W m-2
rsut,2007,0.12590639785554458,W m-2
rsut,2008,0.06437029670054528,W m-2
rsut,2009,-0.07023638855056902,W m-2
