variable,year,value,unit
clt,2000,-0.03305416014975689,%
clt,2001,0.01846315474251362,%
clt,2002,-0.0005965952510641901,%
clt,2003,0.09685608665887914,%
clt,2004,-0.023835353000654595,%
