variable,year,value,unit
rlutcs,2000,0.002256043250110489,W m-2
rlutcs,2001,0.008754373768540198,W m-2
rlutcs,2002,0.0005570000748492928,W m-2
rlutcs,2003,0.0003926332076456824,W m-2
rlutcs,2004,-0.0017976504592068542,W m-2
