variable,year,value,unit
so2,2000,-0.2473674556727394,mol mol-1
so2,2001,-0.20308143989298602,mol mol-1
so2,2002,-0.2170040493799717,mol mol-1
so2,2003,-0.005821169054098457,mol mol-1
so2,2004,0.013252771362861968,mol mol-1
