variable,year,value,unit
dryso4,2000,0.13055558281732962,kg m-2 s-1
dryso4,2001,0.1802031261934484,kg m-2 s-1
dryso4,2002,0.08596687101948433,kg m-2 s-1
dryso4,2003,0.34495437868851925,kg m-2 s-1
dryso4,2004,0.14198864776845216,kg m-2 s-1
