variable,year,value,unit
wetbc,2000,-0.05004387296353938,kg m-2 s-1
wetbc,2001,-0.0732135081768877,kg m-2 s-1
wetbc,2002,0.0011459491832137908,kg m-2 s-1
wetbc,2003,0.009990857924014739,kg m-2 s-1
wetbc,2004,0.04772007868339858,kg m-2 s-1
