variable,year,value,unit
rlut,2000,-0.012395116015002499,W m-2
rlut,2001,-0.011172688621023916,W m-2
rlut,2002,-0.018734641375247534,W m-2
rlut,2003,-0.005397971846724914,W m-2
rlut,2004,-0.02587965060197832,W m-2
