variable,year,value,unit
rlut,2000,0.0029953538128806535,W m-2
rlut,2001,-0.02619298381223422,W m-2
rlut,2002,0.008719418625483972,W m-2
rlut,2003,-0.012267272946795527,W m-2
rlut,2004,0.016437563768774477,W m-2
