variable,year,value,unit
wetso4,2000,0.28090084779285407,kg m-2 s-1
wetso4,2001,0.3694896872940769,kg m-2 s-1
wetso4,2002,0.2966754247139167,kg m-2 s-1
wetso4,2003,0.3080208555459167,kg m-2 s-1
wetso4,2004,0.2740149735109181,kg m-2 s-1
