variable,year,value,unit
loadso4,2000,3.073340878627404e-08,kg m-2
loadso4,2001,6.343398845051241e-09,kg m-2
loadso4,2002,-5.503469244436742e-09,kg m-2
loadso4,2003,-5.0341332777603536e-08,kg m-2
loadso4,2004,-1.4881044457787588e-07,kg m-2
