variable,year,value,unit
rlut,2000,-0.03543903974448881,W m-2
rlut,2001,-0.024098272748091176,W m-2
rlut,2002,-0.01571297372169056,W m-2
rlut,2003,-0.030639253706283398,W m-2
rlut,2004,-0.013333025616645955,W m-2
