variable,year,value,unit
so2,2000,2.616268276008254e-12,mol mol-1
so2,2001,2.4592345947120165e-12,mol mol-1
so2,2002,3.804938541475734e-12,mol mol-1
so2,2003,1.5631971397368838e-12,mol mol-1
so2,2004,-4.825858187037813e-12,mol mol-1
