variable,year,value,unit
wetso4,2001,0.2558852802158484,kg m-2 s-1
wetso4,2002,0.7194129579798598,kg m-2 s-1
wetso4,2003,0.5450838077609722,kg m-2 s-1
wetso4,2004,0.29248184152506207,kg m-2 s-1
