variable,year,value,unit
mmrso4,2001,0.27774666141084015,kg kg-1
mmrso4,2002,0.11034269272825724,kg kg-1
mmrso4,2003,-0.009107458876465656,kg kg-1
mmrso4,2004,0.09967798458958424,kg kg-1
