variable,year,value,unit
rlut,2001,-0.004378008806084664,W m-2
rlut,2002,-0.005323573860156798,W m-2
rlut,2003,-0.0009285314342613024,W m-2
rlut,2004,-0.0033618158811133904,W m-2
