variable,year,value,unit
drybc,2001,-0.022914837656573206,kg m-2 s-1
drybc,2002,-0.04511532279256201,kg m-2 s-1
drybc,2003,-0.010889050525210914,kg m-2 s-1
drybc,2004,-0.021123934021589456,kg m-2 s-1
