variable,year,value,unit
rsutcs,2001,0.011942240202439766,W m-2
rsutcs,2002,0.022074930849504168,W m-2
rsutcs,2003,0.021095186856772377,W m-2
rsutcs,2004,0.01827070355092048,W m-2
