variable,year,value,unit
rlutcs,2000,0.07183477248798908,W m-2
rlutcs,2001,-0.006510899948466431,W m-2
rlutcs,2002,-0.005894469049394502,W m-2
rlutcs,2003,-0.0063468342200394545,W m-2
rlutcs,2004,-0.0065838926400374476,W m-2
