variable,year,value,unit
so2,2000,-4.47444651863809e-10,mol mol-1
so2,2001,-4.54044223774163e-10,mol mol-1
so2,2002,-4.5330881220226745e-10,mol mol-1
so2,2003,-4.769221173545144e-10,mol mol-1
so2,2004,-5.117793686385133e-10,mol mol-1
