variable,year,value,unit
rsut,2001,-1.9393440825717647,W m-2
rsut,2002,-1.8334665449777816,W m-2
rsut,2003,-1.8024039125126023,W m-2
rsut,2004,-1.8655090402348549,W m-2
