variable,year,value,unit
emibc,2000,-1.1480543926993607e-22,kg m-2 s-1
emibc,2001,-2.9432766405255973e-22,kg m-2 s-1
emibc,2002,7.624943212474923e-22,kg m-2 s-1
emibc,2003,6.653197843697265e-22,kg m-2 s-1
emibc,2004,-1.7172883439711734e-23,kg m-2 s-1
