variable,year,value,unit
clivi,2000,-8.613554354072392e-06,kg m-2
clivi,2001,-7.337555361941819e-06,kg m-2
clivi,2002,-9.09727225309638e-06,kg m-2
clivi,2003,-1.5257508881058243e-05,kg m-2
clivi,2004,-1.2282897341380633e-05,kg m-2
