variable,year,value,unit
dryso4,2000,1.047631376746331e-14,kg m-2 s-1
dryso4,2001,1.2222776347285679e-14,kg m-2 s-1
dryso4,2002,1.1227825260152241e-14,kg m-2 s-1
dryso4,2003,1.0443979582448496e-14,kg m-2 s-1
dryso4,2004,1.3093479054837227e-14,kg m-2 s-1
