variable,year,value,unit
loadso4,2000,2.7503619697463728e-06,kg m-2
loadso4,2001,2.7888128524251342e-06,kg m-2
loadso4,2002,2.6956103374415657e-06,kg m-2
loadso4,2003,2.7946482992701166e-06,kg m-2
loadso4,2004,2.983678694816908e-06,kg m-2
