variable,year,value,unit
dms,2000,-4.977756907555638e-16,mol mol-1
dms,2001,1.1573890147919386e-16,mol mol-1
dms,2002,1.0389273754829337e-16,mol mol-1
dms,2003,1.095456889546997e-16,mol mol-1
dms,2004,2.1455159695361562e-16,mol mol-1
