variable,year,value,unit
rsutcs,2001,-2.1615381635076716,W m-2
rsutcs,2002,-2.0930215058152726,W m-2
rsutcs,2003,-2.0740908095631028,W m-2
rsutcs,2004,-2.1351186232976005,W m-2
