variable,year,value,unit
dryso2,2000,-4.1752633872331786e-12,kg m-2 s-1
dryso2,2001,-4.203448027983028e-12,kg m-2 s-1
dryso2,2002,-4.158312974847246e-12,kg m-2 s-1
dryso2,2003,-4.3567381061075745e-12,kg m-2 s-1
dryso2,2004,-4.598817095643596e-12,kg m-2 s-1
