variable,year,value,unit
mmrbc,2000,4.3444447147839453e-13,kg kg-1
mmrbc,2001,9.206749579859881e-14,kg kg-1
mmrbc,2002,4.4921240220718286e-14,kg kg-1
mmrbc,2003,7.021726996496748e-14,kg kg-1
mmrbc,2004,1.3605935003734e-13,kg kg-1
