variable,year,value,unit
so2,2001,-1.504804016350803e-09,mol mol-1
so2,2002,-1.4763931860743092e-09,mol mol-1
so2,2003,-1.5331842541577286e-09,mol mol-1
so2,2004,-1.7067757127836264e-09,mol mol-1
