variable,year,value,unit
wetso4,2000,1.4691875180876793e-12,kg m-2 s-1
wetso4,2001,1.5153662336977247e-12,kg m-2 s-1
wetso4,2002,1.4586587358943284e-12,kg m-2 s-1
wetso4,2003,1.5613172986155486e-12,kg m-2 s-1
wetso4,2004,1.586502711054718e-12,kg m-2 s-1
