variable,year,value,unit
so2,2001,-1.261498989678155e-09,mol mol-1
so2,2002,-1.2191928425779806e-09,mol mol-1
so2,2003,-1.3317380070372787e-09,mol mol-1
so2,2004,-1.3353820398467094e-09,mol mol-1
