variable,year,value,unit
dms,2000,-1.0659959239202585e-14,mol mol-1
dms,2001,-7.156401176149941e-15,mol mol-1
dms,2002,-6.3048095427768386e-15,mol mol-1
dms,2003,-1.2933143537616151e-14,mol mol-1
dms,2004,-4.048711883581445e-15,mol mol-1
