variable,year,value,unit
emibc,2000,1.1892844792788883e-19,kg m-2 s-1
emibc,2001,9.686462202904542e-20,kg m-2 s-1
emibc,2002,1.0670514064336557e-19,kg m-2 s-1
emibc,2003,5.134976229276464e-20,kg m-2 s-1
emibc,2004,4.9570738123491205e-20,kg m-2 s-1
