variable,year,value,unit
wetbc,2000,5.834186800922705e-16,kg m-2 s-1
wetbc,2001,5.128157521657658e-16,kg m-2 s-1
wetbc,2002,8.4287030757772545e-16,kg m-2 s-1
wetbc,2003,1.3123407938887934e-15,kg m-2 s-1
wetbc,2004,8.386012523712627e-16,kg m-2 s-1
