variable,year,value,unit
clt,2000,-0.0010719995282073569,%
clt,2001,-0.05485502241867124,%
clt,2002,-0.02973660263224076,%
clt,2003,0.05382894028507934,%
clt,2004,-0.020165585301903377,%
