variable,year,value,unit
mmrbc,2000,-0.11325419910066384,kg kg-1
mmrbc,2001,-0.02978987135253734,kg kg-1
mmrbc,2002,0.026773277882147933,kg kg-1
mmrbc,2003,0.2260298396049394,kg kg-1
mmrbc,2004,-0.014311263209035273,kg kg-1
