variable,year,value,unit
dryso2,2000,-1.4555132987600043,kg m-2 s-1
dryso2,2001,-1.4317769954457946,kg m-2 s-1
dryso2,2002,-1.355902012822063,kg m-2 s-1
dryso2,2003,-1.4600918196692345,kg m-2 s-1
dryso2,2004,-1.4801442044783115,kg m-2 s-1
