variable,year,value,unit
so2,2000,-2.1958347284066653,mol mol-1
so2,2001,-1.9093977722430087,mol mol-1
so2,2002,-2.0786224217178404,mol mol-1
so2,2003,-1.8755147334518674,mol mol-1
so2,2004,-2.1619012794641597,mol mol-1
