variable,year,value,unit
emibc,2000,-1.4350598284010488e-05,kg m-2 s-1
emibc,2001,9.100163022953756e-07,kg m-2 s-1
emibc,2002,2.1402215045678097e-06,kg m-2 s-1
emibc,2003,1.8719250116709487e-07,kg m-2 s-1
emibc,2004,-1.1438650553437858e-05,kg m-2 s-1
