variable,year,value,unit
wetso4,2001,-4.894969739662465e-15,kg m-2 s-1
wetso4,2002,-5.490360997902003e-14,kg m-2 s-1
wetso4,2003,1.4092158449085777e-13,kg m-2 s-1
wetso4,2004,5.2185861819877436e-14,kg m-2 s-1
wetso4,2005,-9.53355149468153e-15,kg m-2 s-1
