variable,year,value,unit
dryso2,2000,-4.374737280733139e-15,kg m-2 s-1
dryso2,2001,-4.744042397702627e-15,kg m-2 s-1
dryso2,2002,-7.081736987743969e-15,kg m-2 s-1
dryso2,2003,-5.893819152032872e-15,kg m-2 s-1
dryso2,2004,-3.3285366074197244e-15,kg m-2 s-1
