variable,year,value,unit
wetbc,2000,4.207546802916982e-16,kg m-2 s-1
wetbc,2001,1.3564646065309786e-15,kg m-2 s-1
wetbc,2002,-2.2349951926727983e-16,kg m-2 s-1
wetbc,2003,5.914260640343855e-16,kg m-2 s-1
wetbc,2004,-7.162641703185148e-16,kg m-2 s-1
