variable,year,value,unit
cltc,2001,-0.24627857594387592,%
cltc,2002,-0.126798339350767,%
cltc,2003,0.3448355571582127,%
cltc,2004,0.614907477248611,%
cltc,2005,0.36899204351856874,%
