variable,year,value,unit
od550aer,2000,5.7504412876774325e-05,1
od550aer,2001,-0.00021741232870219063,1
od550aer,2002,0.00014350410032344663,1
od550aer,2003,-5.659981998219071e-05,1
od550aer,2004,-0.00010695885395247545,1
