variable,year,value,unit
dryso4,2000,-3.8674268107494443e-16,kg m-2 s-1
dryso4,2001,3.570392092615788e-15,kg m-2 s-1
dryso4,2002,2.0977212572188254e-15,kg m-2 s-1
dryso4,2003,1.0699065029147747e-15,kg m-2 s-1
dryso4,2004,1.4598020097921732e-15,kg m-2 s-1
