variable,year,value,unit
rlutcs,2000,-0.009533458221426372,W m-2
rlutcs,2001,0.006936728941553838,W m-2
rlutcs,2002,0.004719176252166335,W m-2
rlutcs,2003,-0.005311305212643447,W m-2
rlutcs,2004,0.0017491117696977199,W m-2
