variable,year,value,unit
dryso4,2000,3.9320517986308705e-15,kg m-2 s-1
dryso4,2001,2.1181795506113066e-15,kg m-2 s-1
dryso4,2002,1.9644185847773873e-15,kg m-2 s-1
dryso4,2003,1.3399211774302971e-15,kg m-2 s-1
dryso4,2004,1.9751445215051387e-15,kg m-2 s-1
