variable,year,value,unit
drybc,2001,-6.48596250956397e-16,kg m-2 s-1
drybc,2002,1.800445587503179e-15,kg m-2 s-1
drybc,2003,-5.6272977882372865e-15,kg m-2 s-1
drybc,2004,-9.410098591037918e-15,kg m-2 s-1
drybc,2005,-4.489375682948321e-15,kg m-2 s-1
