variable,year,value,unit
mmrbc,2000,-2.329092170713224e-15,kg kg-1
mmrbc,2001,2.1347166994995256e-14,kg kg-1
mmrbc,2002,-1.5313785793838233e-13,kg kg-1
mmrbc,2003,3.0326762772164073e-13,kg kg-1
mmrbc,2004,-1.4549273364427245e-13,kg kg-1
