variable,year,value,unit
emiso2,2000,2.065100896292006e-15,kg m-2 s-1
emiso2,2001,1.610106416173124e-15,kg m-2 s-1
emiso2,2002,2.7197175815943104e-15,kg m-2 s-1
emiso2,2003,2.734659533891675e-15,kg m-2 s-1
emiso2,2004,2.983297544334961e-15,kg m-2 s-1
