variable,year,value,unit
emibc,2000,2.995185253189176e-21,kg m-2 s-1
emibc,2001,-8.525816812656546e-23,kg m-2 s-1
emibc,2002,1.6354560283620272e-21,kg m-2 s-1
emibc,2003,-8.882833498420366e-21,kg m-2 s-1
emibc,2004,-2.3381946282882328e-21,kg m-2 s-1
