variable,year,value,unit
wetbc,2000,8.303971524489532e-16,kg m-2 s-1
wetbc,2001,1.6675834891816029e-15,kg m-2 s-1
wetbc,2002,-1.0427191660761071e-15,kg m-2 s-1
wetbc,2003,-5.710210947290209e-16,kg m-2 s-1
wetbc,2004,-9.167948518026848e-16,kg m-2 s-1
