variable,year,value,unit
rsut,2000,0.00059306866,W m-2
rsut,2001,0.005519535,W m-2
rsut,2002,-0.0013967738,W m-2
rsut,2003,0.0014638323,W m-2
rsut,2004,0.0055302507,W m-2
