variable,year,value,unit
rsutcs,2000,-0.0020705175,W m-2
rsutcs,2001,-0.0029784557,W m-2
rsutcs,2002,0.00091892516,W m-2
rsutcs,2003,-0.0004798718,W m-2
rsutcs,2004,-0.0022949697,W m-2
