variable,year,value,unit
rsut,2000,-0.02996789,W m-2
rsut,2001,0.010296574,W m-2
rsut,2002,0.0003272962,W m-2
rsut,2003,-0.018783243,W m-2
rsut,2004,-0.00694012,W m-2
