variable,year,value,unit
loadso4,2000,0.13726082328314562,kg m-2
loadso4,2001,0.2509344907309866,kg m-2
loadso4,2002,0.09797623058793069,kg m-2
loadso4,2003,0.24737836602151253,kg m-2
loadso4,2004,0.18302365894054337,kg m-2
