variable,year,value,unit
dryso2,2000,0.036528032,kg m-2 s-1
dryso2,2001,-0.020974541,kg m-2 s-1
dryso2,2002,0.068283826,kg m-2 s-1
dryso2,2003,0.06018153,kg m-2 s-1
dryso2,2004,0.0093879225,kg m-2 s-1
