variable,year,value,unit
emiso2,2000,0.003871447,kg m-2 s-1
emiso2,2001,0.003661635,kg m-2 s-1
emiso2,2002,0.003767161,kg m-2 s-1
emiso2,2003,0.0038145124,kg m-2 s-1
emiso2,2004,0.003867337,kg m-2 s-1
