variable,year,value,unit
wetso4,2000,-0.03506426,kg m-2 s-1
wetso4,2001,-0.025679938,kg m-2 s-1
wetso4,2002,-0.011103922,kg m-2 s-1
wetso4,2003,0.01391256,kg m-2 s-1
wetso4,2004,-0.03563955,kg m-2 s-1
