variable,year,value,unit
rlutcs,2000,-3.539396e-05,W m-2
rlutcs,2001,0.0016854223,W m-2
rlutcs,2002,0.0022250828,W m-2
rlutcs,2003,-0.0026595956,W m-2
rlutcs,2004,0.0004475658,W m-2
