variable,year,value,unit
dryso2,2000,0.18504956,kg m-2 s-1
dryso2,2001,0.08897269,kg m-2 s-1
dryso2,2002,0.1617112,kg m-2 s-1
dryso2,2003,0.14348629,kg m-2 s-1
dryso2,2004,0.09976714,kg m-2 s-1
