variable,year,value,unit
wetso4,2000,-0.05183008,kg m-2 s-1
wetso4,2001,-0.07413292,kg m-2 s-1
wetso4,2002,-0.060595583,kg m-2 s-1
wetso4,2003,-0.08225838,kg m-2 s-1
wetso4,2004,-0.06887916,kg m-2 s-1
