variable,year,value,unit
rsutcs,2000,-0.0059258537,W m-2
rsutcs,2001,-0.002366672,W m-2
rsutcs,2002,0.002950254,W m-2
rsutcs,2003,0.00012164194,W m-2
rsutcs,2004,-0.0030775126,W m-2
