variable,year,value,unit
dryso4,2000,1.0665784779240017e-12,kg m-2 s-1
dryso4,2001,1.103363198615969e-12,kg m-2 s-1
dryso4,2002,1.1101712837810669e-12,kg m-2 s-1
dryso4,2003,1.175525072367782e-12,kg m-2 s-1
dryso4,2004,1.2161803608620087e-12,kg m-2 s-1
