variable,year,value,unit
emibc,2000,4.4260229991925865e-14,kg m-2 s-1
emibc,2001,4.385059994121411e-14,kg m-2 s-1
emibc,2002,4.554221328550333e-14,kg m-2 s-1
emibc,2003,4.597881547310798e-14,kg m-2 s-1
emibc,2004,4.8583118711853553e-14,kg m-2 s-1
