variable,year,value,unit
loadso4,2000,3.3049673613805467e-06,kg m-2
loadso4,2001,3.4073190234357142e-06,kg m-2
loadso4,2002,3.5479584629814215e-06,kg m-2
loadso4,2003,3.702902175186123e-06,kg m-2
loadso4,2004,3.987708314855517e-06,kg m-2
