variable,year,value,unit
emiso2,2000,2.8763685804111278e-12,kg m-2 s-1
emiso2,2001,2.8247210313223643e-12,kg m-2 s-1
emiso2,2002,2.8613683333886674e-12,kg m-2 s-1
emiso2,2003,2.942878623201306e-12,kg m-2 s-1
emiso2,2004,3.0541828402832497e-12,kg m-2 s-1
