variable,year,value,unit
loadbc,2000,4.422669949372284e-08,kg m-2
loadbc,2001,4.5437427208125894e-08,kg m-2
loadbc,2002,4.778992779942062e-08,kg m-2
loadbc,2003,4.704913090621208e-08,kg m-2
loadbc,2004,4.634804721435011e-08,kg m-2
