variable,year,value,unit
drybc,2000,1.3064459311885247e-14,kg m-2 s-1
drybc,2001,1.3511544204968608e-14,kg m-2 s-1
drybc,2002,1.437175772473855e-14,kg m-2 s-1
drybc,2003,1.383313432852095e-14,kg m-2 s-1
drybc,2004,1.4054452419386003e-14,kg m-2 s-1
