variable,year,value,unit
loadbc,2000,1.0460012285386222e-07,kg m-2
loadbc,2001,1.0096667824534316e-07,kg m-2
loadbc,2002,1.1182003262319827e-07,kg m-2
loadbc,2003,1.3068317356961584e-07,kg m-2
loadbc,2004,1.2694229495977084e-07,kg m-2
