variable,year,value,unit
mmrso4,2000,3.9883169657596736e-10,kg kg-1
mmrso4,2001,4.173859367745289e-10,kg kg-1
mmrso4,2002,4.097905333080148e-10,kg kg-1
mmrso4,2003,4.0811276691045796e-10,kg kg-1
mmrso4,2004,4.636446515085575e-10,kg kg-1
