variable,year,value,unit
emibc,2000,1.6446798679601774e-14,kg m-2 s-1
emibc,2001,1.6446798679601774e-14,kg m-2 s-1
emibc,2002,1.6446798679601774e-14,kg m-2 s-1
emibc,2003,1.6446798679601774e-14,kg m-2 s-1
emibc,2004,1.6446798679601774e-14,kg m-2 s-1
