variable,year,value,unit
so2,2000,8.310439609574026e-11,mol mol-1
so2,2001,8.48642634357016e-11,mol mol-1
so2,2002,8.389380089303053e-11,mol mol-1
so2,2003,8.898027337136536e-11,mol mol-1
so2,2004,8.876286840739834e-11,mol mol-1
