variable,year,value,unit
wetbc,2000,1.0748185640872538e-13,kg m-2 s-1
wetbc,2001,1.1014967054264907e-13,kg m-2 s-1
wetbc,2002,1.1059525708851813e-13,kg m-2 s-1
wetbc,2003,1.0734183035801428e-13,kg m-2 s-1
wetbc,2004,1.0963186881742912e-13,kg m-2 s-1
