variable,year,value,unit
cl,2000,4.430359203076336,%
cl,2001,4.274274522350316,%
cl,2002,4.390452987918054,%
cl,2003,4.406879503178896,%
cl,2004,4.821722305637751,%
