variable,year,value,unit
drybc,2000,7.787086650477023e-14,kg m-2 s-1
drybc,2001,8.315730664727871e-14,kg m-2 s-1
drybc,2002,9.057459626598523e-14,kg m-2 s-1
drybc,2003,9.297181086184023e-14,kg m-2 s-1
drybc,2004,9.476476893611587e-14,kg m-2 s-1
