variable,year,value,unit
rlut,2000,250.5080655593695,W m-2
rlut,2001,251.9086133731193,W m-2
rlut,2002,252.0434652424618,W m-2
rlut,2003,252.66548691141693,W m-2
rlut,2004,251.4556757343915,W m-2
