variable,year,value,unit
rlut,2000,242.45602672658578,W m-2
rlut,2001,242.52797371746595,W m-2
rlut,2002,243.54946825017072,W m-2
rlut,2003,242.65708634168368,W m-2
rlut,2004,244.0630858503501,W m-2
