variable,year,value,unit
loadbc,2000,2.511349680803539e-07,kg m-2
loadbc,2001,2.8144873517134353e-07,kg m-2
loadbc,2002,3.116221653765526e-07,kg m-2
loadbc,2003,3.141212046821634e-07,kg m-2
loadbc,2004,3.349646356367187e-07,kg m-2
