variable,year,value,unit
loadso4,2000,2.3217698940158397e-06,kg m-2
loadso4,2001,2.4455870755436903e-06,kg m-2
loadso4,2002,2.4245510186728174e-06,kg m-2
loadso4,2003,2.5469290201064495e-06,kg m-2
loadso4,2004,2.4889151931984903e-06,kg m-2
