variable,year,value,unit
mmrbc,2000,4.2994164671463977e-11,kg kg-1
mmrbc,2001,4.21104278033154e-11,kg kg-1
mmrbc,2002,4.772415449465292e-11,kg kg-1
mmrbc,2003,5.10358239651874e-11,kg kg-1
mmrbc,2004,5.213043295404988e-11,kg kg-1
