variable,year,value,unit
wetso2,2000,1.7494590297072174e-12,kg m-2 s-1
wetso2,2001,1.745205112911588e-12,kg m-2 s-1
wetso2,2002,1.7605180452151097e-12,kg m-2 s-1
wetso2,2003,1.6054009320462239e-12,kg m-2 s-1
wetso2,2004,1.717687639448036e-12,kg m-2 s-1
