variable,year,value,unit
rsut,2000,-0.04014073453100764,W m-2
rsut,2001,-0.011847977251463249,W m-2
rsut,2002,-0.01197548027163009,W m-2
rsut,2003,-0.0036804378938626314,W m-2
rsut,2004,-0.005423880197341191,W m-2
