variable,year,value,unit
mmrbc,2000,-2.2406291305184682e-14,kg kg-1
mmrbc,2001,-2.746885107959654e-15,kg kg-1
mmrbc,2002,-1.1914475262823165e-14,kg kg-1
mmrbc,2003,6.658281794709653e-15,kg kg-1
mmrbc,2004,5.259898232039435e-15,kg kg-1
