variable,year,value,unit
drybc,2000,-7.256429192992035e-18,kg m-2 s-1
drybc,2001,-1.5708894068260425e-17,kg m-2 s-1
drybc,2002,1.5337091037163257e-17,kg m-2 s-1
drybc,2003,-7.574272119028957e-18,kg m-2 s-1
drybc,2004,-5.5579090361354475e-18,kg m-2 s-1
