variable,year,value,unit
wetso4,2000,-1.8918432321826738e-15,kg m-2 s-1
wetso4,2001,-4.210887772578374e-15,kg m-2 s-1
wetso4,2002,7.166426109249418e-16,kg m-2 s-1
wetso4,2003,-2.984697056423608e-15,kg m-2 s-1
wetso4,2004,-1.1986276452029639e-14,kg m-2 s-1
