variable,year,value,unit
dryso4,2001,-1.4752154268833413e-14,kg m-2 s-1
dryso4,2002,-5.4148854247866754e-15,kg m-2 s-1
dryso4,2003,2.2196837207149627e-15,kg m-2 s-1
dryso4,2004,-1.66267337832346e-14,kg m-2 s-1
dryso4,2005,-1.2240766084801848e-14,kg m-2 s-1
