variable,year,value,unit
mmrso4,2001,-1.294872740334075e-11,kg kg-1
mmrso4,2002,-1.334862352238694e-12,kg kg-1
mmrso4,2003,4.877881218195665e-12,kg kg-1
mmrso4,2004,-1.2154238879244273e-11,kg kg-1
mmrso4,2005,-1.2531362153012909e-11,kg kg-1
