variable,year,value,unit
loadso2,2000,-5.561506314442044e-09,kg m-2
loadso2,2001,-5.571351618139492e-09,kg m-2
loadso2,2002,-5.003632215780583e-09,kg m-2
loadso2,2003,-5.168264082535461e-09,kg m-2
loadso2,2004,-5.3563996409471874e-09,kg m-2
