variable,year,value,unit
rsut,2001,-0.005820934066946393,W m-2
rsut,2002,-0.015966293977271562,W m-2
rsut,2003,-0.02473685641129464,W m-2
rsut,2004,0.03654661497157008,W m-2
