variable,year,value,unit
od550aer,2001,-3.824320612995369e-05,1
od550aer,2002,-5.706646108556701e-05,1
od550aer,2003,-7.860057320163011e-05,1
od550aer,2004,-9.262451361972956e-05,1
