variable,year,value,unit
clt,2001,0.03088716108885592,%
clt,2002,-0.01564957259648736,%
clt,2003,0.019768789571671164,%
clt,2004,0.014079650704971414,%
