variable,year,value,unit
rsdt,2000,2.461918029439403e-07,W m-2
rsdt,2001,1.397388018631318e-07,W m-2
rsdt,2002,1.1298266144876834e-07,W m-2
rsdt,2003,-1.6806478697617422e-07,W m-2
rsdt,2004,6.984532774367835e-08,W m-2
