variable,year,value,unit
cl,2000,0.003450079132124806,%
cl,2001,-0.006140512200963677,%
cl,2002,0.0016458977645426032,%
cl,2003,-0.012716267523173563,%
cl,2004,0.0013493980946481798,%
