variable,year,value,unit
rsutcs,2000,0.003920604670099692,W m-2
rsutcs,2001,0.004448005082501538,W m-2
rsutcs,2002,0.0037310409500648234,W m-2
rsutcs,2003,0.004140068557575205,W m-2
rsutcs,2004,0.003908715598939239,W m-2
