variable,year,value,unit
emibc,2001,-1.091402810641126e-21,kg m-2 s-1
emibc,2002,-4.281366107524318e-21,kg m-2 s-1
emibc,2003,9.264096051298095e-22,kg m-2 s-1
emibc,2004,1.4215747996139905e-21,kg m-2 s-1
