variable,year,value,unit
rsutcs,2000,-0.0009475567962695663,W m-2
rsutcs,2001,-0.0011579598850914863,W m-2
rsutcs,2002,-0.002794999647505847,W m-2
rsutcs,2003,-0.004185673524268907,W m-2
rsutcs,2004,-0.0036598928978932577,W m-2
