variable,year,value,unit
rlut,2001,-0.012746537333811148,W m-2
rlut,2002,-0.028679674764021,W m-2
rlut,2003,-0.013472048206523368,W m-2
rlut,2004,-0.02412304781569219,W m-2
