variable,year,value,unit
loadso2,2000,-2.647569060140355e-09,kg m-2
loadso2,2001,-1.597827565631046e-09,kg m-2
loadso2,2002,-2.410353123060748e-09,kg m-2
loadso2,2003,-2.0605048947671533e-09,kg m-2
loadso2,2004,-1.5139834239064404e-09,kg m-2
