variable,year,value,unit
rlut,2000,-0.003685054042222191,W m-2
rlut,2001,-0.006603292324768972,W m-2
rlut,2002,-0.0034462354867343947,W m-2
rlut,2003,0.0030682772780892265,W m-2
rlut,2004,-0.004605847174076416,W m-2
