variable,year,value,unit
od550aer,2000,-0.0002094953823660317,1
od550aer,2001,7.464425101244565e-06,1
od550aer,2002,7.599815757677875e-05,1
od550aer,2003,-9.537764794090298e-05,1
od550aer,2004,-9.354486334434142e-06,1
