variable,year,value,unit
rlut,2001,-0.0025580050566986756,W m-2
rlut,2002,0.0008279846889251985,W m-2
rlut,2003,0.0008246529239954725,W m-2
rlut,2004,0.00026349099601929993,W m-2
