variable,year,value,unit
cl,2000,-0.00818143212269451,%
cl,2001,-0.00022939038475922047,%
cl,2002,0.0036877209846615244,%
cl,2003,-0.004503944429798956,%
cl,2004,0.001467930202490031,%
