variable,year,value,unit
rsutcs,2000,0.01667349629497039,W m-2
rsutcs,2001,0.018659668826394693,W m-2
rsutcs,2002,0.012929011179963368,W m-2
rsutcs,2003,0.02678726285100197,W m-2
rsutcs,2004,0.01963395598511397,W m-2
