variable,year,value,unit
wetso4,2000,-1.1008782498553075e-14,kg m-2 s-1
wetso4,2001,-1.2406942805682451e-14,kg m-2 s-1
wetso4,2002,-6.596939139013391e-15,kg m-2 s-1
wetso4,2003,-2.9603892858680398e-15,kg m-2 s-1
wetso4,2004,-5.752052565536236e-15,kg m-2 s-1
