variable,year,value,unit
drybc,2000,5.8478192863919724e-18,kg m-2 s-1
drybc,2001,-4.437606736391879e-18,kg m-2 s-1
drybc,2002,1.0096221836357546e-17,kg m-2 s-1
drybc,2003,-4.127612118379432e-18,kg m-2 s-1
drybc,2004,7.277506262560882e-19,kg m-2 s-1
