variable,year,value,unit
drybc,2001,3.620082198998045e-17,kg m-2 s-1
drybc,2002,2.84249819437348e-17,kg m-2 s-1
drybc,2003,8.291617067674333e-18,kg m-2 s-1
drybc,2004,-2.669321563923673e-17,kg m-2 s-1
