variable,year,value,unit
emibc,2001,-2.5596693595347237e-23,kg m-2 s-1
emibc,2002,-5.284882126663163e-24,kg m-2 s-1
emibc,2003,-6.885703235914123e-22,kg m-2 s-1
emibc,2004,-4.357367526198087e-22,kg m-2 s-1
