variable,year,value,unit
wetso4,2000,3.1965249733196285e-15,kg m-2 s-1
wetso4,2001,-2.227394865330263e-15,kg m-2 s-1
wetso4,2002,2.1012342752901695e-15,kg m-2 s-1
wetso4,2003,3.2690956604151525e-15,kg m-2 s-1
wetso4,2004,-8.253052966965827e-17,kg m-2 s-1
