variable,year,value,unit
wetso2,2000,2.1185554039567712e-16,kg m-2 s-1
wetso2,2001,-3.39117284643883e-15,kg m-2 s-1
wetso2,2002,-3.613073057562403e-15,kg m-2 s-1
wetso2,2003,-7.676128869642598e-16,kg m-2 s-1
wetso2,2004,-3.5302689476113882e-15,kg m-2 s-1
