variable,year,value,unit
od550aer,2001,2.0167801839013344e-05,1
od550aer,2002,-2.721606802691401e-05,1
od550aer,2003,0.00012455942510780638,1
od550aer,2004,-3.3416660648877272e-06,1
