variable,year,value,unit
drybc,2000,-8.207082916165466e-18,kg m-2 s-1
drybc,2001,2.448500883575632e-17,kg m-2 s-1
drybc,2002,-9.028363289817764e-18,kg m-2 s-1
drybc,2003,-2.833264565753186e-17,kg m-2 s-1
drybc,2004,-5.472233819886233e-18,kg m-2 s-1
