variable,year,value,unit
clt,2001,-0.016168271573604898,%
clt,2002,0.006378262874164875,%
clt,2003,-0.006993868126237146,%
clt,2004,-0.015825567079630787,%
