variable,year,value,unit
wetbc,2000,1.0916574609271015e-13,kg m-2 s-1
wetbc,2001,1.1370631357700836e-13,kg m-2 s-1
wetbc,2002,1.4633871932784546e-13,kg m-2 s-1
wetbc,2003,1.4422260451169946e-13,kg m-2 s-1
wetbc,2004,1.2858122217512209e-13,kg m-2 s-1
