variable,year,value,unit
drybc,2000,1.2104468359647959e-14,kg m-2 s-1
drybc,2001,1.7302177447852292e-14,kg m-2 s-1
drybc,2002,1.4328218844677976e-14,kg m-2 s-1
drybc,2003,1.4851765661184486e-14,kg m-2 s-1
drybc,2004,1.6240735776843558e-14,kg m-2 s-1
