variable,year,value,unit
loadbc,2000,4.1185344705336027e-08,kg m-2
loadbc,2001,4.632579419270554e-08,kg m-2
loadbc,2002,5.6527772661276605e-08,kg m-2
loadbc,2003,5.176864812300978e-08,kg m-2
loadbc,2004,5.1975497372284966e-08,kg m-2
