variable,year,value,unit
drybc,2000,4.5391443931047834e-14,kg m-2 s-1
drybc,2001,4.753114269558118e-14,kg m-2 s-1
drybc,2002,5.0172370285375435e-14,kg m-2 s-1
drybc,2003,5.3884254662841124e-14,kg m-2 s-1
drybc,2004,5.233329034524112e-14,kg m-2 s-1
