variable,year,value,unit
loadbc,2000,1.7724887482175674e-07,kg m-2
loadbc,2001,1.872202040004274e-07,kg m-2
loadbc,2002,2.1964416778601397e-07,kg m-2
loadbc,2003,2.2579169019465426e-07,kg m-2
loadbc,2004,1.9913599573403192e-07,kg m-2
