variable,year,value,unit
loadbc,2000,6.689483681232958e-08,kg m-2
loadbc,2001,7.653767019819811e-08,kg m-2
loadbc,2002,8.199657687325603e-08,kg m-2
loadbc,2003,8.409761759454296e-08,kg m-2
loadbc,2004,7.672663202286837e-08,kg m-2
