variable,year,value,unit
mmrbc,2000,0.01133987222729632,kg kg-1
mmrbc,2001,0.010902283604392056,kg kg-1
mmrbc,2002,0.027005121843357363,kg kg-1
mmrbc,2003,0.05933950121893666,kg kg-1
mmrbc,2004,-0.03838555570452728,kg kg-1
