variable,year,value,unit
loadso4,2000,-0.9492835603304356,kg m-2
loadso4,2001,-1.2512384348123506,kg m-2
loadso4,2002,-1.0807625156603076,kg m-2
loadso4,2003,-1.3286265685273917,kg m-2
loadso4,2004,-0.7985472843217594,kg m-2
