variable,year,value,unit
clt,2000,-65.73473203423052,%
clt,2001,-66.71357300365004,%
clt,2002,-66.13490416847576,%
clt,2003,-66.58334863803626,%
clt,2004,-66.33047098966145,%
