variable,year,value,unit
rlutcs,2000,-0.0028024908738041704,W m-2
rlutcs,2001,0.0011099034974795922,W m-2
rlutcs,2002,0.0010493256566163408,W m-2
rlutcs,2003,-0.001427474820972897,W m-2
rlutcs,2004,0.0013437546843868963,W m-2
