variable,year,value,unit
wetso2,2000,-2.16475084925672,kg m-2 s-1
wetso2,2001,-2.4051601780324074,kg m-2 s-1
wetso2,2002,-2.185057834730154,kg m-2 s-1
wetso2,2003,-2.0887643889170615,kg m-2 s-1
wetso2,2004,-2.1781626602304804,kg m-2 s-1
