variable,year,value,unit
drybc,2000,0.13300944871978762,kg m-2 s-1
drybc,2001,-0.049887038522300704,kg m-2 s-1
drybc,2002,0.03617747515470312,kg m-2 s-1
drybc,2003,-0.15024689573221706,kg m-2 s-1
drybc,2004,0.031734911234280086,kg m-2 s-1
