variable,year,value,unit
rlut,2000,-0.00024884663,W m-2
rlut,2001,0.00042024025,W m-2
rlut,2002,-2.5478832e-05,W m-2
rlut,2003,-0.00035762833,W m-2
rlut,2004,-5.0990515e-05,W m-2
