variable,year,value,unit
drybc,2000,0.012661651,kg m-2 s-1
drybc,2001,0.007677642,kg m-2 s-1
drybc,2002,0.008303869,kg m-2 s-1
drybc,2003,0.0054245684,kg m-2 s-1
drybc,2004,-0.0076015755,kg m-2 s-1
