variable,year,value,unit
rsutcs,2000,-0.038842097,W m-2
rsutcs,2001,-0.037296228,W m-2
rsutcs,2002,-0.032802153,W m-2
rsutcs,2003,-0.03907565,W m-2
rsutcs,2004,-0.03996187,W m-2
