variable,year,value,unit
mmrso4,2000,-0.8100764,kg kg-1
mmrso4,2001,-0.79894525,kg kg-1
mmrso4,2002,-0.81768996,kg kg-1
mmrso4,2003,-0.82009166,kg kg-1
mmrso4,2004,-0.9742046,kg kg-1
