variable,year,value,unit
wetbc,2000,-3.518236e-17,kg m-2 s-1
wetbc,2001,-5.838429e-17,kg m-2 s-1
wetbc,2002,1.9542744e-17,kg m-2 s-1
wetbc,2003,-3.0601606e-17,kg m-2 s-1
wetbc,2004,-3.9085488e-17,kg m-2 s-1
