variable,year,value,unit
rsut,2000,-0.048980713,W m-2
rsut,2001,-0.050979614,W m-2
rsut,2002,-0.039375305,W m-2
rsut,2003,-0.03062439,W m-2
rsut,2004,-0.068367004,W m-2
