variable,year,value,unit
rlutcs,2000,0.011138916,W m-2
rlutcs,2001,0.008636475,W m-2
rlutcs,2002,0.0082092285,W m-2
rlutcs,2003,-0.005859375,W m-2
rlutcs,2004,-0.00064086914,W m-2
