variable,year,value,unit
od550aer,2000,-0.0003453791,1
od550aer,2001,-0.00030437112,1
od550aer,2002,-0.00026728213,1
od550aer,2003,-0.00031116605,1
od550aer,2004,-0.00036002696,1
