variable,year,value,unit
rsutcs,2000,-0.017089844,W m-2
rsutcs,2001,-0.013607025,W m-2
rsutcs,2002,-0.014289856,W m-2
rsutcs,2003,-0.011856079,W m-2
rsutcs,2004,-0.0100746155,W m-2
