variable,year,value,unit
wetbc,2000,-2.0681156e-17,kg m-2 s-1
wetbc,2001,-4.8789098e-18,kg m-2 s-1
wetbc,2002,-1.9298799e-17,kg m-2 s-1
wetbc,2003,9.405454e-18,kg m-2 s-1
wetbc,2004,6.2341625e-19,kg m-2 s-1
