variable,year,value,unit
emiso2,2000,-1.6608329e-13,kg m-2 s-1
emiso2,2001,-1.5563679e-13,kg m-2 s-1
emiso2,2002,-1.5989033e-13,kg m-2 s-1
emiso2,2003,-1.7161966e-13,kg m-2 s-1
emiso2,2004,-1.919697e-13,kg m-2 s-1
