variable,year,value,unit
rsutcs,2000,-0.01909256,W m-2
rsutcs,2001,-0.01834488,W m-2
rsutcs,2002,-0.016117096,W m-2
rsutcs,2003,-0.019172668,W m-2
rsutcs,2004,-0.019695282,W m-2
