variable,year,value,unit
rsutcs,2000,-0.004459381,W m-2
rsutcs,2001,-0.0051460266,W m-2
rsutcs,2002,-0.00447464,W m-2
rsutcs,2003,-0.0055274963,W m-2
rsutcs,2004,-0.006210327,W m-2
