variable,year,value,unit
wetso2,2000,-2.3985154e-14,kg m-2 s-1
wetso2,2001,-2.4038497e-14,kg m-2 s-1
wetso2,2002,-2.1847758e-14,kg m-2 s-1
wetso2,2003,-2.4118511e-14,kg m-2 s-1
wetso2,2004,-2.669978e-14,kg m-2 s-1
