variable,year,value,unit
rsut,2000,0.6616803508604363,W m-2
rsut,2001,0.006650707419865398,W m-2
rsut,2002,0.00762100156816814,W m-2
rsut,2003,0.0006854840060555034,W m-2
rsut,2004,0.003985898153828771,W m-2
