variable,year,value,unit
rsutcs,2000,0.010499916605276383,W m-2
rsutcs,2001,-0.004812824669237159,W m-2
rsutcs,2002,0.00519083662274511,W m-2
rsutcs,2003,0.007011749551516289,W m-2
rsutcs,2004,0.007089608265893332,W m-2
