variable,year,value,unit
wetso2,2000,-4.476831780707636e-15,kg m-2 s-1
wetso2,2001,-2.917552235208169e-15,kg m-2 s-1
wetso2,2002,-4.639039349960883e-15,kg m-2 s-1
wetso2,2003,-2.6233869448662668e-15,kg m-2 s-1
wetso2,2004,-5.187898117298657e-15,kg m-2 s-1
