variable,year,value,unit
wetso2,2000,-2.2328524287433807e-14,kg m-2 s-1
wetso2,2001,-2.293524784453321e-14,kg m-2 s-1
wetso2,2002,-1.860117277083389e-14,kg m-2 s-1
wetso2,2003,-2.013599375814747e-14,kg m-2 s-1
wetso2,2004,-2.1486887604819054e-14,kg m-2 s-1
