variable,year,value,unit
wetbc,2000,-6.815056414153083e-17,kg m-2 s-1
wetbc,2001,-6.784019492932585e-16,kg m-2 s-1
wetbc,2002,7.671118672527292e-17,kg m-2 s-1
wetbc,2003,5.267608807486619e-16,kg m-2 s-1
wetbc,2004,-2.69056915495296e-16,kg m-2 s-1
