variable,year,value,unit
rsut,2001,0.005568157528145434,W m-2
rsut,2002,0.017654429468947797,W m-2
rsut,2003,0.02990900129343288,W m-2
rsut,2004,0.017818218610244685,W m-2
