variable,year,value,unit
mmrbc,2000,-1.1125127922853385e-14,kg kg-1
mmrbc,2001,2.4360672119150954e-14,kg kg-1
mmrbc,2002,8.915878661479164e-14,kg kg-1
mmrbc,2003,-8.327508854468107e-14,kg kg-1
mmrbc,2004,4.764328212051274e-14,kg kg-1
