variable,year,value,unit
loadso2,2000,5.134400294545097e-08,kg m-2
loadso2,2001,-4.3228612523536974e-09,kg m-2
loadso2,2002,1.6854996524411875e-08,kg m-2
loadso2,2003,1.9456136825023752e-08,kg m-2
loadso2,2004,-1.477752667110553e-08,kg m-2
