variable,year,value,unit
loadso4,2000,2.3943761250227217e-08,kg m-2
loadso4,2001,1.9820786219403153e-08,kg m-2
loadso4,2002,1.8692065494625992e-08,kg m-2
loadso4,2003,2.1739626322272427e-08,kg m-2
loadso4,2004,1.4831096152845388e-08,kg m-2
