variable,year,value,unit
wetso4,2000,3.196697132057238e-14,kg m-2 s-1
wetso4,2001,3.325883363578047e-14,kg m-2 s-1
wetso4,2002,3.573473758494858e-14,kg m-2 s-1
wetso4,2003,3.509498579035667e-14,kg m-2 s-1
wetso4,2004,3.880257546662687e-14,kg m-2 s-1
