variable,year,value,unit
loadbc,2000,1.1979479045641148e-11,kg m-2
loadbc,2001,9.65181168855466e-12,kg m-2
loadbc,2002,3.5043399210053023e-11,kg m-2
loadbc,2003,-1.2129335324572927e-12,kg m-2
loadbc,2004,1.141347672756168e-12,kg m-2
