variable,year,value,unit
drybc,2000,1.2344953965369415e-16,kg m-2 s-1
drybc,2001,1.2964442981854726e-16,kg m-2 s-1
drybc,2002,1.1372060916025726e-17,kg m-2 s-1
drybc,2003,1.3641260775785586e-16,kg m-2 s-1
drybc,2004,-1.0204290730712612e-16,kg m-2 s-1
