variable,year,value,unit
loadso2,2000,-2.3195038169332946e-09,kg m-2
loadso2,2001,-4.483756905392529e-09,kg m-2
loadso2,2002,-5.2537184236035175e-09,kg m-2
loadso2,2003,-4.688904585355372e-09,kg m-2
loadso2,2004,-4.091560308657509e-09,kg m-2
