variable,year,value,unit
loadso2,2000,-1.3741685487762322e-08,kg m-2
loadso2,2001,-1.3244344190158221e-08,kg m-2
loadso2,2002,-1.4718135647918133e-08,kg m-2
loadso2,2003,-1.3290742734010085e-08,kg m-2
loadso2,2004,-1.290852019425706e-08,kg m-2
