variable,year,value,unit
rlut,2000,0.002587399655652689,W m-2
rlut,2001,0.08055906954177772,W m-2
rlut,2002,-0.05092947943970216,W m-2
rlut,2003,0.02024449367422676,W m-2
rlut,2004,-0.00865161948416926,W m-2
