variable,year,value,unit
wetso2,2001,-3.595006095524677e-15,kg m-2 s-1
wetso2,2002,-2.877549713456117e-15,kg m-2 s-1
wetso2,2003,-2.9760118947695292e-15,kg m-2 s-1
wetso2,2004,-3.1468128423613106e-15,kg m-2 s-1
