variable,year,value,unit
rsutcs,2000,0.03570381342994011,W m-2
rsutcs,2001,0.03370084851012933,W m-2
rsutcs,2002,0.024180238916429175,W m-2
rsutcs,2003,0.03704452402308078,W m-2
rsutcs,2004,0.03468730532360098,W m-2
