variable,year,value,unit
emiso2,2000,6.313287429326221e-16,kg m-2 s-1
emiso2,2001,2.3114684967551587e-16,kg m-2 s-1
emiso2,2002,5.967926977097209e-16,kg m-2 s-1
emiso2,2003,7.519413567133285e-16,kg m-2 s-1
emiso2,2004,3.39382044852939e-16,kg m-2 s-1
