variable,year,value,unit
dms,2000,-3.3679724105335663e-14,mol mol-1
dms,2001,-3.839733994176931e-14,mol mol-1
dms,2002,-3.389580346992461e-14,mol mol-1
dms,2003,-3.7475989195002596e-14,mol mol-1
dms,2004,-3.174734800727124e-14,mol mol-1
