variable,year,value,unit
rlut,2001,-0.006275755420176665,W m-2
rlut,2002,-0.02444237831471696,W m-2
rlut,2003,-0.01075576087657737,W m-2
rlut,2004,-0.01431040806664896,W m-2
