variable,year,value,unit
rsutcs,2001,0.021600803901513643,W m-2
rsutcs,2002,0.011128291968688586,W m-2
rsutcs,2003,0.016631035431778685,W m-2
rsutcs,2004,0.015588208802171266,W m-2
