variable,year,value,unit
clivi,2000,5.4697609244001855e-05,kg m-2
clivi,2001,9.201951762220079e-05,kg m-2
clivi,2002,1.3669804431667987e-06,kg m-2
clivi,2003,6.123139921926368e-05,kg m-2
clivi,2004,-9.263950319974429e-05,kg m-2
