variable,year,value,unit
rsdt,2000,2.9107354748703074e-08,W m-2
rsdt,2001,1.3154971156836837e-07,W m-2
rsdt,2002,-5.225064114711131e-08,W m-2
rsdt,2003,-1.0419739737699274e-07,W m-2
rsdt,2004,3.30249065427779e-07,W m-2
