variable,year,value,unit
wetso2,2001,-1.5555867504035965e-17,kg m-2 s-1
wetso2,2002,-1.5391197179229652e-17,kg m-2 s-1
wetso2,2003,-1.072463102917028e-17,kg m-2 s-1
wetso2,2004,-1.4847612898137577e-17,kg m-2 s-1
