variable,year,value,unit
loadso4,2000,1.8542090617184115e-08,kg m-2
loadso4,2001,2.031012521499118e-08,kg m-2
loadso4,2002,1.5831893509187598e-08,kg m-2
loadso4,2003,2.022502176255354e-08,kg m-2
loadso4,2004,2.322186973708137e-08,kg m-2
