variable,year,value,unit
mmrso4,2001,-5.985633022079004e-12,kg kg-1
mmrso4,2002,-8.218538421663196e-12,kg kg-1
mmrso4,2003,-9.06600821712661e-12,kg kg-1
mmrso4,2004,-7.721192025602962e-12,kg kg-1
