variable,year,value,unit
od550aer,2001,-8.15415375174447e-05,1
od550aer,2002,-1.4779623742140757e-05,1
od550aer,2003,-6.403226768939008e-06,1
od550aer,2004,-4.097461081037368e-05,1
