variable,year,value,unit
mmrso4,2000,-8.316330462634534e-12,kg kg-1
mmrso4,2001,-8.074616172334324e-12,kg kg-1
mmrso4,2002,-8.268469485588394e-12,kg kg-1
mmrso4,2003,-8.834361950052542e-12,kg kg-1
mmrso4,2004,-9.753675008217704e-12,kg kg-1
