variable,year,value,unit
dryso2,2000,-9.199038936416028e-14,kg m-2 s-1
dryso2,2001,-9.631573056884615e-14,kg m-2 s-1
dryso2,2002,-9.073908647239849e-14,kg m-2 s-1
dryso2,2003,-9.4180950883973e-14,kg m-2 s-1
dryso2,2004,-1.000041804688024e-13,kg m-2 s-1
