variable,year,value,unit
od550aer,2000,-0.0005157834584169907,1
od550aer,2001,-0.00045763035436229005,1
od550aer,2002,-0.00028321048410144545,1
od550aer,2003,-0.00037976027993047445,1
od550aer,2004,-0.00029924198192753104,1
