variable,year,value,unit
dryso4,2000,-1.0571106437487127e-14,kg m-2 s-1
dryso4,2001,-1.0274944018760838e-14,kg m-2 s-1
dryso4,2002,-1.1562208866198566e-14,kg m-2 s-1
dryso4,2003,-1.1745057513264435e-14,kg m-2 s-1
dryso4,2004,-1.3237936860805242e-14,kg m-2 s-1
