variable,year,value,unit
emibc,2000,1.0049387424031854e-22,kg m-2 s-1
emibc,2001,-8.235306162534425e-22,kg m-2 s-1
emibc,2002,1.559960645026296e-21,kg m-2 s-1
emibc,2003,1.2701266860995607e-21,kg m-2 s-1
emibc,2004,1.4253290864806895e-21,kg m-2 s-1
