variable,year,value,unit
drybc,2001,-0.06749452739592766,kg m-2 s-1
drybc,2002,-0.23883169476437535,kg m-2 s-1
drybc,2003,-0.35631047931433385,kg m-2 s-1
drybc,2004,0.033450436097974705,kg m-2 s-1
