variable,year,value,unit
wetso4,2000,3.5451281674064105e-14,kg m-2 s-1
wetso4,2001,2.9322177519637144e-14,kg m-2 s-1
wetso4,2002,3.4408257241016955e-14,kg m-2 s-1
wetso4,2003,3.4432964813915766e-14,kg m-2 s-1
wetso4,2004,3.597354262909325e-14,kg m-2 s-1
