variable,year,value,unit
drybc,2000,1.2038749273107592e-17,kg m-2 s-1
drybc,2001,4.0658521079613365e-17,kg m-2 s-1
drybc,2002,-2.0720810333717904e-16,kg m-2 s-1
drybc,2003,8.124143568771578e-17,kg m-2 s-1
drybc,2004,-1.307636886152035e-17,kg m-2 s-1
