variable,year,value,unit
dryso2,2000,1.0885406089079788e-14,kg m-2 s-1
dryso2,2001,8.579135207818966e-15,kg m-2 s-1
dryso2,2002,8.026860975013906e-15,kg m-2 s-1
dryso2,2003,8.589517937187805e-15,kg m-2 s-1
dryso2,2004,9.358556081106165e-15,kg m-2 s-1
