variable,year,value,unit
loadso4,2000,-7.822711862356687e-09,kg m-2
loadso4,2001,-4.210217588777686e-09,kg m-2
loadso4,2002,-1.177403717150531e-08,kg m-2
loadso4,2003,-1.909062829597263e-08,kg m-2
loadso4,2004,-4.42795875240613e-09,kg m-2
