variable,year,value,unit
rsutcs,2000,-0.0001163734361995239,W m-2
rsutcs,2001,0.02195371809202129,W m-2
rsutcs,2002,-0.007470460183014893,W m-2
rsutcs,2003,0.005672904284409697,W m-2
rsutcs,2004,-0.004962535297124759,W m-2
