variable,year,value,unit
wetso2,2000,-1.1667620872828606e-16,kg m-2 s-1
wetso2,2001,-1.1824809878770168e-16,kg m-2 s-1
wetso2,2002,-1.1631126893668164e-16,kg m-2 s-1
wetso2,2003,-1.143804691457165e-16,kg m-2 s-1
wetso2,2004,-1.1969864846404068e-16,kg m-2 s-1
