variable,year,value,unit
wetso2,2000,-9.136396437722513e-18,kg m-2 s-1
wetso2,2001,-7.658216576895218e-18,kg m-2 s-1
wetso2,2002,-8.069798790894143e-18,kg m-2 s-1
wetso2,2003,-5.204718337927762e-18,kg m-2 s-1
wetso2,2004,-9.86126881976143e-18,kg m-2 s-1
