variable,year,value,unit
mmrso4,2000,-6.428997207817555e-12,kg kg-1
mmrso4,2001,-6.609809218159248e-12,kg kg-1
mmrso4,2002,-7.110255797987949e-12,kg kg-1
mmrso4,2003,-7.152561023907272e-12,kg kg-1
mmrso4,2004,-7.228729707287161e-12,kg kg-1
