variable,year,value,unit
wetbc,2000,0.00787088660718107,kg m-2 s-1
wetbc,2001,0.006639097293115408,kg m-2 s-1
wetbc,2002,0.007910471182631851,kg m-2 s-1
wetbc,2003,-0.000399313209768447,kg m-2 s-1
wetbc,2004,-0.0040167458848128865,kg m-2 s-1
