variable,year,value,unit
wetso2,2001,-0.40993327,kg m-2 s-1
wetso2,2002,0.29841712,kg m-2 s-1
wetso2,2003,0.026871704,kg m-2 s-1
wetso2,2004,0.56842494,kg m-2 s-1
wetso2,2005,-0.20416048,kg m-2 s-1
