variable,year,value,unit
dryso2,2000,0.05637221,kg m-2 s-1
dryso2,2001,0.035146482,kg m-2 s-1
dryso2,2002,0.095052704,kg m-2 s-1
dryso2,2003,0.074965134,kg m-2 s-1
dryso2,2004,0.066239804,kg m-2 s-1
