variable,year,value,unit
od550aer,2000,0.115653105,1
od550aer,2001,0.0661145,1
od550aer,2002,0.10061504,1
od550aer,2003,0.04356711,1
od550aer,2004,-0.048320163,1
