variable,year,value,unit
wetbc,2000,0.01830281931815171,kg m-2 s-1
wetbc,2001,-0.005202474735407212,kg m-2 s-1
wetbc,2002,0.006488780070364916,kg m-2 s-1
wetbc,2003,0.004976231127673265,kg m-2 s-1
wetbc,2004,0.0035201255829765145,kg m-2 s-1
