variable,year,value,unit
dryso4,2000,-6.227022571947288e-15,kg m-2 s-1
dryso4,2001,-6.711121734960423e-15,kg m-2 s-1
dryso4,2002,-4.447211181813935e-15,kg m-2 s-1
dryso4,2003,-5.9923865674470814e-15,kg m-2 s-1
dryso4,2004,-6.3147893180868825e-15,kg m-2 s-1
