variable,year,value,unit
so2,2000,-2.6545883112695742e-12,mol mol-1
so2,2001,-2.7156727755799363e-12,mol mol-1
so2,2002,-2.6090236765865427e-12,mol mol-1
so2,2003,-2.685289310573356e-12,mol mol-1
so2,2004,-2.8345043793400727e-12,mol mol-1
