variable,year,value,unit
rlutcs,2000,-0.019330984347732283,W m-2
rlutcs,2001,-0.004588366128871257,W m-2
rlutcs,2002,-0.01499297078919426,W m-2
rlutcs,2003,0.0022997234941044553,W m-2
rlutcs,2004,0.016926926082646787,W m-2
