variable,year,value,unit
mmrbc,2000,-6.139012193332933e-15,kg kg-1
mmrbc,2001,-1.5114968763447909e-15,kg kg-1
mmrbc,2002,3.3826378243709604e-15,kg kg-1
mmrbc,2003,6.052901049121509e-15,kg kg-1
mmrbc,2004,7.81718011154588e-15,kg kg-1
