variable,year,value,unit
rlut,2000,0.004126403598490924,W m-2
rlut,2001,0.0003152737215827983,W m-2
rlut,2002,0.010850883587636417,W m-2
rlut,2003,0.011521044172440043,W m-2
rlut,2004,0.008386615749742532,W m-2
