variable,year,value,unit
so2,2000,-8.51027982409721e-12,mol mol-1
so2,2001,-8.956118997149228e-12,mol mol-1
so2,2002,-8.736216866788644e-12,mol mol-1
so2,2003,-8.887230361374658e-12,mol mol-1
so2,2004,-9.140761278170345e-12,mol mol-1
