variable,year,value,unit
cltc,2000,-0.003278015596522188,%
cltc,2001,0.0070569373867188645,%
cltc,2002,0.000386675026806671,%
cltc,2003,-0.007932902042395718,%
cltc,2004,-0.0034175777117662065,%
