variable,year,value,unit
od550aer,2000,-0.21420203896878465,1
od550aer,2001,-0.23105792063665997,1
od550aer,2002,-0.12673612814853788,1
od550aer,2003,-0.17449998491838506,1
od550aer,2004,-0.4328420767131595,1
