variable,year,value,unit
rlutcs,2000,0.00013897775783216685,W m-2
rlutcs,2001,-6.098614800603007e-05,W m-2
rlutcs,2002,4.334405866922565e-05,W m-2
rlutcs,2003,0.0003063358805837067,W m-2
rlutcs,2004,4.7774372633950565e-06,W m-2
