variable,year,value,unit
emiso2,2000,-35.372987151660475,kg m-2 s-1
emiso2,2001,-36.39337092228263,kg m-2 s-1
emiso2,2002,-36.84956584652494,kg m-2 s-1
emiso2,2003,-35.939196133187615,kg m-2 s-1
emiso2,2004,-29.780749275408514,kg m-2 s-1
