variable,year,value,unit
loadso2,2000,-5.790517074617655,kg m-2
loadso2,2001,-5.383764961432545,kg m-2
loadso2,2002,-5.587647679535416,kg m-2
loadso2,2003,-6.077813721975907,kg m-2
loadso2,2004,-5.808922399272919,kg m-2
