variable,year,value,unit
od550aer,2001,-1.8622627249619754,1
od550aer,2002,-0.6250638429092888,1
od550aer,2003,-0.34482437611186634,1
od550aer,2004,-0.382122387249791,1
od550aer,2005,-0.25641753683318935,1
