variable,year,value,unit
wetbc,2000,-0.02346802009157131,kg m-2 s-1
wetbc,2001,-0.06937459297433575,kg m-2 s-1
wetbc,2002,-0.01507967392769863,kg m-2 s-1
wetbc,2003,-0.03030228692725436,kg m-2 s-1
wetbc,2004,0.009513266444367159,kg m-2 s-1
