variable,year,value,unit
wetbc,2000,-0.4951091495041924,kg m-2 s-1
wetbc,2001,-0.09118145037994989,kg m-2 s-1
wetbc,2002,-0.029558572795110923,kg m-2 s-1
wetbc,2003,0.09735213758562108,kg m-2 s-1
wetbc,2004,0.18964116728210628,kg m-2 s-1
