variable,year,value,unit
wetso2,2000,-5.347503439019503,kg m-2 s-1
wetso2,2001,-5.230963702627579,kg m-2 s-1
wetso2,2002,-5.649383621875601,kg m-2 s-1
wetso2,2003,-5.743648368739814,kg m-2 s-1
wetso2,2004,-6.324922285144815,kg m-2 s-1
