variable,year,value,unit
mmrso4,2000,-4.081308237524115,kg kg-1
mmrso4,2001,-3.938579112938731,kg kg-1
mmrso4,2002,-4.733440116344913,kg kg-1
mmrso4,2003,-3.6987578934745775,kg kg-1
mmrso4,2004,-4.806412944182265,kg kg-1
