variable,year,value,unit
emibc,2001,4.8421441775533e-06,kg m-2 s-1
emibc,2002,5.279539415931499e-06,kg m-2 s-1
emibc,2003,-1.413684070264185e-06,kg m-2 s-1
emibc,2004,-2.2424800912350436e-07,kg m-2 s-1
emibc,2005,-2.3550331468045365e-06,kg m-2 s-1
