variable,year,value,unit
dryso2,2001,-1.3121018389587624e-13,kg m-2 s-1
dryso2,2002,-1.3136892053576021e-13,kg m-2 s-1
dryso2,2003,-1.3715319974387805e-13,kg m-2 s-1
dryso2,2004,-1.4070843769089255e-13,kg m-2 s-1
