variable,year,value,unit
wetso2,2001,-1.8782245563147924e-14,kg m-2 s-1
wetso2,2002,-1.840290822134938e-14,kg m-2 s-1
wetso2,2003,-2.234558626131266e-14,kg m-2 s-1
wetso2,2004,-1.8639905302973474e-14,kg m-2 s-1
