variable,year,value,unit
emiso2,2001,-2.0634618287472797e-13,kg m-2 s-1
emiso2,2002,-2.0272400006307783e-13,kg m-2 s-1
emiso2,2003,-2.070017146356212e-13,kg m-2 s-1
emiso2,2004,-2.191716508403617e-13,kg m-2 s-1
