variable,year,value,unit
rlutcs,2001,-0.022329157937065247,W m-2
rlutcs,2002,-0.02952833307142555,W m-2
rlutcs,2003,-0.0120762439244686,W m-2
rlutcs,2004,-0.037385376110933066,W m-2
