variable,year,value,unit
mmrso4,2001,-2.9988618,kg kg-1
mmrso4,2002,0.4563631,kg kg-1
mmrso4,2003,-0.4302103,kg kg-1
mmrso4,2004,-0.799701,kg kg-1
mmrso4,2005,-1.9949079,kg kg-1
