variable,year,value,unit
rsut,2001,-0.0068268594,W m-2
rsut,2002,-0.0014967563,W m-2
rsut,2003,-0.016105402,W m-2
rsut,2004,-0.06163022,W m-2
rsut,2005,-0.026298324,W m-2
