variable,year,value,unit
so2,2000,-0.8836061,mol mol-1
so2,2001,-0.94368273,mol mol-1
so2,2002,-0.8884782,mol mol-1
so2,2003,-0.9771044,mol mol-1
so2,2004,-0.8754924,mol mol-1
