variable,year,value,unit
cltc,2000,-0.0054823975,%
cltc,2001,0.010495482,%
cltc,2002,-0.013267171,%
cltc,2003,-0.007107109,%
cltc,2004,-0.009212558,%
