variable,year,value,unit
rsutcs,2000,-0.020258682,W m-2
rsutcs,2001,-0.0009861133,W m-2
rsutcs,2002,-0.006408649,W m-2
rsutcs,2003,-0.014863125,W m-2
rsutcs,2004,-0.015326921,W m-2
