variable,year,value,unit
drybc,2001,-0.021472177,kg m-2 s-1
drybc,2002,0.025940299,kg m-2 s-1
drybc,2003,-0.054752167,kg m-2 s-1
drybc,2004,-0.044755325,kg m-2 s-1
drybc,2005,-0.020614734,kg m-2 s-1
