variable,year,value,unit
loadso4,2000,-2.1165396930250703e-08,kg m-2
loadso4,2001,-2.1663477849484376e-08,kg m-2
loadso4,2002,-2.0426551453202557e-08,kg m-2
loadso4,2003,-2.1270593423894315e-08,kg m-2
loadso4,2004,-2.04815847832473e-08,kg m-2
