variable,year,value,unit
od550aer,2000,-0.20814131,1
od550aer,2001,-0.16584702,1
od550aer,2002,-0.1928916,1
od550aer,2003,-0.20758817,1
od550aer,2004,-0.1966488,1
