variable,year,value,unit
wetso4,2000,-1.3444666,kg m-2 s-1
wetso4,2001,-1.3838084,kg m-2 s-1
wetso4,2002,-1.4660399,kg m-2 s-1
wetso4,2003,-1.4340177,kg m-2 s-1
wetso4,2004,-1.5251971,kg m-2 s-1
