variable,year,value,unit
dryso2,2001,-2.7022858,kg m-2 s-1
dryso2,2002,-2.8810785,kg m-2 s-1
dryso2,2003,-2.8575366,kg m-2 s-1
dryso2,2004,-2.9292006,kg m-2 s-1
dryso2,2005,-2.9362254,kg m-2 s-1
