variable,year,value,unit
dms,2001,-2.6465683,mol mol-1
dms,2002,0.7870124,mol mol-1
dms,2003,-0.20270874,mol mol-1
dms,2004,2.9756176,mol mol-1
dms,2005,1.583793,mol mol-1
