variable,year,value,unit
rsut,2001,-0.15979278,W m-2
rsut,2002,-0.046061926,W m-2
rsut,2003,0.08303383,W m-2
rsut,2004,-0.14068185,W m-2
rsut,2005,-0.022680206,W m-2
