variable,year,value,unit
wetso2,2001,-3.6669974,kg m-2 s-1
wetso2,2002,-0.42157364,kg m-2 s-1
wetso2,2003,-1.5844967,kg m-2 s-1
wetso2,2004,-1.4471871,kg m-2 s-1
wetso2,2005,-1.6609477,kg m-2 s-1
