variable,year,value,unit
wetso4,2001,-3.3398938,kg m-2 s-1
wetso4,2002,-0.2829189,kg m-2 s-1
wetso4,2003,-3.3129287,kg m-2 s-1
wetso4,2004,-3.0289485,kg m-2 s-1
wetso4,2005,-3.8591728,kg m-2 s-1
