variable,year,value,unit
loadso2,2000,-0.6749211487875315,kg m-2
loadso2,2001,-0.6878255555294741,kg m-2
loadso2,2002,-0.6420436819131311,kg m-2
loadso2,2003,-0.695568304443211,kg m-2
loadso2,2004,-0.604916798584688,kg m-2
