variable,year,value,unit
wetso2,2000,-1.3274009,kg m-2 s-1
wetso2,2001,-1.3091528,kg m-2 s-1
wetso2,2002,-1.3654433,kg m-2 s-1
wetso2,2003,-1.4156511,kg m-2 s-1
wetso2,2004,-1.4951648,kg m-2 s-1
