variable,year,value,unit
rsut,2000,-0.06380756462576187,W m-2
rsut,2001,-0.037234124331419594,W m-2
rsut,2002,-0.10668875427465707,W m-2
rsut,2003,-0.12587247803671175,W m-2
rsut,2004,-0.08576614296192986,W m-2
