variable,year,value,unit
mmrso4,2000,-1.459389566507506e-12,kg kg-1
mmrso4,2001,-1.8170316442326097e-12,kg kg-1
mmrso4,2002,-6.695798630274718e-13,kg kg-1
mmrso4,2003,-1.0619968391303571e-12,kg kg-1
mmrso4,2004,-8.620588556098503e-13,kg kg-1
