variable,year,value,unit
rsutcs,2000,-0.0009629958018209095,W m-2
rsutcs,2001,0.0019816044010880773,W m-2
rsutcs,2002,0.009302678733476455,W m-2
rsutcs,2003,0.007483944907768603,W m-2
rsutcs,2004,0.0076063592149964165,W m-2
