variable,year,value,unit
rsut,2000,-0.10222696333303986,W m-2
rsut,2001,-0.050712887848480034,W m-2
rsut,2002,-0.0721371472363545,W m-2
rsut,2003,-0.08665403684687786,W m-2
rsut,2004,-0.07337242376721535,W m-2
