variable,year,value,unit
wetbc,2000,-0.17755952551879187,kg m-2 s-1
wetbc,2001,-0.06243216775896726,kg m-2 s-1
wetbc,2002,-0.23514425568563782,kg m-2 s-1
wetbc,2003,0.06415848431487735,kg m-2 s-1
wetbc,2004,-0.1295511284401632,kg m-2 s-1
