variable,year,value,unit
clt,2000,-0.004605164963291018,%
clt,2001,0.01901666965545256,%
clt,2002,-0.015287322396566813,%
clt,2003,-0.016517345681843067,%
clt,2004,0.01006859411724746,%
