variable,year,value,unit
dryso2,2000,-2.055498855801445,kg m-2 s-1
dryso2,2001,-2.206631580913152,kg m-2 s-1
dryso2,2002,-2.0255074483371613,kg m-2 s-1
dryso2,2003,-2.1573298657019038,kg m-2 s-1
dryso2,2004,-2.277754410856299,kg m-2 s-1
