variable,year,value,unit
dms,2000,0.3188693370216204,mol mol-1
dms,2001,-0.1355834247619255,mol mol-1
dms,2002,0.16633745578418252,mol mol-1
dms,2003,0.12234629934439291,mol mol-1
dms,2004,0.029557317782243922,mol mol-1
