variable,year,value,unit
clivi,2000,-3.1262569856723224e-05,kg m-2
clivi,2001,-9.930873489664982e-05,kg m-2
clivi,2002,-5.4244682319494475e-05,kg m-2
clivi,2003,-8.215612963196652e-05,kg m-2
clivi,2004,2.6038367423257547e-05,kg m-2
