variable,year,value,unit
dms,2001,-3.7524765599363215,mol mol-1
dms,2002,8.910140946677378,mol mol-1
dms,2003,13.940131652811774,mol mol-1
dms,2004,-2.268296574419677,mol mol-1
dms,2005,7.211584712468327,mol mol-1
