variable,year,value,unit
dryso2,2001,1.9062840003300936,kg m-2 s-1
dryso2,2002,0.9023398638629678,kg m-2 s-1
dryso2,2003,-0.4662963217818064,kg m-2 s-1
dryso2,2004,2.6888848415008546,kg m-2 s-1
dryso2,2005,-0.28848535483092475,kg m-2 s-1
