variable,year,value,unit
rlut,2000,0.2443214446466584,W m-2
rlut,2001,0.34004702208878257,W m-2
rlut,2002,0.432392767572253,W m-2
rlut,2003,0.3640008911070822,W m-2
rlut,2004,0.17324144102556716,W m-2
