variable,year,value,unit
clt,2000,0.07452336472762455,%
clt,2001,0.050222677471264056,%
clt,2002,-0.10107913196783418,%
clt,2003,-0.030889591859912087,%
clt,2004,0.03887990910391957,%
