variable,year,value,unit
emibc,2000,-2.5589123667452874e-05,kg m-2 s-1
emibc,2001,-6.055711074872589e-05,kg m-2 s-1
emibc,2002,2.049148077258235e-05,kg m-2 s-1
emibc,2003,-0.0001363592703472857,kg m-2 s-1
emibc,2004,-2.0669166238846136e-05,kg m-2 s-1
