variable,year,value,unit
wetbc,2001,-10.703519546856505,kg m-2 s-1
wetbc,2002,12.836174117284266,kg m-2 s-1
wetbc,2003,-9.697709111765551,kg m-2 s-1
wetbc,2004,7.377247606204074,kg m-2 s-1
wetbc,2005,-7.191958151396184,kg m-2 s-1
