variable,year,value,unit
dms,2000,-0.06585244084507037,mol mol-1
dms,2001,0.5308273287545852,mol mol-1
dms,2002,0.0502133829109608,mol mol-1
dms,2003,0.06720415246387997,mol mol-1
dms,2004,-0.38862101830948903,mol mol-1
