variable,year,value,unit
rlutcs,2000,-172.03686315836282,W m-2
rlutcs,2001,-172.58508633686728,W m-2
rlutcs,2002,-173.17544873674245,W m-2
rlutcs,2003,-172.48451688542013,W m-2
rlutcs,2004,-172.2541830786521,W m-2
