variable,year,value,unit
mmrbc,2000,1.183976930994003e-13,kg kg-1
mmrbc,2001,7.944994045579501e-14,kg kg-1
mmrbc,2002,-1.347696454875028e-13,kg kg-1
mmrbc,2003,9.254187488191451e-14,kg kg-1
mmrbc,2004,-3.3034285086830984e-14,kg kg-1
