variable,year,value,unit
loadso4,2000,-0.4801057471548108,kg m-2
loadso4,2001,-0.586823527408268,kg m-2
loadso4,2002,-0.35733165756234103,kg m-2
loadso4,2003,-0.42194257364944426,kg m-2
loadso4,2004,-0.33545077518898864,kg m-2
