variable,year,value,unit
dryso2,2000,-1.2882720139398265,kg m-2 s-1
dryso2,2001,-1.347084049807177,kg m-2 s-1
dryso2,2002,-1.3098081772583627,kg m-2 s-1
dryso2,2003,-1.343334832046996,kg m-2 s-1
dryso2,2004,-1.4389131384933447,kg m-2 s-1
