variable,year,value,unit
rlut,2000,0.004784122006836821,W m-2
rlut,2001,-0.00044653688106674895,W m-2
rlut,2002,0.00511549895490374,W m-2
rlut,2003,0.011638455927745477,W m-2
rlut,2004,0.0035146277568303035,W m-2
