variable,year,value,unit
wetso2,2000,3.697170028249123e-14,kg m-2 s-1
wetso2,2001,3.799319459722313e-14,kg m-2 s-1
wetso2,2002,3.5762537870149684e-14,kg m-2 s-1
wetso2,2003,3.897115055651932e-14,kg m-2 s-1
wetso2,2004,4.01360252734777e-14,kg m-2 s-1
