variable,year,value,unit
dryso2,2000,6.313033954120564e-14,kg m-2 s-1
dryso2,2001,6.192666263945063e-14,kg m-2 s-1
dryso2,2002,6.204078919983966e-14,kg m-2 s-1
dryso2,2003,6.401303897294047e-14,kg m-2 s-1
dryso2,2004,6.813341193010849e-14,kg m-2 s-1
