variable,year,value,unit
loadbc,2000,-3.282524076050745e-11,kg m-2
loadbc,2001,-2.989168660593698e-11,kg m-2
loadbc,2002,-3.090255597048704e-11,kg m-2
loadbc,2003,-2.6363703497301267e-11,kg m-2
loadbc,2004,-2.783214357363109e-11,kg m-2
