variable,year,value,unit
so2,2000,8.307791321572841e-12,mol mol-1
so2,2001,8.324112305369464e-12,mol mol-1
so2,2002,8.195223338417602e-12,mol mol-1
so2,2003,8.576006834095706e-12,mol mol-1
so2,2004,9.0091557664285e-12,mol mol-1
