variable,year,value,unit
dms,2000,1.4140013780357838e-14,mol mol-1
dms,2001,-1.8422868029644913e-14,mol mol-1
dms,2002,-2.919884778838406e-14,mol mol-1
dms,2003,1.5551387649923116e-14,mol mol-1
dms,2004,1.582811751237894e-14,mol mol-1
