variable,year,value,unit
loadbc,2000,-1.1496382450286793e-10,kg m-2
loadbc,2001,-1.0648415289224602e-10,kg m-2
loadbc,2002,-1.1335118886648996e-10,kg m-2
loadbc,2003,-1.400988124729969e-10,kg m-2
loadbc,2004,-1.2309249371167228e-10,kg m-2
