variable,year,value,unit
dms,2000,3.1332684032450355e-14,mol mol-1
dms,2001,6.37763700394341e-14,mol mol-1
dms,2002,1.0519613068391845e-14,mol mol-1
dms,2003,4.292187273083179e-14,mol mol-1
dms,2004,1.2116698643422853e-13,mol mol-1
