variable,year,value,unit
rsut,2000,-0.12141283606347031,W m-2
rsut,2001,-0.06798887249318852,W m-2
rsut,2002,-0.05057852501624893,W m-2
rsut,2003,-0.09466667834718123,W m-2
rsut,2004,-0.12244704788396632,W m-2
