variable,year,value,unit
od550aer,2000,0.0003157592826724953,1
od550aer,2001,0.0003187071151174725,1
od550aer,2002,0.000311830127712881,1
od550aer,2003,-0.00015382743404226962,1
od550aer,2004,-0.0001678092674292364,1
