variable,year,value,unit
wetso4,2000,-8.417697645446748e-14,kg m-2 s-1
wetso4,2001,-8.788691877688173e-14,kg m-2 s-1
wetso4,2002,-8.259682677517994e-14,kg m-2 s-1
wetso4,2003,-8.74306546037122e-14,kg m-2 s-1
wetso4,2004,-8.94437115507228e-14,kg m-2 s-1
