variable,year,value,unit
wetbc,2000,-4.87694119281832e-16,kg m-2 s-1
wetbc,2001,-4.606133345433785e-17,kg m-2 s-1
wetbc,2002,-3.028921500069807e-16,kg m-2 s-1
wetbc,2003,-2.0873712880556208e-16,kg m-2 s-1
wetbc,2004,-1.881743875637128e-17,kg m-2 s-1
