variable,year,value,unit
wetbc,2001,-6.986196569609279e-17,kg m-2 s-1
wetbc,2002,4.884535903917314e-16,kg m-2 s-1
wetbc,2003,-9.699361297549278e-17,kg m-2 s-1
wetbc,2004,3.2186108520692834e-16,kg m-2 s-1
