variable,year,value,unit
dryso2,2000,8.089131453962082e-14,kg m-2 s-1
dryso2,2001,3.362200004347783e-14,kg m-2 s-1
dryso2,2002,5.4032302839299914e-14,kg m-2 s-1
dryso2,2003,6.008910100145469e-14,kg m-2 s-1
dryso2,2004,5.276077630723689e-14,kg m-2 s-1
