variable,year,value,unit
od550aer,2000,0.0002847327448850523,1
od550aer,2001,0.000904334416378022,1
od550aer,2002,0.000465794542391193,1
od550aer,2003,0.000906260794068442,1
od550aer,2004,0.0009198555144365322,1
