variable,year,value,unit
emiso2,2000,2.1291660964288733e-11,kg m-2 s-1
emiso2,2001,2.1239704252806825e-11,kg m-2 s-1
emiso2,2002,2.1335423766660145e-11,kg m-2 s-1
emiso2,2003,2.228964922726559e-11,kg m-2 s-1
emiso2,2004,2.2901684830625173e-11,kg m-2 s-1
