variable,year,value,unit
rsutcs,2000,76.91946301759683,W m-2
rsutcs,2001,77.3408288772566,W m-2
rsutcs,2002,76.97380417176433,W m-2
rsutcs,2003,77.08833651289972,W m-2
rsutcs,2004,76.96592626260257,W m-2
