variable,year,value,unit
mmrso4,2000,1.478743634237795e-09,kg kg-1
mmrso4,2001,1.5020295642622476e-09,kg kg-1
mmrso4,2002,1.4841762847520175e-09,kg kg-1
mmrso4,2003,1.5428153200819383e-09,kg kg-1
mmrso4,2004,1.5698049183712536e-09,kg kg-1
