variable,year,value,unit
emiso2,2000,1.1802272305469419e-11,kg m-2 s-1
emiso2,2001,1.18053268059655e-11,kg m-2 s-1
emiso2,2002,1.1818119755683598e-11,kg m-2 s-1
emiso2,2003,1.178503599090502e-11,kg m-2 s-1
emiso2,2004,1.1783384185470846e-11,kg m-2 s-1
