variable,year,value,unit
clivi,2000,0.035646543264756254,kg m-2
clivi,2001,0.035729948963244676,kg m-2
clivi,2002,0.035648958484890234,kg m-2
clivi,2003,0.03570611023495219,kg m-2
clivi,2004,0.036296366196433505,kg m-2
