variable,year,value,unit
od550aer,2001,0.1739214570806763,1
od550aer,2002,0.18010562154539192,1
od550aer,2003,0.17608129520549384,1
od550aer,2004,0.178498723490675,1
