variable,year,value,unit
rlut,2001,231.07792647918802,W m-2
rlut,2002,231.51716178371777,W m-2
rlut,2003,231.49667946652815,W m-2
rlut,2004,231.1899982777657,W m-2
