variable,year,value,unit
loadso2,2000,1.3124882112187795e-06,kg m-2
loadso2,2001,1.3609254544432697e-06,kg m-2
loadso2,2002,1.36583418626715e-06,kg m-2
loadso2,2003,1.3933613649957625e-06,kg m-2
loadso2,2004,1.3748416364423973e-06,kg m-2
