variable,year,value,unit
clt,2000,50.71786134105695,%
clt,2001,50.117368620145776,%
clt,2002,49.13106938675602,%
clt,2003,50.139835198559155,%
clt,2004,50.13157192360487,%
