variable,year,value,unit
rsut,2001,112.54144763723465,W m-2
rsut,2002,111.95427286372326,W m-2
rsut,2003,111.92099947199917,W m-2
rsut,2004,112.47955338788726,W m-2
