variable,year,value,unit
so2,2001,9.683841192984374e-10,mol mol-1
so2,2002,9.477750638910958e-10,mol mol-1
so2,2003,9.998588445783586e-10,mol mol-1
so2,2004,1.0494647535319058e-09,mol mol-1
