variable,year,value,unit
od550aer,2000,0.1824530637264696,1
od550aer,2001,0.17872715372099604,1
od550aer,2002,0.1884781990763246,1
od550aer,2003,0.18470624066209085,1
od550aer,2004,0.19279838424406284,1
