variable,year,value,unit
dms,2000,1.919249057844846e-12,mol mol-1
dms,2001,1.9956969534904513e-12,mol mol-1
dms,2002,2.037317293672117e-12,mol mol-1
dms,2003,1.7919780130205976e-12,mol mol-1
dms,2004,1.8075787678633284e-12,mol mol-1
