variable,year,value,unit
so2,2000,1.6730718033903383e-09,mol mol-1
so2,2001,1.6936052779484235e-09,mol mol-1
so2,2002,1.6812005272689923e-09,mol mol-1
so2,2003,1.7646533400583569e-09,mol mol-1
so2,2004,1.915570216876086e-09,mol mol-1
