variable,year,value,unit
rlutcs,2000,253.49065849678485,W m-2
rlutcs,2001,253.84146184799673,W m-2
rlutcs,2002,253.63986390960778,W m-2
rlutcs,2003,253.4250728804861,W m-2
rlutcs,2004,253.664817588521,W m-2
