variable,year,value,unit
od550aer,2000,0.1633611060972246,1
od550aer,2001,0.16369152087849848,1
od550aer,2002,0.1705906985335064,1
od550aer,2003,0.16548112724005176,1
od550aer,2004,0.17118307908095806,1
