variable,year,value,unit
od550aer,2000,0.14744590045500738,1
od550aer,2001,0.1487996008777173,1
od550aer,2002,0.14749535840738798,1
od550aer,2003,0.14420443119311682,1
od550aer,2004,0.15157157845504546,1
