variable,year,value,unit
loadbc,2000,5.308346134915442e-07,kg m-2
loadbc,2001,5.673956934830003e-07,kg m-2
loadbc,2002,5.906946494939747e-07,kg m-2
loadbc,2003,6.190218932229646e-07,kg m-2
loadbc,2004,6.451977865937161e-07,kg m-2
