variable,year,value,unit
emiso2,2001,2.027358876397068e-11,kg m-2 s-1
emiso2,2002,2.024010309925033e-11,kg m-2 s-1
emiso2,2003,2.102726230224913e-11,kg m-2 s-1
emiso2,2004,2.188405529946002e-11,kg m-2 s-1
