variable,year,value,unit
clt,2000,58.89720874226428,%
clt,2001,58.65309473932756,%
clt,2002,58.3843826433996,%
clt,2003,58.552476960618975,%
clt,2004,58.78536223473243,%
