variable,year,value,unit
cl,2000,12.841022635995719,%
cl,2001,12.307621331683892,%
cl,2002,11.71280133873166,%
cl,2003,11.943469887920486,%
cl,2004,12.236313982170419,%
