variable,year,value,unit
emibc,2000,1.4428422409722344e-12,kg m-2 s-1
emibc,2001,1.5252920561365592e-12,kg m-2 s-1
emibc,2002,1.5697289095873298e-12,kg m-2 s-1
emibc,2003,1.6289954087201558e-12,kg m-2 s-1
emibc,2004,1.690970474320528e-12,kg m-2 s-1
