variable,year,value,unit
wetso2,2001,2.8454382092729304e-15,kg m-2 s-1
wetso2,2002,2.9873985358783878e-15,kg m-2 s-1
wetso2,2003,3.098417072900976e-15,kg m-2 s-1
wetso2,2004,3.208638927116786e-15,kg m-2 s-1
