variable,year,value,unit
rlutcs,2001,251.8683746319542,W m-2
rlutcs,2002,252.3730018697507,W m-2
rlutcs,2003,252.31881422268927,W m-2
rlutcs,2004,252.1795687902724,W m-2
