variable,year,value,unit
dryso4,2000,1.4726365951929287e-12,kg m-2 s-1
dryso4,2001,1.4907678569561328e-12,kg m-2 s-1
dryso4,2002,1.5009616880039746e-12,kg m-2 s-1
dryso4,2003,1.5023918802113298e-12,kg m-2 s-1
dryso4,2004,1.4571917029976667e-12,kg m-2 s-1
