variable,year,value,unit
dms,2000,3.848896842733198e-12,mol mol-1
dms,2001,3.995432303280511e-12,mol mol-1
dms,2002,4.261522984692272e-12,mol mol-1
dms,2003,3.768491355095239e-12,mol mol-1
dms,2004,3.585035607852524e-12,mol mol-1
