variable,year,value,unit
dryso4,2001,2.3747835290983864e-12,kg m-2 s-1
dryso4,2002,2.3654224091156475e-12,kg m-2 s-1
dryso4,2003,2.3913589152213473e-12,kg m-2 s-1
dryso4,2004,2.3799383323121012e-12,kg m-2 s-1
