variable,year,value,unit
mmrbc,2000,2.0047693110588634e-10,kg kg-1
mmrbc,2001,2.1546967663399729e-10,kg kg-1
mmrbc,2002,2.204576261366637e-10,kg kg-1
mmrbc,2003,2.2948193418027679e-10,kg kg-1
mmrbc,2004,2.358473749102185e-10,kg kg-1
