variable,year,value,unit
wetso4,2001,1.0682133096921815e-11,kg m-2 s-1
wetso4,2002,1.0738510327576183e-11,kg m-2 s-1
wetso4,2003,1.1108484286258242e-11,kg m-2 s-1
wetso4,2004,1.1460572389313902e-11,kg m-2 s-1
