variable,year,value,unit
dms,2000,8.693157697941156e-12,mol mol-1
dms,2001,8.605404256130618e-12,mol mol-1
dms,2002,8.572728066931147e-12,mol mol-1
dms,2003,8.74501745486908e-12,mol mol-1
dms,2004,8.974411693486133e-12,mol mol-1
