variable,year,value,unit
clivi,2000,0.07173129589236946,kg m-2
clivi,2001,0.06749135089153518,kg m-2
clivi,2002,0.06800815805858185,kg m-2
clivi,2003,0.06931642052225356,kg m-2
clivi,2004,0.06953183601018134,kg m-2
