variable,year,value,unit
dms,2000,3.2917179560685444e-12,mol mol-1
dms,2001,3.345549234879159e-12,mol mol-1
dms,2002,3.2881710789022204e-12,mol mol-1
dms,2003,3.1236860409217903e-12,mol mol-1
dms,2004,3.082835148218815e-12,mol mol-1
