variable,year,value,unit
dryso2,2001,8.748603005328559e-12,kg m-2 s-1
dryso2,2002,8.763175130284515e-12,kg m-2 s-1
dryso2,2003,9.201097262707425e-12,kg m-2 s-1
dryso2,2004,9.72449265596224e-12,kg m-2 s-1
