variable,year,value,unit
mmrso4,2001,1.3716309023146735e-09,kg kg-1
mmrso4,2002,1.3523938863074685e-09,kg kg-1
mmrso4,2003,1.4172809179942597e-09,kg kg-1
mmrso4,2004,1.4508411545723042e-09,kg kg-1
