variable,year,value,unit
wetso4,2000,8.525052310440747e-12,kg m-2 s-1
wetso4,2001,8.901505178136553e-12,kg m-2 s-1
wetso4,2002,8.913518709297588e-12,kg m-2 s-1
wetso4,2003,9.17290350564909e-12,kg m-2 s-1
wetso4,2004,9.206478504275972e-12,kg m-2 s-1
