variable,year,value,unit
emiso2,2001,1.9942867681151396e-11,kg m-2 s-1
emiso2,2002,1.991125335239187e-11,kg m-2 s-1
emiso2,2003,2.070002553585284e-11,kg m-2 s-1
emiso2,2004,2.1555563302218665e-11,kg m-2 s-1
