variable,year,value,unit
wetso2,2000,4.481576042974794e-12,kg m-2 s-1
wetso2,2001,4.4720566083648654e-12,kg m-2 s-1
wetso2,2002,4.646273278730436e-12,kg m-2 s-1
wetso2,2003,4.964138856508671e-12,kg m-2 s-1
wetso2,2004,5.044170251958299e-12,kg m-2 s-1
