variable,year,value,unit
rsdt,2001,326.9627082733874,W m-2
rsdt,2002,326.97518790688525,W m-2
rsdt,2003,326.8607035748784,W m-2
rsdt,2004,326.75875153593984,W m-2
