variable,year,value,unit
clivi,2000,0.016463408450497926,kg m-2
clivi,2001,0.0161741323210285,kg m-2
clivi,2002,0.01680812596321565,kg m-2
clivi,2003,0.016809146349797275,kg m-2
clivi,2004,0.01688424610143705,kg m-2
