variable,year,value,unit
drybc,2000,3.528838957053375e-13,kg m-2 s-1
drybc,2001,3.586273024627444e-13,kg m-2 s-1
drybc,2002,3.766106695165814e-13,kg m-2 s-1
drybc,2003,3.9674592880449285e-13,kg m-2 s-1
drybc,2004,4.0558397675310646e-13,kg m-2 s-1
