variable,year,value,unit
dryso2,2000,8.669825050993652e-12,kg m-2 s-1
dryso2,2001,8.734283801529728e-12,kg m-2 s-1
dryso2,2002,8.733865426102573e-12,kg m-2 s-1
dryso2,2003,9.17416270917059e-12,kg m-2 s-1
dryso2,2004,9.703582092811792e-12,kg m-2 s-1
