variable,year,value,unit
dryso4,2001,1.97433218415631e-12,kg m-2 s-1
dryso4,2002,1.964176009809657e-12,kg m-2 s-1
dryso4,2003,2.0532543140155266e-12,kg m-2 s-1
dryso4,2004,2.0575066463501264e-12,kg m-2 s-1
