variable,year,value,unit
drybc,2000,8.281037831390076e-14,kg m-2 s-1
drybc,2001,8.446921807081356e-14,kg m-2 s-1
drybc,2002,8.793505068290386e-14,kg m-2 s-1
drybc,2003,9.171320032181659e-14,kg m-2 s-1
drybc,2004,9.618869099328594e-14,kg m-2 s-1
