variable,year,value,unit
cl,2000,6.038503645322708,%
cl,2001,6.070369289647831,%
cl,2002,6.021074056055679,%
cl,2003,6.013821708366412,%
cl,2004,6.258782265695078,%
