variable,year,value,unit
loadso2,2000,2.6283520128567773e-06,kg m-2
loadso2,2001,2.610963841566189e-06,kg m-2
loadso2,2002,2.550871553345318e-06,kg m-2
loadso2,2003,2.668025826830594e-06,kg m-2
loadso2,2004,2.763447789672102e-06,kg m-2
