variable,year,value,unit
dryso4,2001,1.52815106323517e-12,kg m-2 s-1
dryso4,2002,1.5410788867039248e-12,kg m-2 s-1
dryso4,2003,1.642605825951572e-12,kg m-2 s-1
dryso4,2004,1.631288581932395e-12,kg m-2 s-1
