variable,year,value,unit
drybc,2000,4.2459806900578724e-14,kg m-2 s-1
drybc,2001,4.24225768257559e-14,kg m-2 s-1
drybc,2002,4.456187262804383e-14,kg m-2 s-1
drybc,2003,4.718170423658897e-14,kg m-2 s-1
drybc,2004,4.730726001067096e-14,kg m-2 s-1
