variable,year,value,unit
cltc,2001,18.910140025808797,%
cltc,2002,17.877663949344576,%
cltc,2003,18.873824380596073,%
cltc,2004,18.986573537003633,%
