variable,year,value,unit
rsdt,2001,326.76164953223844,W m-2
rsdt,2002,326.76929081224824,W m-2
rsdt,2003,326.65876143979597,W m-2
rsdt,2004,326.5536644465483,W m-2
