variable,year,value,unit
bldep,2000,270.5021379398592,m
bldep,2001,273.6767605877641,m
bldep,2002,279.8887797163517,m
bldep,2003,277.7970705199228,m
bldep,2004,277.34926677507696,m
