variable,year,value,unit
wetso2,2000,-2.3316626869731203,kg m-2 s-1
wetso2,2001,-2.276392128740851,kg m-2 s-1
wetso2,2002,-1.5703475910368216,kg m-2 s-1
wetso2,2003,-1.8151234606725217,kg m-2 s-1
wetso2,2004,-2.0770683331625794,kg m-2 s-1
