variable,year,value,unit
dryso4,2000,-1.452488275060259,kg m-2 s-1
dryso4,2001,-1.4554758124319465,kg m-2 s-1
dryso4,2002,-1.5779969889410266,kg m-2 s-1
dryso4,2003,-1.3598283240723767,kg m-2 s-1
dryso4,2004,-1.3885863100962228,kg m-2 s-1
