variable,year,value,unit
wetbc,2000,-0.0233175300692616,kg m-2 s-1
wetbc,2001,0.014552696429190855,kg m-2 s-1
wetbc,2002,-0.021029763667057614,kg m-2 s-1
wetbc,2003,0.024055479217973907,kg m-2 s-1
wetbc,2004,-0.058453536049729915,kg m-2 s-1
