variable,year,value,unit
rlut,2000,0.3497446699835807,W m-2
rlut,2001,0.3717413424079993,W m-2
rlut,2002,0.34572313282648304,W m-2
rlut,2003,0.349400013192189,W m-2
rlut,2004,0.3471518956388415,W m-2
