variable,year,value,unit
wetso4,2000,-0.8443365898402638,kg m-2 s-1
wetso4,2001,-0.7010013385212159,kg m-2 s-1
wetso4,2002,-0.7929658946645579,kg m-2 s-1
wetso4,2003,-0.7764131729272917,kg m-2 s-1
wetso4,2004,-0.8332605983591294,kg m-2 s-1
