variable,year,value,unit
emiso2,2000,-0.8895814620510931,kg m-2 s-1
emiso2,2001,-0.9420895884274477,kg m-2 s-1
emiso2,2002,-0.8681648709430784,kg m-2 s-1
emiso2,2003,-0.9042616338614661,kg m-2 s-1
emiso2,2004,-0.9700454165322512,kg m-2 s-1
