variable,year,value,unit
mmrbc,2000,-0.13512004562959437,kg kg-1
mmrbc,2001,-0.11012467313741357,kg kg-1
mmrbc,2002,0.12327212511434943,kg kg-1
mmrbc,2003,-0.010322205342350226,kg kg-1
mmrbc,2004,0.050190182980290515,kg kg-1
