variable,year,value,unit
rsut,2000,-0.15022803044339914,W m-2
rsut,2001,-0.11728206152340546,W m-2
rsut,2002,-0.1147999638360255,W m-2
rsut,2003,-0.11340893579957266,W m-2
rsut,2004,-0.09607436459787491,W m-2
