variable,year,value,unit
dryso2,2000,-0.6991862960628017,kg m-2 s-1
dryso2,2001,-0.7504356222417794,kg m-2 s-1
dryso2,2002,-0.8720519745519338,kg m-2 s-1
dryso2,2003,-0.8699576078752644,kg m-2 s-1
dryso2,2004,-0.6478668656750336,kg m-2 s-1
