variable,year,value,unit
dms,2000,-0.022341146158855203,mol mol-1
dms,2001,-0.034846193444468744,mol mol-1
dms,2002,-0.01738312043307657,mol mol-1
dms,2003,-0.03437484038252193,mol mol-1
dms,2004,0.03652357278256423,mol mol-1
