variable,year,value,unit
wetso2,2000,0.6430553651045344,kg m-2 s-1
wetso2,2001,0.37672116045421716,kg m-2 s-1
wetso2,2002,0.709472362050496,kg m-2 s-1
wetso2,2003,0.9277067858329732,kg m-2 s-1
wetso2,2004,0.9148902596756502,kg m-2 s-1
