variable,year,value,unit
loadso2,2000,-0.9049406153210338,kg m-2
loadso2,2001,-1.0781393039500822,kg m-2
loadso2,2002,-1.1365571325031656,kg m-2
loadso2,2003,-1.0545389516819124,kg m-2
loadso2,2004,-1.0047752261673453,kg m-2
