variable,year,value,unit
wetso2,2000,-0.9361510358906358,kg m-2 s-1
wetso2,2001,-1.0427883246362075,kg m-2 s-1
wetso2,2002,-0.8911892133256512,kg m-2 s-1
wetso2,2003,-0.6144627010551924,kg m-2 s-1
wetso2,2004,-0.7042854735846009,kg m-2 s-1
