variable,year,value,unit
rsut,2000,0.007993372841396267,W m-2
rsut,2001,-0.0002954095598635394,W m-2
rsut,2002,0.011988642389180265,W m-2
rsut,2003,-0.010204075269851594,W m-2
rsut,2004,0.03603021658847562,W m-2
