variable,year,value,unit
mmrbc,2000,0.07033453542846127,kg kg-1
mmrbc,2001,-0.057026513551184876,kg kg-1
mmrbc,2002,0.009383328235558522,kg kg-1
mmrbc,2003,-0.028952196072556804,kg kg-1
mmrbc,2004,-0.0371819889553418,kg kg-1
