variable,year,value,unit
drybc,2000,-0.19924276500159185,kg m-2 s-1
drybc,2001,-0.13763497081293627,kg m-2 s-1
drybc,2002,0.1264353288778138,kg m-2 s-1
drybc,2003,-0.2634071277867084,kg m-2 s-1
drybc,2004,-0.0008179177053313598,kg m-2 s-1
