variable,year,value,unit
cltc,2000,-0.027906636582313824,%
cltc,2001,-0.009563163466394079,%
cltc,2002,-0.020792386944412572,%
cltc,2003,-0.03676945980391324,%
cltc,2004,-0.036053644040793,%
