variable,year,value,unit
dms,2000,-0.06230803224063726,mol mol-1
dms,2001,0.0784440545157572,mol mol-1
dms,2002,0.07109369796346153,mol mol-1
dms,2003,-0.016444166917023856,mol mol-1
dms,2004,0.1363060568702779,mol mol-1
