variable,year,value,unit
wetbc,2000,0.0,kg m-2 s-1
wetbc,2001,-0.0009324401431094524,kg m-2 s-1
wetbc,2002,0.004316305865477584,kg m-2 s-1
wetbc,2003,-0.0020251539440118804,kg m-2 s-1
wetbc,2004,0.0014452754134962158,kg m-2 s-1
