variable,year,value,unit
so2,2000,-1.233424929267571,mol mol-1
so2,2001,-1.1455728070748379,mol mol-1
so2,2002,-1.2245000088569906,mol mol-1
so2,2003,-1.2725418233711048,mol mol-1
so2,2004,-1.2551202681205138,mol mol-1
