variable,year,value,unit
rlut,2000,0.0021320582422188006,W m-2
rlut,2001,-0.0011566077747954455,W m-2
rlut,2002,-0.0027879035762217795,W m-2
rlut,2003,0.00254984215801183,W m-2
rlut,2004,-0.0006009804027395414,W m-2
