variable,year,value,unit
rlut,2000,0.21877276670677911,W m-2
rlut,2001,0.22770498401705497,W m-2
rlut,2002,0.22735768738260495,W m-2
rlut,2003,0.21314431842632148,W m-2
rlut,2004,0.20616587213174095,W m-2
