variable,year,value,unit
emiso2,2000,-7.901286718961216,kg m-2 s-1
emiso2,2001,-8.382749471079775,kg m-2 s-1
emiso2,2002,-7.759390858685062,kg m-2 s-1
emiso2,2003,-8.110235506289126,kg m-2 s-1
emiso2,2004,-8.61880398157742,kg m-2 s-1
