variable,year,value,unit
rsutcs,2000,-0.01349222653182908,W m-2
rsutcs,2001,-0.01581023211678463,W m-2
rsutcs,2002,-0.011798749079419323,W m-2
rsutcs,2003,-0.008243060517980356,W m-2
rsutcs,2004,-0.012591320677760346,W m-2
