variable,year,value,unit
clt,2000,0.00991520813155581,%
clt,2001,0.03837580830514364,%
clt,2002,-0.026417117696599417,%
clt,2003,0.010593581741307409,%
clt,2004,-0.010836184898762317,%
