variable,year,value,unit
clivi,2000,-1.914060203160453,kg m-2
clivi,2001,-1.9921510245158518,kg m-2
clivi,2002,-1.8852637425652015,kg m-2
clivi,2003,-1.7752734810461899,kg m-2
clivi,2004,-1.7147219433421363,kg m-2
