variable,year,value,unit
mmrbc,2000,-0.00508728260353512,kg kg-1
mmrbc,2001,0.002810343392018341,kg kg-1
mmrbc,2002,0.010404774667423438,kg kg-1
mmrbc,2003,-0.02679711399486953,kg kg-1
mmrbc,2004,0.011911856671935997,kg kg-1
