variable,year,value,unit
wetbc,2000,0.0004045809939624581,kg m-2 s-1
wetbc,2001,-0.11635233520489903,kg m-2 s-1
wetbc,2002,-0.12624654676211355,kg m-2 s-1
wetbc,2003,0.05682666672915403,kg m-2 s-1
wetbc,2004,-0.2574175363315052,kg m-2 s-1
