variable,year,value,unit
cl,2000,0.028554042665619745,%
cl,2001,-0.07422879076293873,%
cl,2002,-0.1961012559679935,%
cl,2003,-0.11055610301840896,%
cl,2004,-0.03262555642060902,%
