variable,year,value,unit
emiso2,2000,-0.5050633392912052,kg m-2 s-1
emiso2,2001,-0.5249057269780135,kg m-2 s-1
emiso2,2002,-0.4971124923551073,kg m-2 s-1
emiso2,2003,-0.5056133290383127,kg m-2 s-1
emiso2,2004,-0.525160641877086,kg m-2 s-1
