variable,year,value,unit
wetso4,2000,-0.24123969444389015,kg m-2 s-1
wetso4,2001,-0.25425425385224293,kg m-2 s-1
wetso4,2002,-0.26890721391816447,kg m-2 s-1
wetso4,2003,-0.23083865665648964,kg m-2 s-1
wetso4,2004,-0.263332623117159,kg m-2 s-1
