variable,year,value,unit
so2,2001,-0.16573763157792515,mol mol-1
so2,2002,0.35395699450695595,mol mol-1
so2,2003,1.1533069363154405,mol mol-1
so2,2004,-1.2131346448810123,mol mol-1
so2,2005,-2.572764293921313,mol mol-1
