variable,year,value,unit
cltc,2000,-0.0026164807602819806,%
cltc,2001,0.0066908643609391305,%
cltc,2002,0.0019251230117944829,%
cltc,2003,-0.0046092484203983375,%
cltc,2004,-0.00042664094670818997,%
