variable,year,value,unit
loadbc,2000,-0.18729919496573672,kg m-2
loadbc,2001,-0.06827511141660418,kg m-2
loadbc,2002,-0.24325009222255176,kg m-2
loadbc,2003,-0.08420866276067489,kg m-2
loadbc,2004,-0.04091640492240826,kg m-2
