variable,year,value,unit
cltc,2000,-0.08092406668168109,%
cltc,2001,-0.09663662743841796,%
cltc,2002,-0.12722490880510776,%
cltc,2003,0.03925393744023678,%
cltc,2004,0.09723951131457578,%
