variable,year,value,unit
wetso4,2001,0.47914404393683246,kg m-2 s-1
wetso4,2002,-1.329243016551326,kg m-2 s-1
wetso4,2003,-1.3460679011157153,kg m-2 s-1
wetso4,2004,-1.1264153633200273,kg m-2 s-1
