variable,year,value,unit
clt,2001,-0.023998491274059883,%
clt,2002,-0.05122372696401268,%
clt,2003,-0.09864044772039504,%
clt,2004,0.02964220497479217,%
