variable,year,value,unit
clivi,2000,0.10872356961103491,kg m-2
clivi,2001,-0.14985766556036745,kg m-2
clivi,2002,-0.8662405280629396,kg m-2
clivi,2003,0.6047632388049431,kg m-2
clivi,2004,0.03636733953579684,kg m-2
