variable,year,value,unit
wetbc,2000,0.24453015288052718,kg m-2 s-1
wetbc,2001,-0.15997938093340636,kg m-2 s-1
wetbc,2002,0.02197319391063098,kg m-2 s-1
wetbc,2003,0.15643642856718945,kg m-2 s-1
wetbc,2004,0.16369452378954172,kg m-2 s-1
