variable,year,value,unit
so2,2001,1.8451260912110543,mol mol-1
so2,2002,1.6714681011359311,mol mol-1
so2,2003,1.4772084658577376,mol mol-1
so2,2004,3.17584440316541,mol mol-1
