variable,year,value,unit
wetso4,2000,-0.9417373739875267,kg m-2 s-1
wetso4,2001,-0.9403436647934471,kg m-2 s-1
wetso4,2002,-0.9404338339565416,kg m-2 s-1
wetso4,2003,-1.1418577004313832,kg m-2 s-1
wetso4,2004,-1.205220735845711,kg m-2 s-1
