variable,year,value,unit
dryso4,2000,-1.8828090407806302,kg m-2 s-1
dryso4,2001,-3.4556768004741043,kg m-2 s-1
dryso4,2002,-3.7085317671229205,kg m-2 s-1
dryso4,2003,-3.600061560995662,kg m-2 s-1
dryso4,2004,-3.2649827142182857,kg m-2 s-1
