variable,year,value,unit
so2,2001,3.0690865441470536,mol mol-1
so2,2002,4.3282796971173285,mol mol-1
so2,2003,2.493979905214947,mol mol-1
so2,2004,3.771710368971501,mol mol-1
