variable,year,value,unit
od550aer,2000,0.31555464576182135,1
od550aer,2001,-0.7610488885561763,1
od550aer,2002,0.03094021138374116,1
od550aer,2003,0.1984501123225064,1
od550aer,2004,0.061613148022344695,1
