variable,year,value,unit
drybc,2001,-0.0054857150466022546,kg m-2 s-1
drybc,2002,0.520236014192886,kg m-2 s-1
drybc,2003,-0.06864807557289064,kg m-2 s-1
drybc,2004,0.030575353424055655,kg m-2 s-1
