variable,year,value,unit
emiso2,2000,2.5789137276286924,kg m-2 s-1
emiso2,2001,2.5369239585156644,kg m-2 s-1
emiso2,2002,2.591455780061156,kg m-2 s-1
emiso2,2003,2.5543036695742423,kg m-2 s-1
emiso2,2004,2.567343444534754,kg m-2 s-1
