variable,year,value,unit
rlutcs,2000,-0.004872075832807781,W m-2
rlutcs,2001,-0.03141956732822201,W m-2
rlutcs,2002,-0.005737129565732477,W m-2
rlutcs,2003,-0.005664963301462678,W m-2
rlutcs,2004,-0.009540602602817163,W m-2
