variable,year,value,unit
mmrbc,2001,-0.20173659376911723,kg kg-1
mmrbc,2002,-0.04240136658939882,kg kg-1
mmrbc,2003,-0.03724479176238579,kg kg-1
mmrbc,2004,0.15166311013702535,kg kg-1
