variable,year,value,unit
clivi,2000,-0.05945685552450822,kg m-2
clivi,2001,-0.03538056289422825,kg m-2
clivi,2002,-0.07252138521442203,kg m-2
clivi,2003,-0.31677899310102986,kg m-2
clivi,2004,-0.2125488704957548,kg m-2
