variable,year,value,unit
drybc,2001,-0.2816522097652673,kg m-2 s-1
drybc,2002,0.041554925704317,kg m-2 s-1
drybc,2003,0.09202029658549515,kg m-2 s-1
drybc,2004,-0.02898296559073656,kg m-2 s-1
