variable,year,value,unit
loadso2,2000,3.0437533139685105,kg m-2
loadso2,2001,3.104911693287486,kg m-2
loadso2,2002,2.847157048754455,kg m-2
loadso2,2003,3.2233251722663647,kg m-2
loadso2,2004,2.863387444002219,kg m-2
