variable,year,value,unit
rsutcs,2000,0.045091362458793256,W m-2
rsutcs,2001,0.04954961405761746,W m-2
rsutcs,2002,-0.09728102579214593,W m-2
rsutcs,2003,0.09171070914138242,W m-2
rsutcs,2004,0.11773883739776222,W m-2
