variable,year,value,unit
loadbc,2000,-1.8652822695384115,kg m-2
loadbc,2001,-1.575833690280708,kg m-2
loadbc,2002,-1.9294037575204452,kg m-2
loadbc,2003,-1.9327506868148416,kg m-2
loadbc,2004,-2.051686673322718,kg m-2
