variable,year,value,unit
rsut,2000,-0.3459263008512872,W m-2
rsut,2001,-0.056116641569501906,W m-2
rsut,2002,-0.34216719220590786,W m-2
rsut,2003,0.10841303171693076,W m-2
rsut,2004,-0.39679897707152606,W m-2
