variable,year,value,unit
loadso2,2000,1.2232245273177628e-06,kg m-2
loadso2,2001,1.1368821543654684e-06,kg m-2
loadso2,2002,1.1082913429663314e-06,kg m-2
loadso2,2003,1.0500393634374333e-06,kg m-2
loadso2,2004,1.0678289665237662e-06,kg m-2
