variable,year,value,unit
wetso4,2000,3.6819630295276387,kg m-2 s-1
wetso4,2001,-0.12071340422533028,kg m-2 s-1
wetso4,2002,2.332944998317885,kg m-2 s-1
wetso4,2003,5.404175782451253,kg m-2 s-1
wetso4,2004,7.3279606756619,kg m-2 s-1
