variable,year,value,unit
wetso4,2000,-1.7456610272370907,kg m-2 s-1
wetso4,2001,-1.8501548640692176,kg m-2 s-1
wetso4,2002,-1.7982414045265116,kg m-2 s-1
wetso4,2003,-1.6295756991360224,kg m-2 s-1
wetso4,2004,-1.5079279608602802,kg m-2 s-1
