variable,year,value,unit
clt,2001,0.15974219351833863,%
clt,2002,-0.04845759820188472,%
clt,2003,0.058852794599560894,%
clt,2004,-0.03179104231214956,%
