variable,year,value,unit
clivi,2000,0.012464641504111208,kg m-2
clivi,2001,0.7788785492428887,kg m-2
clivi,2002,0.08141681353892537,kg m-2
clivi,2003,-0.29500793188491786,kg m-2
clivi,2004,0.5462279919270902,kg m-2
