variable,year,value,unit
wetso2,2001,1.5516540459649857,kg m-2 s-1
wetso2,2002,1.630748138642593,kg m-2 s-1
wetso2,2003,1.4544381794460048,kg m-2 s-1
wetso2,2004,2.4472667210049672,kg m-2 s-1
