variable,year,value,unit
rsdt,2001,7.329775908272546e-08,W m-2
rsdt,2002,7.972701459415524e-08,W m-2
rsdt,2003,7.637943523950779e-08,W m-2
rsdt,2004,6.458480617438134e-09,W m-2
