variable,year,value,unit
wetso4,2001,-2.28046226051055,kg m-2 s-1
wetso4,2002,-2.141442461453017,kg m-2 s-1
wetso4,2003,-2.3098338887247114,kg m-2 s-1
wetso4,2004,-2.064553607173105,kg m-2 s-1
