variable,year,value,unit
od550aer,2001,-0.44515444021248457,1
od550aer,2002,-0.15010687847510032,1
od550aer,2003,0.3794295155280459,1
od550aer,2004,-0.40953036613630867,1
