variable,year,value,unit
dms,2000,-0.0194523169393897,mol mol-1
dms,2001,0.01152228549773509,mol mol-1
dms,2002,-0.09577505167077961,mol mol-1
dms,2003,-0.005235325977245292,mol mol-1
dms,2004,0.020059550879222243,mol mol-1
