variable,year,value,unit
cltc,2000,0.20253331545667788,%
cltc,2001,-0.010516790569083221,%
cltc,2002,-0.0763775720251448,%
cltc,2003,-0.04127463381395047,%
cltc,2004,-0.1546757439507823,%
