variable,year,value,unit
dms,2000,-1.4603245915511507,mol mol-1
dms,2001,-1.7546858204535407,mol mol-1
dms,2002,-1.8857144429205164,mol mol-1
dms,2003,-1.7105738005747595,mol mol-1
dms,2004,-1.8502886847579083,mol mol-1
