variable,year,value,unit
rsut,2001,-0.10222268282969899,W m-2
rsut,2002,-0.12032586628693805,W m-2
rsut,2003,-0.14701799376410793,W m-2
rsut,2004,0.023673919100126097,W m-2
