variable,year,value,unit
so2,2001,2.5146051561702865,mol mol-1
so2,2002,2.162833703977285,mol mol-1
so2,2003,2.170959206209464,mol mol-1
so2,2004,2.1628871138187655,mol mol-1
