variable,year,value,unit
clt,2000,0.07258414521171425,%
clt,2001,0.06238672197754455,%
clt,2002,0.2361130890328978,%
clt,2003,-0.26719944345054214,%
clt,2004,-0.08402272429662712,%
