variable,year,value,unit
drybc,2000,-0.5001901626071823,kg m-2 s-1
drybc,2001,-0.6163127692993003,kg m-2 s-1
drybc,2002,-0.22750640268525638,kg m-2 s-1
drybc,2003,-0.2477893961148486,kg m-2 s-1
drybc,2004,-0.4499433957932745,kg m-2 s-1
