variable,year,value,unit
loadbc,2000,-0.09403258904907813,kg m-2
loadbc,2001,-0.07908017657190226,kg m-2
loadbc,2002,-0.2487945318360776,kg m-2
loadbc,2003,0.2562332259051168,kg m-2
loadbc,2004,-0.32372267320239323,kg m-2
