variable,year,value,unit
rsut,2000,-0.3093630308781874,W m-2
rsut,2001,-0.27581556737926005,W m-2
rsut,2002,-0.09525287368404162,W m-2
rsut,2003,-0.3816077195091693,W m-2
rsut,2004,-0.20418525367637275,W m-2
