variable,year,value,unit
wetso4,2001,-2.8603005360149028,kg m-2 s-1
wetso4,2002,-2.307612166327758,kg m-2 s-1
wetso4,2003,-1.7829720059121232,kg m-2 s-1
wetso4,2004,-2.161044292908019,kg m-2 s-1
