variable,year,value,unit
mmrso4,2000,-2.617175611982714,kg kg-1
mmrso4,2001,-2.603238893559755,kg kg-1
mmrso4,2002,-2.748288893585697,kg kg-1
mmrso4,2003,-2.631125263910774,kg kg-1
mmrso4,2004,-2.607438609559125,kg kg-1
