variable,year,value,unit
loadso4,2000,-0.09013468409357221,kg m-2
loadso4,2001,-0.08007063311686755,kg m-2
loadso4,2002,-0.060117332974411894,kg m-2
loadso4,2003,-0.04886080260271548,kg m-2
loadso4,2004,-0.038668227432576814,kg m-2
