variable,year,value,unit
rsut,2001,-0.09567878663735932,W m-2
rsut,2002,-0.010605230606399061,W m-2
rsut,2003,-0.03482229154097559,W m-2
rsut,2004,-0.03408610798447969,W m-2
