variable,year,value,unit
dryso4,2000,-5.188796110014169,kg m-2 s-1
dryso4,2001,-4.7925870552372265,kg m-2 s-1
dryso4,2002,-4.572722664410954,kg m-2 s-1
dryso4,2003,-4.906836095226284,kg m-2 s-1
dryso4,2004,-5.143781981046504,kg m-2 s-1
