variable,year,value,unit
wetbc,2001,0.0392907046352893,kg m-2 s-1
wetbc,2002,-0.17212619903110685,kg m-2 s-1
wetbc,2003,-0.020735750183046745,kg m-2 s-1
wetbc,2004,-0.3228018205059941,kg m-2 s-1
