variable,year,value,unit
mmrbc,2000,-0.6089445467738368,kg kg-1
mmrbc,2001,-0.23204058200834932,kg kg-1
mmrbc,2002,-1.0016255493280006,kg kg-1
mmrbc,2003,-0.29280966080924703,kg kg-1
mmrbc,2004,0.1435976121537664,kg kg-1
