variable,year,value,unit
cl,2000,-0.07922471684121746,%
cl,2001,0.015407081715163251,%
cl,2002,0.10474653067312634,%
cl,2003,0.05412751483043099,%
cl,2004,0.01414153326333878,%
