variable,year,value,unit
dryso2,2000,4.3332014596002495e-15,kg m-2 s-1
dryso2,2001,2.279830664128298e-15,kg m-2 s-1
dryso2,2002,-8.006152499180295e-16,kg m-2 s-1
dryso2,2003,-1.908133644373511e-15,kg m-2 s-1
dryso2,2004,8.0936121809812e-15,kg m-2 s-1
