variable,year,value,unit
rsut,2001,0.03232286441804888,W m-2
rsut,2002,0.01739562854125154,W m-2
rsut,2003,0.04085768595986394,W m-2
rsut,2004,0.008565696164922088,W m-2
