variable,year,value,unit
loadbc,2000,9.492228056125088e-13,kg m-2
loadbc,2001,-3.1709704087855444e-11,kg m-2
loadbc,2002,4.151216248457459e-11,kg m-2
loadbc,2003,1.353257403198408e-11,kg m-2
loadbc,2004,5.946268292259585e-11,kg m-2
