variable,year,value,unit
rsdt,2000,7.094604370649904e-08,W m-2
rsdt,2001,-3.1071749617694877e-09,W m-2
rsdt,2002,-1.2847380048697232e-07,W m-2
rsdt,2003,-2.537324803597585e-07,W m-2
rsdt,2004,1.903794100144296e-07,W m-2
