variable,year,value,unit
clivi,2000,5.918465051235264e-05,kg m-2
clivi,2001,8.0958408098835e-05,kg m-2
clivi,2002,3.403644974387873e-05,kg m-2
clivi,2003,-4.3357712664296444e-05,kg m-2
clivi,2004,6.923768372571297e-05,kg m-2
