variable,year,value,unit
cl,2000,0.004063204751696858,%
cl,2001,0.0071073699437942395,%
cl,2002,0.009003872652433742,%
cl,2003,-0.008301356697259621,%
cl,2004,-0.017327490393693523,%
