variable,year,value,unit
cltc,2000,-0.001368896491210636,%
cltc,2001,0.0006821241549098689,%
cltc,2002,0.0006081240215610184,%
cltc,2003,0.0021769622479239636,%
cltc,2004,-5.601062740540064e-05,%
