variable,year,value,unit
loadso2,2000,-1.1457571162079915e-10,kg m-2
loadso2,2001,7.906569514746969e-10,kg m-2
loadso2,2002,5.065053132328073e-10,kg m-2
loadso2,2003,-5.530864847907437e-10,kg m-2
loadso2,2004,2.749286647913976e-10,kg m-2
