variable,year,value,unit
loadbc,2000,6.87685626090916e-11,kg m-2
loadbc,2001,8.564754185579564e-11,kg m-2
loadbc,2002,6.039736029378823e-11,kg m-2
loadbc,2003,7.145421764186687e-11,kg m-2
loadbc,2004,6.942490483417281e-11,kg m-2
