variable,year,value,unit
loadbc,2000,2.6529098345597036e-11,kg m-2
loadbc,2001,8.588575618919105e-11,kg m-2
loadbc,2002,1.3274509891644806e-10,kg m-2
loadbc,2003,7.028838583908407e-11,kg m-2
loadbc,2004,8.048239890083543e-11,kg m-2
