variable,year,value,unit
dryso4,2000,-2.1522688113462093e-15,kg m-2 s-1
dryso4,2001,-2.5161350688651526e-15,kg m-2 s-1
dryso4,2002,-3.185487237185201e-15,kg m-2 s-1
dryso4,2003,8.257815171097622e-16,kg m-2 s-1
dryso4,2004,7.482469741791469e-16,kg m-2 s-1
