variable,year,value,unit
wetbc,2000,-2.922225092893144e-14,kg m-2 s-1
wetbc,2001,-8.807393591763065e-14,kg m-2 s-1
wetbc,2002,-6.597509438465199e-14,kg m-2 s-1
wetbc,2003,-7.165793474938711e-14,kg m-2 s-1
wetbc,2004,-9.975749524108548e-14,kg m-2 s-1
