variable,year,value,unit
so2,2001,-3.706566518745048e-13,mol mol-1
so2,2002,1.065771330947516e-12,mol mol-1
so2,2003,3.7209843230726173e-13,mol mol-1
so2,2004,-8.380380660982825e-13,mol mol-1
