variable,year,value,unit
dms,2000,1.965206668655273e-15,mol mol-1
dms,2001,4.4679592820846895e-14,mol mol-1
dms,2002,1.7703220145703075e-13,mol mol-1
dms,2003,7.414910716483442e-14,mol mol-1
dms,2004,-2.861744354351168e-14,mol mol-1
