variable,year,value,unit
cltc,2000,-0.0064957906594109716,%
cltc,2001,-0.0047784309519052215,%
cltc,2002,-0.3196560235665906,%
cltc,2003,-0.011536165612081817,%
cltc,2004,-0.00814691810606405,%
