variable,year,value,unit
od550aer,2000,0.00023636705003288877,1
od550aer,2001,0.00014131729336890747,1
od550aer,2002,2.7937775655274832e-05,1
od550aer,2003,-0.0001262653738265257,1
od550aer,2004,9.06570631581255e-05,1
