variable,year,value,unit
clt,2000,0.010889191351999727,%
clt,2001,0.03454550409135493,%
clt,2002,0.04330822321428229,%
clt,2003,0.008266044603118416,%
clt,2004,-0.004287109376583942,%
