variable,year,value,unit
rsut,2000,0.02671321478683808,W m-2
rsut,2001,0.0009581381674337308,W m-2
rsut,2002,-0.061010477299859645,W m-2
rsut,2003,0.005941495345666681,W m-2
rsut,2004,0.001720332511879974,W m-2
