variable,year,value,unit
rsut,2000,0.21538195249004843,W m-2
rsut,2001,0.2544364980583538,W m-2
rsut,2002,0.30460058877447693,W m-2
rsut,2003,0.2039364541615214,W m-2
rsut,2004,0.19095215586641245,W m-2
