variable,year,value,unit
wetso2,2000,0.0,kg m-2 s-1
wetso2,2001,-1.882784432544467e-16,kg m-2 s-1
wetso2,2002,-1.0756462247245456e-14,kg m-2 s-1
wetso2,2003,1.7592662461117312e-17,kg m-2 s-1
wetso2,2004,-6.194622124211928e-16,kg m-2 s-1
