variable,year,value,unit
clivi,2000,-0.00015953209975390348,kg m-2
clivi,2001,-0.0011596123879826364,kg m-2
clivi,2002,0.0012211645663313536,kg m-2
clivi,2003,-0.00039397011854837294,kg m-2
clivi,2004,-0.00043868652850455325,kg m-2
