variable,year,value,unit
dryso4,2000,1.4242689345715207e-13,kg m-2 s-1
dryso4,2001,1.435867229335824e-13,kg m-2 s-1
dryso4,2002,1.4225699273367344e-13,kg m-2 s-1
dryso4,2003,1.4906170969362009e-13,kg m-2 s-1
dryso4,2004,1.5748670086811745e-13,kg m-2 s-1
