variable,year,value,unit
wetso4,2000,1.301800590641799e-13,kg m-2 s-1
wetso4,2001,1.3026324157343088e-13,kg m-2 s-1
wetso4,2002,1.2895675151611143e-13,kg m-2 s-1
wetso4,2003,1.3319376292409032e-13,kg m-2 s-1
wetso4,2004,1.4078933830864122e-13,kg m-2 s-1
