variable,year,value,unit
emiso2,2000,-4.2800773500479294e-13,kg m-2 s-1
emiso2,2001,-4.3028628974314384e-13,kg m-2 s-1
emiso2,2002,-4.266478992308828e-13,kg m-2 s-1
emiso2,2003,-4.3866183368032784e-13,kg m-2 s-1
emiso2,2004,-4.563257769478265e-13,kg m-2 s-1
