variable,year,value,unit
rsut,2000,0.08613284078401762,W m-2
rsut,2001,0.09954374103509167,W m-2
rsut,2002,0.06661279684192323,W m-2
rsut,2003,0.060859894897788536,W m-2
rsut,2004,0.05358367189306534,W m-2
