variable,year,value,unit
loadso4,2000,4.1746400508883555e-08,kg m-2
loadso4,2001,4.238536840048319e-08,kg m-2
loadso4,2002,3.461858472254888e-08,kg m-2
loadso4,2003,4.1273380258197166e-08,kg m-2
loadso4,2004,4.788416512477817e-08,kg m-2
