variable,year,value,unit
mmrso4,2000,8.38975634343724e-11,kg kg-1
mmrso4,2001,8.459727069379219e-11,kg kg-1
mmrso4,2002,8.373835516571082e-11,kg kg-1
mmrso4,2003,8.812534217509014e-11,kg kg-1
mmrso4,2004,9.107046859225988e-11,kg kg-1
