variable,year,value,unit
loadso4,2000,9.2899700691387e-08,kg m-2
loadso4,2001,9.158948861283478e-08,kg m-2
loadso4,2002,9.250353834214783e-08,kg m-2
loadso4,2003,9.138033315570563e-08,kg m-2
loadso4,2004,1.0249889371622224e-07,kg m-2
