variable,year,value,unit
dryso4,2000,1.0359277167820518e-14,kg m-2 s-1
dryso4,2001,9.202773239138956e-15,kg m-2 s-1
dryso4,2002,1.0001173446112472e-14,kg m-2 s-1
dryso4,2003,1.1283091865396603e-14,kg m-2 s-1
dryso4,2004,1.0234693257234445e-14,kg m-2 s-1
