variable,year,value,unit
dryso2,2000,4.815516220147434e-14,kg m-2 s-1
dryso2,2001,4.865483727734843e-14,kg m-2 s-1
dryso2,2002,4.635709657382937e-14,kg m-2 s-1
dryso2,2003,4.8232785097073926e-14,kg m-2 s-1
dryso2,2004,5.2051796090764816e-14,kg m-2 s-1
