variable,year,value,unit
cltc,2001,-0.0012143542154290365,%
cltc,2002,-0.001276076283614258,%
cltc,2003,-0.0011402899142282097,%
cltc,2004,6.200891877705672e-05,%
