variable,year,value,unit
rlut,2000,-0.00013777887031096725,W m-2
rlut,2001,-0.015603281110799117,W m-2
rlut,2002,-0.007936772471992981,W m-2
rlut,2003,-0.01011147634122267,W m-2
rlut,2004,0.0009802571041745978,W m-2
