variable,year,value,unit
drybc,2000,-1.9824483010523144e-17,kg m-2 s-1
drybc,2001,1.9919927312013016e-17,kg m-2 s-1
drybc,2002,6.892088621667061e-17,kg m-2 s-1
drybc,2003,-6.9056066496177555e-18,kg m-2 s-1
drybc,2004,-6.09367835816308e-17,kg m-2 s-1
