variable,year,value,unit
wetso2,2000,2.8485337066728356e-14,kg m-2 s-1
wetso2,2001,2.6685043343742366e-14,kg m-2 s-1
wetso2,2002,2.7890969697329555e-14,kg m-2 s-1
wetso2,2003,2.5379081317947065e-14,kg m-2 s-1
wetso2,2004,2.983264230982907e-14,kg m-2 s-1
