variable,year,value,unit
wetso2,2001,2.2057664821483472e-14,kg m-2 s-1
wetso2,2002,1.9278567940584057e-14,kg m-2 s-1
wetso2,2003,1.799679642300193e-14,kg m-2 s-1
wetso2,2004,2.079785084251581e-14,kg m-2 s-1
