variable,year,value,unit
loadso2,2000,1.1971627559058308e-08,kg m-2
loadso2,2001,1.2739287174433943e-08,kg m-2
loadso2,2002,1.3109272972110169e-08,kg m-2
loadso2,2003,1.5688998826343977e-08,kg m-2
loadso2,2004,1.3987235433259004e-08,kg m-2
