variable,year,value,unit
wetso2,2000,4.428482290166397e-14,kg m-2 s-1
wetso2,2001,4.2414831326893244e-14,kg m-2 s-1
wetso2,2002,4.077640710919943e-14,kg m-2 s-1
wetso2,2003,4.4745891261455035e-14,kg m-2 s-1
wetso2,2004,4.5560996978889856e-14,kg m-2 s-1
