variable,year,value,unit
mmrbc,2000,-4.383219851801817e-14,kg kg-1
mmrbc,2001,3.3518767070696875e-14,kg kg-1
mmrbc,2002,1.6542922572865402e-13,kg kg-1
mmrbc,2003,7.861966322655107e-14,kg kg-1
mmrbc,2004,7.098810194804063e-14,kg kg-1
