variable,year,value,unit
dms,2000,-2.5892788600694665e-14,mol mol-1
dms,2001,-3.006543249613071e-14,mol mol-1
dms,2002,-5.3070670525946756e-14,mol mol-1
dms,2003,6.85618370499977e-14,mol mol-1
dms,2004,-2.3138735839315285e-14,mol mol-1
