variable,year,value,unit
loadso4,2000,1.4880266684373152e-07,kg m-2
loadso4,2001,-3.789790676076594e-09,kg m-2
loadso4,2002,5.2176809677092886e-08,kg m-2
loadso4,2003,4.278402532471157e-07,kg m-2
loadso4,2004,1.1690530490272649e-07,kg m-2
