variable,year,value,unit
emiso2,2001,1.1086153060566151e-13,kg m-2 s-1
emiso2,2002,1.097063525997853e-13,kg m-2 s-1
emiso2,2003,1.1017168463375565e-13,kg m-2 s-1
emiso2,2004,1.1180559834967975e-13,kg m-2 s-1
