variable,year,value,unit
od550aer,2001,0.08862316212524597,1
od550aer,2002,0.09227269689023596,1
od550aer,2003,0.09562174868718064,1
od550aer,2004,0.0929195966372556,1
