variable,year,value,unit
loadbc,2000,6.296858559873116e-12,kg m-2
loadbc,2001,2.530622732812695e-12,kg m-2
loadbc,2002,1.5367851741494215e-11,kg m-2
loadbc,2003,-5.139728900149309e-12,kg m-2
loadbc,2004,6.079778321191758e-12,kg m-2
