variable,year,value,unit
clt,2001,-0.19431028481131563,%
clt,2002,-0.0129190529334835,%
clt,2003,-0.11962104689698094,%
clt,2004,-0.07933702510256069,%
