variable,year,value,unit
rsutcs,2001,0.0023537800234052497,W m-2
rsutcs,2002,0.0022255247453486504,W m-2
rsutcs,2003,-0.000714391958815952,W m-2
rsutcs,2004,-0.0011622122839085591,W m-2
