variable,year,value,unit
rlutcs,2000,-0.007019598284443873,W m-2
rlutcs,2001,-0.022532091186860725,W m-2
rlutcs,2002,0.0009873877975223877,W m-2
rlutcs,2003,-0.016060161365885506,W m-2
rlutcs,2004,-0.007642401929160769,W m-2
