variable,year,value,unit
dryso4,2001,-4.5057767378381605e-14,kg m-2 s-1
dryso4,2002,-4.363554492116421e-14,kg m-2 s-1
dryso4,2003,-4.250584685840258e-14,kg m-2 s-1
dryso4,2004,-4.837077425028272e-14,kg m-2 s-1
