variable,year,value,unit
rsut,2000,-0.06858445460338203,W m-2
rsut,2001,-0.06146341601569816,W m-2
rsut,2002,-0.003975710058767845,W m-2
rsut,2003,-0.04622371712059703,W m-2
rsut,2004,-0.025939896326988787,W m-2
