variable,year,value,unit
dms,2000,2.1013978601775417e-14,mol mol-1
dms,2001,5.0566033804680464e-14,mol mol-1
dms,2002,7.601925882164443e-14,mol mol-1
dms,2003,-3.258586169553616e-15,mol mol-1
dms,2004,1.2521673777676853e-14,mol mol-1
