variable,year,value,unit
loadso4,2000,-4.127970153584351e-08,kg m-2
loadso4,2001,-4.252468810265764e-08,kg m-2
loadso4,2002,-3.37742017396998e-08,kg m-2
loadso4,2003,-4.8625602962684034e-08,kg m-2
loadso4,2004,-3.5285949897281975e-08,kg m-2
