variable,year,value,unit
dryso4,2000,-2.3836064828893063e-15,kg m-2 s-1
dryso4,2001,-2.084501965796644e-15,kg m-2 s-1
dryso4,2002,-2.2139841668914003e-15,kg m-2 s-1
dryso4,2003,-2.1550462802545458e-15,kg m-2 s-1
dryso4,2004,-2.7040458087048097e-15,kg m-2 s-1
