variable,year,value,unit
loadbc,2000,-3.507448441951441e-11,kg m-2
loadbc,2001,-4.003556429299569e-11,kg m-2
loadbc,2002,-4.1826910706210966e-11,kg m-2
loadbc,2003,-4.6019447881260864e-11,kg m-2
loadbc,2004,-4.7629363978462274e-11,kg m-2
