variable,year,value,unit
rsutcs,2000,-0.0061568945566889965,W m-2
rsutcs,2001,-0.004795927433420388,W m-2
rsutcs,2002,-0.0050985962655190065,W m-2
rsutcs,2003,0.0004639533716215283,W m-2
rsutcs,2004,0.00018070463100627876,W m-2
