variable,year,value,unit
dryso4,2001,-2.662405416830695e-16,kg m-2 s-1
dryso4,2002,-2.4490183062007323e-16,kg m-2 s-1
dryso4,2003,-1.1552461799103466e-16,kg m-2 s-1
dryso4,2004,-4.543030493689371e-16,kg m-2 s-1
dryso4,2005,1.5454367338578043e-17,kg m-2 s-1
