variable,year,value,unit
emiso2,2001,-8.649519059657863e-17,kg m-2 s-1
emiso2,2002,-9.02289841292349e-17,kg m-2 s-1
emiso2,2003,-9.290329599355275e-17,kg m-2 s-1
emiso2,2004,-9.440188656195857e-17,kg m-2 s-1
emiso2,2005,-1.0484957505953e-16,kg m-2 s-1
