variable,year,value,unit
loadbc,2001,-3.6226737397125597e-10,kg m-2
loadbc,2002,2.2291278519576998e-10,kg m-2
loadbc,2003,-9.044761368058784e-11,kg m-2
loadbc,2004,-2.3173555767584162e-11,kg m-2
loadbc,2005,2.7073090306792504e-12,kg m-2
