variable,year,value,unit
loadso2,2000,-3.6797518676304465e-11,kg m-2
loadso2,2001,-5.876772855314428e-10,kg m-2
loadso2,2002,-8.604473248915598e-10,kg m-2
loadso2,2003,-1.3345200523391295e-09,kg m-2
loadso2,2004,-7.407393112725637e-11,kg m-2
