variable,year,value,unit
clt,2000,-0.010118859881799835,%
clt,2001,0.005023126828646696,%
clt,2002,0.002504698240912262,%
clt,2003,0.009086606061416092,%
clt,2004,-0.03365578929141577,%
