variable,year,value,unit
emiso2,2000,2.5258821276372523e-16,kg m-2 s-1
emiso2,2001,2.454550056636079e-16,kg m-2 s-1
emiso2,2002,2.5402898064879953e-16,kg m-2 s-1
emiso2,2003,2.63145293458679e-16,kg m-2 s-1
emiso2,2004,2.66895002837721e-16,kg m-2 s-1
emiso2,2005,2.961130054965006e-16,kg m-2 s-1
emiso2,2006,3.264508274902298e-16,kg m-2 s-1
emiso2,2007,3.4915133019791526e-16,kg m-2 s-1
emiso2,2008,3.3337796135686706e-16,kg m-2 s-1
emiso2,2009,3.3307929929609114e-16,kg m-2 s-1
