variable,year,value,unit
rlutcs,2001,0.1168688361964314,W m-2
rlutcs,2002,-0.26297507690497923,W m-2
rlutcs,2003,-0.2702592893086262,W m-2
rlutcs,2004,0.2573252003292055,W m-2
rlutcs,2005,-0.08831551209351574,W m-2
