variable,year,value,unit
rsdt,2001,0.17650649801700524,W m-2
rsdt,2002,-0.3813441828284567,W m-2
rsdt,2003,0.08605348092120835,W m-2
rsdt,2004,0.5035299121099399,W m-2
rsdt,2005,-0.9578249664464238,W m-2
