variable,year,value,unit
loadbc,2000,2.3078187399134266e-10,kg m-2
loadbc,2001,1.838767784068908e-10,kg m-2
loadbc,2002,-3.3960619977014166e-10,kg m-2
loadbc,2003,-4.314062896708711e-10,kg m-2
loadbc,2004,-3.650622982174079e-10,kg m-2
