variable,year,value,unit
rsut,2000,0.0021794576205991234,W m-2
rsut,2001,0.010288518218501963,W m-2
rsut,2002,-0.0019657498139764584,W m-2
rsut,2003,0.0018702597475339644,W m-2
rsut,2004,0.01516426061442644,W m-2
