variable,year,value,unit
emiso2,2000,-7.789573677259428e-14,kg m-2 s-1
emiso2,2001,-7.83855836775575e-14,kg m-2 s-1
emiso2,2002,-7.78520796634687e-14,kg m-2 s-1
emiso2,2003,-7.759912149340518e-14,kg m-2 s-1
emiso2,2004,-7.765093102082706e-14,kg m-2 s-1
