variable,year,value,unit
cl,2000,0.02882153773335215,%
cl,2001,-0.04356412764066014,%
cl,2002,-0.02994739092901044,%
cl,2003,-0.033141548637340854,%
cl,2004,0.04092317279592535,%
