variable,year,value,unit
drybc,2000,0.6982406548823811,kg m-2 s-1
drybc,2001,0.6396344315998493,kg m-2 s-1
drybc,2002,0.7770884167687072,kg m-2 s-1
drybc,2003,0.7852116884275215,kg m-2 s-1
drybc,2004,0.8894417742809098,kg m-2 s-1
