variable,year,value,unit
wetso2,2001,3.5080278910008853,kg m-2 s-1
wetso2,2002,4.0602393796782925,kg m-2 s-1
wetso2,2003,2.8809644415050273,kg m-2 s-1
wetso2,2004,3.66575274531413,kg m-2 s-1
