variable,year,value,unit
clt,2000,0.012191106979070892,%
clt,2001,0.030899480774578665,%
clt,2002,0.0016821945241994628,%
clt,2003,0.02476879074459631,%
clt,2004,0.018458040111857674,%
