variable,year,value,unit
mmrso4,2000,16.214826467111877,kg kg-1
mmrso4,2001,16.44356993944284,kg kg-1
mmrso4,2002,16.688544971015276,kg kg-1
mmrso4,2003,16.831434952052206,kg kg-1
mmrso4,2004,18.20952686789687,kg kg-1
