variable,year,value,unit
dms,2000,-0.07135093524089335,mol mol-1
dms,2001,-0.06871776507394092,mol mol-1
dms,2002,-0.026541588473788486,mol mol-1
dms,2003,-0.11912502970797295,mol mol-1
dms,2004,-0.07963684453512856,mol mol-1
