variable,year,value,unit
dms,2000,0.024228663739374816,mol mol-1
dms,2001,-0.0070365575039388105,mol mol-1
dms,2002,0.05185227289799941,mol mol-1
dms,2003,0.0620559976056739,mol mol-1
dms,2004,0.11424179261438924,mol mol-1
