variable,year,value,unit
od550aer,2000,1.1203853168867781,1
od550aer,2001,1.1105868300163924,1
od550aer,2002,0.8470946909926318,1
od550aer,2003,0.8234871161722425,1
od550aer,2004,1.2363233331310775,1
