variable,year,value,unit
so2,2001,6.704692228753265,mol mol-1
so2,2002,6.430726946205613,mol mol-1
so2,2003,6.766485497355809,mol mol-1
so2,2004,7.328537007510122,mol mol-1
