variable,year,value,unit
loadso2,2000,11.383146138447357,kg m-2
loadso2,2001,12.040934869716505,kg m-2
loadso2,2002,12.105531220989727,kg m-2
loadso2,2003,13.092915653001375,kg m-2
loadso2,2004,12.270660522495138,kg m-2
