variable,year,value,unit
loadso2,2000,15.207260345452722,kg m-2
loadso2,2001,15.131636210540636,kg m-2
loadso2,2002,14.714332458480731,kg m-2
loadso2,2003,15.480199205833497,kg m-2
loadso2,2004,16.09735369710483,kg m-2
