variable,year,value,unit
rlut,2000,-0.0036261677599648363,W m-2
rlut,2001,0.016429747500002513,W m-2
rlut,2002,0.018588764087678497,W m-2
rlut,2003,0.010408369703649662,W m-2
rlut,2004,0.02235852803740465,W m-2
