variable,year,value,unit
wetso4,2000,16.38100639074485,kg m-2 s-1
wetso4,2001,16.580207845720363,kg m-2 s-1
wetso4,2002,16.64325272610186,kg m-2 s-1
wetso4,2003,16.88038742451041,kg m-2 s-1
wetso4,2004,17.95645429247061,kg m-2 s-1
