variable,year,value,unit
clt,2000,-0.10845197102064282,%
clt,2001,0.0002942044135613618,%
clt,2002,-0.05039209254774355,%
clt,2003,-0.038002691974279246,%
clt,2004,-0.009277016082040821,%
