variable,year,value,unit
od550aer,2001,1.2939051757608682,1
od550aer,2002,1.4165393222551454,1
od550aer,2003,1.6501361657922688,1
od550aer,2004,1.541614940423046,1
