variable,year,value,unit
dms,2000,-0.04621264571186863,mol mol-1
dms,2001,-0.06214528109160207,mol mol-1
dms,2002,-0.044405364436303045,mol mol-1
dms,2003,-0.09813928015093006,mol mol-1
dms,2004,-0.04246372373302439,mol mol-1
