variable,year,value,unit
rsdt,2000,4.409874417865325e-08,W m-2
rsdt,2001,1.891214093664644e-08,W m-2
rsdt,2002,-7.009225333729352e-10,W m-2
rsdt,2003,2.9994148870689667e-09,W m-2
rsdt,2004,-4.148567211742598e-08,W m-2
