variable,year,value,unit
rlutcs,2000,-0.0013031015348610778,W m-2
rlutcs,2001,0.00047535208756051793,W m-2
rlutcs,2002,-0.001046117200268957,W m-2
rlutcs,2003,-0.003670349524401407,W m-2
rlutcs,2004,-0.002923290275390362,W m-2
