variable,year,value,unit
cltc,2001,0.026356514067505197,%
cltc,2002,0.0352488610427911,%
cltc,2003,0.0018291940731444453,%
cltc,2004,-0.03692115587801681,%
