variable,year,value,unit
clt,2000,0.040213324784986425,%
clt,2001,0.02843936890871228,%
clt,2002,0.06381771289817964,%
clt,2003,0.041610308940463206,%
clt,2004,0.013350310180656785,%
