variable,year,value,unit
clivi,2000,0.06727716391431118,kg m-2
clivi,2001,0.09813966685329004,kg m-2
clivi,2002,0.02672354780651009,kg m-2
clivi,2003,0.23965187389520065,kg m-2
clivi,2004,-0.08605647816671136,kg m-2
