variable,year,value,unit
clt,2000,0.057116227384229924,%
clt,2001,0.05812377542213909,%
clt,2002,0.03534951461722109,%
clt,2003,-0.05047208132176488,%
clt,2004,0.13669810384272463,%
