variable,year,value,unit
wetso4,2000,-1.9979858981013977e-13,kg m-2 s-1
wetso4,2001,-2.2854781145584464e-13,kg m-2 s-1
wetso4,2002,-2.1457769543491982e-13,kg m-2 s-1
wetso4,2003,-2.2758915854849133e-13,kg m-2 s-1
wetso4,2004,-2.3988515221716204e-13,kg m-2 s-1
