variable,year,value,unit
loadso4,2000,-1.0000215095281832e-07,kg m-2
loadso4,2001,-1.0237805913168207e-07,kg m-2
loadso4,2002,-8.83181931410872e-08,kg m-2
loadso4,2003,-9.104595562400028e-08,kg m-2
loadso4,2004,-8.443431155986426e-08,kg m-2
