variable,year,value,unit
dryso4,2000,-7.362387127751433e-14,kg m-2 s-1
dryso4,2001,-7.949411068172257e-14,kg m-2 s-1
dryso4,2002,-7.713194631118484e-14,kg m-2 s-1
dryso4,2003,-8.02664517703428e-14,kg m-2 s-1
dryso4,2004,-8.393380525146345e-14,kg m-2 s-1
