variable,year,value,unit
rsutcs,2000,-0.027609086461573895,W m-2
rsutcs,2001,-0.017213773594122017,W m-2
rsutcs,2002,-0.017568088380322422,W m-2
rsutcs,2003,-0.016716359326252928,W m-2
rsutcs,2004,-0.01906319385996369,W m-2
