variable,year,value,unit
emiso2,2000,-1.484735470068026,kg m-2 s-1
emiso2,2001,-1.5482388059680103,kg m-2 s-1
emiso2,2002,-1.5848829654398988,kg m-2 s-1
emiso2,2003,-1.3442331647795684,kg m-2 s-1
emiso2,2004,-1.2505163044843408,kg m-2 s-1
