variable,year,value,unit
mmrso4,2000,-0.6666130958295309,kg kg-1
mmrso4,2001,-0.5686103102799527,kg kg-1
mmrso4,2002,-0.5485361886735621,kg kg-1
mmrso4,2003,-0.5512954670556075,kg kg-1
mmrso4,2004,-0.7280281593687327,kg kg-1
