variable,year,value,unit
wetso4,2000,-70.63544282174747,kg m-2 s-1
wetso4,2001,-70.59649720561215,kg m-2 s-1
wetso4,2002,-71.6389249694821,kg m-2 s-1
wetso4,2003,-70.24385404024646,kg m-2 s-1
wetso4,2004,-70.90232222448101,kg m-2 s-1
