variable,year,value,unit
rsut,2000,0.03656492062489747,W m-2
rsut,2001,0.0670630880172638,W m-2
rsut,2002,0.04495830291214986,W m-2
rsut,2003,0.059965763393137195,W m-2
rsut,2004,0.02497029491074443,W m-2
