variable,year,value,unit
mmrbc,2000,-1.610795644621937e-14,kg kg-1
mmrbc,2001,3.571864062243697e-14,kg kg-1
mmrbc,2002,3.976993182278229e-14,kg kg-1
mmrbc,2003,-6.426916352512842e-14,kg kg-1
mmrbc,2004,-7.331064793185721e-14,kg kg-1
