variable,year,value,unit
mmrso4,2000,-2.0519104759002057e-11,kg kg-1
mmrso4,2001,-2.3172046272828246e-11,kg kg-1
mmrso4,2002,-1.977985239674617e-11,kg kg-1
mmrso4,2003,-1.9046595930794788e-11,kg kg-1
mmrso4,2004,-2.2066180907169236e-11,kg kg-1
