variable,year,value,unit
mmrso4,2000,-1.4087111213660125e-11,kg kg-1
mmrso4,2001,-1.499734760449015e-11,kg kg-1
mmrso4,2002,-1.289395545456437e-11,kg kg-1
mmrso4,2003,-1.4776383399820915e-11,kg kg-1
mmrso4,2004,-1.6346933826385337e-11,kg kg-1
