variable,year,value,unit
mmrbc,2000,-8.149902473914392e-14,kg kg-1
mmrbc,2001,1.0027482550750549e-13,kg kg-1
mmrbc,2002,-1.276815722871584e-13,kg kg-1
mmrbc,2003,3.144578019114381e-14,kg kg-1
mmrbc,2004,9.850126496110987e-14,kg kg-1
