variable,year,value,unit
wetso2,2000,6.779831218833205e-18,kg m-2 s-1
wetso2,2001,3.0778594013007543e-18,kg m-2 s-1
wetso2,2002,2.0370164815090948e-17,kg m-2 s-1
wetso2,2003,4.609229348921571e-18,kg m-2 s-1
wetso2,2004,3.0734265381261632e-18,kg m-2 s-1
