variable,year,value,unit
rlutcs,2000,0.018806530439064773,W m-2
rlutcs,2001,-0.0014583420254155044,W m-2
rlutcs,2002,0.015216375340855848,W m-2
rlutcs,2003,0.0086815932675961,W m-2
rlutcs,2004,0.01813677589876761,W m-2
