variable,year,value,unit
rsut,2000,-0.07210182861767578,W m-2
rsut,2001,-0.0028100959979582285,W m-2
rsut,2002,-0.04751597453868328,W m-2
rsut,2003,-0.0289798019649794,W m-2
rsut,2004,-0.06092965778989878,W m-2
