variable,year,value,unit
wetso4,2000,-1.60478661887273e-13,kg m-2 s-1
wetso4,2001,-1.7300352630079542e-13,kg m-2 s-1
wetso4,2002,-1.715354808773086e-13,kg m-2 s-1
wetso4,2003,-1.687118151647351e-13,kg m-2 s-1
wetso4,2004,-1.8146367722266865e-13,kg m-2 s-1
