variable,year,value,unit
rsutcs,2000,-0.028796264199438464,W m-2
rsutcs,2001,-0.023284957660946536,W m-2
rsutcs,2002,-0.01842241345395722,W m-2
rsutcs,2003,-0.019333307865714713,W m-2
rsutcs,2004,-0.031886024951765804,W m-2
