variable,year,value,unit
dms,2000,-0.03989766879354848,mol mol-1
dms,2001,-0.030957137937363387,mol mol-1
dms,2002,-0.011825686116897983,mol mol-1
dms,2003,0.02338755645333819,mol mol-1
dms,2004,-0.0031480318907686254,mol mol-1
