variable,year,value,unit
loadbc,2000,0.04139702654107266,kg m-2
loadbc,2001,0.009863437652235055,kg m-2
loadbc,2002,0.015123847206584167,kg m-2
loadbc,2003,0.03208629237379494,kg m-2
loadbc,2004,-0.007221852198823143,kg m-2
