variable,year,value,unit
od550aer,2001,-9.283674110952775,1
od550aer,2002,1.3746088886757495,1
od550aer,2003,1.8439031400766996,1
od550aer,2004,-2.9935288343649074,1
od550aer,2005,-2.6854689715833606,1
