variable,year,value,unit
rsutcs,2000,-0.08120012723760721,W m-2
rsutcs,2001,-0.1125597884685571,W m-2
rsutcs,2002,-0.115890014590426,W m-2
rsutcs,2003,-0.06889459798676464,W m-2
rsutcs,2004,-0.08113032479870458,W m-2
