variable,year,value,unit
dryso4,2000,-2.7424791936252695,kg m-2 s-1
dryso4,2001,-2.533128732173682,kg m-2 s-1
dryso4,2002,-2.4223270421193965,kg m-2 s-1
dryso4,2003,-1.931573075142261,kg m-2 s-1
dryso4,2004,-2.397108256907818,kg m-2 s-1
