variable,year,value,unit
emiso2,2000,-29.83052198738323,kg m-2 s-1
emiso2,2001,-28.655585260600958,kg m-2 s-1
emiso2,2002,-26.649801972091375,kg m-2 s-1
emiso2,2003,-26.497074022155047,kg m-2 s-1
emiso2,2004,-26.079415574874808,kg m-2 s-1
