variable,year,value,unit
emibc,2000,-7.69379591444438e-07,kg m-2 s-1
emibc,2001,3.6026731541118427e-06,kg m-2 s-1
emibc,2002,6.706732951368405e-07,kg m-2 s-1
emibc,2003,1.4743719450069757e-06,kg m-2 s-1
emibc,2004,-1.492955582660264e-06,kg m-2 s-1
