variable,year,value,unit
mmrbc,2000,-0.024767589845626933,kg kg-1
mmrbc,2001,-0.13175758216367725,kg kg-1
mmrbc,2002,0.3286583278075244,kg kg-1
mmrbc,2003,-0.7171933742660933,kg kg-1
mmrbc,2004,-0.12799672223129646,kg kg-1
