variable,year,value,unit
drybc,2000,-0.06448427228052217,kg m-2 s-1
drybc,2001,-0.191370176686349,kg m-2 s-1
drybc,2002,0.929973934787251,kg m-2 s-1
drybc,2003,-0.38840235150435193,kg m-2 s-1
drybc,2004,0.023895880268358437,kg m-2 s-1
