variable,year,value,unit
cl,2000,-3.3505648010121813,%
cl,2001,-4.361448206144463,%
cl,2002,-2.847174815948866,%
cl,2003,-1.528981904798808,%
cl,2004,-5.178089184862951,%
