variable,year,value,unit
wetbc,2000,0.4519638130997668,kg m-2 s-1
wetbc,2001,-0.2869380567834401,kg m-2 s-1
wetbc,2002,-0.08199342116487775,kg m-2 s-1
wetbc,2003,0.5424851946112212,kg m-2 s-1
wetbc,2004,-0.14035211834853553,kg m-2 s-1
