variable,year,value,unit
rlut,2000,-0.0836280293987856,W m-2
rlut,2001,0.32359103616098805,W m-2
rlut,2002,-0.05239457850884434,W m-2
rlut,2003,-0.15431095419227417,W m-2
rlut,2004,0.006459907807061605,W m-2
