variable,year,value,unit
mmrbc,2000,1.0970278241893183e-13,kg kg-1
mmrbc,2001,-2.639647231657992e-13,kg kg-1
mmrbc,2002,3.8427249628839916e-13,kg kg-1
mmrbc,2003,3.7347337329663514e-14,kg kg-1
mmrbc,2004,-1.1083121224816847e-13,kg kg-1
