variable,year,value,unit
emiso2,2000,1.2618054819263388e-14,kg m-2 s-1
emiso2,2001,1.2215791448475683e-14,kg m-2 s-1
emiso2,2002,1.2746477135025767e-14,kg m-2 s-1
emiso2,2003,1.3123256647213817e-14,kg m-2 s-1
emiso2,2004,1.3332397039003273e-14,kg m-2 s-1
