variable,year,value,unit
emiso2,2000,-5.734483263875991e-15,kg m-2 s-1
emiso2,2001,-5.5418290851601346e-15,kg m-2 s-1
emiso2,2002,-5.785718826338785e-15,kg m-2 s-1
emiso2,2003,-5.961541054751113e-15,kg m-2 s-1
emiso2,2004,-6.050780874547048e-15,kg m-2 s-1
