variable,year,value,unit
od550aer,2000,0.0002482165138469328,1
od550aer,2001,0.00014231674515596815,1
od550aer,2002,0.00024849974554069787,1
od550aer,2003,0.0003928876700680095,1
od550aer,2004,-3.19125455919278e-05,1
