variable,year,value,unit
rsutcs,2000,-0.0013813370753439358,W m-2
rsutcs,2001,-0.009786673817245628,W m-2
rsutcs,2002,-0.01029153054001597,W m-2
rsutcs,2003,0.006416854674938577,W m-2
rsutcs,2004,0.005052530298414126,W m-2
