variable,year,value,unit
rlutcs,2000,0.0057355214494805296,W m-2
rlutcs,2001,0.022280071688669523,W m-2
rlutcs,2002,0.001415826847903645,W m-2
rlutcs,2003,0.000998605126142138,W m-2
rlutcs,2004,-0.004569390559851172,W m-2
