variable,year,value,unit
loadbc,2000,1.1882927303350452e-11,kg m-2
loadbc,2001,3.176081662947334e-11,kg m-2
loadbc,2002,-2.929155729572896e-11,kg m-2
loadbc,2003,5.691076777115386e-12,kg m-2
loadbc,2004,1.2418449895509477e-11,kg m-2
