variable,year,value,unit
mmrso4,2000,2.761176984777343e-12,kg kg-1
mmrso4,2001,2.814898827931833e-12,kg kg-1
mmrso4,2002,2.7240325808605136e-12,kg kg-1
mmrso4,2003,2.800894940827621e-12,kg kg-1
mmrso4,2004,3.2363689740684025e-12,kg kg-1
