variable,year,value,unit
wetbc,2000,-1.8698404821959106e-15,kg m-2 s-1
wetbc,2001,-6.542420044739731e-16,kg m-2 s-1
wetbc,2002,3.9334791498554763e-16,kg m-2 s-1
wetbc,2003,-1.2368561098704147e-15,kg m-2 s-1
wetbc,2004,-5.630306937110745e-16,kg m-2 s-1
