variable,year,value,unit
cl,2000,-0.0023637508623082226,%
cl,2001,0.014843243684468987,%
cl,2002,0.001466037249219454,%
cl,2003,0.008216058345263733,%
cl,2004,-0.003990578169055681,%
