variable,year,value,unit
dryso4,2000,4.3423570092023673e-16,kg m-2 s-1
dryso4,2001,-3.0028782431747793e-17,kg m-2 s-1
dryso4,2002,-3.344933784859225e-16,kg m-2 s-1
dryso4,2003,3.27037734984186e-16,kg m-2 s-1
dryso4,2004,2.8021964991878806e-16,kg m-2 s-1
