variable,year,value,unit
wetso2,2000,1.5156926440127858e-15,kg m-2 s-1
wetso2,2001,-3.567713031404924e-15,kg m-2 s-1
wetso2,2002,-1.3101046473179562e-16,kg m-2 s-1
wetso2,2003,-1.5511832561267516e-15,kg m-2 s-1
wetso2,2004,3.058044000134157e-16,kg m-2 s-1
