variable,year,value,unit
mmrso4,2000,-7.511678238817959e-13,kg kg-1
mmrso4,2001,6.178101829785644e-13,kg kg-1
mmrso4,2002,6.790514976860298e-13,kg kg-1
mmrso4,2003,1.3771475346788854e-12,kg kg-1
mmrso4,2004,6.692720236590223e-13,kg kg-1
