variable,year,value,unit
wetbc,2000,1.0676577043084972e-15,kg m-2 s-1
wetbc,2001,-1.480645680691428e-15,kg m-2 s-1
wetbc,2002,-7.631760857494808e-16,kg m-2 s-1
wetbc,2003,2.2961922041945418e-15,kg m-2 s-1
wetbc,2004,-6.699768196785231e-16,kg m-2 s-1
