variable,year,value,unit
loadbc,2000,4.309307193887315e-10,kg m-2
loadbc,2001,-2.581035985181701e-10,kg m-2
loadbc,2002,3.998161397974389e-10,kg m-2
loadbc,2003,-2.905098033108053e-12,kg m-2
loadbc,2004,5.484136976533421e-10,kg m-2
