variable,year,value,unit
wetso2,2000,2.948023453703554e-15,kg m-2 s-1
wetso2,2001,-2.785298952775152e-16,kg m-2 s-1
wetso2,2002,5.5713783802527034e-15,kg m-2 s-1
wetso2,2003,2.0449396265152343e-15,kg m-2 s-1
wetso2,2004,3.9831458255580655e-15,kg m-2 s-1
