variable,year,value,unit
rsutcs,2000,0.00033913996877288355,W m-2
rsutcs,2001,0.0002359653889953961,W m-2
rsutcs,2002,-1.7895943969392647e-05,W m-2
rsutcs,2003,0.0003602426933468905,W m-2
rsutcs,2004,0.0002610092607824299,W m-2
