variable,year,value,unit
rsutcs,2000,0.005414518089409626,W m-2
rsutcs,2001,0.003953984948395828,W m-2
rsutcs,2002,0.013242965145252583,W m-2
rsutcs,2003,-0.036033604488139304,W m-2
rsutcs,2004,-0.011933093785998494,W m-2
