variable,year,value,unit
mmrso4,2000,4.3470783e-13,kg kg-1
mmrso4,2001,9.687806e-13,kg kg-1
mmrso4,2002,9.230394e-13,kg kg-1
mmrso4,2003,1.0086931e-12,kg kg-1
mmrso4,2004,6.691314e-13,kg kg-1
