variable,year,value,unit
wetso2,2000,-8.012254e-16,kg m-2 s-1
wetso2,2001,-6.78819e-16,kg m-2 s-1
wetso2,2002,-8.5359237e-16,kg m-2 s-1
wetso2,2003,-3.571362e-16,kg m-2 s-1
wetso2,2004,-1.0224026e-15,kg m-2 s-1
