variable,year,value,unit
rlut,2000,0.003987477459759248,W m-2
rlut,2001,0.006724538624240495,W m-2
rlut,2002,0.007455261074511554,W m-2
rlut,2003,-0.014080029889043999,W m-2
rlut,2004,0.004519045998677029,W m-2
rlut,2005,-0.0052194603947270934,W m-2
rlut,2006,0.008807289384293426,W m-2
rlut,2007,-0.00724091742833366,W m-2
rlut,2008,0.007580902727823968,W m-2
rlut,2009,0.006793595705261168,W m-2
