variable,year,value,unit
rlutcs,2001,0.02810669,W m-2
rlutcs,2002,-0.03189087,W m-2
rlutcs,2003,-0.33810425,W m-2
rlutcs,2004,0.25491333,W m-2
rlutcs,2005,-0.0032958984,W m-2
