variable,year,value,unit
mmrso4,2000,2.926669630122842e-14,kg kg-1
mmrso4,2001,9.263179348127629e-13,kg kg-1
mmrso4,2002,1.6089176915356808e-12,kg kg-1
mmrso4,2003,8.257533522733812e-13,kg kg-1
mmrso4,2004,1.351022230240123e-12,kg kg-1
mmrso4,2005,5.521941081834115e-13,kg kg-1
mmrso4,2006,3.2498007772384483e-12,kg kg-1
mmrso4,2007,1.2252859312086985e-12,kg kg-1
mmrso4,2008,2.550950563681866e-12,kg kg-1
mmrso4,2009,9.152562251401935e-13,kg kg-1
