variable,year,value,unit
loadbc,2000,1.6318624685730942e-10,kg m-2
loadbc,2001,9.63446816603325e-11,kg m-2
loadbc,2002,-2.59760112828395e-10,kg m-2
loadbc,2003,-2.995274475737454e-10,kg m-2
loadbc,2004,-1.798657894647556e-10,kg m-2
loadbc,2005,-2.2765255762010828e-10,kg m-2
loadbc,2006,-2.3071665282914999e-10,kg m-2
loadbc,2007,2.750972173644322e-11,kg m-2
loadbc,2008,7.120561272976746e-11,kg m-2
loadbc,2009,3.8024693403482446e-11,kg m-2
