variable,year,value,unit
wetso4,2000,-1.946408649035976e-15,kg m-2 s-1
wetso4,2001,-9.896780395391714e-16,kg m-2 s-1
wetso4,2002,-1.4578287791570206e-15,kg m-2 s-1
wetso4,2003,-3.8006569549168346e-16,kg m-2 s-1
wetso4,2004,-2.8533864957329325e-15,kg m-2 s-1
wetso4,2005,1.6343679301042331e-15,kg m-2 s-1
wetso4,2006,-2.1818102039289113e-15,kg m-2 s-1
wetso4,2007,-3.347170474334891e-15,kg m-2 s-1
wetso4,2008,-6.984197252283758e-15,kg m-2 s-1
wetso4,2009,-2.108584770964219e-15,kg m-2 s-1
