variable,year,value,unit
rlutcs,2000,-8.082543405407705e-05,W m-2
rlutcs,2001,0.0043526635302555405,W m-2
rlutcs,2002,0.0057573296513169225,W m-2
rlutcs,2003,-0.006898371845409201,W m-2
rlutcs,2004,0.0011496104119146366,W m-2
