variable,year,value,unit
mmrso4,2000,4.392270211708608e-13,kg kg-1
mmrso4,2001,7.830739925674463e-13,kg kg-1
mmrso4,2002,7.145791870251005e-13,kg kg-1
mmrso4,2003,7.395217753827858e-13,kg kg-1
mmrso4,2004,1.6814825261739337e-13,kg kg-1
