variable,year,value,unit
rlut,2000,0.00881796544882718,W m-2
rlut,2001,0.008106191790346884,W m-2
rlut,2002,0.016887622957341364,W m-2
rlut,2003,-0.017204756993237424,W m-2
rlut,2004,-0.0064956620395548725,W m-2
