variable,year,value,unit
loadso4,2000,-3.915145638265864e-10,kg m-2
loadso4,2001,-2.659400236512026e-10,kg m-2
loadso4,2002,1.7481464985418581e-09,kg m-2
loadso4,2003,6.985694577980643e-10,kg m-2
loadso4,2004,6.20668978096952e-10,kg m-2
loadso4,2005,2.383335126517473e-09,kg m-2
loadso4,2006,-3.615310868131806e-10,kg m-2
loadso4,2007,1.6698522709521088e-09,kg m-2
loadso4,2008,2.2035791719071557e-09,kg m-2
loadso4,2009,9.943891576590337e-10,kg m-2
