variable,year,value,unit
loadso2,2000,2.5481270074479225e-09,kg m-2
loadso2,2001,-1.216789844070773e-09,kg m-2
loadso2,2002,3.111031708642918e-10,kg m-2
loadso2,2003,8.210156070657135e-10,kg m-2
loadso2,2004,-1.2965149773099486e-09,kg m-2
loadso2,2005,-2.423269036528922e-10,kg m-2
loadso2,2006,8.691101343085432e-10,kg m-2
loadso2,2007,1.3736267365569177e-10,kg m-2
loadso2,2008,-4.5202110829311574e-10,kg m-2
loadso2,2009,2.984716421214078e-09,kg m-2
