variable,year,value,unit
loadso4,2000,1.8622556004907072e-07,kg m-2
loadso4,2001,2.386797324031823e-07,kg m-2
loadso4,2002,3.803413491793274e-07,kg m-2
loadso4,2003,4.0659588977439e-07,kg m-2
loadso4,2004,5.633163649716771e-07,kg m-2
