variable,year,value,unit
mmrbc,2000,-3.330094911996991e-14,kg kg-1
mmrbc,2001,1.4909275935153097e-14,kg kg-1
mmrbc,2002,-9.607937880663446e-16,kg kg-1
mmrbc,2003,5.4795883888080896e-14,kg kg-1
mmrbc,2004,3.536084056496755e-14,kg kg-1
