variable,year,value,unit
emiso2,2000,-1.8612458286300223e-13,kg m-2 s-1
emiso2,2001,-1.958350736993026e-13,kg m-2 s-1
emiso2,2002,-1.8266483116529286e-13,kg m-2 s-1
emiso2,2003,-1.8812154261750623e-13,kg m-2 s-1
emiso2,2004,-2.0243810144494903e-13,kg m-2 s-1
