variable,year,value,unit
rsut,2000,0.014583325247102152,W m-2
rsut,2001,-0.01971496392725669,W m-2
rsut,2002,0.06901974020749435,W m-2
rsut,2003,-0.07979336710255325,W m-2
rsut,2004,0.0945080091450734,W m-2
