variable,year,value,unit
mmrso4,2000,-9.894324974272809e-12,kg kg-1
mmrso4,2001,-1.136471176833466e-11,kg kg-1
mmrso4,2002,-1.1413820457215111e-11,kg kg-1
mmrso4,2003,-1.000952832337937e-11,kg kg-1
mmrso4,2004,-1.1681791633260279e-11,kg kg-1
