variable,year,value,unit
wetbc,2000,-1.1634864274304435e-17,kg m-2 s-1
wetbc,2001,7.515233343858507e-16,kg m-2 s-1
wetbc,2002,-1.2230008139582273e-16,kg m-2 s-1
wetbc,2003,-3.7737623589007227e-16,kg m-2 s-1
wetbc,2004,4.2399560941931455e-16,kg m-2 s-1
