variable,year,value,unit
mmrbc,2000,-4.250770871875834e-13,kg kg-1
mmrbc,2001,-3.6795726077570406e-13,kg kg-1
mmrbc,2002,-4.5016864899136423e-13,kg kg-1
mmrbc,2003,-3.9552128142926156e-13,kg kg-1
mmrbc,2004,-5.077947907283395e-13,kg kg-1
