variable,year,value,unit
drybc,2000,-1.5484851763350675e-15,kg m-2 s-1
drybc,2001,1.8209049210164125e-15,kg m-2 s-1
drybc,2002,3.2544722085142024e-15,kg m-2 s-1
drybc,2003,-1.1552893279351337e-16,kg m-2 s-1
drybc,2004,-4.649761938717615e-16,kg m-2 s-1
