variable,year,value,unit
od550aer,2000,0.3364231317993172,1
od550aer,2001,0.16884541812676676,1
od550aer,2002,0.12874200984151718,1
od550aer,2003,-0.2655554018384851,1
od550aer,2004,-0.9072898456536764,1
