variable,year,value,unit
loadbc,2000,0.0009501965247254774,kg m-2
loadbc,2001,-0.017698617609695877,kg m-2
loadbc,2002,-0.07276118843460455,kg m-2
loadbc,2003,-0.12667224589915096,kg m-2
loadbc,2004,-0.00753285236657399,kg m-2
