variable,year,value,unit
emiso2,2000,-35.97740559642868,kg m-2 s-1
emiso2,2001,-36.3290490529767,kg m-2 s-1
emiso2,2002,-33.48256113970437,kg m-2 s-1
emiso2,2003,-33.33532358858273,kg m-2 s-1
emiso2,2004,-35.23312782622919,kg m-2 s-1
