variable,year,value,unit
loadso2,2000,0.6873049381091537,kg m-2
loadso2,2001,0.023858466014083656,kg m-2
loadso2,2002,0.037326792818596646,kg m-2
loadso2,2003,-1.9978915252427814,kg m-2
loadso2,2004,-5.820879737595389,kg m-2
