variable,year,value,unit
rsutcs,2001,-0.08881793314004918,W m-2
rsutcs,2002,-0.07895451410398245,W m-2
rsutcs,2003,-0.08006733076443961,W m-2
rsutcs,2004,-0.08920427950107218,W m-2
