variable,year,value,unit
cl,2000,-0.19728940098816206,%
cl,2001,-0.02787846662296277,%
cl,2002,-0.092580365604365,%
cl,2003,-0.025286570710059866,%
cl,2004,-0.17137626029298697,%
