variable,year,value,unit
so2,2000,2.3532717186923997,mol mol-1
so2,2001,2.560028796483428,mol mol-1
so2,2002,2.4152581129415043,mol mol-1
so2,2003,2.4539319761640486,mol mol-1
so2,2004,2.3512507347326768,mol mol-1
