variable,year,value,unit
rsutcs,2000,0.46854581374522153,W m-2
rsutcs,2001,0.1426814125721671,W m-2
rsutcs,2002,-0.019086332875208802,W m-2
rsutcs,2003,-0.022428928914704733,W m-2
rsutcs,2004,-0.025100058909437645,W m-2
