variable,year,value,unit
rsdt,2000,-1.1013757713628993e-07,W m-2
rsdt,2001,7.804654888470889e-08,W m-2
rsdt,2002,-1.050092719345762e-08,W m-2
rsdt,2003,6.163648718088267e-08,W m-2
rsdt,2004,-1.2969290259266346e-07,W m-2
