variable,year,value,unit
rsutcs,2001,0.004258946145157588,W m-2
rsutcs,2002,-0.015386823532939858,W m-2
rsutcs,2003,-0.029974480592511864,W m-2
rsutcs,2004,-0.0037114721087320845,W m-2
