variable,year,value,unit
rlutcs,2001,0.013641400588825384,W m-2
rlutcs,2002,0.013802403437738558,W m-2
rlutcs,2003,0.01367208986926617,W m-2
rlutcs,2004,0.018240954773376273,W m-2
