variable,year,value,unit
wetso2,2001,2.3051440915924593,kg m-2 s-1
wetso2,2002,2.7602917599191454,kg m-2 s-1
wetso2,2003,2.242284931289858,kg m-2 s-1
wetso2,2004,2.528316569795216,kg m-2 s-1
