variable,year,value,unit
rsutcs,2000,-0.03265929310750865,W m-2
rsutcs,2001,-0.046418452656272015,W m-2
rsutcs,2002,-0.02682581834088461,W m-2
rsutcs,2003,-0.020003125086517404,W m-2
rsutcs,2004,-0.03854999682447954,W m-2
