variable,year,value,unit
rsutcs,2000,0.025078868732260947,W m-2
rsutcs,2001,0.02529470417900011,W m-2
rsutcs,2002,0.023943983773528053,W m-2
rsutcs,2003,-0.011944369482949125,W m-2
rsutcs,2004,-0.012518743901764013,W m-2
