variable,year,value,unit
emiso2,2000,2.5641021142815967,kg m-2 s-1
emiso2,2001,2.564102034546114,kg m-2 s-1
emiso2,2002,2.5641024559641212,kg m-2 s-1
emiso2,2003,2.564102747898463,kg m-2 s-1
emiso2,2004,2.564102701360721,kg m-2 s-1
