variable,year,value,unit
rlutcs,2001,0.001851120130422215,W m-2
rlutcs,2002,-0.0003501592997432155,W m-2
rlutcs,2003,0.004679820282697437,W m-2
rlutcs,2004,0.0017457810677528615,W m-2
