variable,year,value,unit
loadso4,2000,-2.8864489243471683,kg m-2
loadso4,2001,-1.4093111586937184,kg m-2
loadso4,2002,-1.8399380341243707,kg m-2
loadso4,2003,-2.714742901933483,kg m-2
loadso4,2004,-3.2102409990212952,kg m-2
