variable,year,value,unit
mmrso4,2001,-6.67067029735611,kg kg-1
mmrso4,2002,-6.542994099325948,kg kg-1
mmrso4,2003,-6.959549633933005,kg kg-1
mmrso4,2004,-7.366093639170219,kg kg-1
