variable,year,value,unit
loadbc,2000,0.5187597004646725,kg m-2
loadbc,2001,0.33437192108106745,kg m-2
loadbc,2002,0.014560955538159124,kg m-2
loadbc,2003,0.007254317293329187,kg m-2
loadbc,2004,0.003856655604694851,kg m-2
