variable,year,value,unit
clivi,2000,0.24037845176998682,kg m-2
clivi,2001,0.10232313939324776,kg m-2
clivi,2002,0.20558540101572914,kg m-2
clivi,2003,0.10003434347172276,kg m-2
clivi,2004,0.13581419518312976,kg m-2
