variable,year,value,unit
loadbc,2000,0.049877597286394265,kg m-2
loadbc,2001,0.058178075100803715,kg m-2
loadbc,2002,0.01818325939230907,kg m-2
loadbc,2003,0.0006430872583414921,kg m-2
loadbc,2004,0.0528026112105089,kg m-2
