variable,year,value,unit
loadso2,2000,1.8520688384194135,kg m-2
loadso2,2001,1.8475568271626233,kg m-2
loadso2,2002,1.8356759312260555,kg m-2
loadso2,2003,1.8226327552310535,kg m-2
loadso2,2004,1.9354868300159862,kg m-2
