variable,year,value,unit
loadso2,2000,2.2309706729030587,kg m-2
loadso2,2001,2.305171478931589,kg m-2
loadso2,2002,2.4881103529199353,kg m-2
loadso2,2003,2.4012984491987672,kg m-2
loadso2,2004,2.437770100466211,kg m-2
