variable,year,value,unit
clt,2001,-0.03602229223201119,%
clt,2002,-0.01985220776479582,%
clt,2003,-0.02228189914852417,%
clt,2004,0.0027299716949326053,%
