variable,year,value,unit
wetso2,2000,2.4522967413848136,kg m-2 s-1
wetso2,2001,2.461485205911456,kg m-2 s-1
wetso2,2002,2.46437597715791,kg m-2 s-1
wetso2,2003,2.5065953776659096,kg m-2 s-1
wetso2,2004,2.529465941974036,kg m-2 s-1
