variable,year,value,unit
dryso4,2000,-7.708772476526041,kg m-2 s-1
dryso4,2001,-7.690835131465155,kg m-2 s-1
dryso4,2002,-7.862817197351022,kg m-2 s-1
dryso4,2003,-7.877087016967477,kg m-2 s-1
dryso4,2004,-8.145874391669789,kg m-2 s-1
