variable,year,value,unit
clt,2000,0.0009662945872538592,%
clt,2001,-0.011437754887159268,%
clt,2002,-0.010273597790158337,%
clt,2003,-0.04132048634375045,%
clt,2004,-0.04252405694042405,%
