variable,year,value,unit
mmrso4,2000,-7.487705222918047,kg kg-1
mmrso4,2001,-7.533876816096449,kg kg-1
mmrso4,2002,-7.555087192299657,kg kg-1
mmrso4,2003,-7.498027051864136,kg kg-1
mmrso4,2004,-7.87343585635363,kg kg-1
