variable,year,value,unit
dryso2,2000,2.4531569181488395,kg m-2 s-1
dryso2,2001,2.436008862198867,kg m-2 s-1
dryso2,2002,2.45558700193924,kg m-2 s-1
dryso2,2003,2.450447119336694,kg m-2 s-1
dryso2,2004,2.437460019644855,kg m-2 s-1
