variable,year,value,unit
emiso2,2000,2.4059365953553704,kg m-2 s-1
emiso2,2001,2.398827575627458,kg m-2 s-1
emiso2,2002,2.5417233503940397,kg m-2 s-1
emiso2,2003,2.404585785404361,kg m-2 s-1
emiso2,2004,2.4111932188856464,kg m-2 s-1
