variable,year,value,unit
clivi,2000,-0.512373771587234,kg m-2
clivi,2001,0.07048778522999352,kg m-2
clivi,2002,-0.22893090154260864,kg m-2
clivi,2003,-0.31405666032778023,kg m-2
clivi,2004,0.24956745857971901,kg m-2
