variable,year,value,unit
dryso4,2001,-6.48343037023534,kg m-2 s-1
dryso4,2002,-6.413876147181301,kg m-2 s-1
dryso4,2003,-6.830869988689354,kg m-2 s-1
dryso4,2004,-7.063895534930688,kg m-2 s-1
