variable,year,value,unit
dryso4,2001,6.662687302086254,kg m-2 s-1
dryso4,2002,6.434933660441413,kg m-2 s-1
dryso4,2003,6.405366382747844,kg m-2 s-1
dryso4,2004,6.343387874302313,kg m-2 s-1
