variable,year,value,unit
mmrbc,2001,0.061288734028505425,kg kg-1
mmrbc,2002,0.14068764148071766,kg kg-1
mmrbc,2003,0.05758129332265036,kg kg-1
mmrbc,2004,0.10131835667931001,kg kg-1
