variable,year,value,unit
rlut,2000,0.014532121587990332,W m-2
rlut,2001,-0.008442624801318743,W m-2
rlut,2002,-0.000586715777842528,W m-2
rlut,2003,-0.00836459730800243,W m-2
rlut,2004,-0.0145043188036027,W m-2
