variable,year,value,unit
clt,2000,-0.0022984389544191686,%
clt,2001,0.007893409661328121,%
clt,2002,0.009899526233112965,%
clt,2003,-0.003251924321887145,%
clt,2004,0.007788085222976804,%
