variable,year,value,unit
dryso4,2000,-1.0068155543222657e-14,kg m-2 s-1
dryso4,2001,-1.1001287629613699e-14,kg m-2 s-1
dryso4,2002,-9.512140709196779e-15,kg m-2 s-1
dryso4,2003,-9.77766203290594e-15,kg m-2 s-1
dryso4,2004,-1.0911426467469818e-14,kg m-2 s-1
