variable,year,value,unit
drybc,2000,-1.628212952578884e-18,kg m-2 s-1
drybc,2001,2.6978050002755346e-18,kg m-2 s-1
drybc,2002,1.9795495412854367e-18,kg m-2 s-1
drybc,2003,1.287904069660096e-17,kg m-2 s-1
drybc,2004,-3.650884529254955e-18,kg m-2 s-1
