variable,year,value,unit
so2,2000,-2.092956406846939e-12,mol mol-1
so2,2001,-2.1940239384450743e-12,mol mol-1
so2,2002,-2.1007263026322506e-12,mol mol-1
so2,2003,-2.1558691655497908e-12,mol mol-1
so2,2004,-2.2698923949293036e-12,mol mol-1
