variable,year,value,unit
wetbc,2000,1.4203770976647257e-16,kg m-2 s-1
wetbc,2001,-1.943007431927811e-17,kg m-2 s-1
wetbc,2002,-4.0360950191763917e-16,kg m-2 s-1
wetbc,2003,1.8108759934000622e-16,kg m-2 s-1
wetbc,2004,-1.624210985320677e-16,kg m-2 s-1
