variable,year,value,unit
mmrbc,2000,-3.804876274296968e-14,kg kg-1
mmrbc,2001,5.2812984266854476e-14,kg kg-1
mmrbc,2002,4.330534554259256e-14,kg kg-1
mmrbc,2003,7.431247438853433e-14,kg kg-1
mmrbc,2004,3.232380609739001e-14,kg kg-1
