variable,year,value,unit
rsut,2000,2.2924186903638297,W m-2
rsut,2001,2.2789889266278722,W m-2
rsut,2002,2.0931865511468426,W m-2
rsut,2003,1.9550593726585936,W m-2
rsut,2004,2.2665618478211984,W m-2
