variable,year,value,unit
cl,2000,-0.1143038558402969,%
cl,2001,-0.22710884393955816,%
cl,2002,-0.036668429051824505,%
cl,2003,-0.012366127150799364,%
cl,2004,-0.08884457923299684,%
