variable,year,value,unit
mmrso4,2000,-2.8512856069657224,kg kg-1
mmrso4,2001,-2.6747860907122423,kg kg-1
mmrso4,2002,-2.784184823004815,kg kg-1
mmrso4,2003,-2.8085028629573294,kg kg-1
mmrso4,2004,-2.8811763317572483,kg kg-1
