variable,year,value,unit
emiso2,2000,-9.966427333658496,kg m-2 s-1
emiso2,2001,-9.966427333658496,kg m-2 s-1
emiso2,2002,-9.966427333658496,kg m-2 s-1
emiso2,2003,-9.966427333658496,kg m-2 s-1
emiso2,2004,-9.966427333658496,kg m-2 s-1
