variable,year,value,unit
dryso4,2000,-0.4362140267139529,kg m-2 s-1
dryso4,2001,-0.1283819739508411,kg m-2 s-1
dryso4,2002,-0.4364141072090834,kg m-2 s-1
dryso4,2003,-0.21711020038072126,kg m-2 s-1
dryso4,2004,-0.4047920228240892,kg m-2 s-1
