variable,year,value,unit
loadso4,2000,6.020379581720266e-07,kg m-2
loadso4,2001,6.312181787969198e-07,kg m-2
loadso4,2002,5.643023585015421e-07,kg m-2
loadso4,2003,5.909244232839891e-07,kg m-2
loadso4,2004,5.964520665451702e-07,kg m-2
