variable,year,value,unit
dryso4,2000,1.3197840173780902e-13,kg m-2 s-1
dryso4,2001,1.2871710042226573e-13,kg m-2 s-1
dryso4,2002,1.186996985564205e-13,kg m-2 s-1
dryso4,2003,1.2479369883245732e-13,kg m-2 s-1
dryso4,2004,1.287195709633442e-13,kg m-2 s-1
