variable,year,value,unit
clt,2000,0.18472645562350465,%
clt,2001,0.1942880399642064,%
clt,2002,0.17099812730030806,%
clt,2003,0.17370480733482907,%
clt,2004,0.1362729654735091,%
