variable,year,value,unit
clivi,2000,-0.07840823174109243,kg m-2
clivi,2001,-0.023934411589660025,kg m-2
clivi,2002,0.28602546591679495,kg m-2
clivi,2003,0.11327066106894088,kg m-2
clivi,2004,-0.3255994243904157,kg m-2
