variable,year,value,unit
loadso4,2000,-0.29108849276191917,kg m-2
loadso4,2001,-0.33626207065523916,kg m-2
loadso4,2002,-0.270146187609718,kg m-2
loadso4,2003,-0.2215433145528939,kg m-2
loadso4,2004,-0.13339901314580063,kg m-2
