variable,year,value,unit
od550aer,2000,-0.18899519134841025,1
od550aer,2001,-0.05418384214293406,1
od550aer,2002,0.04466416233670586,1
od550aer,2003,-0.09351334756363157,1
od550aer,2004,-0.23535614488399575,1
