variable,year,value,unit
mmrso4,2000,-0.3991526125619277,kg kg-1
mmrso4,2001,-0.5271565185184526,kg kg-1
mmrso4,2002,-0.44009201134142373,kg kg-1
mmrso4,2003,-0.472548336554,kg kg-1
mmrso4,2004,-0.5364774023502447,kg kg-1
