variable,year,value,unit
rsut,2000,0.1619658312761203,W m-2
rsut,2001,0.15415032983517563,W m-2
rsut,2002,0.15784127860324304,W m-2
rsut,2003,0.24977566586990463,W m-2
rsut,2004,-0.057223346919926144,W m-2
