variable,year,value,unit
emibc,2000,-1.4049823808542683e-20,kg m-2 s-1
emibc,2001,-1.8137384238101978e-20,kg m-2 s-1
emibc,2002,-2.240638156514595e-21,kg m-2 s-1
emibc,2003,-2.8806700087094554e-20,kg m-2 s-1
emibc,2004,-7.131135925287666e-21,kg m-2 s-1
