variable,year,value,unit
rsut,2000,-0.01675796467176864,W m-2
rsut,2001,-0.030797425976402445,W m-2
rsut,2002,0.008232720048546496,W m-2
rsut,2003,0.007128547204503787,W m-2
rsut,2004,0.006923426090057054,W m-2
