variable,year,value,unit
emiso2,2000,-0.45165283326739725,kg m-2 s-1
emiso2,2001,-0.47469861377431816,kg m-2 s-1
emiso2,2002,-0.44372613409072004,kg m-2 s-1
emiso2,2003,-0.4510156450078653,kg m-2 s-1
emiso2,2004,-0.4718700869900487,kg m-2 s-1
