variable,year,value,unit
rlut,2000,-0.0004246869870598857,W m-2
rlut,2001,-0.0003949185669966937,W m-2
rlut,2002,0.0017018577815974822,W m-2
rlut,2003,-0.0005567071680161462,W m-2
rlut,2004,0.0017756791725105359,W m-2
