variable,year,value,unit
dryso4,2000,2.0725936221724166e-15,kg m-2 s-1
dryso4,2001,3.4040944556954334e-15,kg m-2 s-1
dryso4,2002,2.6013163914293474e-15,kg m-2 s-1
dryso4,2003,2.5118176528892057e-15,kg m-2 s-1
dryso4,2004,4.108794495512966e-15,kg m-2 s-1
