variable,year,value,unit
dryso4,2000,-2.7563820512136123,kg m-2 s-1
dryso4,2001,-2.792186840952286,kg m-2 s-1
dryso4,2002,-2.707546400314357,kg m-2 s-1
dryso4,2003,-2.7928110933885235,kg m-2 s-1
dryso4,2004,-2.714085371113636,kg m-2 s-1
