variable,year,value,unit
wetbc,2000,0.021172605748578488,kg m-2 s-1
wetbc,2001,-0.006097012120243169,kg m-2 s-1
wetbc,2002,0.039473449261639953,kg m-2 s-1
wetbc,2003,0.0772392013479467,kg m-2 s-1
wetbc,2004,0.0370062770396309,kg m-2 s-1
