variable,year,value,unit
rlutcs,2000,0.00048212637939631383,W m-2
rlutcs,2001,-0.0006691766645127855,W m-2
rlutcs,2002,0.0033382281993448,W m-2
rlutcs,2003,0.002753127905170104,W m-2
rlutcs,2004,0.0007698297395361982,W m-2
