variable,year,value,unit
emiso2,2000,-2.5458547815455064,kg m-2 s-1
emiso2,2001,-2.7288112692212345,kg m-2 s-1
emiso2,2002,-2.515132256008254,kg m-2 s-1
emiso2,2003,-2.6297081048897266,kg m-2 s-1
emiso2,2004,-2.789941119560322,kg m-2 s-1
