variable,year,value,unit
loadbc,2000,0.26932772437860875,kg m-2
loadbc,2001,-0.10441398475004629,kg m-2
loadbc,2002,0.5978726919403066,kg m-2
loadbc,2003,-0.06761581414595577,kg m-2
loadbc,2004,0.163358203335087,kg m-2
