variable,year,value,unit
rlut,2000,0.0057267326684650325,W m-2
rlut,2001,0.0027031429109488324,W m-2
rlut,2002,0.006785865571278311,W m-2
rlut,2003,0.007564969137108889,W m-2
rlut,2004,0.00654703346290408,W m-2
