variable,year,value,unit
mmrso4,2000,-2.0122142363904727,kg kg-1
mmrso4,2001,-2.191399652513078,kg kg-1
mmrso4,2002,-1.8823462879355262,kg kg-1
mmrso4,2003,-1.9512182410042358,kg kg-1
mmrso4,2004,-2.054692568149847,kg kg-1
