variable,year,value,unit
dryso4,2000,-2.007880171737491,kg m-2 s-1
dryso4,2001,-2.1914623280552297,kg m-2 s-1
dryso4,2002,-1.8832147464256856,kg m-2 s-1
dryso4,2003,-1.9455134731888974,kg m-2 s-1
dryso4,2004,-2.0535903448000874,kg m-2 s-1
