variable,year,value,unit
clivi,2000,0.00028105560875881647,kg m-2
clivi,2001,5.272432656869275e-05,kg m-2
clivi,2002,-1.8234981828756103e-05,kg m-2
clivi,2003,3.32989547819143e-05,kg m-2
clivi,2004,6.963091380219125e-05,kg m-2
