variable,year,value,unit
drybc,2000,-6.0258553791815526e-18,kg m-2 s-1
drybc,2001,2.478263407115705e-16,kg m-2 s-1
drybc,2002,-1.358958578216494e-16,kg m-2 s-1
drybc,2003,6.858014492828544e-17,kg m-2 s-1
drybc,2004,-1.3341294346903732e-16,kg m-2 s-1
