variable,year,value,unit
emiso2,2000,-1.6303530855651963e-13,kg m-2 s-1
emiso2,2001,-1.7135056833852187e-13,kg m-2 s-1
emiso2,2002,-1.595506033699726e-13,kg m-2 s-1
emiso2,2003,-1.6403107284013193e-13,kg m-2 s-1
emiso2,2004,-1.7680891556004695e-13,kg m-2 s-1
