variable,year,value,unit
wetso4,2000,0.08429076501158254,kg m-2 s-1
wetso4,2001,0.690072413671111,kg m-2 s-1
wetso4,2002,0.06447835105805459,kg m-2 s-1
wetso4,2003,0.026759477211150972,kg m-2 s-1
wetso4,2004,0.46156766888001627,kg m-2 s-1
