variable,year,value,unit
rlut,2000,0.0014096860436695058,W m-2
rlut,2001,-0.004043996805885466,W m-2
rlut,2002,-0.007828079938144031,W m-2
rlut,2003,-0.04676206702129095,W m-2
rlut,2004,0.02056924066166237,W m-2
