variable,year,value,unit
wetbc,2000,-0.2827461274262054,kg m-2 s-1
wetbc,2001,0.21353840526769508,kg m-2 s-1
wetbc,2002,0.12285656520761035,kg m-2 s-1
wetbc,2003,0.2264107646686172,kg m-2 s-1
wetbc,2004,-0.07574026183920327,kg m-2 s-1
