variable,year,value,unit
cl,2000,-2.0012581496595083,%
cl,2001,-3.6485887967793937,%
cl,2002,-5.624913055647855,%
cl,2003,-2.709071115090148,%
cl,2004,-2.625279522271912,%
