variable,year,value,unit
mmrbc,2000,-0.41212244887245847,kg kg-1
mmrbc,2001,0.6074426679504369,kg kg-1
mmrbc,2002,-1.0374613928876957,kg kg-1
mmrbc,2003,0.022257965972015428,kg kg-1
mmrbc,2004,-0.34463369690955853,kg kg-1
