variable,year,value,unit
dryso4,2000,-0.07529322703307137,kg m-2 s-1
dryso4,2001,-0.09457282258406696,kg m-2 s-1
dryso4,2002,-0.12860032528058532,kg m-2 s-1
dryso4,2003,-0.01372995012817677,kg m-2 s-1
dryso4,2004,-0.06224429440075897,kg m-2 s-1
