variable,year,value,unit
clivi,2000,1.1701700245125666,kg m-2
clivi,2001,0.39931964013373694,kg m-2
clivi,2002,-1.9512943296891134,kg m-2
clivi,2003,0.7235170523933877,kg m-2
clivi,2004,0.01008127714041763,kg m-2
