variable,year,value,unit
rsutcs,2000,0.00037253269058503893,W m-2
rsutcs,2001,0.0027984093689427296,W m-2
rsutcs,2002,-0.005396033014686426,W m-2
rsutcs,2003,-0.0060470241858203155,W m-2
rsutcs,2004,-0.005831911705576588,W m-2
