variable,year,value,unit
loadbc,2000,-0.07406499090050372,kg m-2
loadbc,2001,-0.04015257067345828,kg m-2
loadbc,2002,-0.09999996475494823,kg m-2
loadbc,2003,-0.19317946462459556,kg m-2
loadbc,2004,-0.1538470479814278,kg m-2
