variable,year,value,unit
loadso2,2000,-0.01771240432666904,kg m-2
loadso2,2001,-0.0707568281651772,kg m-2
loadso2,2002,0.11168093576455122,kg m-2
loadso2,2003,0.0011690021769746454,kg m-2
loadso2,2004,0.14162492391834,kg m-2
