variable,year,value,unit
rsut,2000,-0.1406352537620603,W m-2
rsut,2001,0.42903842429674893,W m-2
rsut,2002,0.17855341675800762,W m-2
rsut,2003,-0.11868952319307685,W m-2
rsut,2004,0.08576346850370617,W m-2
