variable,year,value,unit
emiso2,2000,-0.4976773384898748,kg m-2 s-1
emiso2,2001,-0.5027572860670156,kg m-2 s-1
emiso2,2002,-0.49240678669395155,kg m-2 s-1
emiso2,2003,-0.5274552589505034,kg m-2 s-1
emiso2,2004,-0.4674429781853079,kg m-2 s-1
