variable,year,value,unit
rsut,2000,0.0194421437210527,W m-2
rsut,2001,-0.00678467197230551,W m-2
rsut,2002,-0.02050600553122155,W m-2
rsut,2003,0.009793143893951164,W m-2
rsut,2004,-0.032616729702192156,W m-2
