variable,year,value,unit
loadbc,2000,0.0006031538852283211,kg m-2
loadbc,2001,0.00039053288579703036,kg m-2
loadbc,2002,0.0009255500164276549,kg m-2
loadbc,2003,-0.008202222243598572,kg m-2
loadbc,2004,-0.0074813618697932675,kg m-2
