variable,year,value,unit
wetbc,2000,-0.01359620656544252,kg m-2 s-1
wetbc,2001,-0.12916377199727916,kg m-2 s-1
wetbc,2002,0.06358218031394532,kg m-2 s-1
wetbc,2003,0.07973508964836062,kg m-2 s-1
wetbc,2004,-0.09401064462932052,kg m-2 s-1
