variable,year,value,unit
clt,2000,0.01100230674457202,%
clt,2001,0.06453945405147134,%
clt,2002,0.013777935259842321,%
clt,2003,0.010545139454018181,%
clt,2004,-0.023376729640827924,%
