variable,year,value,unit
emibc,2000,-5.068410054682368e-10,kg m-2 s-1
emibc,2001,3.8254220091081324e-08,kg m-2 s-1
emibc,2002,-2.704394533995957e-08,kg m-2 s-1
emibc,2003,5.4669856897006667e-08,kg m-2 s-1
emibc,2004,3.998046406939397e-08,kg m-2 s-1
