variable,year,value,unit
emiso2,2000,-4.771075115595344e-14,kg m-2 s-1
emiso2,2001,-5.002302246459969e-14,kg m-2 s-1
emiso2,2002,-4.687227481113209e-14,kg m-2 s-1
emiso2,2003,-4.81590958280592e-14,kg m-2 s-1
emiso2,2004,-5.169553728582093e-14,kg m-2 s-1
