variable,year,value,unit
rlut,2000,-0.00929988544879734,W m-2
rlut,2001,-0.000882396762733606,W m-2
rlut,2002,-0.01250821113799816,W m-2
rlut,2003,0.0220877586788788,W m-2
rlut,2004,0.0011545263817822615,W m-2
