variable,year,value,unit
dryso4,2000,-1.2178911690866943e-14,kg m-2 s-1
dryso4,2001,-1.2034906173481053e-14,kg m-2 s-1
dryso4,2002,-1.2336942429417036e-14,kg m-2 s-1
dryso4,2003,-1.2819388873140001e-14,kg m-2 s-1
dryso4,2004,-1.4861218628832072e-14,kg m-2 s-1
