variable,year,value,unit
rsut,2000,-0.029536489856425874,W m-2
rsut,2001,-0.006091190124692503,W m-2
rsut,2002,0.009538060109548496,W m-2
rsut,2003,0.009503044690504225,W m-2
rsut,2004,-0.004752139871499139,W m-2
