variable,year,value,unit
rsutcs,2000,-0.022084604440721023,W m-2
rsutcs,2001,-0.011602282262856534,W m-2
rsutcs,2002,-0.04765172040073651,W m-2
rsutcs,2003,-0.020619307399130093,W m-2
rsutcs,2004,0.00018240264874691547,W m-2
