variable,year,value,unit
cl,2000,0.005883262259708033,%
cl,2001,-0.01077666813538336,%
cl,2002,-0.0064436740486844,%
cl,2003,-0.011208918295649184,%
cl,2004,0.00907768287567201,%
