variable,year,value,unit
wetso4,2001,3.85929574799966e-13,kg m-2 s-1
wetso4,2002,3.1869583272330244e-13,kg m-2 s-1
wetso4,2003,3.4481815527325044e-13,kg m-2 s-1
wetso4,2004,3.8351945164430465e-13,kg m-2 s-1
