variable,year,value,unit
emiso2,2001,-5.786184455168702e-15,kg m-2 s-1
emiso2,2002,-8.028994851920032e-15,kg m-2 s-1
emiso2,2003,-7.004625015726645e-15,kg m-2 s-1
emiso2,2004,-7.178071679233828e-15,kg m-2 s-1
