variable,year,value,unit
wetso4,2001,1.7803472202983363e-13,kg m-2 s-1
wetso4,2002,1.5375604569730946e-13,kg m-2 s-1
wetso4,2003,1.6572431544409684e-13,kg m-2 s-1
wetso4,2004,1.5618120623679817e-13,kg m-2 s-1
