variable,year,value,unit
rsut,2001,0.04637209729024505,W m-2
rsut,2002,0.03594183006850926,W m-2
rsut,2003,-0.022232980498131383,W m-2
rsut,2004,0.01264399451264353,W m-2
