variable,year,value,unit
emiso2,2001,-5.7118812584701784e-15,kg m-2 s-1
emiso2,2002,-7.815846078058318e-15,kg m-2 s-1
emiso2,2003,-6.723350587862591e-15,kg m-2 s-1
emiso2,2004,-6.9855306288113906e-15,kg m-2 s-1
