variable,year,value,unit
dryso4,2001,1.91786155891031e-14,kg m-2 s-1
dryso4,2002,2.945171061405468e-14,kg m-2 s-1
dryso4,2003,2.1691035682656603e-14,kg m-2 s-1
dryso4,2004,1.9211559378599596e-14,kg m-2 s-1
