variable,year,value,unit
drybc,2000,3.504587628545082e-17,kg m-2 s-1
drybc,2001,4.588332171809809e-17,kg m-2 s-1
drybc,2002,2.5061631733091278e-17,kg m-2 s-1
drybc,2003,8.79649783841729e-18,kg m-2 s-1
drybc,2004,-9.84447488146371e-17,kg m-2 s-1
