variable,year,value,unit
loadso4,2000,-3.0172953694291496e-10,kg m-2
loadso4,2001,-2.2644225471255485e-10,kg m-2
loadso4,2002,4.376521976655428e-11,kg m-2
loadso4,2003,-5.93732775867958e-11,kg m-2
loadso4,2004,-3.6184570177188603e-10,kg m-2
