variable,year,value,unit
loadbc,2000,-2.0194563970072536e-12,kg m-2
loadbc,2001,1.2599317944301504e-12,kg m-2
loadbc,2002,3.016921413433484e-12,kg m-2
loadbc,2003,-3.6734497564190004e-11,kg m-2
loadbc,2004,1.482983104059022e-11,kg m-2
