variable,year,value,unit
mmrso4,2000,2.9773523810306014e-11,kg kg-1
mmrso4,2001,3.94944891744882e-11,kg kg-1
mmrso4,2002,5.219722178559954e-11,kg kg-1
mmrso4,2003,6.178766547792055e-11,kg kg-1
mmrso4,2004,8.194990250803341e-11,kg kg-1
