variable,year,value,unit
mmrso4,2000,-4.400099555082747e-13,kg kg-1
mmrso4,2001,-7.180381855055308e-14,kg kg-1
mmrso4,2002,-5.355454495721322e-13,kg kg-1
mmrso4,2003,-3.5498187721702987e-13,kg kg-1
mmrso4,2004,-2.977063362406428e-13,kg kg-1
