variable,year,value,unit
so2,2000,-1.490981532741929e-13,mol mol-1
so2,2001,-1.0533586443975032e-13,mol mol-1
so2,2002,-1.0571803411359745e-13,mol mol-1
so2,2003,-6.790117066151565e-14,mol mol-1
so2,2004,-1.3851724300434063e-13,mol mol-1
