variable,year,value,unit
rlutcs,2000,-0.0007293649953226122,W m-2
rlutcs,2001,0.0028366590764221655,W m-2
rlutcs,2002,0.004515387224330425,W m-2
rlutcs,2003,-0.006667513199033692,W m-2
rlutcs,2004,0.0012130964547054646,W m-2
