variable,year,value,unit
rlut,2000,0.016169495878813223,W m-2
rlut,2001,0.02126706467583972,W m-2
rlut,2002,0.02064009402752731,W m-2
rlut,2003,0.03228876219191079,W m-2
rlut,2004,-0.003029708472922721,W m-2
