variable,year,value,unit
clt,2000,-0.008845390708664524,%
clt,2001,0.007321221757621288,%
clt,2002,0.009868620924336824,%
clt,2003,0.0012978474446754262,%
clt,2004,0.04292325768989258,%
