variable,year,value,unit
so2,2000,-2.0317922581773822e-13,mol mol-1
so2,2001,-2.057038742356084e-13,mol mol-1
so2,2002,-1.627697814754893e-13,mol mol-1
so2,2003,-1.8922141531752164e-13,mol mol-1
so2,2004,-1.7466175927943064e-13,mol mol-1
