variable,year,value,unit
od550aer,2000,-3.5917728749654265e-05,1
od550aer,2001,-2.8680859766247457e-05,1
od550aer,2002,2.1151243749378823e-05,1
od550aer,2003,-0.00012527428201987434,1
od550aer,2004,-6.0101693117015076e-05,1
