variable,year,value,unit
loadso4,2000,-2.338112158402083e-09,kg m-2
loadso4,2001,-4.054136633471544e-09,kg m-2
loadso4,2002,2.157663563226942e-09,kg m-2
loadso4,2003,-2.7902588901539355e-09,kg m-2
loadso4,2004,-2.571893793985167e-09,kg m-2
