variable,year,value,unit
emibc,2000,1.541186254042128e-22,kg m-2 s-1
emibc,2001,2.8540835837166915e-21,kg m-2 s-1
emibc,2002,-1.796313942966641e-21,kg m-2 s-1
emibc,2003,1.5712309682505565e-21,kg m-2 s-1
emibc,2004,-1.5544819681742126e-21,kg m-2 s-1
