variable,year,value,unit
rlut,2000,-0.00031626946147866875,W m-2
rlut,2001,-0.0003270327433995135,W m-2
rlut,2002,-0.00020106702805833265,W m-2
rlut,2003,0.0017653224178104665,W m-2
rlut,2004,-0.00013310098398733317,W m-2
