variable,year,value,unit
rlut,2000,-0.004967158175844588,W m-2
rlut,2001,0.0013735614515724137,W m-2
rlut,2002,0.005895755823019044,W m-2
rlut,2003,0.008299198292945675,W m-2
rlut,2004,-0.005546587803877401,W m-2
