variable,year,value,unit
dryso2,2000,-1.6778536902332744e-15,kg m-2 s-1
dryso2,2001,-4.1999000704136134e-16,kg m-2 s-1
dryso2,2002,-1.468420216589902e-15,kg m-2 s-1
dryso2,2003,-1.5521192282426094e-15,kg m-2 s-1
dryso2,2004,-1.5875845633694983e-15,kg m-2 s-1
