variable,year,value,unit
clt,2000,0.014453132135493263,%
clt,2001,0.044009611860268194,%
clt,2002,0.014667747138716436,%
clt,2003,-0.01128613150960689,%
clt,2004,-0.03076474018901365,%
