variable,year,value,unit
rlutcs,2000,-0.00016468361167198964,W m-2
rlutcs,2001,-0.00019130734909822422,W m-2
rlutcs,2002,0.00017171589360032158,W m-2
rlutcs,2003,0.0003156909988888401,W m-2
rlutcs,2004,8.623046539923962e-06,W m-2
