variable,year,value,unit
drybc,2000,79.78422787560334,kg m-2 s-1
drybc,2001,79.84345932527206,kg m-2 s-1
drybc,2002,87.25137026754355,kg m-2 s-1
drybc,2003,89.34350557468254,kg m-2 s-1
drybc,2004,98.79994204638773,kg m-2 s-1
