variable,year,value,unit
emiso2,2000,62.264518336881466,kg m-2 s-1
emiso2,2001,60.37482671590194,kg m-2 s-1
emiso2,2002,59.503277696694276,kg m-2 s-1
emiso2,2003,57.922630393531435,kg m-2 s-1
emiso2,2004,56.67237551008398,kg m-2 s-1
