variable,year,value,unit
cl,2000,0.5417373459671391,%
cl,2001,0.6263062016879315,%
cl,2002,0.9546662047626638,%
cl,2003,1.4760444629025742,%
cl,2004,0.9293066627777079,%
