variable,year,value,unit
cltc,2000,-0.5059962156032688,%
cltc,2001,-0.37875154545573525,%
cltc,2002,-0.44275069858683863,%
cltc,2003,-0.5957951734221081,%
cltc,2004,-0.5577950653950242,%
