variable,year,value,unit
mmrso4,2000,35.26137310528104,kg kg-1
mmrso4,2001,33.49749506305089,kg kg-1
mmrso4,2002,32.619449463777414,kg kg-1
mmrso4,2003,31.968827268577172,kg kg-1
mmrso4,2004,33.37265702395184,kg kg-1
