variable,year,value,unit
cl,2000,-0.07460034725220506,%
cl,2001,0.10165467980000012,%
cl,2002,-0.022286589824166134,%
cl,2003,-0.07725156142032563,%
cl,2004,0.020991578381748897,%
