variable,year,value,unit
wetbc,2000,0.003532868212659889,kg m-2 s-1
wetbc,2001,-0.04484738560514608,kg m-2 s-1
wetbc,2002,0.04503180167423394,kg m-2 s-1
wetbc,2003,-8.4313850744935e-05,kg m-2 s-1
wetbc,2004,0.024034624622080267,kg m-2 s-1
