variable,year,value,unit
rsut,2001,1.0809963436585397,W m-2
rsut,2002,-0.1067848304722189,W m-2
rsut,2003,0.7771561715648335,W m-2
rsut,2004,-0.05659658079373999,W m-2
rsut,2005,0.7003665835426203,W m-2
