variable,year,value,unit
rlutcs,2000,0.008573980024160268,W m-2
rlutcs,2001,0.005214718712354715,W m-2
rlutcs,2002,0.0077777187294336015,W m-2
rlutcs,2003,-0.005075824341529319,W m-2
rlutcs,2004,0.004208549405267105,W m-2
