variable,year,value,unit
wetso2,2000,0.15012229382974265,kg m-2 s-1
wetso2,2001,0.36173589947254414,kg m-2 s-1
wetso2,2002,0.1730740119932545,kg m-2 s-1
wetso2,2003,0.13622808747550744,kg m-2 s-1
wetso2,2004,0.17302805231941623,kg m-2 s-1
