variable,year,value,unit
emiso2,2000,0.1840785129297571,kg m-2 s-1
emiso2,2001,0.1948938968213833,kg m-2 s-1
emiso2,2002,0.17522425509034112,kg m-2 s-1
emiso2,2003,0.17185608161956717,kg m-2 s-1
emiso2,2004,0.18661339135772154,kg m-2 s-1
