variable,year,value,unit
clivi,2000,-0.4947593736273545,kg m-2
clivi,2001,0.08731436924572272,kg m-2
clivi,2002,-0.17398366456491335,kg m-2
clivi,2003,-0.08491651908189739,kg m-2
clivi,2004,0.1415934796914606,kg m-2
