variable,year,value,unit
wetbc,2000,-200.02865956051866,kg m-2 s-1
wetbc,2001,-200.10134913755374,kg m-2 s-1
wetbc,2002,-199.97029370429178,kg m-2 s-1
wetbc,2003,-200.02965578248765,kg m-2 s-1
wetbc,2004,-199.94393148957946,kg m-2 s-1
