variable,year,value,unit
rlutcs,2000,0.0027224065719754715,W m-2
rlutcs,2001,-0.0054236383184332075,W m-2
rlutcs,2002,0.0030358624306854776,W m-2
rlutcs,2003,-0.002620146838502118,W m-2
rlutcs,2004,-0.005653635453378,W m-2
