variable,year,value,unit
so2,2001,-0.8520190476820313,mol mol-1
so2,2002,-0.706477673355498,mol mol-1
so2,2003,-0.15735176711734983,mol mol-1
so2,2004,0.4094580667161083,mol mol-1
so2,2005,1.6221926276383074,mol mol-1
