variable,year,value,unit
drybc,2000,-0.06451053365215326,kg m-2 s-1
drybc,2001,0.138494775503373,kg m-2 s-1
drybc,2002,0.056522694804023894,kg m-2 s-1
drybc,2003,0.04197924551547308,kg m-2 s-1
drybc,2004,0.02307111882719815,kg m-2 s-1
