variable,year,value,unit
mmrso4,2000,0.3216773475390937,kg kg-1
mmrso4,2001,0.2817111833606281,kg kg-1
mmrso4,2002,0.28532055244928095,kg kg-1
mmrso4,2003,0.2988798019702548,kg kg-1
mmrso4,2004,0.32087909066755144,kg kg-1
