variable,year,value,unit
mmrso4,2001,1.638862083048805,kg kg-1
mmrso4,2002,-0.5119384983831583,kg kg-1
mmrso4,2003,1.7341764855109996,kg kg-1
mmrso4,2004,0.4870046962171583,kg kg-1
mmrso4,2005,3.255739548560533,kg kg-1
