variable,year,value,unit
dryso4,2001,3.266881770003922e-12,kg m-2 s-1
dryso4,2002,3.2335485812358817e-12,kg m-2 s-1
dryso4,2003,3.3779212514170276e-12,kg m-2 s-1
dryso4,2004,3.4193646674325103e-12,kg m-2 s-1
