variable,year,value,unit
mmrso4,2001,1.7790435164651446e-09,kg kg-1
mmrso4,2002,1.7591034806825264e-09,kg kg-1
mmrso4,2003,1.8608410038403856e-09,kg kg-1
mmrso4,2004,1.8984273219685117e-09,kg kg-1
