variable,year,value,unit
wetso4,2001,1.844524143400494e-11,kg m-2 s-1
wetso4,2002,1.836828504510877e-11,kg m-2 s-1
wetso4,2003,1.8562632699265305e-11,kg m-2 s-1
wetso4,2004,1.880255322254956e-11,kg m-2 s-1
