variable,year,value,unit
od550aer,2000,0.041986237771749785,1
od550aer,2001,0.11511970208553224,1
od550aer,2002,-0.022725947403998206,1
od550aer,2003,0.007625037982196261,1
od550aer,2004,0.04967683259890404,1
