variable,year,value,unit
rsut,2001,0.3206312560254635,W m-2
rsut,2002,0.5750022260775076,W m-2
rsut,2003,-0.5786712237481988,W m-2
rsut,2004,0.5710075736926018,W m-2
rsut,2005,-1.5050212728058612,W m-2
