variable,year,value,unit
mmrbc,2001,0.9773781851815871,kg kg-1
mmrbc,2002,0.14261344504478202,kg kg-1
mmrbc,2003,0.2551502637183192,kg kg-1
mmrbc,2004,-0.8003723427779058,kg kg-1
mmrbc,2005,2.6700284783400052,kg kg-1
