variable,year,value,unit
od550aer,2000,-0.029228449761711024,1
od550aer,2001,-0.13931229985065025,1
od550aer,2002,-0.42304176491715173,1
od550aer,2003,-0.005607143676509197,1
od550aer,2004,-0.01016658753472031,1
