variable,year,value,unit
cl,2000,-0.004048079055714027,%
cl,2001,0.0021692826684187594,%
cl,2002,-0.010554829061961257,%
cl,2003,0.004385126435197506,%
cl,2004,0.003935601776229092,%
cl,2005,-0.0011275157339696307,%
cl,2006,-0.007494792227264568,%
cl,2007,0.0014589433003671104,%
cl,2008,-0.009408037509627931,%
cl,2009,0.0043244869854266454,%
