variable,year,value,unit
loadso4,2000,0.29873560452822484,kg m-2
loadso4,2001,0.31211337748761,kg m-2
loadso4,2002,0.2504803108564494,kg m-2
loadso4,2003,0.22532542563712152,kg m-2
loadso4,2004,0.2385119852596924,kg m-2
