variable,year,value,unit
emiso2,2000,0.0007197031770368402,kg m-2 s-1
emiso2,2001,-0.00014562393974604687,kg m-2 s-1
emiso2,2002,9.560207935025296e-05,kg m-2 s-1
emiso2,2003,9.332522196111165e-05,kg m-2 s-1
emiso2,2004,0.00035157887810994084,kg m-2 s-1
