variable,year,value,unit
mmrso4,2000,-0.13153493721302967,kg kg-1
mmrso4,2001,0.3862562655274432,kg kg-1
mmrso4,2002,0.05927119640818971,kg kg-1
mmrso4,2003,-0.13519841215690723,kg kg-1
mmrso4,2004,-0.07005129096641809,kg kg-1
