variable,year,value,unit
so2,2000,0.3112048941537736,mol mol-1
so2,2001,0.4793763798525376,mol mol-1
so2,2002,-0.15645988182173332,mol mol-1
so2,2003,0.15666382699369505,mol mol-1
so2,2004,-0.11362569549859725,mol mol-1
