variable,year,value,unit
rlut,2001,0.04105153432694923,W m-2
rlut,2002,0.017640387186047123,W m-2
rlut,2003,0.060808436169063715,W m-2
rlut,2004,0.019184579421157855,W m-2
rlut,2005,0.008161760096647942,W m-2
