variable,year,value,unit
wetso2,2000,0.24960636168092526,kg m-2 s-1
wetso2,2001,-0.1742430756908498,kg m-2 s-1
wetso2,2002,-0.7133279027407253,kg m-2 s-1
wetso2,2003,-0.09793954560429162,kg m-2 s-1
wetso2,2004,-0.4116603333848605,kg m-2 s-1
