variable,year,value,unit
drybc,2001,0.6996346991775086,kg m-2 s-1
drybc,2002,-0.8717197441135354,kg m-2 s-1
drybc,2003,1.4972101706220442,kg m-2 s-1
drybc,2004,-3.609265699947798,kg m-2 s-1
drybc,2005,4.2987843915848245,kg m-2 s-1
