variable,year,value,unit
rsut,2000,-0.03354933211538818,W m-2
rsut,2001,0.05807363554540558,W m-2
rsut,2002,0.06699303784334656,W m-2
rsut,2003,0.037294959181697014,W m-2
rsut,2004,-0.025331550860219123,W m-2
