variable,year,value,unit
loadso2,2000,0.12181849441715688,kg m-2
loadso2,2001,0.03654623242938575,kg m-2
loadso2,2002,0.016405855456394215,kg m-2
loadso2,2003,0.0024431408858515457,kg m-2
loadso2,2004,0.04020617270804184,kg m-2
