variable,year,value,unit
rlutcs,2000,0.003687924153285568,W m-2
rlutcs,2001,-0.0048682655668680205,W m-2
rlutcs,2002,-0.003770461142469261,W m-2
rlutcs,2003,-0.003508547261448295,W m-2
rlutcs,2004,-0.0014011924445356324,W m-2
