variable,year,value,unit
rlutcs,2001,-0.1618091648672881,W m-2
rlutcs,2002,-0.30858136980542566,W m-2
rlutcs,2003,-0.21122057653555779,W m-2
rlutcs,2004,0.03339041492512323,W m-2
rlutcs,2005,0.19937659061095078,W m-2
