variable,year,value,unit
wetso2,2000,0.47516591074225917,kg m-2 s-1
wetso2,2001,0.170559372433356,kg m-2 s-1
wetso2,2002,0.8098869232529766,kg m-2 s-1
wetso2,2003,-0.7977580964582226,kg m-2 s-1
wetso2,2004,0.7813485755980287,kg m-2 s-1
