variable,year,value,unit
cltc,2001,-0.22136390677035692,%
cltc,2002,0.009240979545851138,%
cltc,2003,-0.21358508411141874,%
cltc,2004,0.030436523852729852,%
cltc,2005,0.15467256903942675,%
