variable,year,value,unit
loadbc,2000,0.179502265563028,kg m-2
loadbc,2001,0.1456042385140915,kg m-2
loadbc,2002,-0.06223897279831347,kg m-2
loadbc,2003,-0.05985529440185711,kg m-2
loadbc,2004,-0.08600666224796391,kg m-2
