variable,year,value,unit
loadso2,2000,-1.5677739367033507e-07,kg m-2
loadso2,2001,-7.871782082044886e-08,kg m-2
loadso2,2002,-7.299483154423515e-08,kg m-2
loadso2,2003,-3.5762792052985154e-08,kg m-2
loadso2,2004,-4.8646812641582596e-08,kg m-2
