variable,year,value,unit
dryso4,2000,-2.949811723525231e-14,kg m-2 s-1
dryso4,2001,-3.1002375243472744e-14,kg m-2 s-1
dryso4,2002,-2.968140061271357e-14,kg m-2 s-1
dryso4,2003,-2.8095502383731243e-14,kg m-2 s-1
dryso4,2004,-3.26904267929909e-14,kg m-2 s-1
