variable,year,value,unit
dms,2000,-2.166655868270595e-14,mol mol-1
dms,2001,-5.428776417995423e-14,mol mol-1
dms,2002,-8.707218711702992e-15,mol mol-1
dms,2003,-4.3430271411720497e-16,mol mol-1
dms,2004,-2.9724674594386525e-14,mol mol-1
