variable,year,value,unit
loadbc,2000,-1.2934545632213395e-10,kg m-2
loadbc,2001,-3.5110728101733364e-10,kg m-2
loadbc,2002,2.8997330684596285e-10,kg m-2
loadbc,2003,-3.4771085081318026e-10,kg m-2
loadbc,2004,-2.6392845925161424e-10,kg m-2
