variable,year,value,unit
loadso2,2000,-2.3217142389246024e-08,kg m-2
loadso2,2001,-2.043776887329599e-08,kg m-2
loadso2,2002,-2.105674492832058e-08,kg m-2
loadso2,2003,-2.261196164826585e-08,kg m-2
loadso2,2004,-2.52111634977491e-08,kg m-2
