variable,year,value,unit
mmrbc,2000,7.299466806693112e-16,kg kg-1
mmrbc,2001,9.308246981018448e-16,kg kg-1
mmrbc,2002,-1.6540945859003386e-14,kg kg-1
mmrbc,2003,1.1671906020667184e-14,kg kg-1
mmrbc,2004,2.4492789423209084e-14,kg kg-1
