variable,year,value,unit
emibc,2001,-5.3550411459007886e-18,kg m-2 s-1
emibc,2002,-1.6846678726894534e-22,kg m-2 s-1
emibc,2003,-1.7565990336320532e-18,kg m-2 s-1
emibc,2004,-4.555368165089285e-18,kg m-2 s-1
emibc,2005,-1.023758439246862e-22,kg m-2 s-1
