variable,year,value,unit
clivi,2000,8.458692613882296e-05,kg m-2
clivi,2001,6.365738707118235e-05,kg m-2
clivi,2002,-3.079754017411285e-05,kg m-2
clivi,2003,0.00014362668738911177,kg m-2
clivi,2004,-3.191103784159349e-05,kg m-2
