variable,year,value,unit
wetbc,2000,1.4370863816272517e-16,kg m-2 s-1
wetbc,2001,-5.990682120747492e-16,kg m-2 s-1
wetbc,2002,5.536115826683611e-16,kg m-2 s-1
wetbc,2003,3.506864628140996e-16,kg m-2 s-1
wetbc,2004,-1.6039829409048865e-16,kg m-2 s-1
