variable,year,value,unit
cltc,2001,-28.01169409873098,%
cltc,2002,-10.306651691757825,%
cltc,2003,69.2537500561888,%
cltc,2004,-0.9005379658092616,%
cltc,2005,159.61784591262318,%
