variable,year,value,unit
mmrbc,2001,4.847587727276059,kg kg-1
mmrbc,2002,10.945732378579963,kg kg-1
mmrbc,2003,2.253040060613364,kg kg-1
mmrbc,2004,-6.6131820253917,kg kg-1
mmrbc,2005,10.74967602892471,kg kg-1
