variable,year,value,unit
rlutcs,2000,-0.005813509942006823,W m-2
rlutcs,2001,-0.0038590317202404907,W m-2
rlutcs,2002,-0.02064168854976766,W m-2
rlutcs,2003,-0.007989700796482813,W m-2
rlutcs,2004,0.0020289869691833226,W m-2
