variable,year,value,unit
loadbc,2000,0.03659384074344817,kg m-2
loadbc,2001,0.026287908921827658,kg m-2
loadbc,2002,-0.04479524049329697,kg m-2
loadbc,2003,-0.041328837230044324,kg m-2
loadbc,2004,-0.050311845580761475,kg m-2
