variable,year,value,unit
rsut,2000,0.06202291239156057,W m-2
rsut,2001,0.14520869991705979,W m-2
rsut,2002,-0.028136836237741464,W m-2
rsut,2003,-0.021987903982679517,W m-2
rsut,2004,-0.12228385138399755,W m-2
