variable,year,value,unit
rsut,2000,0.08615275680708143,W m-2
rsut,2001,0.06492315006575852,W m-2
rsut,2002,-0.07784542236756116,W m-2
rsut,2003,-0.008684422335363488,W m-2
rsut,2004,0.014840635420973615,W m-2
