variable,year,value,unit
od550aer,2000,0.48767961478893457,1
od550aer,2001,0.15914607472080072,1
od550aer,2002,0.28312695004132143,1
od550aer,2003,0.29509365749107813,1
od550aer,2004,0.36160055560712906,1
