variable,year,value,unit
loadso4,2000,2.3292260271622447,kg m-2
loadso4,2001,2.5172390912233653,kg m-2
loadso4,2002,2.7879649948925516,kg m-2
loadso4,2003,2.7700812583298955,kg m-2
loadso4,2004,2.6315943573674065,kg m-2
