variable,year,value,unit
clivi,2000,-1.3257469703778926,kg m-2
clivi,2001,0.14916040398803074,kg m-2
clivi,2002,-0.36443439410799294,kg m-2
clivi,2003,1.1707173230952863,kg m-2
clivi,2004,-0.1682070866891895,kg m-2
