variable,year,value,unit
wetso4,2000,0.48254676327718227,kg m-2 s-1
wetso4,2001,0.4552977348680771,kg m-2 s-1
wetso4,2002,0.420906621489356,kg m-2 s-1
wetso4,2003,0.3753007896883323,kg m-2 s-1
wetso4,2004,0.6090813756646852,kg m-2 s-1
