variable,year,value,unit
emiso2,2000,-0.1360113316047242,kg m-2 s-1
emiso2,2001,-0.11945955295327465,kg m-2 s-1
emiso2,2002,-0.14043319589406525,kg m-2 s-1
emiso2,2003,-0.12998530881659515,kg m-2 s-1
emiso2,2004,-0.12134946991761485,kg m-2 s-1
