variable,year,value,unit
dryso2,2000,0.33371872552014736,kg m-2 s-1
dryso2,2001,0.19510048103007996,kg m-2 s-1
dryso2,2002,0.23172123136881653,kg m-2 s-1
dryso2,2003,0.38044670364535654,kg m-2 s-1
dryso2,2004,0.2537298560168414,kg m-2 s-1
