variable,year,value,unit
drybc,2000,0.17838653864523246,kg m-2 s-1
drybc,2001,0.03410698478422731,kg m-2 s-1
drybc,2002,-0.05254008944942604,kg m-2 s-1
drybc,2003,-0.1167062881745531,kg m-2 s-1
drybc,2004,-0.0641456654494014,kg m-2 s-1
