variable,year,value,unit
loadso2,2000,-43.190928369472765,kg m-2
loadso2,2001,-44.31287454029226,kg m-2
loadso2,2002,-33.41345277073491,kg m-2
loadso2,2003,-30.633125050464056,kg m-2
loadso2,2004,-30.29765954685404,kg m-2
