variable,year,value,unit
rsut,2000,0.005980180067569306,W m-2
rsut,2001,0.006617753661445496,W m-2
rsut,2002,0.011108872438340994,W m-2
rsut,2003,-0.03242090019700333,W m-2
rsut,2004,-0.02640619051784082,W m-2
