variable,year,value,unit
wetbc,2000,0.0114212055,kg m-2 s-1
wetbc,2001,0.009063584,kg m-2 s-1
wetbc,2002,0.014778656,kg m-2 s-1
wetbc,2003,0.020321377,kg m-2 s-1
wetbc,2004,-0.0023233,kg m-2 s-1
