variable,year,value,unit
rsdt,2001,0.01190008,W m-2
rsdt,2002,0.1730531,W m-2
rsdt,2003,-0.033315025,W m-2
rsdt,2004,0.0023902291,W m-2
rsdt,2005,0.17342368,W m-2
