variable,year,value,unit
emiso2,2000,-2.6438762800146147,kg m-2 s-1
emiso2,2001,-2.661537536767252,kg m-2 s-1
emiso2,2002,-2.6385514490832866,kg m-2 s-1
emiso2,2003,-2.6734966557224915,kg m-2 s-1
emiso2,2004,-2.6683986946951475,kg m-2 s-1
