variable,year,value,unit
so2,2000,0.04152068023380823,mol mol-1
so2,2001,0.0607384068407537,mol mol-1
so2,2002,0.020454090214344665,mol mol-1
so2,2003,0.09456990415986105,mol mol-1
so2,2004,-0.087450654437481,mol mol-1
