variable,year,value,unit
dryso4,2000,-1.294710030020901e-15,kg m-2 s-1
dryso4,2001,-2.025562113513193e-16,kg m-2 s-1
dryso4,2002,5.955489366068901e-16,kg m-2 s-1
dryso4,2003,-4.798307117361649e-16,kg m-2 s-1
dryso4,2004,-7.184343708003074e-16,kg m-2 s-1
dryso4,2005,-1.1513583524740289e-15,kg m-2 s-1
dryso4,2006,1.1135464932544409e-15,kg m-2 s-1
dryso4,2007,-1.0485144554679232e-15,kg m-2 s-1
dryso4,2008,5.051316599952022e-16,kg m-2 s-1
dryso4,2009,-1.1232340629776667e-15,kg m-2 s-1
