variable,year,value,unit
loadbc,2000,-0.17790353,kg m-2
loadbc,2001,-0.069087334,kg m-2
loadbc,2002,0.015302954,kg m-2
loadbc,2003,-0.086152874,kg m-2
loadbc,2004,-0.01795576,kg m-2
