variable,year,value,unit
dryso4,2000,0.11749105078413084,kg m-2 s-1
dryso4,2001,0.11349916891368826,kg m-2 s-1
dryso4,2002,0.11389938360600323,kg m-2 s-1
dryso4,2003,0.09742129931317763,kg m-2 s-1
dryso4,2004,0.08287439025051559,kg m-2 s-1
