variable,year,value,unit
dms,2000,-0.03999313629163942,mol mol-1
dms,2001,-0.010644382962922038,mol mol-1
dms,2002,0.012879647403075482,mol mol-1
dms,2003,0.010586021333544079,mol mol-1
dms,2004,-0.02847238628826531,mol mol-1
