variable,year,value,unit
wetso4,2000,2.3598881129932776e-15,kg m-2 s-1
wetso4,2001,2.222280118223727e-15,kg m-2 s-1
wetso4,2002,3.8559167645474285e-15,kg m-2 s-1
wetso4,2003,3.7482673603897534e-15,kg m-2 s-1
wetso4,2004,4.813923431150288e-15,kg m-2 s-1
wetso4,2005,4.075801960565593e-15,kg m-2 s-1
wetso4,2006,2.443585050224431e-15,kg m-2 s-1
wetso4,2007,2.711463513306077e-15,kg m-2 s-1
wetso4,2008,4.092421731594953e-15,kg m-2 s-1
wetso4,2009,4.390821298868213e-15,kg m-2 s-1
