variable,year,value,unit
wetso2,2000,-0.0026727782,kg m-2 s-1
wetso2,2001,0.08861926,kg m-2 s-1
wetso2,2002,0.030247644,kg m-2 s-1
wetso2,2003,-0.07214822,kg m-2 s-1
wetso2,2004,-0.038828705,kg m-2 s-1
