variable,year,value,unit
rsutcs,2000,0.006802618391955928,W m-2
rsutcs,2001,-0.0019239326343299722,W m-2
rsutcs,2002,-0.00038318353831613163,W m-2
rsutcs,2003,0.001343917817238866,W m-2
rsutcs,2004,-0.0028925088151542625,W m-2
