variable,year,value,unit
srfdms,2000,0.006590796,mol mol-1
srfdms,2001,-0.009043031,mol mol-1
srfdms,2002,-0.0061677378,mol mol-1
srfdms,2003,0.011652823,mol mol-1
srfdms,2004,-0.006496888,mol mol-1
