variable,year,value,unit
wetso2,2000,-1.189971590452961e-14,kg m-2 s-1
wetso2,2001,-1.4908031300952042e-14,kg m-2 s-1
wetso2,2002,-1.6027439947792847e-14,kg m-2 s-1
wetso2,2003,-1.3797547232160573e-14,kg m-2 s-1
wetso2,2004,-1.2166552958697587e-14,kg m-2 s-1
