variable,year,value,unit
rsutcs,2000,-0.010159153705444623,W m-2
rsutcs,2001,-0.003081088270825205,W m-2
rsutcs,2002,-0.00469954707451592,W m-2
rsutcs,2003,-0.0053935645745895044,W m-2
rsutcs,2004,-0.0006991813914609679,W m-2
