variable,year,value,unit
rlutcs,2000,-0.01621941883325917,W m-2
rlutcs,2001,0.023857960315126547,W m-2
rlutcs,2002,-0.023684138090743545,W m-2
rlutcs,2003,0.0032611372308224418,W m-2
rlutcs,2004,-0.0005554265893010779,W m-2
