variable,year,value,unit
emiso2,2000,-1.225245427767515e-13,kg m-2 s-1
emiso2,2001,-1.2779508914674203e-13,kg m-2 s-1
emiso2,2002,-1.3156626072624676e-13,kg m-2 s-1
emiso2,2003,-1.336939589101697e-13,kg m-2 s-1
emiso2,2004,-1.4846169780136335e-13,kg m-2 s-1
