variable,year,value,unit
cltc,2000,-0.008788865934295842,%
cltc,2001,0.010748551217893976,%
cltc,2002,-0.0024952222080649733,%
cltc,2003,-0.00957871599573501,%
cltc,2004,-0.028345439243166126,%
