variable,year,value,unit
dryso4,2000,-1.425723332821778e-14,kg m-2 s-1
dryso4,2001,-1.2384628053417716e-14,kg m-2 s-1
dryso4,2002,-1.34181736255434e-14,kg m-2 s-1
dryso4,2003,-1.3429102043189589e-14,kg m-2 s-1
dryso4,2004,-1.2906886810098061e-14,kg m-2 s-1
