variable,year,value,unit
dryso2,2000,-6.49119064216671e-14,kg m-2 s-1
dryso2,2001,-6.850422343867799e-14,kg m-2 s-1
dryso2,2002,-7.059537125690865e-14,kg m-2 s-1
dryso2,2003,-7.140201681894851e-14,kg m-2 s-1
dryso2,2004,-7.929624465155288e-14,kg m-2 s-1
