variable,year,value,unit
dms,2000,-4.4845175841000544e-14,mol mol-1
dms,2001,8.295837575855749e-15,mol mol-1
dms,2002,-9.98604842781903e-16,mol mol-1
dms,2003,-4.2463968915387525e-14,mol mol-1
dms,2004,3.7669135281433426e-14,mol mol-1
