variable,year,value,unit
loadbc,2000,7.76984484950224e-12,kg m-2
loadbc,2001,1.1992615962556416e-11,kg m-2
loadbc,2002,-4.199882094117662e-12,kg m-2
loadbc,2003,2.2637313701506318e-11,kg m-2
loadbc,2004,-9.437191498115921e-13,kg m-2
