variable,year,value,unit
loadso4,2000,-2.0839847922347405e-08,kg m-2
loadso4,2001,-2.326603869049162e-08,kg m-2
loadso4,2002,-2.5471366574495975e-08,kg m-2
loadso4,2003,-1.7645109894068788e-08,kg m-2
loadso4,2004,-2.451158112311996e-08,kg m-2
