variable,year,value,unit
wetso2,2000,-5.603290865777289e-15,kg m-2 s-1
wetso2,2001,-4.815549439451677e-15,kg m-2 s-1
wetso2,2002,-4.819629320914002e-15,kg m-2 s-1
wetso2,2003,-5.478339390865958e-15,kg m-2 s-1
wetso2,2004,-5.475590263820423e-15,kg m-2 s-1
