variable,year,value,unit
rsutcs,2000,-0.0015913644924125947,W m-2
rsutcs,2001,-0.0019136277056759354,W m-2
rsutcs,2002,-0.0016522237421696673,W m-2
rsutcs,2003,-0.0021583220900680544,W m-2
rsutcs,2004,-0.0023806528682825956,W m-2
