variable,year,value,unit
emiso2,2000,-9.354810268546716e-15,kg m-2 s-1
emiso2,2001,-9.78349148043186e-15,kg m-2 s-1
emiso2,2002,-9.213239197610865e-15,kg m-2 s-1
emiso2,2003,-9.454311967429568e-15,kg m-2 s-1
emiso2,2004,-1.016715871985662e-14,kg m-2 s-1
