variable,year,value,unit
wetso4,2000,-0.256418647047882,kg m-2 s-1
wetso4,2001,-0.3370923430764822,kg m-2 s-1
wetso4,2002,-0.2554182954115922,kg m-2 s-1
wetso4,2003,-0.3582231311561075,kg m-2 s-1
wetso4,2004,-0.39058288583244033,kg m-2 s-1
