variable,year,value,unit
loadso4,2000,-0.2618087966105634,kg m-2
loadso4,2001,0.04830653373526895,kg m-2
loadso4,2002,-0.23296860377276818,kg m-2
loadso4,2003,-0.07129424980561795,kg m-2
loadso4,2004,-0.4314063177902977,kg m-2
