variable,year,value,unit
wetbc,2000,0.06203316476417472,kg m-2 s-1
wetbc,2001,-0.07532392293978793,kg m-2 s-1
wetbc,2002,-0.036891988278080094,kg m-2 s-1
wetbc,2003,0.08576034142227713,kg m-2 s-1
wetbc,2004,-0.06549057624038276,kg m-2 s-1
