variable,year,value,unit
loadbc,2000,0.28954182417017604,kg m-2
loadbc,2001,0.03685983856616047,kg m-2
loadbc,2002,0.14697916709541434,kg m-2
loadbc,2003,0.15160087941507844,kg m-2
loadbc,2004,0.010945285623426958,kg m-2
