variable,year,value,unit
mmrso4,2000,-0.4588334844229382,kg kg-1
mmrso4,2001,-0.2108222633258073,kg kg-1
mmrso4,2002,-0.2805171186886569,kg kg-1
mmrso4,2003,-0.5744468585908366,kg kg-1
mmrso4,2004,-0.4201559209608233,kg kg-1
