variable,year,value,unit
wetso2,2000,-0.4301906744591243,kg m-2 s-1
wetso2,2001,-0.39236400647002284,kg m-2 s-1
wetso2,2002,-0.42015400902287264,kg m-2 s-1
wetso2,2003,-0.46947090946067493,kg m-2 s-1
wetso2,2004,-0.44188608121368517,kg m-2 s-1
