variable,year,value,unit
wetso4,2000,9.488250427620833e-12,kg m-2 s-1
wetso4,2001,9.932081560069054e-12,kg m-2 s-1
wetso4,2002,1.0154094110297164e-11,kg m-2 s-1
wetso4,2003,9.741629645833028e-12,kg m-2 s-1
wetso4,2004,9.925835914290634e-12,kg m-2 s-1
