variable,year,value,unit
so2,2000,1.0328340882463534e-09,mol mol-1
so2,2001,1.096728700829129e-09,mol mol-1
so2,2002,1.0948399417643308e-09,mol mol-1
so2,2003,1.1530114633761253e-09,mol mol-1
so2,2004,1.1283679488905784e-09,mol mol-1
