variable,year,value,unit
emiso2,2000,1.5449993463251647e-11,kg m-2 s-1
emiso2,2001,1.6073138365513494e-11,kg m-2 s-1
emiso2,2002,1.620831420555265e-11,kg m-2 s-1
emiso2,2003,1.6537924739444514e-11,kg m-2 s-1
emiso2,2004,1.6563464695150216e-11,kg m-2 s-1
