variable,year,value,unit
rlut,2000,0.0030907142163190396,W m-2
rlut,2001,-0.0046632688511031445,W m-2
rlut,2002,-0.004638700231931088,W m-2
rlut,2003,-0.00997236542155514,W m-2
rlut,2004,-0.00257110225130858,W m-2
