variable,year,value,unit
rsut,2000,0.010026215324375882,W m-2
rsut,2001,0.02693541104293547,W m-2
rsut,2002,0.06665438114798372,W m-2
rsut,2003,0.05979279776146043,W m-2
rsut,2004,0.0005261717303617282,W m-2
