variable,year,value,unit
rsdt,2000,6.712995688615092e-08,W m-2
rsdt,2001,-4.1518725339351804e-08,W m-2
rsdt,2002,2.235923453561577e-08,W m-2
rsdt,2003,-2.0719411162379833e-08,W m-2
rsdt,2004,-2.9727811476700517e-08,W m-2
