variable,year,value,unit
wetso2,2000,-0.48859081445990166,kg m-2 s-1
wetso2,2001,-0.35831541614346946,kg m-2 s-1
wetso2,2002,-0.3559940214589314,kg m-2 s-1
wetso2,2003,-0.44341814943502156,kg m-2 s-1
wetso2,2004,-0.3576235649829698,kg m-2 s-1
