variable,year,value,unit
loadso4,2000,-0.0807201383426592,kg m-2
loadso4,2001,-0.1345084422601012,kg m-2
loadso4,2002,0.06988339126094442,kg m-2
loadso4,2003,-0.0915059922184832,kg m-2
loadso4,2004,-0.08273045497694553,kg m-2
