variable,year,value,unit
od550aer,2000,-0.06199252603384549,1
od550aer,2001,0.023062282600874808,1
od550aer,2002,-0.0032558868057232463,1
od550aer,2003,-0.022827595259049895,1
od550aer,2004,-0.035503414398755775,1
