variable,year,value,unit
dryso2,2000,-0.23381170373496887,kg m-2 s-1
dryso2,2001,-0.24502591508379282,kg m-2 s-1
dryso2,2002,-0.22855389257934125,kg m-2 s-1
dryso2,2003,-0.23911642564256835,kg m-2 s-1
dryso2,2004,-0.240417705420925,kg m-2 s-1
