variable,year,value,unit
mmrso4,2000,-0.07781914998307077,kg kg-1
mmrso4,2001,0.020043534777293395,kg kg-1
mmrso4,2002,-0.006616271472163349,kg kg-1
mmrso4,2003,0.0016179552813256463,kg kg-1
mmrso4,2004,-0.13940757102184317,kg kg-1
