variable,year,value,unit
mmrbc,2000,-0.03480003917004285,kg kg-1
mmrbc,2001,0.016831287874541852,kg kg-1
mmrbc,2002,-0.0062784841470504196,kg kg-1
mmrbc,2003,-0.004918972545425278,kg kg-1
mmrbc,2004,-0.008852372991589273,kg kg-1
