variable,year,value,unit
dryso4,2000,-0.1398312691416711,kg m-2 s-1
dryso4,2001,-0.09230823670972796,kg m-2 s-1
dryso4,2002,-0.08356179424034393,kg m-2 s-1
dryso4,2003,-0.11616162254152965,kg m-2 s-1
dryso4,2004,-0.11214988979057941,kg m-2 s-1
