variable,year,value,unit
emiso2,2000,-0.47714456204441347,kg m-2 s-1
emiso2,2001,-0.46247855059181975,kg m-2 s-1
emiso2,2002,-0.4805420921999086,kg m-2 s-1
emiso2,2003,-0.49265136482280525,kg m-2 s-1
emiso2,2004,-0.5001802119038631,kg m-2 s-1
