variable,year,value,unit
dryso4,2000,10.763725784358872,kg m-2 s-1
dryso4,2001,10.425816096528742,kg m-2 s-1
dryso4,2002,10.238709757215407,kg m-2 s-1
dryso4,2003,10.15785655195992,kg m-2 s-1
dryso4,2004,10.483565550675587,kg m-2 s-1
