variable,year,value,unit
cltc,2000,0.07404860748130772,%
cltc,2001,0.13740415686728508,%
cltc,2002,0.16956992395628648,%
cltc,2003,-0.07064701131164036,%
cltc,2004,0.32758333724081384,%
