variable,year,value,unit
mmrso4,2001,-2.75924740391842,kg kg-1
mmrso4,2002,-0.19494033635112715,kg kg-1
mmrso4,2003,3.8516330467523745,kg kg-1
mmrso4,2004,-0.52406949747467,kg kg-1
