variable,year,value,unit
rlutcs,2000,-0.0018355509417953093,W m-2
rlutcs,2001,-0.0010094525316935255,W m-2
rlutcs,2002,-0.011799262455421535,W m-2
rlutcs,2003,-0.0043704398590978695,W m-2
rlutcs,2004,-0.008749188896987075,W m-2
