variable,year,value,unit
mmrso4,2000,2.2361617587018983,kg kg-1
mmrso4,2001,1.7643730829991229,kg kg-1
mmrso4,2002,2.0722604840510894,kg kg-1
mmrso4,2003,1.7774743124499404,kg kg-1
mmrso4,2004,1.588068592395353,kg kg-1
