variable,year,value,unit
rlut,2001,-0.0013974070297498296,W m-2
rlut,2002,0.0003575618776742265,W m-2
rlut,2003,-0.00033558205958497624,W m-2
rlut,2004,-0.0003055831500085762,W m-2
