variable,year,value,unit
cl,2000,0.007333618560134932,%
cl,2001,-0.026782792966836208,%
cl,2002,0.11024573062252123,%
cl,2003,-0.047008227205466574,%
cl,2004,0.11826439656605212,%
