variable,year,value,unit
cltc,2001,0.08223491320624836,%
cltc,2002,0.3656882330695274,%
cltc,2003,0.09158576724991309,%
cltc,2004,0.028998314965497905,%
