variable,year,value,unit
drybc,2000,0.21761069945797296,kg m-2 s-1
drybc,2001,0.151356005108781,kg m-2 s-1
drybc,2002,-0.1768859669932995,kg m-2 s-1
drybc,2003,0.0173198328653609,kg m-2 s-1
drybc,2004,0.25633018881128194,kg m-2 s-1
