variable,year,value,unit
dryso2,2000,-39.53936241172536,kg m-2 s-1
dryso2,2001,-38.74219554608806,kg m-2 s-1
dryso2,2002,-38.293710349999145,kg m-2 s-1
dryso2,2003,-38.797600189165244,kg m-2 s-1
dryso2,2004,-38.85996563449124,kg m-2 s-1
