variable,year,value,unit
clt,2000,0.06231954931093739,%
clt,2001,0.005934168669139281,%
clt,2002,-0.0021637861927519962,%
clt,2003,-0.0017017775373861321,%
clt,2004,-0.0011320696461115764,%
