variable,year,value,unit
loadbc,2000,0.22788009570375267,kg m-2
loadbc,2001,-0.06386072251249234,kg m-2
loadbc,2002,0.11321598551924006,kg m-2
loadbc,2003,-0.01842061588205944,kg m-2
loadbc,2004,-0.07633286618977077,kg m-2
