variable,year,value,unit
od550aer,2001,-0.3742278067773664,1
od550aer,2002,-0.05407502480270973,1
od550aer,2003,0.21755541822910282,1
od550aer,2004,-0.1187797128653634,1
