variable,year,value,unit
dms,2000,-0.10389878850720459,mol mol-1
dms,2001,0.25539700264198817,mol mol-1
dms,2002,0.2312250432306207,mol mol-1
dms,2003,0.04756051936007069,mol mol-1
dms,2004,-0.34849314452439145,mol mol-1
