variable,year,value,unit
clt,2000,0.16880632284297112,%
clt,2001,-0.15537983283797105,%
clt,2002,0.0491329695678553,%
clt,2003,0.024775514298332326,%
clt,2004,-0.21177199305555897,%
