variable,year,value,unit
loadbc,2000,0.1684244540299214,kg m-2
loadbc,2001,-0.08107274888852972,kg m-2
loadbc,2002,0.1231420353983823,kg m-2
loadbc,2003,0.14726799904757398,kg m-2
loadbc,2004,0.04896616107963277,kg m-2
