variable,year,value,unit
cl,2000,-0.11229151445331953,%
cl,2001,0.10072332357976205,%
cl,2002,-0.15573771064823522,%
cl,2003,-0.14216401965824826,%
cl,2004,0.0026705983883079554,%
