variable,year,value,unit
drybc,2001,0.04098950466802693,kg m-2 s-1
drybc,2002,0.10112241048855806,kg m-2 s-1
drybc,2003,0.04096066944366252,kg m-2 s-1
drybc,2004,0.18976427296582965,kg m-2 s-1
