variable,year,value,unit
loadbc,2000,-0.11966522353514662,kg m-2
loadbc,2001,-0.0890032979961358,kg m-2
loadbc,2002,-0.07711373607687907,kg m-2
loadbc,2003,-0.1978735885714524,kg m-2
loadbc,2004,-0.15097185518434644,kg m-2
