variable,year,value,unit
loadso2,2000,4.630318927565148,kg m-2
loadso2,2001,4.265671575848826,kg m-2
loadso2,2002,4.244987599519866,kg m-2
loadso2,2003,4.200418896773897,kg m-2
loadso2,2004,3.935031630031759,kg m-2
