variable,year,value,unit
loadso2,2000,7.246743544153465,kg m-2
loadso2,2001,7.636843626087315,kg m-2
loadso2,2002,7.828078683624236,kg m-2
loadso2,2003,7.281716407807798,kg m-2
loadso2,2004,6.728318004323736,kg m-2
