variable,year,value,unit
dryso2,2000,-41.24342971067072,kg m-2 s-1
dryso2,2001,-40.60314422282819,kg m-2 s-1
dryso2,2002,-39.80654471881617,kg m-2 s-1
dryso2,2003,-40.61920818116597,kg m-2 s-1
dryso2,2004,-42.1390408133904,kg m-2 s-1
