variable,year,value,unit
dms,2000,-0.10291506700202598,mol mol-1
dms,2001,-0.10916414620345784,mol mol-1
dms,2002,-0.028826680809775847,mol mol-1
dms,2003,-0.07315018108146859,mol mol-1
dms,2004,0.02408307741954671,mol mol-1
