variable,year,value,unit
loadso2,2000,3.0902365038152557,kg m-2
loadso2,2001,3.631923241295549,kg m-2
loadso2,2002,4.243936751883448,kg m-2
loadso2,2003,3.39602937600397,kg m-2
loadso2,2004,3.692059522172939,kg m-2
