variable,year,value,unit
mmrso4,2000,4.091905645482828,kg kg-1
mmrso4,2001,3.9166250347756755,kg kg-1
mmrso4,2002,3.7893698836200715,kg kg-1
mmrso4,2003,4.321686796284565,kg kg-1
mmrso4,2004,3.612202592376072,kg kg-1
