variable,year,value,unit
mmrso4,2000,16.331362486324917,kg kg-1
mmrso4,2001,16.782509405551963,kg kg-1
mmrso4,2002,15.759129162234833,kg kg-1
mmrso4,2003,16.630697029032593,kg kg-1
mmrso4,2004,16.955570433965555,kg kg-1
