variable,year,value,unit
wetbc,2000,-0.35338871233975877,kg m-2 s-1
wetbc,2001,0.15394924955865097,kg m-2 s-1
wetbc,2002,0.01249817502593807,kg m-2 s-1
wetbc,2003,0.32901851152304623,kg m-2 s-1
wetbc,2004,-0.04807266484409056,kg m-2 s-1
