variable,year,value,unit
loadso4,2000,14.879355568291011,kg m-2
loadso4,2001,14.58318217881567,kg m-2
loadso4,2002,13.366398738242227,kg m-2
loadso4,2003,14.472174534142274,kg m-2
loadso4,2004,14.352516548182495,kg m-2
