variable,year,value,unit
wetbc,2000,0.18463579630613097,kg m-2 s-1
wetbc,2001,0.2123302609769255,kg m-2 s-1
wetbc,2002,-0.04935010222939782,kg m-2 s-1
wetbc,2003,-0.19722202221779064,kg m-2 s-1
wetbc,2004,0.07433655179123246,kg m-2 s-1
