variable,year,value,unit
dryso2,2000,-25.386149734137735,kg m-2 s-1
dryso2,2001,-26.064527699111434,kg m-2 s-1
dryso2,2002,-25.59917576255671,kg m-2 s-1
dryso2,2003,-26.10550793799298,kg m-2 s-1
dryso2,2004,-26.0220661478966,kg m-2 s-1
