variable,year,value,unit
cltc,2000,-0.016746897385470704,%
cltc,2001,1.671189769271227e+36,%
cltc,2002,-0.021530320864538353,%
cltc,2003,0.010556799221467957,%
cltc,2004,0.0018650725214992025,%
