variable,year,value,unit
dryso4,2000,4.3326279600058655,kg m-2 s-1
dryso4,2001,4.159001274505141,kg m-2 s-1
dryso4,2002,3.8706205487486045,kg m-2 s-1
dryso4,2003,4.744861887895373,kg m-2 s-1
dryso4,2004,3.8547996133513096,kg m-2 s-1
