variable,year,value,unit
od550aer,2000,1.2515067767387236,1
od550aer,2001,0.7626414661934577,1
od550aer,2002,1.011796704238587,1
od550aer,2003,1.2290179473857334,1
od550aer,2004,0.8972982733189099,1
