variable,year,value,unit
rlut,2001,0.0006123320674734309,W m-2
rlut,2002,-0.030866191454143536,W m-2
rlut,2003,-0.009451648135453029,W m-2
rlut,2004,-0.030131288563375824,W m-2
