variable,year,value,unit
rlut,2000,-0.048307446219864526,W m-2
rlut,2001,0.03566006969447785,W m-2
rlut,2002,0.02388274150815885,W m-2
rlut,2003,0.07553699936310547,W m-2
rlut,2004,0.026303345083595248,W m-2
