variable,year,value,unit
loadso4,2000,10.785375089213202,kg m-2
loadso4,2001,9.354297354681238,kg m-2
loadso4,2002,10.745352044475647,kg m-2
loadso4,2003,14.39379226362624,kg m-2
loadso4,2004,11.760144321040155,kg m-2
