variable,year,value,unit
cl,2000,8.24106662367071,%
cl,2001,8.159779887166355,%
cl,2002,8.228799468279707,%
cl,2003,8.197248048484793,%
cl,2004,8.372702720336939,%
