variable,year,value,unit
rsdt,2000,340.4529293820044,W m-2
rsdt,2001,340.45797528121767,W m-2
rsdt,2002,340.46620894587335,W m-2
rsdt,2003,340.3484680405351,W m-2
rsdt,2004,340.2728775428777,W m-2
