variable,year,value,unit
rsutcs,2000,52.1456217231293,W m-2
rsutcs,2001,52.34199612039448,W m-2
rsutcs,2002,52.240004854723026,W m-2
rsutcs,2003,52.24128889623204,W m-2
rsutcs,2004,52.1228011585825,W m-2
