variable,year,value,unit
wetbc,2000,1.9525502598012903e-13,kg m-2 s-1
wetbc,2001,1.9011792483173104e-13,kg m-2 s-1
wetbc,2002,1.9156398242463006e-13,kg m-2 s-1
wetbc,2003,1.9648180023546803e-13,kg m-2 s-1
wetbc,2004,2.005268588699503e-13,kg m-2 s-1
