variable,year,value,unit
dryso2,2000,4.190431439204589e-12,kg m-2 s-1
dryso2,2001,4.200020275132999e-12,kg m-2 s-1
dryso2,2002,4.1836404371149745e-12,kg m-2 s-1
dryso2,2003,4.2840488727602355e-12,kg m-2 s-1
dryso2,2004,4.489640773654125e-12,kg m-2 s-1
