variable,year,value,unit
dms,2000,8.011821435517284e-11,mol mol-1
dms,2001,8.266535645452107e-11,mol mol-1
dms,2002,8.205880378257707e-11,mol mol-1
dms,2003,8.282681994880228e-11,mol mol-1
dms,2004,7.913053368782573e-11,mol mol-1
