variable,year,value,unit
dms,2000,7.496964259911557e-11,mol mol-1
dms,2001,7.761713947449017e-11,mol mol-1
dms,2002,7.54810427800921e-11,mol mol-1
dms,2003,7.517406421748179e-11,mol mol-1
dms,2004,7.615110994721603e-11,mol mol-1
