variable,year,value,unit
drybc,2000,1.4144132796025826e-13,kg m-2 s-1
drybc,2001,1.448884217130794e-13,kg m-2 s-1
drybc,2002,1.5305575952976073e-13,kg m-2 s-1
drybc,2003,1.591868566857592e-13,kg m-2 s-1
drybc,2004,1.6272955079838592e-13,kg m-2 s-1
