variable,year,value,unit
bldep,2001,706.3962854638453,m
bldep,2002,702.2254367205107,m
bldep,2003,701.0378787580827,m
bldep,2004,701.0646366311744,m
