variable,year,value,unit
rsutcs,2000,0.005024889791258147,W m-2
rsutcs,2001,0.004234883730454442,W m-2
rsutcs,2002,0.003185899077656984,W m-2
rsutcs,2003,0.005325806013537715,W m-2
rsutcs,2004,0.0027342589285908048,W m-2
