variable,year,value,unit
dryso4,2000,-1.7378183266201481e-15,kg m-2 s-1
dryso4,2001,-1.1565293643373702e-15,kg m-2 s-1
dryso4,2002,-1.972872138721358e-15,kg m-2 s-1
dryso4,2003,-1.7944904270655372e-15,kg m-2 s-1
dryso4,2004,-1.6157019015095937e-15,kg m-2 s-1
