variable,year,value,unit
drybc,2000,8.708946143450855e-17,kg m-2 s-1
drybc,2001,-4.216653621076372e-18,kg m-2 s-1
drybc,2002,-2.4922558754476935e-17,kg m-2 s-1
drybc,2003,-1.709845102690728e-17,kg m-2 s-1
drybc,2004,-4.810874800903985e-17,kg m-2 s-1
