variable,year,value,unit
so2,2000,-3.991852887675704e-13,mol mol-1
so2,2001,-4.069489819742528e-13,mol mol-1
so2,2002,-4.1226204356421866e-13,mol mol-1
so2,2003,-3.866797765906473e-13,mol mol-1
so2,2004,-3.813081465714497e-13,mol mol-1
