variable,year,value,unit
clivi,2000,-3.7415587369141884e-06,kg m-2
clivi,2001,-1.0996469765548605e-05,kg m-2
clivi,2002,-5.136873582316931e-06,kg m-2
clivi,2003,1.3228606255933154e-05,kg m-2
clivi,2004,7.009431798812513e-06,kg m-2
