variable,year,value,unit
dryso4,2000,-1.623452454710873e-14,kg m-2 s-1
dryso4,2001,-1.5891329854269947e-14,kg m-2 s-1
dryso4,2002,-1.615185864468459e-14,kg m-2 s-1
dryso4,2003,-1.5905562935534466e-14,kg m-2 s-1
dryso4,2004,-1.662102707762705e-14,kg m-2 s-1
