variable,year,value,unit
rsut,2000,-0.008084489707982812,W m-2
rsut,2001,-0.010108564638969142,W m-2
rsut,2002,0.008469641456628096,W m-2
rsut,2003,-0.011423880335982517,W m-2
rsut,2004,-0.007857667372732635,W m-2
