variable,year,value,unit
dryso2,2000,-1.6689468156931594e-14,kg m-2 s-1
dryso2,2001,-1.7755432845664627e-14,kg m-2 s-1
dryso2,2002,-1.7678075040724187e-14,kg m-2 s-1
dryso2,2003,-1.7183406903010102e-14,kg m-2 s-1
dryso2,2004,-1.8055879133424013e-14,kg m-2 s-1
