variable,year,value,unit
so2,2000,9.008343239696039e-11,mol mol-1
so2,2001,9.427215053823618e-11,mol mol-1
so2,2002,8.915703211617558e-11,mol mol-1
so2,2003,1.1127712397254486e-10,mol mol-1
so2,2004,1.0894727529347508e-10,mol mol-1
