variable,year,value,unit
od550aer,2000,0.05506142638900441,1
od550aer,2001,0.054063652537099355,1
od550aer,2002,0.060277597004532446,1
od550aer,2003,0.06310689189711585,1
od550aer,2004,0.060427587538110145,1
