variable,year,value,unit
loadso4,2000,-2.07341452428124,kg m-2
loadso4,2001,-2.1096208721138368,kg m-2
loadso4,2002,-2.075293803698212,kg m-2
loadso4,2003,-1.9555029218930462,kg m-2
loadso4,2004,-2.215014095540622,kg m-2
