variable,year,value,unit
loadbc,2000,-0.17375432,kg m-2
loadbc,2001,-0.0065296995,kg m-2
loadbc,2002,-0.03570145,kg m-2
loadbc,2003,-0.10273312,kg m-2
loadbc,2004,-0.091933176,kg m-2
