variable,year,value,unit
rlutcs,2000,-0.0027458644,W m-2
rlutcs,2001,0.0025107549,W m-2
rlutcs,2002,-0.0022746935,W m-2
rlutcs,2003,-0.0027973661,W m-2
rlutcs,2004,-0.000104574676,W m-2
