variable,year,value,unit
wetso2,2000,-2.3703313,kg m-2 s-1
wetso2,2001,-2.260653,kg m-2 s-1
wetso2,2002,-2.1691608,kg m-2 s-1
wetso2,2003,-2.280139,kg m-2 s-1
wetso2,2004,-2.5145426,kg m-2 s-1
