variable,year,value,unit
rsut,2000,-0.10267785,W m-2
rsut,2001,-0.111140765,W m-2
rsut,2002,-0.10185072,W m-2
rsut,2003,-0.09902637,W m-2
rsut,2004,-0.08863348,W m-2
