variable,year,value,unit
rsut,2000,-65.97281,W m-2
rsut,2001,-66.17251,W m-2
rsut,2002,-65.952225,W m-2
rsut,2003,-66.1007,W m-2
rsut,2004,-66.140076,W m-2
