variable,year,value,unit
drybc,2000,-0.0059980936,kg m-2 s-1
drybc,2001,0.019334018,kg m-2 s-1
drybc,2002,-0.006618155,kg m-2 s-1
drybc,2003,0.046008043,kg m-2 s-1
drybc,2004,0.032093816,kg m-2 s-1
