variable,year,value,unit
rlut,2000,-0.011672136407944208,W m-2
rlut,2001,-0.009162420532787693,W m-2
rlut,2002,0.0005232234905444087,W m-2
rlut,2003,0.0015126098205872872,W m-2
rlut,2004,-0.017521721168687193,W m-2
