variable,year,value,unit
clivi,2000,0.06262978178778082,kg m-2
clivi,2001,-0.21054507528783978,kg m-2
clivi,2002,0.2619724747162072,kg m-2
clivi,2003,0.5157735767110541,kg m-2
clivi,2004,0.1402631219320947,kg m-2
