variable,year,value,unit
loadso4,2000,-0.0709615484916187,kg m-2
loadso4,2001,-0.03818587665552757,kg m-2
loadso4,2002,-0.06656214054946984,kg m-2
loadso4,2003,0.07558730207759505,kg m-2
loadso4,2004,-0.2044638550038611,kg m-2
