variable,year,value,unit
wetso4,2000,-0.15488790683870898,kg m-2 s-1
wetso4,2001,-0.09096814850904417,kg m-2 s-1
wetso4,2002,-0.1696562178111478,kg m-2 s-1
wetso4,2003,-0.1040413715843228,kg m-2 s-1
wetso4,2004,0.02881366325097614,kg m-2 s-1
