variable,year,value,unit
wetso4,2000,-1.4122401213045717,kg m-2 s-1
wetso4,2001,-1.7164401791850585,kg m-2 s-1
wetso4,2002,-1.557962331248457,kg m-2 s-1
wetso4,2003,-1.7834781516687623,kg m-2 s-1
wetso4,2004,-1.8677721401869856,kg m-2 s-1
