variable,year,value,unit
rsdt,2000,1.2708009183079663e-07,W m-2
rsdt,2001,1.7828049408385208e-08,W m-2
rsdt,2002,-7.1794194916416e-08,W m-2
rsdt,2003,6.99478720784872e-08,W m-2
rsdt,2004,5.89260456509358e-09,W m-2
