variable,year,value,unit
emibc,2000,6.587189498832775e-08,kg m-2 s-1
emibc,2001,4.206237253834831e-09,kg m-2 s-1
emibc,2002,2.2079204294655248e-08,kg m-2 s-1
emibc,2003,-1.043784217245328e-08,kg m-2 s-1
emibc,2004,-6.546720545074835e-09,kg m-2 s-1
