variable,year,value,unit
drybc,2000,-0.028583376447448187,kg m-2 s-1
drybc,2001,0.058531055465209,kg m-2 s-1
drybc,2002,-0.017004859724860436,kg m-2 s-1
drybc,2003,-0.015932051717344915,kg m-2 s-1
drybc,2004,0.03480528682602272,kg m-2 s-1
