variable,year,value,unit
wetso2,2000,-2.2772361547243487,kg m-2 s-1
wetso2,2001,-2.2526564778365024,kg m-2 s-1
wetso2,2002,-2.3149507258473716,kg m-2 s-1
wetso2,2003,-2.327694687503338,kg m-2 s-1
wetso2,2004,-2.38137866891502,kg m-2 s-1
