variable,year,value,unit
rsutcs,2000,0.5767356640972435,W m-2
rsutcs,2001,0.5629610985765785,W m-2
rsutcs,2002,0.5195335987359088,W m-2
rsutcs,2003,0.5055778563441865,W m-2
rsutcs,2004,0.5291448661144611,W m-2
