variable,year,value,unit
loadso4,2000,-1.7705662567892502,kg m-2
loadso4,2001,-2.036693482642967,kg m-2
loadso4,2002,-1.9731897040057491,kg m-2
loadso4,2003,-2.3644379254859613,kg m-2
loadso4,2004,-2.0833977885376216,kg m-2
