variable,year,value,unit
mmrbc,2000,2.5263831475448546e-14,kg kg-1
mmrbc,2001,-7.646478738033487e-15,kg kg-1
mmrbc,2002,4.874772541231002e-14,kg kg-1
mmrbc,2003,1.1034012180750792e-14,kg kg-1
mmrbc,2004,-4.963387492710014e-14,kg kg-1
