variable,year,value,unit
rlutcs,2000,0.003961803340359893,W m-2
rlutcs,2001,-0.0021035152992681105,W m-2
rlutcs,2002,0.0035500144362572428,W m-2
rlutcs,2003,-0.0029864122230947032,W m-2
rlutcs,2004,-0.003718789231413666,W m-2
