variable,year,value,unit
cltc,2000,-0.0007548970884907469,%
cltc,2001,-0.0008702023854050278,%
cltc,2002,7.771842568404796e-05,%
cltc,2003,-0.0017112134564623016,%
cltc,2004,-0.0009634565817444596,%
