variable,year,value,unit
clt,2000,-0.05266554692418168,%
clt,2001,-0.08130899523269619,%
clt,2002,-0.058839458208254314,%
clt,2003,-0.04277095415774568,%
clt,2004,0.04981966110898384,%
