variable,year,value,unit
drybc,2000,-1.763990521774853e-16,kg m-2 s-1
drybc,2001,-1.7432437952014068e-16,kg m-2 s-1
drybc,2002,5.734776294858501e-18,kg m-2 s-1
drybc,2003,5.886753238005606e-16,kg m-2 s-1
drybc,2004,1.789272190687462e-16,kg m-2 s-1
