variable,year,value,unit
rsut,2000,0.5360086617221498,W m-2
rsut,2001,0.004135250550064029,W m-2
rsut,2002,0.002507984679439801,W m-2
rsut,2003,0.002061554533582921,W m-2
rsut,2004,0.0022611189276346977,W m-2
