variable,year,value,unit
loadso4,2000,6.549789399003533e-08,kg m-2
loadso4,2001,7.713294779854778e-08,kg m-2
loadso4,2002,7.584953679121294e-08,kg m-2
loadso4,2003,7.36246425654172e-08,kg m-2
loadso4,2004,7.93411658201773e-08,kg m-2
