variable,year,value,unit
rlutcs,2000,0.002946971202874238,W m-2
rlutcs,2001,-0.0063372237002568,W m-2
rlutcs,2002,-0.0020683439221613753,W m-2
rlutcs,2003,-0.0019308370489454774,W m-2
rlutcs,2004,-0.011891140585845505,W m-2
