variable,year,value,unit
drybc,2000,-1.016913951429006e-16,kg m-2 s-1
drybc,2001,-5.289557200008873e-17,kg m-2 s-1
drybc,2002,-1.722914456228412e-16,kg m-2 s-1
drybc,2003,-1.3971252526861384e-16,kg m-2 s-1
drybc,2004,3.2844233628105395e-17,kg m-2 s-1
