variable,year,value,unit
emiso2,2000,-2.236598958626395e-14,kg m-2 s-1
emiso2,2001,-2.340044454143548e-14,kg m-2 s-1
emiso2,2002,-2.2993692130765676e-14,kg m-2 s-1
emiso2,2003,-2.356458782320646e-14,kg m-2 s-1
emiso2,2004,-2.38999806835163e-14,kg m-2 s-1
