variable,year,value,unit
rlut,2000,-0.13428781788729793,W m-2
rlut,2001,-0.042027429750220335,W m-2
rlut,2002,-0.01792352563703048,W m-2
rlut,2003,-0.012544162876565679,W m-2
rlut,2004,-0.04444091902871605,W m-2
