variable,year,value,unit
rlutcs,2000,0.10661708676371973,W m-2
rlutcs,2001,-0.00030407647471974997,W m-2
rlutcs,2002,-0.0001857579291595357,W m-2
rlutcs,2003,-0.0002886676663251819,W m-2
rlutcs,2004,-0.00016390594242920997,W m-2
