variable,year,value,unit
clt,2000,-0.009941339857995501,%
clt,2001,0.026890418728903853,%
clt,2002,0.009524402029938983,%
clt,2003,-0.01183398991202722,%
clt,2004,-0.014835981843368984,%
