variable,year,value,unit
emibc,2000,6.084287009852231e-22,kg m-2 s-1
emibc,2001,1.91502207277221e-22,kg m-2 s-1
emibc,2002,7.906921732372791e-22,kg m-2 s-1
emibc,2003,-6.018728503442786e-23,kg m-2 s-1
emibc,2004,6.877762435824424e-22,kg m-2 s-1
