variable,year,value,unit
drybc,2000,-0.11859835491592209,kg m-2 s-1
drybc,2001,0.04101177853246702,kg m-2 s-1
drybc,2002,-0.02713828616911186,kg m-2 s-1
drybc,2003,0.09158736398281585,kg m-2 s-1
drybc,2004,0.0786733514136477,kg m-2 s-1
