variable,year,value,unit
rlutcs,2000,0.006059042534566215,W m-2
rlutcs,2001,0.0007573960580228928,W m-2
rlutcs,2002,-0.00027757063353394036,W m-2
rlutcs,2003,0.0027752633818842235,W m-2
rlutcs,2004,0.0016194195916286941,W m-2
