variable,year,value,unit
rsutcs,2000,-0.04534867677018807,W m-2
rsutcs,2001,-0.050734411748959964,W m-2
rsutcs,2002,-0.047495231525089936,W m-2
rsutcs,2003,-0.06410460383965864,W m-2
rsutcs,2004,-0.06054067222544437,W m-2
