variable,year,value,unit
emiso2,2000,-1.4887515082968672,kg m-2 s-1
emiso2,2001,-1.58245450681581,kg m-2 s-1
emiso2,2002,-1.4291485334185305,kg m-2 s-1
emiso2,2003,-1.5157852971845898,kg m-2 s-1
emiso2,2004,-1.632653931542625,kg m-2 s-1
