variable,year,value,unit
wetbc,2000,0.12543075979575047,kg m-2 s-1
wetbc,2001,-0.16889791740931925,kg m-2 s-1
wetbc,2002,-0.26142700681290176,kg m-2 s-1
wetbc,2003,0.17486783686529542,kg m-2 s-1
wetbc,2004,0.2845688955176251,kg m-2 s-1
