variable,year,value,unit
mmrso4,2000,-1.7584268977479236,kg kg-1
mmrso4,2001,-1.8170458158466154,kg kg-1
mmrso4,2002,-1.6232561327335544,kg kg-1
mmrso4,2003,-1.7733240162973878,kg kg-1
mmrso4,2004,-1.9477223797362775,kg kg-1
