variable,year,value,unit
emiso2,2000,-12.162906903494452,kg m-2 s-1
emiso2,2001,-12.373258611688023,kg m-2 s-1
emiso2,2002,-12.076970550647516,kg m-2 s-1
emiso2,2003,-12.469588133027605,kg m-2 s-1
emiso2,2004,-12.93945441195662,kg m-2 s-1
