variable,year,value,unit
rlut,2000,0.0036297232562882446,W m-2
rlut,2001,-0.005411844077175462,W m-2
rlut,2002,-0.005063515656316652,W m-2
rlut,2003,0.008902501499936743,W m-2
rlut,2004,-0.009513733968243255,W m-2
