variable,year,value,unit
mmrbc,2000,-0.28312164599294,kg kg-1
mmrbc,2001,0.1658022155970486,kg kg-1
mmrbc,2002,-0.15458400084584645,kg kg-1
mmrbc,2003,0.12048784886813584,kg kg-1
mmrbc,2004,0.06382001524426163,kg kg-1
