variable,year,value,unit
emiso2,2000,-2.9829069839739613,kg m-2 s-1
emiso2,2001,-3.1748155613683373,kg m-2 s-1
emiso2,2002,-2.8654030779337814,kg m-2 s-1
emiso2,2003,-3.0330609211764323,kg m-2 s-1
emiso2,2004,-3.2587027591165074,kg m-2 s-1
