variable,year,value,unit
dryso4,2000,-1.7842680969533435,kg m-2 s-1
dryso4,2001,-1.825291651249419,kg m-2 s-1
dryso4,2002,-1.6276229818119725,kg m-2 s-1
dryso4,2003,-1.7712568299582239,kg m-2 s-1
dryso4,2004,-1.9665866706087352,kg m-2 s-1
