variable,year,value,unit
clt,2001,-1.0701559274650805,%
clt,2002,-0.9323289580645735,%
clt,2003,-0.04354688280732688,%
clt,2004,-0.8608738910219955,%
clt,2005,-0.13001814589836158,%
