variable,year,value,unit
loadso4,2001,-3.619078207369609e-08,kg m-2
loadso4,2002,-3.316548045765242e-08,kg m-2
loadso4,2003,-3.773455988835818e-08,kg m-2
loadso4,2004,-3.32840128880342e-08,kg m-2
loadso4,2005,-4.2368907112312526e-08,kg m-2
