variable,year,value,unit
od550aer,2001,-0.001856703564600444,1
od550aer,2002,-0.00042474756599139574,1
od550aer,2003,0.0005686619771532453,1
od550aer,2004,0.0008214456871136547,1
od550aer,2005,-0.00196443293737978,1
