variable,year,value,unit
loadso2,2000,-1.518597078317472e-08,kg m-2
loadso2,2001,-2.003811483342515e-08,kg m-2
loadso2,2002,-1.4837482708319514e-08,kg m-2
loadso2,2003,-1.7414280524301704e-08,kg m-2
loadso2,2004,-2.2783656096983178e-08,kg m-2
