variable,year,value,unit
emibc,2001,1.1351849386107792e-19,kg m-2 s-1
emibc,2002,5.962217769659279e-20,kg m-2 s-1
emibc,2003,-1.5205434150805966e-20,kg m-2 s-1
emibc,2004,1.7709477684117514e-20,kg m-2 s-1
emibc,2005,2.6050140133294294e-20,kg m-2 s-1
