variable,year,value,unit
dryso2,2000,-2.973773371331189e-14,kg m-2 s-1
dryso2,2001,-2.842430254758507e-14,kg m-2 s-1
dryso2,2002,-2.87657594077364e-14,kg m-2 s-1
dryso2,2003,-3.215249581555889e-14,kg m-2 s-1
dryso2,2004,-3.151448779134963e-14,kg m-2 s-1
