variable,year,value,unit
wetso4,2000,7.643920204552634e-12,kg m-2 s-1
wetso4,2001,7.250156238297027e-12,kg m-2 s-1
wetso4,2002,6.978728783339543e-12,kg m-2 s-1
wetso4,2003,6.9778293745149454e-12,kg m-2 s-1
wetso4,2004,6.499683569703602e-12,kg m-2 s-1
