variable,year,value,unit
rlutcs,2001,0.8330185650326882,W m-2
rlutcs,2002,1.1192547791173695,W m-2
rlutcs,2003,-0.20779158152748778,W m-2
rlutcs,2004,0.7549544829427361,W m-2
rlutcs,2005,0.0664840216639675,W m-2
