variable,year,value,unit
drybc,2001,-7.974413929610576e-17,kg m-2 s-1
drybc,2002,-3.1798154222880284e-17,kg m-2 s-1
drybc,2003,-1.9175891346040855e-17,kg m-2 s-1
drybc,2004,-2.6037030831058325e-16,kg m-2 s-1
drybc,2005,-5.534130841446932e-16,kg m-2 s-1
