variable,year,value,unit
mmrso4,2000,-9.673992676377633e-12,kg kg-1
mmrso4,2001,-1.0242789398063954e-11,kg kg-1
mmrso4,2002,-1.006750830598479e-11,kg kg-1
mmrso4,2003,-1.3135411722331528e-11,kg kg-1
mmrso4,2004,-1.2202755554687041e-11,kg kg-1
