variable,year,value,unit
wetbc,2000,4.721142160714077e-18,kg m-2 s-1
wetbc,2001,2.8728017652665034e-17,kg m-2 s-1
wetbc,2002,2.726175492535409e-17,kg m-2 s-1
wetbc,2003,-7.56472796821325e-17,kg m-2 s-1
wetbc,2004,3.517830207752458e-17,kg m-2 s-1
