variable,year,value,unit
cl,2000,-0.006365047660393586,%
cl,2001,-0.0160039507428138,%
cl,2002,-0.014822897496022946,%
cl,2003,-0.0021709977162629457,%
cl,2004,-0.0053189488531666385,%
cl,2005,-0.027192856946295585,%
cl,2006,-0.013084199465870583,%
cl,2007,-0.008079418882873668,%
cl,2008,-0.020538057888646044,%
cl,2009,-0.018701755383566443,%
