variable,year,value,unit
od550aer,2001,-0.00038214028,1
od550aer,2002,0.00014103949,1
od550aer,2003,9.973906e-05,1
od550aer,2004,-9.0805814e-05,1
od550aer,2005,0.0003863331,1
