variable,year,value,unit
clivi,2001,-6.4745545e-06,kg m-2
clivi,2002,3.2790005e-05,kg m-2
clivi,2003,-2.7768314e-05,kg m-2
clivi,2004,4.8458576e-05,kg m-2
clivi,2005,4.891306e-06,kg m-2
