variable,year,value,unit
mmrso4,2000,2.786807374286583e-13,kg kg-1
mmrso4,2001,3.2119889351681287e-13,kg kg-1
mmrso4,2002,7.654513592582195e-13,kg kg-1
mmrso4,2003,1.0111644515002569e-12,kg kg-1
mmrso4,2004,2.406480352914571e-13,kg kg-1
