variable,year,value,unit
mmrso4,2000,4.853636333977423e-13,kg kg-1
mmrso4,2001,3.552203694337437e-13,kg kg-1
mmrso4,2002,3.2982833187025587e-13,kg kg-1
mmrso4,2003,2.2130335474049918e-13,kg kg-1
mmrso4,2004,2.872464384144938e-13,kg kg-1
