variable,year,value,unit
clivi,2000,-0.0002144186651098362,kg m-2
clivi,2001,0.0002556161050875916,kg m-2
clivi,2002,-0.0001810651673711111,kg m-2
clivi,2003,0.00027259793019819567,kg m-2
clivi,2004,-0.00020123967862629988,kg m-2
clivi,2005,0.0002984980957008859,kg m-2
clivi,2006,0.0002786620057887851,kg m-2
clivi,2007,-2.310580752309943e-05,kg m-2
clivi,2008,1.5558932690271088e-05,kg m-2
clivi,2009,0.00033305171135057654,kg m-2
