variable,year,value,unit
rlutcs,2000,-0.0016174316,W m-2
rlutcs,2001,0.015136719,W m-2
rlutcs,2002,-0.0043640137,W m-2
rlutcs,2003,-0.010345459,W m-2
rlutcs,2004,0.0028076172,W m-2
