variable,year,value,unit
rsut,2001,0.018753052,W m-2
rsut,2002,-0.18402863,W m-2
rsut,2003,0.0977478,W m-2
rsut,2004,0.17454529,W m-2
rsut,2005,-0.11566925,W m-2
