variable,year,value,unit
rlutcs,2000,0.0015344557941148196,W m-2
rlutcs,2001,0.0049749819635849235,W m-2
rlutcs,2002,0.0007177446066179982,W m-2
rlutcs,2003,-0.006491162680049456,W m-2
rlutcs,2004,-0.0019732047132379193,W m-2
rlutcs,2005,0.0002659319234226132,W m-2
rlutcs,2006,-0.0032899700093480533,W m-2
rlutcs,2007,0.00010503248250870456,W m-2
rlutcs,2008,-0.00039934585981882265,W m-2
rlutcs,2009,-0.00035176740857423283,W m-2
