variable,year,value,unit
rlutcs,2001,-0.038116455,W m-2
rlutcs,2002,0.16860962,W m-2
rlutcs,2003,-0.24203491,W m-2
rlutcs,2004,0.1748352,W m-2
rlutcs,2005,-0.021850586,W m-2
