variable,year,value,unit
mmrso4,2000,-0.9821098809854606,kg kg-1
mmrso4,2001,-0.6829883775408276,kg kg-1
mmrso4,2002,0.10956140052990306,kg kg-1
mmrso4,2003,-1.0862575465740387,kg kg-1
mmrso4,2004,-1.009746893096915,kg kg-1
