variable,year,value,unit
rsutcs,2001,-0.014491983205786596,W m-2
rsutcs,2002,-0.014381742553119636,W m-2
rsutcs,2003,-0.015854992577779115,W m-2
rsutcs,2004,-0.017595842222867475,W m-2
rsutcs,2005,-0.023901975303374456,W m-2
