variable,year,value,unit
od550aer,2000,-0.0007412508657938799,1
od550aer,2001,-0.0006066416275986586,1
od550aer,2002,-0.0006018222068192997,1
od550aer,2003,-0.0006788255101588259,1
od550aer,2004,-0.0007595553915628744,1
od550aer,2005,-0.0007243272508925397,1
od550aer,2006,-0.0007169026224870811,1
od550aer,2007,-0.0006522840984244244,1
od550aer,2008,-0.0006515419728360811,1
od550aer,2009,-0.0007059607868696305,1
