variable,year,value,unit
mmrbc,2000,1.2369998532028938e-15,kg kg-1
mmrbc,2001,-1.1751295523041413e-14,kg kg-1
mmrbc,2002,1.7643304006242704e-14,kg kg-1
mmrbc,2003,1.062232854617977e-15,kg kg-1
mmrbc,2004,-1.3517201832639373e-14,kg kg-1
