variable,year,value,unit
rlutcs,2000,0.0011809201571963968,W m-2
rlutcs,2001,0.030839000131209104,W m-2
rlutcs,2002,0.009529072497741709,W m-2
rlutcs,2003,0.027062906864955494,W m-2
rlutcs,2004,-0.008219177848786785,W m-2
rlutcs,2005,0.015626854084928254,W m-2
rlutcs,2006,0.018884083838827337,W m-2
rlutcs,2007,0.005266149677595422,W m-2
rlutcs,2008,1.4484121550140117e-05,W m-2
rlutcs,2009,-0.005867696788243393,W m-2
