variable,year,value,unit
loadbc,2000,-6.419316062179876e-10,kg m-2
loadbc,2001,2.0998421661678612e-10,kg m-2
loadbc,2002,-1.2377028542548083e-10,kg m-2
loadbc,2003,4.876912994829658e-10,kg m-2
loadbc,2004,-3.0604648870697243e-10,kg m-2
loadbc,2005,1.699240381711392e-10,kg m-2
loadbc,2006,2.8081449006911087e-10,kg m-2
loadbc,2007,7.580419620720412e-10,kg m-2
loadbc,2008,-2.2004267186704146e-10,kg m-2
loadbc,2009,1.1308218063186919e-10,kg m-2
