variable,year,value,unit
loadso2,2000,-1.3569227917762564e-08,kg m-2
loadso2,2001,-1.2962124013785945e-08,kg m-2
loadso2,2002,-1.2562235748453568e-08,kg m-2
loadso2,2003,-1.3604817331773137e-08,kg m-2
loadso2,2004,-1.3093741233332363e-08,kg m-2
