variable,year,value,unit
cl,2000,-0.0229344106632281,%
cl,2001,-0.021400463391253233,%
cl,2002,0.011285354312910556,%
cl,2003,-0.015145337629316025,%
cl,2004,-0.006491998781361197,%
cl,2005,-0.00926750286189737,%
cl,2006,0.0010053402261016586,%
cl,2007,-0.007772474802353102,%
cl,2008,-0.003038997204578564,%
cl,2009,0.006938856150294548,%
