variable,year,value,unit
cltc,2000,-0.002318631010304273,%
cltc,2001,0.016078779521826903,%
cltc,2002,0.0020114593817268656,%
cltc,2003,-0.014149186800965552,%
cltc,2004,-0.00953993122840302,%
cltc,2005,-0.006714157458132419,%
cltc,2006,0.005103121106969866,%
cltc,2007,0.00019020567785510423,%
cltc,2008,-0.008806620273309917,%
cltc,2009,-0.026408127506110546,%
