variable,year,value,unit
so2,2001,-4.584041201897687e-12,mol mol-1
so2,2002,-3.218256349493933e-12,mol mol-1
so2,2003,-4.040170938180006e-12,mol mol-1
so2,2004,-3.5250912897814823e-12,mol mol-1
so2,2005,-1.6156983872187299e-12,mol mol-1
