variable,year,value,unit
dryso4,2001,-5.1568721121254104e-14,kg m-2 s-1
dryso4,2002,-1.5403379250357662e-14,kg m-2 s-1
dryso4,2003,-6.745520935572782e-14,kg m-2 s-1
dryso4,2004,-2.7101865896270936e-14,kg m-2 s-1
dryso4,2005,2.0700145364162979e-16,kg m-2 s-1
