variable,year,value,unit
wetbc,2000,-1.7659788086289327e-17,kg m-2 s-1
wetbc,2001,9.729514534410853e-17,kg m-2 s-1
wetbc,2002,-2.0102488603459045e-17,kg m-2 s-1
wetbc,2003,-8.38487094236466e-17,kg m-2 s-1
wetbc,2004,5.655423086139719e-17,kg m-2 s-1
wetbc,2005,-1.3082877765801793e-16,kg m-2 s-1
wetbc,2006,-1.583009430028614e-16,kg m-2 s-1
wetbc,2007,-6.497338433001267e-17,kg m-2 s-1
wetbc,2008,1.557069677156143e-16,kg m-2 s-1
wetbc,2009,6.997511967638845e-17,kg m-2 s-1
