variable,year,value,unit
wetso4,2000,-1.4900993666987412e-13,kg m-2 s-1
wetso4,2001,-1.6369850780606885e-13,kg m-2 s-1
wetso4,2002,-1.6305213803597408e-13,kg m-2 s-1
wetso4,2003,-1.6275033453105338e-13,kg m-2 s-1
wetso4,2004,-1.5793371336803966e-13,kg m-2 s-1
wetso4,2005,-1.8363309839352141e-13,kg m-2 s-1
wetso4,2006,-2.0164681698570053e-13,kg m-2 s-1
wetso4,2007,-2.1225300473352908e-13,kg m-2 s-1
wetso4,2008,-2.1976634156908792e-13,kg m-2 s-1
wetso4,2009,-2.0741945135375541e-13,kg m-2 s-1
