variable,year,value,unit
rlut,2000,-0.007759601925130255,W m-2
rlut,2001,0.04098084371221944,W m-2
rlut,2002,0.0397970221819719,W m-2
rlut,2003,0.0678997700881041,W m-2
rlut,2004,-0.03986316850102867,W m-2
