variable,year,value,unit
dryso4,2000,-1.3744287627478257e-14,kg m-2 s-1
dryso4,2001,-1.4654103026768656e-14,kg m-2 s-1
dryso4,2002,-1.525413133909208e-14,kg m-2 s-1
dryso4,2003,-1.5072756089998542e-14,kg m-2 s-1
dryso4,2004,-1.6914415250349888e-14,kg m-2 s-1
