variable,year,value,unit
cltc,2000,-0.006104024936092856,%
cltc,2001,-0.0070269206334785395,%
cltc,2002,-0.004861646952008414,%
cltc,2003,-0.0047131200536654205,%
cltc,2004,-0.0020506195433043217,%
