variable,year,value,unit
drybc,2000,5.703042715063913e-18,kg m-2 s-1
drybc,2001,-1.3517029327616787e-17,kg m-2 s-1
drybc,2002,2.216404825981348e-18,kg m-2 s-1
drybc,2003,-1.2774024688298646e-17,kg m-2 s-1
drybc,2004,1.390202587676537e-17,kg m-2 s-1
