variable,year,value,unit
rsut,2000,-0.0460739595740165,W m-2
rsut,2001,0.2438342211156055,W m-2
rsut,2002,0.016799708754604126,W m-2
rsut,2003,0.03200374904554337,W m-2
rsut,2004,-0.06071252635865676,W m-2
