variable,year,value,unit
emibc,2000,-2.949856119128375e-22,kg m-2 s-1
emibc,2001,5.85799979794356e-22,kg m-2 s-1
emibc,2002,6.474461400106889e-22,kg m-2 s-1
emibc,2003,-1.4137366871260454e-21,kg m-2 s-1
emibc,2004,1.053383611982345e-21,kg m-2 s-1
