variable,year,value,unit
rlutcs,2000,0.008613651218013274,W m-2
rlutcs,2001,-0.006140165564715971,W m-2
rlutcs,2002,-0.00878114436955002,W m-2
rlutcs,2003,-0.01575243153436645,W m-2
rlutcs,2004,0.012792219808375194,W m-2
