variable,year,value,unit
wetbc,2000,2.362346751019534e-15,kg m-2 s-1
wetbc,2001,-1.0437497632121861e-17,kg m-2 s-1
wetbc,2002,1.036805333716665e-16,kg m-2 s-1
wetbc,2003,-1.4557686470039542e-17,kg m-2 s-1
wetbc,2004,5.847032263657458e-17,kg m-2 s-1
