variable,year,value,unit
wetso2,2000,0.2209429160415702,kg m-2 s-1
wetso2,2001,0.3331102506733092,kg m-2 s-1
wetso2,2002,0.20576019747057211,kg m-2 s-1
wetso2,2003,-0.06292128526161592,kg m-2 s-1
wetso2,2004,0.2578721268916361,kg m-2 s-1
