variable,year,value,unit
wetso4,2000,1.0426252813109435e-14,kg m-2 s-1
wetso4,2001,-3.686192223013665e-15,kg m-2 s-1
wetso4,2002,4.238595530847345e-15,kg m-2 s-1
wetso4,2003,1.641698120128411e-15,kg m-2 s-1
wetso4,2004,-3.3967107091974798e-15,kg m-2 s-1
