variable,year,value,unit
rlutcs,2000,-4.44939631734087e-05,W m-2
rlutcs,2001,-7.426620297223963e-05,W m-2
rlutcs,2002,-0.00012851373173816683,W m-2
rlutcs,2003,0.0006574797560006118,W m-2
rlutcs,2004,0.00014085749160130945,W m-2
