variable,year,value,unit
cl,2000,0.009057067540959807,%
cl,2001,0.009596687970216067,%
cl,2002,0.009263977065803175,%
cl,2003,0.019024559667910168,%
cl,2004,0.0010958296481060614,%
