variable,year,value,unit
dryso2,2000,-2.188556884686827e-16,kg m-2 s-1
dryso2,2001,-3.2260906725603027e-16,kg m-2 s-1
dryso2,2002,1.7223294234273338e-17,kg m-2 s-1
dryso2,2003,-5.793105009251795e-16,kg m-2 s-1
dryso2,2004,1.401456991609633e-18,kg m-2 s-1
