variable,year,value,unit
rlut,2000,0.038615361124783476,W m-2
rlut,2001,-0.09298817562299178,W m-2
rlut,2002,0.040770380059825584,W m-2
rlut,2003,0.1307211210631749,W m-2
rlut,2004,-0.003972065368202493,W m-2
