variable,year,value,unit
loadbc,2000,5.466187765443499e-10,kg m-2
loadbc,2001,5.431928099735769e-11,kg m-2
loadbc,2002,-8.646184116657867e-11,kg m-2
loadbc,2003,-6.139281746092362e-10,kg m-2
loadbc,2004,-7.713661396783849e-10,kg m-2
