variable,year,value,unit
wetbc,2000,2.3170162448117524e-15,kg m-2 s-1
wetbc,2001,-1.658008542369181e-15,kg m-2 s-1
wetbc,2002,5.1095827467269e-16,kg m-2 s-1
wetbc,2003,2.1071541755908177e-16,kg m-2 s-1
wetbc,2004,1.0428379707415858e-15,kg m-2 s-1
