variable,year,value,unit
cl,2000,-0.09159305801462558,%
cl,2001,-0.02198171329267673,%
cl,2002,0.0074773029392547485,%
cl,2003,-0.07754861178183958,%
cl,2004,-0.02074157634243079,%
