variable,year,value,unit
emiso2,2000,-1.4118185102154975e-18,kg m-2 s-1
emiso2,2001,-8.890954699513275e-19,kg m-2 s-1
emiso2,2002,-3.2425968727186687e-19,kg m-2 s-1
emiso2,2003,-2.9867276755458806e-18,kg m-2 s-1
emiso2,2004,-1.630490892891049e-18,kg m-2 s-1
