variable,year,value,unit
mmrso4,2000,-1.3239301673652971e-12,kg kg-1
mmrso4,2001,4.577147079508277e-13,kg kg-1
mmrso4,2002,-9.042118293134453e-13,kg kg-1
mmrso4,2003,-2.956178838927727e-13,kg kg-1
mmrso4,2004,-4.996546994761968e-13,kg kg-1
