variable,year,value,unit
rsutcs,2000,-0.006464472265037102,W m-2
rsutcs,2001,0.001299792728204352,W m-2
rsutcs,2002,-0.004165644094925369,W m-2
rsutcs,2003,-0.007926078982904983,W m-2
rsutcs,2004,-0.0002174771341003634,W m-2
