variable,year,value,unit
loadbc,2000,3.163117198770867e-11,kg m-2
loadbc,2001,1.9561329255320534e-12,kg m-2
loadbc,2002,-3.915119691100297e-11,kg m-2
loadbc,2003,-8.813585377611092e-12,kg m-2
loadbc,2004,-6.091590193975277e-12,kg m-2
