variable,year,value,unit
emibc,2000,43.08593039493383,kg m-2 s-1
emibc,2001,190.49760299663012,kg m-2 s-1
emibc,2002,53.46976226946217,kg m-2 s-1
emibc,2003,90.14922949999226,kg m-2 s-1
emibc,2004,148.81307786646957,kg m-2 s-1
