variable,year,value,unit
rlutcs,2000,-0.0006732376402357943,W m-2
rlutcs,2001,0.0019988206648283518,W m-2
rlutcs,2002,-0.00029337736911988125,W m-2
rlutcs,2003,0.0177215382973793,W m-2
rlutcs,2004,-0.0005324387504084496,W m-2
