variable,year,value,unit
emiso2,2000,-62.37612877286058,kg m-2 s-1
emiso2,2001,-65.6932344883661,kg m-2 s-1
emiso2,2002,-66.3199262977499,kg m-2 s-1
emiso2,2003,-66.95249704515004,kg m-2 s-1
emiso2,2004,-67.546555767853,kg m-2 s-1
