variable,year,value,unit
loadso4,2000,1.820615800769469e-06,kg m-2
loadso4,2001,1.8411412455229146e-06,kg m-2
loadso4,2002,1.8253170651090814e-06,kg m-2
loadso4,2003,1.9054778548290421e-06,kg m-2
loadso4,2004,1.9785022304352822e-06,kg m-2
