variable,year,value,unit
rsut,2000,0.24278770367989466,W m-2
rsut,2001,0.2164797361090791,W m-2
rsut,2002,0.2240249089935702,W m-2
rsut,2003,0.21630061427424607,W m-2
rsut,2004,0.23818828536762737,W m-2
