variable,year,value,unit
so2,2000,-2.1057006732250603e-10,mol mol-1
so2,2001,-2.0964993045184047e-10,mol mol-1
so2,2002,-2.0151599005313567e-10,mol mol-1
so2,2003,-2.2053452896138518e-10,mol mol-1
so2,2004,-2.2795993919997836e-10,mol mol-1
