variable,year,value,unit
loadbc,2000,-8.827407489169704e-10,kg m-2
loadbc,2001,-7.592480855581495e-10,kg m-2
loadbc,2002,-1.0345072503136883e-09,kg m-2
loadbc,2003,-1.1185053926642276e-09,kg m-2
loadbc,2004,-7.880123730553699e-10,kg m-2
