variable,year,value,unit
emiso2,2000,-9.115076628423662e-13,kg m-2 s-1
emiso2,2001,-9.157183688279526e-13,kg m-2 s-1
emiso2,2002,-9.086607401515625e-13,kg m-2 s-1
emiso2,2003,-9.449503575592596e-13,kg m-2 s-1
emiso2,2004,-9.912948659698986e-13,kg m-2 s-1
