variable,year,value,unit
clt,2000,0.052133086701552145,%
clt,2001,0.03557005265306401,%
clt,2002,0.02270926727429412,%
clt,2003,0.009864519390553994,%
clt,2004,-0.0029199042106853312,%
