variable,year,value,unit
od550aer,2000,0.004762023423401429,1
od550aer,2001,0.004509272282862742,1
od550aer,2002,0.0047659289981182296,1
od550aer,2003,0.004781765400816401,1
od550aer,2004,0.005217653978191544,1
