variable,year,value,unit
rlutcs,2000,-0.1583203275968117,W m-2
rlutcs,2001,-0.17884909131996096,W m-2
rlutcs,2002,-0.16495676802045978,W m-2
rlutcs,2003,-0.1699800954733064,W m-2
rlutcs,2004,-0.15100720202519824,W m-2
