variable,year,value,unit
clivi,2000,-0.0008893737616134656,kg m-2
clivi,2001,-0.0002233145046163787,kg m-2
clivi,2002,-0.00022210697406604973,kg m-2
clivi,2003,-0.0002655448486656581,kg m-2
clivi,2004,-0.0009566943431630753,kg m-2
