variable,year,value,unit
clt,2000,0.01816686889571173,%
clt,2001,0.07769903651740151,%
clt,2002,0.053881918273809504,%
clt,2003,0.04465489860051264,%
clt,2004,0.028930415132336407,%
