variable,year,value,unit
cl,2000,-0.17778695957555335,%
cl,2001,-0.004437521203725696,%
cl,2002,0.05412806502407417,%
cl,2003,0.10702641424297735,%
cl,2004,0.21066639062226009,%
