variable,year,value,unit
rlut,2000,-0.02131473293459538,W m-2
rlut,2001,2.92251641663866e-05,W m-2
rlut,2002,0.014583836696614748,W m-2
rlut,2003,-0.025094246158704696,W m-2
rlut,2004,-0.02179244380485573,W m-2
