variable,year,value,unit
dryso4,2000,-18.83146379435699,kg m-2 s-1
dryso4,2001,-17.079762177998084,kg m-2 s-1
dryso4,2002,-16.11269343104796,kg m-2 s-1
dryso4,2003,-14.739963879259582,kg m-2 s-1
dryso4,2004,-15.670565842532074,kg m-2 s-1
