variable,year,value,unit
mmrbc,2000,0.5372109237438474,kg kg-1
mmrbc,2001,-0.0031318350553182486,kg kg-1
mmrbc,2002,-2.583632761992378,kg kg-1
mmrbc,2003,0.6197166540403077,kg kg-1
mmrbc,2004,-1.0184574714022585,kg kg-1
