variable,year,value,unit
mmrso4,2000,0.08856719413585742,kg kg-1
mmrso4,2001,0.5801750845354847,kg kg-1
mmrso4,2002,1.6116445128845878,kg kg-1
mmrso4,2003,2.2336849692981477,kg kg-1
mmrso4,2004,0.15049007641995904,kg kg-1
