variable,year,value,unit
clivi,2000,0.2424281986611338,kg m-2
clivi,2001,-0.027585261138359397,kg m-2
clivi,2002,-0.052210977936047835,kg m-2
clivi,2003,0.14430767853642418,kg m-2
clivi,2004,0.08486226486173966,kg m-2
