variable,year,value,unit
drybc,2000,3.9336837619063902,kg m-2 s-1
drybc,2001,2.830713802073259,kg m-2 s-1
drybc,2002,2.5671145393053676,kg m-2 s-1
drybc,2003,3.5595114827396537,kg m-2 s-1
drybc,2004,2.316996885365081,kg m-2 s-1
