variable,year,value,unit
wetso4,2000,-21.137767988110774,kg m-2 s-1
wetso4,2001,-19.426963553687784,kg m-2 s-1
wetso4,2002,-20.266902511540227,kg m-2 s-1
wetso4,2003,-18.957990958376485,kg m-2 s-1
wetso4,2004,-20.82679954893874,kg m-2 s-1
