variable,year,value,unit
rsut,2000,0.08654620500232978,W m-2
rsut,2001,0.032216026163535305,W m-2
rsut,2002,0.03941875605407354,W m-2
rsut,2003,0.10171334156309593,W m-2
rsut,2004,0.08890836598541516,W m-2
