variable,year,value,unit
so2,2000,-2.023659097007444,mol mol-1
so2,2001,-2.1658710472370615,mol mol-1
so2,2002,-0.931630887740079,mol mol-1
so2,2003,-0.5940056650477672,mol mol-1
so2,2004,-2.132134931976346,mol mol-1
