variable,year,value,unit
rlutcs,2000,0.14794985486872747,W m-2
rlutcs,2001,0.10667152808932201,W m-2
rlutcs,2002,0.10456325922808674,W m-2
rlutcs,2003,0.11521199197582632,W m-2
rlutcs,2004,0.15249095764369258,W m-2
