variable,year,value,unit
wetso2,2000,0.010590643507407098,kg m-2 s-1
wetso2,2001,0.009903065004765961,kg m-2 s-1
wetso2,2002,0.009716078681005363,kg m-2 s-1
wetso2,2003,0.01073729196899342,kg m-2 s-1
wetso2,2004,0.009930672818753391,kg m-2 s-1
