variable,year,value,unit
mmrbc,2000,2.2219398136096818e-13,kg kg-1
mmrbc,2001,1.8144526931699242e-13,kg kg-1
mmrbc,2002,1.0643466188775695e-13,kg kg-1
mmrbc,2003,1.6831480432616517e-13,kg kg-1
mmrbc,2004,1.5427026648477787e-13,kg kg-1
