variable,year,value,unit
rlut,2000,0.004965285720035676,W m-2
rlut,2001,0.0027046118700166833,W m-2
rlut,2002,-0.00030627980290874243,W m-2
rlut,2003,0.005073979079783576,W m-2
rlut,2004,-0.0005042896866935173,W m-2
