variable,year,value,unit
dryso4,2000,-1.3905209836952237,kg m-2 s-1
dryso4,2001,-1.4192266809634857,kg m-2 s-1
dryso4,2002,-1.2429654002433839,kg m-2 s-1
dryso4,2003,-1.4090854120623872,kg m-2 s-1
dryso4,2004,-1.3492773237582416,kg m-2 s-1
