variable,year,value,unit
dryso4,2000,-0.9589299371657388,kg m-2 s-1
dryso4,2001,-0.9615899497192106,kg m-2 s-1
dryso4,2002,-0.8837382260210953,kg m-2 s-1
dryso4,2003,-0.8864212592170776,kg m-2 s-1
dryso4,2004,-0.9047346275889471,kg m-2 s-1
