variable,year,value,unit
rsut,2000,-0.13381730706950012,W m-2
rsut,2001,-0.09226134112361485,W m-2
rsut,2002,-0.11578659460823088,W m-2
rsut,2003,-0.15184809632433688,W m-2
rsut,2004,-0.13467027049535532,W m-2
