variable,year,value,unit
wetso2,2000,-4.178004704465398,kg m-2 s-1
wetso2,2001,-4.303537783248776,kg m-2 s-1
wetso2,2002,-4.006778320333748,kg m-2 s-1
wetso2,2003,-4.284514658325768,kg m-2 s-1
wetso2,2004,-4.156811531071659,kg m-2 s-1
