variable,year,value,unit
drybc,2000,-0.05737554853656547,kg m-2 s-1
drybc,2001,0.12462582974552318,kg m-2 s-1
drybc,2002,0.10528360448282906,kg m-2 s-1
drybc,2003,0.04095856826435866,kg m-2 s-1
drybc,2004,-0.09229406922484795,kg m-2 s-1
