variable,year,value,unit
emiso2,2000,-4.929606812639968e-14,kg m-2 s-1
emiso2,2001,-4.811204457715078e-14,kg m-2 s-1
emiso2,2002,-4.802681190839171e-14,kg m-2 s-1
emiso2,2003,-4.678650243035241e-14,kg m-2 s-1
emiso2,2004,-4.786632429010877e-14,kg m-2 s-1
