variable,year,value,unit
rlut,2000,0.005077991302471219,W m-2
rlut,2001,0.004470348152466386,W m-2
rlut,2002,0.004284157556270429,W m-2
rlut,2003,-0.011703351057917644,W m-2
rlut,2004,0.005287347162067135,W m-2
