variable,year,value,unit
mmrso4,2000,-2.092997599330437e-12,kg kg-1
mmrso4,2001,-1.0642122718777455e-12,kg kg-1
mmrso4,2002,-2.480272773999028e-12,kg kg-1
mmrso4,2003,-1.9891442337871758e-12,kg kg-1
mmrso4,2004,-1.4393085798984693e-12,kg kg-1
