variable,year,value,unit
wetso4,2000,-2.3180248859755003e-14,kg m-2 s-1
wetso4,2001,-2.4373792282312795e-14,kg m-2 s-1
wetso4,2002,-1.8187858495393204e-14,kg m-2 s-1
wetso4,2003,-2.648753274394656e-14,kg m-2 s-1
wetso4,2004,-1.7362001865398286e-14,kg m-2 s-1
