variable,year,value,unit
loadbc,2000,-3.524832785338614e-12,kg m-2
loadbc,2001,1.0015352686973486e-11,kg m-2
loadbc,2002,-1.2244725042005274e-11,kg m-2
loadbc,2003,9.098605912748507e-12,kg m-2
loadbc,2004,5.564075047312855e-13,kg m-2
