variable,year,value,unit
rlutcs,2000,0.006587840627730657,W m-2
rlutcs,2001,0.001276537852788806,W m-2
rlutcs,2002,0.0041101966485257435,W m-2
rlutcs,2003,-0.0029570945068826404,W m-2
rlutcs,2004,0.007606344147291111,W m-2
