variable,year,value,unit
mmrbc,2000,-3.5245218425964256e-15,kg kg-1
mmrbc,2001,3.821213924485967e-15,kg kg-1
mmrbc,2002,1.3289105983060906e-14,kg kg-1
mmrbc,2003,-1.5598010673882595e-15,kg kg-1
mmrbc,2004,9.57986931642179e-15,kg kg-1
