variable,year,value,unit
wetso2,2000,-5.136070932691467e-17,kg m-2 s-1
wetso2,2001,-4.3505473153963144e-17,kg m-2 s-1
wetso2,2002,-4.722038557254256e-17,kg m-2 s-1
wetso2,2003,-5.256319795323927e-17,kg m-2 s-1
wetso2,2004,-5.0462702417455904e-17,kg m-2 s-1
