variable,year,value,unit
od550aer,2000,4.557524836002381,1
od550aer,2001,4.779956478707258,1
od550aer,2002,4.705731586177906,1
od550aer,2003,4.719475523068746,1
od550aer,2004,5.3299135701690155,1
