variable,year,value,unit
wetbc,2001,-0.018175069570585834,kg m-2 s-1
wetbc,2002,0.02821425772369705,kg m-2 s-1
wetbc,2003,-0.06325641379604481,kg m-2 s-1
wetbc,2004,-0.014590282851306823,kg m-2 s-1
