variable,year,value,unit
wetso2,2000,6.54235272323678,kg m-2 s-1
wetso2,2001,6.781514694269572,kg m-2 s-1
wetso2,2002,7.595209141915686,kg m-2 s-1
wetso2,2003,7.705149785022019,kg m-2 s-1
wetso2,2004,7.504220456299214,kg m-2 s-1
