variable,year,value,unit
mmrbc,2001,-0.12819895772814666,kg kg-1
mmrbc,2002,-0.33965673221885656,kg kg-1
mmrbc,2003,-0.557800949380974,kg kg-1
mmrbc,2004,-0.3624004784845396,kg kg-1
