variable,year,value,unit
od550aer,2001,6.661191070757555,1
od550aer,2002,8.672743927382264,1
od550aer,2003,9.732736777105567,1
od550aer,2004,9.97654070427811,1
