variable,year,value,unit
dryso4,2000,14.40720369120374,kg m-2 s-1
dryso4,2001,14.964113851698679,kg m-2 s-1
dryso4,2002,15.28415230959777,kg m-2 s-1
dryso4,2003,16.913046589192803,kg m-2 s-1
dryso4,2004,15.874995186279891,kg m-2 s-1
