variable,year,value,unit
clivi,2000,0.029704829627784573,kg m-2
clivi,2001,0.012416910214098877,kg m-2
clivi,2002,0.0067519135399740525,kg m-2
clivi,2003,-0.0875580787727671,kg m-2
clivi,2004,-0.036568626685729945,kg m-2
