variable,year,value,unit
drybc,2000,0.17062827719201643,kg m-2 s-1
drybc,2001,-0.2219061261004376,kg m-2 s-1
drybc,2002,-0.04029732560909506,kg m-2 s-1
drybc,2003,0.07972423028110737,kg m-2 s-1
drybc,2004,0.4341489986882561,kg m-2 s-1
