variable,year,value,unit
loadbc,2000,-0.4234533637205411,kg m-2
loadbc,2001,-0.2956431350947668,kg m-2
loadbc,2002,-0.1632243341702928,kg m-2
loadbc,2003,-0.3316043324230087,kg m-2
loadbc,2004,-0.08864981983130214,kg m-2
