variable,year,value,unit
dryso4,2001,15.69436210045919,kg m-2 s-1
dryso4,2002,20.10155978654102,kg m-2 s-1
dryso4,2003,22.562556802878355,kg m-2 s-1
dryso4,2004,22.12822077430055,kg m-2 s-1
