variable,year,value,unit
loadso2,2000,2.163013158068414,kg m-2
loadso2,2001,2.316071049393178,kg m-2
loadso2,2002,2.486936386491493,kg m-2
loadso2,2003,2.3855892117275004,kg m-2
loadso2,2004,3.1651237451448084,kg m-2
