variable,year,value,unit
rsut,2000,0.43423330919260306,W m-2
rsut,2001,0.4800216230312281,W m-2
rsut,2002,0.450812113174494,W m-2
rsut,2003,0.4812444255527908,W m-2
rsut,2004,0.5803486829180093,W m-2
