variable,year,value,unit
rsutcs,2001,0.16946679810314708,W m-2
rsutcs,2002,0.16700500878880298,W m-2
rsutcs,2003,0.1702536340051152,W m-2
rsutcs,2004,0.19767546110561834,W m-2
