variable,year,value,unit
emibc,2000,-3.0182829656406677e-06,kg m-2 s-1
emibc,2001,-3.209001492911174e-06,kg m-2 s-1
emibc,2002,3.512202584887887e-06,kg m-2 s-1
emibc,2003,-5.345999098047632e-07,kg m-2 s-1
emibc,2004,-1.8992641010420726e-06,kg m-2 s-1
