variable,year,value,unit
loadso4,2000,7.228752926441094,kg m-2
loadso4,2001,8.015936620797671,kg m-2
loadso4,2002,8.057614562874459,kg m-2
loadso4,2003,7.25137403848515,kg m-2
loadso4,2004,8.8170365048877,kg m-2
