variable,year,value,unit
cl,2000,-0.4918424647325696,%
cl,2001,-0.4169432485463086,%
cl,2002,-0.41493663455337393,%
cl,2003,-0.004604050012863253,%
cl,2004,-0.19979159419837247,%
