variable,year,value,unit
emiso2,2000,-1.896958027641547e-08,kg m-2 s-1
emiso2,2001,-8.615704912670479e-08,kg m-2 s-1
emiso2,2002,-3.0092114415167913e-07,kg m-2 s-1
emiso2,2003,-1.8311548058753284e-07,kg m-2 s-1
emiso2,2004,-3.193146399487615e-08,kg m-2 s-1
