variable,year,value,unit
emibc,2001,1.747403623574241e-06,kg m-2 s-1
emibc,2002,2.2073031050876486e-06,kg m-2 s-1
emibc,2003,3.027396193790208e-06,kg m-2 s-1
emibc,2004,-2.660009082510485e-07,kg m-2 s-1
