variable,year,value,unit
rlut,2000,0.02791801498492281,W m-2
rlut,2001,-0.0002839222558891396,W m-2
rlut,2002,-0.0018348030072523334,W m-2
rlut,2003,-0.000581289881323681,W m-2
rlut,2004,0.0009638642043134716,W m-2
