variable,year,value,unit
od550aer,2000,0.0014509333087067977,1
od550aer,2001,0.0017292686574616467,1
od550aer,2002,0.002392307755342521,1
od550aer,2003,0.0031138371934260056,1
od550aer,2004,0.003407242724996512,1
