variable,year,value,unit
loadbc,2000,5.35830574377056e-10,kg m-2
loadbc,2001,-2.1715538016923267e-10,kg m-2
loadbc,2002,-1.4902012217311332e-09,kg m-2
loadbc,2003,-2.7647787897484538e-09,kg m-2
loadbc,2004,-4.628262383294007e-09,kg m-2
