variable,year,value,unit
wetso2,2000,4.335124800158555e-16,kg m-2 s-1
wetso2,2001,4.3046404913055297e-16,kg m-2 s-1
wetso2,2002,4.590140710925905e-16,kg m-2 s-1
wetso2,2003,4.4282298009890996e-16,kg m-2 s-1
wetso2,2004,4.540880077547309e-16,kg m-2 s-1
