variable,year,value,unit
dryso4,2000,-1.7535734753046284e-14,kg m-2 s-1
dryso4,2001,-1.6734032145141623e-14,kg m-2 s-1
dryso4,2002,-1.8099349049095727e-14,kg m-2 s-1
dryso4,2003,-1.9366806503364878e-14,kg m-2 s-1
dryso4,2004,-1.8830372779088512e-14,kg m-2 s-1
