variable,year,value,unit
dryso2,2000,-8.331872673723374e-14,kg m-2 s-1
dryso2,2001,-8.734737014207098e-14,kg m-2 s-1
dryso2,2002,-8.922196570640512e-14,kg m-2 s-1
dryso2,2003,-9.066932143247308e-14,kg m-2 s-1
dryso2,2004,-1.0045702247425576e-13,kg m-2 s-1
