variable,year,value,unit
drybc,2000,2.2332524075444023e-17,kg m-2 s-1
drybc,2001,-3.4598010006788714e-17,kg m-2 s-1
drybc,2002,6.896520897857825e-17,kg m-2 s-1
drybc,2003,-5.649471409360454e-17,kg m-2 s-1
drybc,2004,3.590109024381191e-17,kg m-2 s-1
