variable,year,value,unit
dryso2,2000,-4.90685485373418e-14,kg m-2 s-1
dryso2,2001,-4.7387851427469414e-14,kg m-2 s-1
dryso2,2002,-5.0863422891559033e-14,kg m-2 s-1
dryso2,2003,-5.0855841995915923e-14,kg m-2 s-1
dryso2,2004,-5.163970187150381e-14,kg m-2 s-1
