variable,year,value,unit
so2,2000,-0.6049789896222203,mol mol-1
so2,2001,-0.49711107212289185,mol mol-1
so2,2002,-0.13758766741967418,mol mol-1
so2,2003,-0.6808025832557185,mol mol-1
so2,2004,-0.4968469399214967,mol mol-1
