variable,year,value,unit
rlut,2000,-0.00210136283376469,W m-2
rlut,2001,-0.0009790973019696341,W m-2
rlut,2002,0.0018268268932617026,W m-2
rlut,2003,-0.0028001725407837863,W m-2
rlut,2004,-0.01014432631438044,W m-2
