variable,year,value,unit
loadbc,2000,0.046922316935559163,kg m-2
loadbc,2001,0.06594130350742256,kg m-2
loadbc,2002,-0.007523946251075474,kg m-2
loadbc,2003,0.10414539510161787,kg m-2
loadbc,2004,0.03595354062882673,kg m-2
