variable,year,value,unit
wetso2,2000,-0.1585468270555731,kg m-2 s-1
wetso2,2001,-0.15018549598248102,kg m-2 s-1
wetso2,2002,-0.2566002581469721,kg m-2 s-1
wetso2,2003,-0.32930112992392707,kg m-2 s-1
wetso2,2004,-0.26956647177600007,kg m-2 s-1
