variable,year,value,unit
wetso4,2000,-0.764141660243962,kg m-2 s-1
wetso4,2001,-0.6104262739624938,kg m-2 s-1
wetso4,2002,-0.6757374133355887,kg m-2 s-1
wetso4,2003,-0.7310847993771367,kg m-2 s-1
wetso4,2004,-0.6971311307864626,kg m-2 s-1
