variable,year,value,unit
dryso4,2000,-0.869471896588617,kg m-2 s-1
dryso4,2001,-0.8706438548301085,kg m-2 s-1
dryso4,2002,-0.9098454221811748,kg m-2 s-1
dryso4,2003,-0.8971644990979655,kg m-2 s-1
dryso4,2004,-0.9474556172286137,kg m-2 s-1
