variable,year,value,unit
loadso4,2000,-3.5495903899583667,kg m-2
loadso4,2001,-3.6128947789341663,kg m-2
loadso4,2002,-3.4221459436667447,kg m-2
loadso4,2003,-3.2294366491927518,kg m-2
loadso4,2004,-3.6567286839648063,kg m-2
