variable,year,value,unit
wetbc,2000,0.06923885135478898,kg m-2 s-1
wetbc,2001,-0.07558268897265294,kg m-2 s-1
wetbc,2002,0.030831518228867535,kg m-2 s-1
wetbc,2003,0.11620346236522792,kg m-2 s-1
wetbc,2004,-0.18155301395395068,kg m-2 s-1
