variable,year,value,unit
drybc,2000,-0.22335924616835634,kg m-2 s-1
drybc,2001,-0.030673059834448096,kg m-2 s-1
drybc,2002,-0.36420137062194585,kg m-2 s-1
drybc,2003,-0.8606667926919893,kg m-2 s-1
drybc,2004,0.05003677323966015,kg m-2 s-1
