variable,year,value,unit
wetbc,2000,-0.020189948550344863,kg m-2 s-1
wetbc,2001,0.01034996535458516,kg m-2 s-1
wetbc,2002,0.006672119687540849,kg m-2 s-1
wetbc,2003,0.006814965571184344,kg m-2 s-1
wetbc,2004,-0.022778743051678686,kg m-2 s-1
