variable,year,value,unit
clivi,2000,0.009344452667569522,kg m-2
clivi,2001,-0.09989178546803527,kg m-2
clivi,2002,0.5027480672374646,kg m-2
clivi,2003,0.3629638948732511,kg m-2
clivi,2004,0.40986665337764494,kg m-2
