variable,year,value,unit
cl,2000,-0.17152511343941917,%
cl,2001,0.056931345980104166,%
cl,2002,0.08171239015203298,%
cl,2003,0.021947159460217223,%
cl,2004,0.1862891412810405,%
