variable,year,value,unit
rsut,2000,-0.02020010827282564,W m-2
rsut,2001,-0.014203008501465173,W m-2
rsut,2002,-0.01098540789288914,W m-2
rsut,2003,-0.014603003006912458,W m-2
rsut,2004,-0.023184127893506316,W m-2
