variable,year,value,unit
so2,2000,-11.467352507506428,mol mol-1
so2,2001,-12.060692307760025,mol mol-1
so2,2002,-11.584289430523642,mol mol-1
so2,2003,-11.876980260616108,mol mol-1
so2,2004,-12.33818705164996,mol mol-1
