variable,year,value,unit
so2,2000,-10.617507183302981,mol mol-1
so2,2001,-11.078415513240802,mol mol-1
so2,2002,-10.604418683015716,mol mol-1
so2,2003,-10.625790334482135,mol mol-1
so2,2004,-10.742674508080952,mol mol-1
