variable,year,value,unit
rsut,2000,-0.09812005876699467,W m-2
rsut,2001,-0.1347457037288084,W m-2
rsut,2002,-0.0672536563081964,W m-2
rsut,2003,-0.09094736974001015,W m-2
rsut,2004,-0.08550179951893873,W m-2
