variable,year,value,unit
rsut,2001,-0.05771774741327835,W m-2
rsut,2002,-0.05577358041768529,W m-2
rsut,2003,-0.04966840608378264,W m-2
rsut,2004,-0.12378006384424763,W m-2
