variable,year,value,unit
wetso2,2001,1.2270681089160251,kg m-2 s-1
wetso2,2002,1.226352415314825,kg m-2 s-1
wetso2,2003,1.0023890807887348,kg m-2 s-1
wetso2,2004,1.0448587712890647,kg m-2 s-1
