variable,year,value,unit
drybc,2001,0.09444660316165318,kg m-2 s-1
drybc,2002,0.15775152671494277,kg m-2 s-1
drybc,2003,0.12937357281293202,kg m-2 s-1
drybc,2004,0.08944158896649199,kg m-2 s-1
