variable,year,value,unit
clivi,2000,5.937767411191147e-05,kg m-2
clivi,2001,-2.4185379158736878e-05,kg m-2
clivi,2002,3.687420011317527e-05,kg m-2
clivi,2003,4.893656331054347e-05,kg m-2
clivi,2004,-7.154176714273958e-06,kg m-2
