variable,year,value,unit
clivi,2000,-0.00026992530164058476,kg m-2
clivi,2001,0.00025720408163331515,kg m-2
clivi,2002,-7.689909847771043e-05,kg m-2
clivi,2003,1.468678587800143e-05,kg m-2
clivi,2004,-0.0006187859355545958,kg m-2
