variable,year,value,unit
emiso2,2000,-1.0792798369853799e-13,kg m-2 s-1
emiso2,2001,-1.1329752411487445e-13,kg m-2 s-1
emiso2,2002,-1.0613712190109279e-13,kg m-2 s-1
emiso2,2003,-1.0891823512112842e-13,kg m-2 s-1
emiso2,2004,-1.170006130477458e-13,kg m-2 s-1
