variable,year,value,unit
rlutcs,2000,0.0051023291402430004,W m-2
rlutcs,2001,0.009038711809040478,W m-2
rlutcs,2002,0.024655478546122822,W m-2
rlutcs,2003,-0.03170104127332252,W m-2
rlutcs,2004,-0.00040961960024787913,W m-2
