variable,year,value,unit
drybc,2000,-0.02795023503210744,kg m-2 s-1
drybc,2001,-0.02035442536533041,kg m-2 s-1
drybc,2002,0.02363860428942832,kg m-2 s-1
drybc,2003,-0.013854868411056835,kg m-2 s-1
drybc,2004,-0.0133431210203639,kg m-2 s-1
