variable,year,value,unit
rlut,2000,0.008984586296988119,W m-2
rlut,2001,0.008168516365159436,W m-2
rlut,2002,-0.0021647013323400515,W m-2
rlut,2003,0.00327872400704191,W m-2
rlut,2004,0.008036526696455895,W m-2
