variable,year,value,unit
wetso4,2000,-200.1040435474091,kg m-2 s-1
wetso4,2001,-199.95862468920603,kg m-2 s-1
wetso4,2002,-199.97538908690544,kg m-2 s-1
wetso4,2003,-200.1801789557126,kg m-2 s-1
wetso4,2004,-200.0927714519951,kg m-2 s-1
