variable,year,value,unit
so2,2000,0.02869542341074162,mol mol-1
so2,2001,-0.013133327252328747,mol mol-1
so2,2002,-0.0464419629762419,mol mol-1
so2,2003,-0.18205463902014557,mol mol-1
so2,2004,0.11576160284333296,mol mol-1
