variable,year,value,unit
mmrbc,2000,-0.023888459786922243,kg kg-1
mmrbc,2001,-0.009733852629157522,kg kg-1
mmrbc,2002,0.017855961740335227,kg kg-1
mmrbc,2003,-0.010564263636044612,kg kg-1
mmrbc,2004,-0.012134078151813707,kg kg-1
