variable,year,value,unit
rlutcs,2000,4.47302429964685e-05,W m-2
rlutcs,2001,0.0030134301738025254,W m-2
rlutcs,2002,-0.0013410194262607914,W m-2
rlutcs,2003,-0.00753239670953892,W m-2
rlutcs,2004,-0.00633871738201896,W m-2
