variable,year,value,unit
drybc,2000,0.8274196580560651,kg m-2 s-1
drybc,2001,0.8958717604432552,kg m-2 s-1
drybc,2002,0.9212657669252994,kg m-2 s-1
drybc,2003,0.9538816230837567,kg m-2 s-1
drybc,2004,0.8941472220240921,kg m-2 s-1
