variable,year,value,unit
rlut,2000,-0.010263805207107225,W m-2
rlut,2001,0.017068520714547605,W m-2
rlut,2002,0.012136179204246795,W m-2
rlut,2003,0.004640549477133684,W m-2
rlut,2004,-0.0018714312715873772,W m-2
