variable,year,value,unit
rsut,2000,0.026361342399416666,W m-2
rsut,2001,-0.06749671804613336,W m-2
rsut,2002,-0.03239686421323953,W m-2
rsut,2003,0.06426314319849649,W m-2
rsut,2004,0.008605685994237623,W m-2
