variable,year,value,unit
drybc,2000,-0.02817444178510763,kg m-2 s-1
drybc,2001,0.0332271533831813,kg m-2 s-1
drybc,2002,0.04567533470519543,kg m-2 s-1
drybc,2003,-0.0201359005950525,kg m-2 s-1
drybc,2004,0.044749684177768624,kg m-2 s-1
