variable,year,value,unit
dryso2,2000,-0.3266159008355356,kg m-2 s-1
dryso2,2001,-0.6141565593446529,kg m-2 s-1
dryso2,2002,-0.5339055926426973,kg m-2 s-1
dryso2,2003,-0.3622860592505166,kg m-2 s-1
dryso2,2004,-0.33056100171490543,kg m-2 s-1
