variable,year,value,unit
dryso4,2000,0.042671874974064834,kg m-2 s-1
dryso4,2001,0.15354270322260427,kg m-2 s-1
dryso4,2002,1.203699559268078e-05,kg m-2 s-1
dryso4,2003,0.027049076330171427,kg m-2 s-1
dryso4,2004,-0.05233730619988966,kg m-2 s-1
