variable,year,value,unit
rlutcs,2001,0.1304432301112141,W m-2
rlutcs,2002,0.1763192661442477,W m-2
rlutcs,2003,0.1138484405288265,W m-2
rlutcs,2004,0.15666569545643633,W m-2
rlutcs,2005,0.04333125862622231,W m-2
