variable,year,value,unit
rsutcs,2000,-0.002776945057846092,W m-2
rsutcs,2001,0.008742033666166549,W m-2
rsutcs,2002,0.01620357438882536,W m-2
rsutcs,2003,0.024742412411910664,W m-2
rsutcs,2004,-0.0015682013799676042,W m-2
