variable,year,value,unit
wetbc,2000,4.808913119841749e-17,kg m-2 s-1
wetbc,2001,4.60649609094432e-16,kg m-2 s-1
wetbc,2002,-6.768152038734923e-16,kg m-2 s-1
wetbc,2003,3.955188966625622e-16,kg m-2 s-1
wetbc,2004,8.925804428457864e-17,kg m-2 s-1
