variable,year,value,unit
drybc,2000,5.5474608027059715e-17,kg m-2 s-1
drybc,2001,-6.361311811257898e-17,kg m-2 s-1
drybc,2002,1.906955822870416e-16,kg m-2 s-1
drybc,2003,1.5081561327640554e-16,kg m-2 s-1
drybc,2004,2.6437340248915767e-17,kg m-2 s-1
