variable,year,value,unit
dryso2,2000,-6.865522374937471e-15,kg m-2 s-1
dryso2,2001,-4.698273074793048e-15,kg m-2 s-1
dryso2,2002,-4.711552028469786e-15,kg m-2 s-1
dryso2,2003,-4.8534204690853605e-15,kg m-2 s-1
dryso2,2004,-5.625919511861126e-15,kg m-2 s-1
