variable,year,value,unit
rlutcs,2000,-0.00043791997379116765,W m-2
rlutcs,2001,0.0002732322358838246,W m-2
rlutcs,2002,0.01814284736090599,W m-2
rlutcs,2003,0.027493598141887787,W m-2
rlutcs,2004,0.05103785492326551,W m-2
