variable,year,value,unit
drybc,2000,-6.634748286113899e-17,kg m-2 s-1
drybc,2001,-5.875670394534266e-17,kg m-2 s-1
drybc,2002,-6.509106950497582e-17,kg m-2 s-1
drybc,2003,-2.1041723796159336e-17,kg m-2 s-1
drybc,2004,-2.443676280748245e-18,kg m-2 s-1
