variable,year,value,unit
wetbc,2000,2.362649761859596e-17,kg m-2 s-1
wetbc,2001,-3.3281371462470347e-16,kg m-2 s-1
wetbc,2002,3.1478549712640115e-16,kg m-2 s-1
wetbc,2003,1.9105710634438476e-16,kg m-2 s-1
wetbc,2004,-1.860137146540113e-16,kg m-2 s-1
