variable,year,value,unit
emibc,2000,9.257000626108867e-23,kg m-2 s-1
emibc,2001,1.1762723890412232e-23,kg m-2 s-1
emibc,2002,1.7775705699932664e-23,kg m-2 s-1
emibc,2003,-3.072606914948599e-23,kg m-2 s-1
emibc,2004,5.0049753448290227e-23,kg m-2 s-1
