variable,year,value,unit
emibc,2000,1.0998758962043453e-20,kg m-2 s-1
emibc,2001,-2.7947378548648647e-20,kg m-2 s-1
emibc,2002,5.219386678639037e-21,kg m-2 s-1
emibc,2003,-1.635976152755832e-20,kg m-2 s-1
emibc,2004,3.2719138532757e-21,kg m-2 s-1
