variable,year,value,unit
loadbc,2000,-4.996897072078962e-12,kg m-2
loadbc,2001,3.739074719079067e-12,kg m-2
loadbc,2002,1.299464566684394e-11,kg m-2
loadbc,2003,1.43002383677527e-11,kg m-2
loadbc,2004,-8.452943296547771e-12,kg m-2
