variable,year,value,unit
loadso4,2000,-2.044146408308409e-09,kg m-2
loadso4,2001,-1.1888329283970505e-09,kg m-2
loadso4,2002,1.5736176346195553e-09,kg m-2
loadso4,2003,-1.5007679447710565e-09,kg m-2
loadso4,2004,1.8287031005438339e-09,kg m-2
