variable,year,value,unit
emibc,2000,-1.1792503967661597e-19,kg m-2 s-1
emibc,2001,-5.17072228610935e-20,kg m-2 s-1
emibc,2002,-1.3071320933557512e-19,kg m-2 s-1
emibc,2003,-1.6816687674160323e-19,kg m-2 s-1
emibc,2004,-5.995667592498763e-20,kg m-2 s-1
