variable,year,value,unit
loadbc,2000,1.3729805637850523e-11,kg m-2
loadbc,2001,1.1975166596517626e-10,kg m-2
loadbc,2002,-3.5501150032996654e-10,kg m-2
loadbc,2003,-2.9169314858960166e-10,kg m-2
loadbc,2004,-4.1354454098314155e-11,kg m-2
