variable,year,value,unit
cl,2000,0.008027448605927745,%
cl,2001,-0.005281769323238095,%
cl,2002,-0.014530652598795157,%
cl,2003,0.0044472376497584065,%
cl,2004,0.00038422867101139957,%
