variable,year,value,unit
so2,2000,-6.757910365374783e-10,mol mol-1
so2,2001,-6.900870798087805e-10,mol mol-1
so2,2002,-6.778328241645441e-10,mol mol-1
so2,2003,-8.029127359978017e-10,mol mol-1
so2,2004,-8.594845934080232e-10,mol mol-1
