variable,year,value,unit
wetso2,2000,-2.385749894379967e-16,kg m-2 s-1
wetso2,2001,-2.579589184198455e-16,kg m-2 s-1
wetso2,2002,-2.350424518576376e-16,kg m-2 s-1
wetso2,2003,-5.009754860937238e-16,kg m-2 s-1
wetso2,2004,-6.318688304955348e-16,kg m-2 s-1
