variable,year,value,unit
rsut,2000,-0.20100774810411792,W m-2
rsut,2001,0.2826486170228719,W m-2
rsut,2002,0.4834857487979036,W m-2
rsut,2003,0.2780300584530693,W m-2
rsut,2004,0.8053595915622651,W m-2
