variable,year,value,unit
rsutcs,2000,-0.0790646672634665,W m-2
rsutcs,2001,-0.0895153186681199,W m-2
rsutcs,2002,-0.07723691684904566,W m-2
rsutcs,2003,-0.1243608181010103,W m-2
rsutcs,2004,-0.1702494700152073,W m-2
