variable,year,value,unit
rsutcs,2001,0.054808697191532474,W m-2
rsutcs,2002,0.014177415237767832,W m-2
rsutcs,2003,0.04451241629826086,W m-2
rsutcs,2004,0.05157325064661222,W m-2
