variable,year,value,unit
so2,2001,-7.300746803672315e-13,mol mol-1
so2,2002,-1.1076382337117944e-12,mol mol-1
so2,2003,-6.792278239223263e-13,mol mol-1
so2,2004,-3.357074287936265e-13,mol mol-1
so2,2005,-7.042742808839177e-13,mol mol-1
