variable,year,value,unit
wetbc,2000,3.000693411598118e-14,kg m-2 s-1
wetbc,2001,3.445740157252826e-14,kg m-2 s-1
wetbc,2002,4.158127992869404e-14,kg m-2 s-1
wetbc,2003,3.6095492236046806e-14,kg m-2 s-1
wetbc,2004,4.156159181470176e-14,kg m-2 s-1
