variable,year,value,unit
mmrbc,2000,2.6356068127918567e-12,kg kg-1
mmrbc,2001,3.3966256568275485e-12,kg kg-1
mmrbc,2002,3.5947934989219012e-12,kg kg-1
mmrbc,2003,3.322161841072933e-12,kg kg-1
mmrbc,2004,3.661475215600734e-12,kg kg-1
