variable,year,value,unit
dryso4,2000,-3.2963473731640285e-15,kg m-2 s-1
dryso4,2001,-3.2209163591556445e-15,kg m-2 s-1
dryso4,2002,-3.13757492416761e-15,kg m-2 s-1
dryso4,2003,-3.574923150176632e-15,kg m-2 s-1
dryso4,2004,-3.8121234187629504e-15,kg m-2 s-1
