variable,year,value,unit
dryso4,2000,-3.655887487067584e-15,kg m-2 s-1
dryso4,2001,-3.6053835496030795e-15,kg m-2 s-1
dryso4,2002,-3.4928610859876076e-15,kg m-2 s-1
dryso4,2003,-3.2394150792712868e-15,kg m-2 s-1
dryso4,2004,-3.619716509681253e-15,kg m-2 s-1
