variable,year,value,unit
od550aer,2000,-0.00013351312828698003,1
od550aer,2001,-0.0004442722976338298,1
od550aer,2002,-8.49631980135157e-05,1
od550aer,2003,-0.00038385893163771223,1
od550aer,2004,0.0001178641296241123,1
