variable,year,value,unit
rlutcs,2000,0.0006101357498664584,W m-2
rlutcs,2001,0.004195398187675892,W m-2
rlutcs,2002,0.001854606649658308,W m-2
rlutcs,2003,0.008782570427058545,W m-2
rlutcs,2004,0.0009967159887764865,W m-2
