variable,year,value,unit
loadso2,2000,-4.28311981811161e-09,kg m-2
loadso2,2001,-5.539511989351696e-09,kg m-2
loadso2,2002,-6.668795850531474e-09,kg m-2
loadso2,2003,-6.601184137665221e-09,kg m-2
loadso2,2004,-4.36771519440338e-09,kg m-2
