variable,year,value,unit
rlut,2001,-0.6316140978399005,W m-2
rlut,2002,0.41666610558795014,W m-2
rlut,2003,0.07754541853788055,W m-2
rlut,2004,0.0161054615303442,W m-2
rlut,2005,-0.8524098147057089,W m-2
