variable,year,value,unit
rsut,2000,0.025848006583302663,W m-2
rsut,2001,0.067168005483353,W m-2
rsut,2002,0.06793182543852083,W m-2
rsut,2003,0.10536749895393882,W m-2
rsut,2004,0.12073242523983652,W m-2
