variable,year,value,unit
rsut,2000,-0.0036136112606186543,W m-2
rsut,2001,-0.004118375556245724,W m-2
rsut,2002,0.005099859124015893,W m-2
rsut,2003,-0.005693961784245971,W m-2
rsut,2004,-0.0026318441623658373,W m-2
