variable,year,value,unit
dryso4,2000,3.8977275182492627e-14,kg m-2 s-1
dryso4,2001,3.8812258567497446e-14,kg m-2 s-1
dryso4,2002,3.8352478498062647e-14,kg m-2 s-1
dryso4,2003,4.014564417625842e-14,kg m-2 s-1
dryso4,2004,4.1186031938290485e-14,kg m-2 s-1
