variable,year,value,unit
rsutcs,2000,0.011718947537644908,W m-2
rsutcs,2001,0.0030232773111578126,W m-2
rsutcs,2002,0.00027202973208773074,W m-2
rsutcs,2003,0.017160658015086483,W m-2
rsutcs,2004,0.01071906009779866,W m-2
