variable,year,value,unit
clt,2000,-0.005344512674540169,%
clt,2001,-0.02929353533177448,%
clt,2002,0.06651594197827393,%
clt,2003,0.044158245493370885,%
clt,2004,0.0499312576193347,%
