variable,year,value,unit
dryso4,2000,9.41605034544718e-15,kg m-2 s-1
dryso4,2001,9.145825453236743e-15,kg m-2 s-1
dryso4,2002,8.444963171801974e-15,kg m-2 s-1
dryso4,2003,2.6526691791914148e-14,kg m-2 s-1
dryso4,2004,2.348151032997101e-14,kg m-2 s-1
