variable,year,value,unit
emibc,2000,6.695167568075838e-05,kg m-2 s-1
emibc,2001,2.2937638420586586e-05,kg m-2 s-1
emibc,2002,9.636152323077969e-05,kg m-2 s-1
emibc,2003,6.815045813338093e-06,kg m-2 s-1
emibc,2004,8.339305403123893e-05,kg m-2 s-1
