variable,year,value,unit
emiso2,2000,-0.08329643104804799,kg m-2 s-1
emiso2,2001,-0.08570238268589621,kg m-2 s-1
emiso2,2002,-0.0821442082971236,kg m-2 s-1
emiso2,2003,-0.08560656238717897,kg m-2 s-1
emiso2,2004,-0.08818658089653218,kg m-2 s-1
