variable,year,value,unit
wetso4,2000,-0.44683134635319155,kg m-2 s-1
wetso4,2001,-0.35823864645252274,kg m-2 s-1
wetso4,2002,-0.3196373221883411,kg m-2 s-1
wetso4,2003,-0.157995136473378,kg m-2 s-1
wetso4,2004,-0.7048536739369202,kg m-2 s-1
