variable,year,value,unit
loadbc,2000,-6.762627649623332e-10,kg m-2
loadbc,2001,-5.095460244056035e-10,kg m-2
loadbc,2002,1.290816285890695e-10,kg m-2
loadbc,2003,-2.061698586640327e-10,kg m-2
loadbc,2004,1.077005836140787e-10,kg m-2
