variable,year,value,unit
cltc,2000,0.0021673840832114877,%
cltc,2001,0.0008540549269882014,%
cltc,2002,-0.0020481698348877586,%
cltc,2003,0.0004201713377725014,%
cltc,2004,-0.0007030283405362603,%
