variable,year,value,unit
clt,2000,-0.015136902064078583,%
clt,2001,0.022056009376392183,%
clt,2002,0.008455264633447257,%
clt,2003,0.02935249003748197,%
clt,2004,-0.006498964701073362,%
