variable,year,value,unit
mmrso4,2000,2.0780702568319722e-12,kg kg-1
mmrso4,2001,9.8175945390592e-13,kg kg-1
mmrso4,2002,1.1045480774352107e-12,kg kg-1
mmrso4,2003,2.3943531323533472e-12,kg kg-1
mmrso4,2004,1.4349224009603436e-12,kg kg-1
