variable,year,value,unit
cltc,2000,0.0014615981258270239,%
cltc,2001,-0.0018931117451295165,%
cltc,2002,-0.00034389981633786704,%
cltc,2003,-0.0020102661719558768,%
cltc,2004,-0.0002474159683725219,%
