variable,year,value,unit
rlutcs,2000,0.005465973333144802,W m-2
rlutcs,2001,0.018431326036619566,W m-2
rlutcs,2002,0.0015787978934724833,W m-2
rlutcs,2003,-0.014230066164884647,W m-2
rlutcs,2004,0.002485077859290641,W m-2
