variable,year,value,unit
rlut,2000,0.010636523065187475,W m-2
rlut,2001,-0.0657427751475268,W m-2
rlut,2002,-0.0030371278652125966,W m-2
rlut,2003,0.004669342234052465,W m-2
rlut,2004,0.015728687220189386,W m-2
