variable,year,value,unit
rsut,2000,-0.03262466481304216,W m-2
rsut,2001,-0.05489919578134561,W m-2
rsut,2002,-0.02235685544980015,W m-2
rsut,2003,0.053318790510445524,W m-2
rsut,2004,0.030026012172953642,W m-2
