variable,year,value,unit
wetbc,2000,-2.2671594042037826e-16,kg m-2 s-1
wetbc,2001,-4.0328427355784525e-16,kg m-2 s-1
wetbc,2002,4.715697835420753e-16,kg m-2 s-1
wetbc,2003,6.034847202252317e-17,kg m-2 s-1
wetbc,2004,-3.710926252142552e-17,kg m-2 s-1
