variable,year,value,unit
dryso4,2000,4.278438245256779e-15,kg m-2 s-1
dryso4,2001,5.128448971321657e-15,kg m-2 s-1
dryso4,2002,5.155512451173912e-15,kg m-2 s-1
dryso4,2003,6.7882474688899436e-15,kg m-2 s-1
dryso4,2004,6.116584104625965e-15,kg m-2 s-1
