variable,year,value,unit
emibc,2000,2.286543604837282e-19,kg m-2 s-1
emibc,2001,3.312734397352028e-20,kg m-2 s-1
emibc,2002,4.674724151696919e-20,kg m-2 s-1
emibc,2003,1.1899033824371077e-19,kg m-2 s-1
emibc,2004,-2.646631035047008e-19,kg m-2 s-1
