variable,year,value,unit
so2,2000,-4.648876186495703e-13,mol mol-1
so2,2001,-2.2205405046663504e-13,mol mol-1
so2,2002,-8.957812372165092e-13,mol mol-1
so2,2003,-6.386792198481445e-13,mol mol-1
so2,2004,2.475713941160441e-13,mol mol-1
