variable,year,value,unit
rsut,2000,-0.01991064411045329,W m-2
rsut,2001,0.013566525496202075,W m-2
rsut,2002,0.010473860945566571,W m-2
rsut,2003,0.011521833101582502,W m-2
rsut,2004,0.030424239798591657,W m-2
