variable,year,value,unit
cltc,2000,-0.001323614270976936,%
cltc,2001,0.0025586740385263873,%
cltc,2002,0.010300374198553452,%
cltc,2003,-0.0026738055689952134,%
cltc,2004,-0.0002891151742776543,%
