variable,year,value,unit
emiso2,2000,-0.9062832625030819,kg m-2 s-1
emiso2,2001,-0.8527210318619907,kg m-2 s-1
emiso2,2002,-0.8808220144690481,kg m-2 s-1
emiso2,2003,-0.8942740631604154,kg m-2 s-1
emiso2,2004,-0.9036524144644356,kg m-2 s-1
