variable,year,value,unit
clivi,2000,-0.21433588463473568,kg m-2
clivi,2001,0.2045682354848591,kg m-2
clivi,2002,-0.12566335050676633,kg m-2
clivi,2003,-0.2062196948792106,kg m-2
clivi,2004,-0.09747662464575867,kg m-2
