variable,year,value,unit
so2,2000,-1.2980929834079138,mol mol-1
so2,2001,-1.4198312756608458,mol mol-1
so2,2002,-1.2493688724339371,mol mol-1
so2,2003,-1.36263906935694,mol mol-1
so2,2004,-1.3452020153850008,mol mol-1
