variable,year,value,unit
drybc,2000,-0.13289077066341673,kg m-2 s-1
drybc,2001,-0.07820675412173093,kg m-2 s-1
drybc,2002,0.13786937234818217,kg m-2 s-1
drybc,2003,0.1339253041480245,kg m-2 s-1
drybc,2004,-0.11785777807664427,kg m-2 s-1
