variable,year,value,unit
wetso2,2000,-0.5875572728519877,kg m-2 s-1
wetso2,2001,-0.6877660669832667,kg m-2 s-1
wetso2,2002,0.19317066736198205,kg m-2 s-1
wetso2,2003,-1.3259263698525239,kg m-2 s-1
wetso2,2004,-1.3572086122323805,kg m-2 s-1
