variable,year,value,unit
loadso4,2000,-2.0868522407838146,kg m-2
loadso4,2001,-2.6953081360842677,kg m-2
loadso4,2002,-2.6267845242601315,kg m-2
loadso4,2003,-2.137017390482233,kg m-2
loadso4,2004,-1.7432553214051967,kg m-2
