variable,year,value,unit
mmrso4,2000,-2.7400743439357127,kg kg-1
mmrso4,2001,-2.847736522295527,kg kg-1
mmrso4,2002,-2.6035845630204624,kg kg-1
mmrso4,2003,-3.0861357195480537,kg kg-1
mmrso4,2004,-2.5497352158613245,kg kg-1
