variable,year,value,unit
drybc,2001,3.1513952758671024,kg m-2 s-1
drybc,2002,-3.278879089909477,kg m-2 s-1
drybc,2003,-6.13216416990894,kg m-2 s-1
drybc,2004,1.3080209422029891,kg m-2 s-1
drybc,2005,-2.736888355675472,kg m-2 s-1
