variable,year,value,unit
cl,2001,-14.49658520530269,%
cl,2002,-2.5524019609761446,%
cl,2003,-9.093642625252734,%
cl,2004,-9.194134231769327,%
cl,2005,-32.48345969302232,%
