variable,year,value,unit
mmrso4,2000,-4.260966253040877,kg kg-1
mmrso4,2001,-3.7464853149272157,kg kg-1
mmrso4,2002,-3.91869137847319,kg kg-1
mmrso4,2003,-4.045044744099023,kg kg-1
mmrso4,2004,-3.854673512924637,kg kg-1
