variable,year,value,unit
loadso4,2001,-3.124862216317851,kg m-2
loadso4,2002,-3.369619303433168,kg m-2
loadso4,2003,-3.5791058249286514,kg m-2
loadso4,2004,-3.5174263268686925,kg m-2
loadso4,2005,-3.657755795155062,kg m-2
