variable,year,value,unit
wetbc,2000,5.585867227004323,kg m-2 s-1
wetbc,2001,5.482802467672383,kg m-2 s-1
wetbc,2002,4.947581974493569,kg m-2 s-1
wetbc,2003,4.930505407701024,kg m-2 s-1
wetbc,2004,6.0331622540387295,kg m-2 s-1
