variable,year,value,unit
clt,2000,-0.7236694139073122,%
clt,2001,-0.3926693822721289,%
clt,2002,0.24847645557683737,%
clt,2003,-0.2150371199460785,%
clt,2004,-0.6994519688385903,%
