variable,year,value,unit
emibc,2000,-1.5499557099562792e-06,kg m-2 s-1
emibc,2001,6.2192967522278374e-06,kg m-2 s-1
emibc,2002,5.2780904655959274e-06,kg m-2 s-1
emibc,2003,2.212719719691106e-06,kg m-2 s-1
emibc,2004,2.2789290899071404e-06,kg m-2 s-1
