variable,year,value,unit
clivi,2000,-0.1541650254531301,kg m-2
clivi,2001,-0.00875622218455422,kg m-2
clivi,2002,0.015249234804515281,kg m-2
clivi,2003,0.11758222963526711,kg m-2
clivi,2004,0.03874392080919884,kg m-2
