variable,year,value,unit
rsutcs,2000,0.03543289331970832,W m-2
rsutcs,2001,0.07552897025753402,W m-2
rsutcs,2002,-0.0004218248548334255,W m-2
rsutcs,2003,-0.0037021826125866525,W m-2
rsutcs,2004,0.03204569190850761,W m-2
