variable,year,value,unit
wetso2,2000,-4.795035949910255,kg m-2 s-1
wetso2,2001,-5.308819660845203,kg m-2 s-1
wetso2,2002,-5.18766936581606,kg m-2 s-1
wetso2,2003,-5.343854078871449,kg m-2 s-1
wetso2,2004,-5.23104923042644,kg m-2 s-1
