variable,year,value,unit
wetso4,2000,-0.6648638456073871,kg m-2 s-1
wetso4,2001,-0.6593217746684074,kg m-2 s-1
wetso4,2002,-0.6348306067592827,kg m-2 s-1
wetso4,2003,-0.6558718501389248,kg m-2 s-1
wetso4,2004,-0.5821418008444887,kg m-2 s-1
