variable,year,value,unit
loadbc,2000,0.10540947753094566,kg m-2
loadbc,2001,-0.08830858347575675,kg m-2
loadbc,2002,-0.0020055972427662112,kg m-2
loadbc,2003,-0.03829980877226914,kg m-2
loadbc,2004,0.053522484761720154,kg m-2
