variable,year,value,unit
dryso2,2000,-0.35734776635926363,kg m-2 s-1
dryso2,2001,-0.515133298635058,kg m-2 s-1
dryso2,2002,-0.41635447554184146,kg m-2 s-1
dryso2,2003,-0.3553605517370486,kg m-2 s-1
dryso2,2004,-0.43583404767927075,kg m-2 s-1
