variable,year,value,unit
mmrso4,2000,-0.8587762003126995,kg kg-1
mmrso4,2001,-0.8573304138883738,kg kg-1
mmrso4,2002,-0.9158853418587668,kg kg-1
mmrso4,2003,-0.8917560323551825,kg kg-1
mmrso4,2004,-0.9215661520694853,kg kg-1
