variable,year,value,unit
dryso4,2000,-1.1613682898896582,kg m-2 s-1
dryso4,2001,-1.0080091014031505,kg m-2 s-1
dryso4,2002,-1.0686146898255307,kg m-2 s-1
dryso4,2003,-1.0587770417252804,kg m-2 s-1
dryso4,2004,-1.0370227286445448,kg m-2 s-1
