variable,year,value,unit
rsdt,2000,1.9272652171338223e-08,W m-2
rsdt,2001,-6.774710248664069e-09,W m-2
rsdt,2002,1.3737378154250934e-08,W m-2
rsdt,2003,1.2157447877675151e-08,W m-2
rsdt,2004,3.193801325941374e-08,W m-2
