variable,year,value,unit
mmrso4,2000,-0.7903637180044495,kg kg-1
mmrso4,2001,-0.7785031824924518,kg kg-1
mmrso4,2002,-0.8424518034621055,kg kg-1
mmrso4,2003,-1.0074196368612847,kg kg-1
mmrso4,2004,-0.9790036733297834,kg kg-1
