variable,year,value,unit
mmrbc,2000,0.0030547406172062373,kg kg-1
mmrbc,2001,-0.0007634788097956599,kg kg-1
mmrbc,2002,-0.0020338290867806474,kg kg-1
mmrbc,2003,0.001767816985158607,kg kg-1
mmrbc,2004,0.006239396415004284,kg kg-1
