variable,year,value,unit
drybc,2000,-0.013240262808133075,kg m-2 s-1
drybc,2001,0.01464078806460983,kg m-2 s-1
drybc,2002,0.004214185104960627,kg m-2 s-1
drybc,2003,-0.00428811632641438,kg m-2 s-1
drybc,2004,-0.0005190595620690885,kg m-2 s-1
