variable,year,value,unit
rsutcs,2000,-0.013882594582196692,W m-2
rsutcs,2001,-0.019224547762908162,W m-2
rsutcs,2002,-0.023184911964738784,W m-2
rsutcs,2003,-0.01165453822507961,W m-2
rsutcs,2004,-0.017325695107245635,W m-2
