variable,year,value,unit
rlut,2000,-0.0070513894272165685,W m-2
rlut,2001,0.015199931403035409,W m-2
rlut,2002,0.008921340000932847,W m-2
rlut,2003,0.0009530730910727948,W m-2
rlut,2004,0.0012289730376636313,W m-2
