variable,year,value,unit
rlutcs,2000,-0.0013549584729643253,W m-2
rlutcs,2001,0.003086798346144359,W m-2
rlutcs,2002,-0.0014367875071001073,W m-2
rlutcs,2003,-0.0050225944181458634,W m-2
rlutcs,2004,-0.00021824718056707282,W m-2
