variable,year,value,unit
rsut,2000,-0.0008696084344026113,W m-2
rsut,2001,-0.0003652835453017529,W m-2
rsut,2002,-0.0035303843542494892,W m-2
rsut,2003,-0.0031172358124523843,W m-2
rsut,2004,-0.001173121576256423,W m-2
