variable,year,value,unit
mmrbc,2000,0.036850386725005804,kg kg-1
mmrbc,2001,0.013570032635257218,kg kg-1
mmrbc,2002,-0.021586542987819188,kg kg-1
mmrbc,2003,-0.055101787573312765,kg kg-1
mmrbc,2004,0.017406149251451994,kg kg-1
