variable,year,value,unit
cl,2001,-0.011183439272038288,%
cl,2002,-0.001998571281032792,%
cl,2003,0.010360650991144318,%
cl,2004,-0.0035650605176982333,%
cl,2005,-0.018668328686970777,%
