variable,year,value,unit
rlutcs,2000,-0.02464733131785124,W m-2
rlutcs,2001,-0.05382712974602555,W m-2
rlutcs,2002,0.01863694018516071,W m-2
rlutcs,2003,0.03619028137359237,W m-2
rlutcs,2004,-0.08697236291118315,W m-2
