variable,year,value,unit
wetso4,2000,-9.311296033363648e-16,kg m-2 s-1
wetso4,2001,5.0812340887836135e-15,kg m-2 s-1
wetso4,2002,-8.133165844880598e-15,kg m-2 s-1
wetso4,2003,-9.15624033633667e-15,kg m-2 s-1
wetso4,2004,2.502646943311924e-15,kg m-2 s-1
