variable,year,value,unit
rsutcs,2000,-0.002005411190090456,W m-2
rsutcs,2001,0.004460510673602869,W m-2
rsutcs,2002,0.0006517434733481764,W m-2
rsutcs,2003,-0.0018790881783559144,W m-2
rsutcs,2004,-0.0006203432607492232,W m-2
