variable,year,value,unit
so2,2000,-3.9239576636054017e-13,mol mol-1
so2,2001,-2.178671243637391e-13,mol mol-1
so2,2002,-2.1226788906810286e-13,mol mol-1
so2,2003,-4.585225108988229e-13,mol mol-1
so2,2004,-3.089596479139625e-13,mol mol-1
