variable,year,value,unit
so2,2000,5.268768644615943e-13,mol mol-1
so2,2001,2.8822335184885537e-13,mol mol-1
so2,2002,-8.000990057911937e-13,mol mol-1
so2,2003,5.372366928184211e-13,mol mol-1
so2,2004,-7.12827970337401e-15,mol mol-1
