variable,year,value,unit
rsut,2001,0.36473304916934524,W m-2
rsut,2002,0.6477950293060672,W m-2
rsut,2003,-0.6521198700157242,W m-2
rsut,2004,0.6480798668359142,W m-2
rsut,2005,-1.7258136505176367,W m-2
