variable,year,value,unit
rsdt,2001,-0.24880778812206472,W m-2
rsdt,2002,-0.6996127049661993,W m-2
rsdt,2003,1.3919937843266155,W m-2
rsdt,2004,-0.49782285436725715,W m-2
rsdt,2005,2.369399786710318,W m-2
