variable,year,value,unit
rlutcs,2000,0.0034294674734667296,W m-2
rlutcs,2001,0.001942542801032232,W m-2
rlutcs,2002,0.012838483853926164,W m-2
rlutcs,2003,-0.01547590111326258,W m-2
rlutcs,2004,-0.002235955653958399,W m-2
rlutcs,2005,-0.001917662265555009,W m-2
rlutcs,2006,-0.012360938356380302,W m-2
rlutcs,2007,0.005520080085773316,W m-2
rlutcs,2008,0.004186535021716509,W m-2
rlutcs,2009,0.005780202737469153,W m-2
