variable,year,value,unit
rsut,2000,-0.05040378294492598,W m-2
rsut,2001,0.03937781169199184,W m-2
rsut,2002,0.1018703240218315,W m-2
rsut,2003,-0.025622215528386505,W m-2
rsut,2004,0.12056409104025079,W m-2
rsut,2005,-0.014336546305742104,W m-2
rsut,2006,-0.0027609260898771026,W m-2
rsut,2007,-0.05851647314992192,W m-2
rsut,2008,-0.015662301957178215,W m-2
rsut,2009,0.07447141904802379,W m-2
