variable,year,value,unit
wetso2,2000,1.70555049824188e-18,kg m-2 s-1
wetso2,2001,-1.046668311092579e-18,kg m-2 s-1
wetso2,2002,-3.76552766863211e-18,kg m-2 s-1
wetso2,2003,-5.417579593152324e-19,kg m-2 s-1
wetso2,2004,-2.3892413539737053e-18,kg m-2 s-1
