variable,year,value,unit
wetso4,2000,1.4173296009109227e-15,kg m-2 s-1
wetso4,2001,4.856301054910065e-15,kg m-2 s-1
wetso4,2002,-1.2362525775460421e-15,kg m-2 s-1
wetso4,2003,1.4166971512764057e-14,kg m-2 s-1
wetso4,2004,4.550680190341857e-15,kg m-2 s-1
