variable,year,value,unit
rsut,2000,0.06280744823843065,W m-2
rsut,2001,-0.06687948449751957,W m-2
rsut,2002,0.06664555761585689,W m-2
rsut,2003,0.12555052418667856,W m-2
rsut,2004,-0.07188715756205966,W m-2
