variable,year,value,unit
wetso2,2001,3.7364352881390405e-15,kg m-2 s-1
wetso2,2002,1.7391648196201946e-16,kg m-2 s-1
wetso2,2003,2.2538700409088755e-16,kg m-2 s-1
wetso2,2004,2.126128197073259e-15,kg m-2 s-1
wetso2,2005,1.856011540040465e-15,kg m-2 s-1
