variable,year,value,unit
rsut,2000,-0.03613003799573278,W m-2
rsut,2001,0.037439851216504394,W m-2
rsut,2002,0.010283387910035913,W m-2
rsut,2003,0.012938773907080758,W m-2
rsut,2004,0.06808282063398963,W m-2
rsut,2005,0.00818384676261985,W m-2
rsut,2006,0.008722218398062864,W m-2
rsut,2007,0.009642555182281853,W m-2
rsut,2008,0.009849149753407005,W m-2
rsut,2009,0.024556919780735598,W m-2
