variable,year,value,unit
clivi,2000,-0.00036645469498519656,kg m-2
clivi,2001,-0.00037177467116332463,kg m-2
clivi,2002,-0.00085615790933459,kg m-2
clivi,2003,0.0009027628104300439,kg m-2
clivi,2004,-0.0016284447473349783,kg m-2
clivi,2005,0.0006325733731590566,kg m-2
clivi,2006,-1.202151916357419e-05,kg m-2
clivi,2007,0.000618649609528954,kg m-2
clivi,2008,0.0009590717477306471,kg m-2
clivi,2009,0.000487900118821355,kg m-2
