variable,year,value,unit
loadso4,2001,3.995121717963409e-09,kg m-2
loadso4,2002,5.618185068618351e-09,kg m-2
loadso4,2003,6.78533589708046e-09,kg m-2
loadso4,2004,4.3651542518103246e-09,kg m-2
loadso4,2005,6.233012368164714e-09,kg m-2
