variable,year,value,unit
rsut,2000,0.013876300499987337,W m-2
rsut,2001,0.02302484667832516,W m-2
rsut,2002,0.07700151477213524,W m-2
rsut,2003,-0.09709769447093208,W m-2
rsut,2004,0.0009685804448622548,W m-2
