variable,year,value,unit
wetbc,2000,-2.5479816540525565e-16,kg m-2 s-1
wetbc,2001,2.4194712549348326e-15,kg m-2 s-1
wetbc,2002,-1.1067608256790354e-16,kg m-2 s-1
wetbc,2003,-1.9855364046954596e-15,kg m-2 s-1
wetbc,2004,-2.557390851309476e-16,kg m-2 s-1
