variable,year,value,unit
mmrbc,2000,6.293128403495531e-14,kg kg-1
mmrbc,2001,-2.3320450370666784e-14,kg kg-1
mmrbc,2002,-7.599280299972037e-15,kg kg-1
mmrbc,2003,-8.503590516007248e-14,kg kg-1
mmrbc,2004,-6.941133003152778e-14,kg kg-1
