variable,year,value,unit
rlutcs,2000,0.03257267883623172,W m-2
rlutcs,2001,-0.02540681087779717,W m-2
rlutcs,2002,0.02210986171647278,W m-2
rlutcs,2003,0.007252732976297693,W m-2
rlutcs,2004,-0.00782020355768509,W m-2
