variable,year,value,unit
mmrso4,2000,1.520370077575588e-12,kg kg-1
mmrso4,2001,9.006426667818782e-13,kg kg-1
mmrso4,2002,8.269026650763933e-13,kg kg-1
mmrso4,2003,1.1104733203674308e-12,kg kg-1
mmrso4,2004,7.823907976426838e-13,kg kg-1
mmrso4,2005,1.162109610649513e-12,kg kg-1
mmrso4,2006,9.398062994462608e-13,kg kg-1
mmrso4,2007,1.0091030545504263e-12,kg kg-1
mmrso4,2008,1.9148154752533547e-12,kg kg-1
mmrso4,2009,1.2229081966994866e-12,kg kg-1
