variable,year,value,unit
clt,2000,0.009379138605126514,%
clt,2001,-0.06605917957200091,%
clt,2002,-0.034539427947258616,%
clt,2003,0.03472411597751801,%
clt,2004,-0.006758249150117024,%
clt,2005,0.02996188152815904,%
clt,2006,0.003860818064417515,%
clt,2007,0.08660885086589332,%
clt,2008,-0.033298131245615536,%
clt,2009,0.03309971863583172,%
