variable,year,value,unit
rlutcs,2001,-0.001866537846478571,W m-2
rlutcs,2002,-0.001667372139430881,W m-2
rlutcs,2003,-0.001791133993956402,W m-2
rlutcs,2004,-0.0018785151406388032,W m-2
