variable,year,value,unit
so2,2001,-16.46088061806696,mol mol-1
so2,2002,-16.220548880876688,mol mol-1
so2,2003,-16.5167397691331,mol mol-1
so2,2004,-17.29992572388161,mol mol-1
