variable,year,value,unit
wetbc,2000,0.15087194697194417,kg m-2 s-1
wetbc,2001,0.11469493834647936,kg m-2 s-1
wetbc,2002,0.1230997356503784,kg m-2 s-1
wetbc,2003,0.3027246320478595,kg m-2 s-1
wetbc,2004,0.1538019451885702,kg m-2 s-1
