variable,year,value,unit
rsutcs,2000,0.2100009928496265,W m-2
rsutcs,2001,0.19796226046573745,W m-2
rsutcs,2002,0.2306918209500194,W m-2
rsutcs,2003,0.24227579432024937,W m-2
rsutcs,2004,0.25006178061267287,W m-2
