variable,year,value,unit
dryso2,2000,-25.325503873779304,kg m-2 s-1
dryso2,2001,-26.173509633223297,kg m-2 s-1
dryso2,2002,-25.853216314655587,kg m-2 s-1
dryso2,2003,-25.478617266317364,kg m-2 s-1
dryso2,2004,-25.980302503068437,kg m-2 s-1
