variable,year,value,unit
mmrso4,2000,29.753611491826256,kg kg-1
mmrso4,2001,30.238777302207847,kg kg-1
mmrso4,2002,30.772239477184073,kg kg-1
mmrso4,2003,30.295523849872584,kg kg-1
mmrso4,2004,31.405980748864167,kg kg-1
