variable,year,value,unit
rsutcs,2000,0.15146537793605028,W m-2
rsutcs,2001,0.13434381992422118,W m-2
rsutcs,2002,0.13758140902084748,W m-2
rsutcs,2003,0.1464396257301506,W m-2
rsutcs,2004,0.13867856900105638,W m-2
