variable,year,value,unit
rsut,2000,0.23406976157345855,W m-2
rsut,2001,0.24075709097584932,W m-2
rsut,2002,0.2581142035931315,W m-2
rsut,2003,0.20731525870784553,W m-2
rsut,2004,0.21138777865557903,W m-2
