variable,year,value,unit
clivi,2000,0.16436260195553182,kg m-2
clivi,2001,0.12061363594940851,kg m-2
clivi,2002,-0.5313293614554391,kg m-2
clivi,2003,-0.02054116129176476,kg m-2
clivi,2004,0.31311486480290446,kg m-2
