variable,year,value,unit
mmrbc,2000,0.005016063631454058,kg kg-1
mmrbc,2001,-0.04690125687967296,kg kg-1
mmrbc,2002,0.046232978970461594,kg kg-1
mmrbc,2003,0.09586159297728263,kg kg-1
mmrbc,2004,0.009531565253724353,kg kg-1
