variable,year,value,unit
dms,2000,0.08759392046426927,mol mol-1
dms,2001,-0.09551881368026219,mol mol-1
dms,2002,0.23489239141630303,mol mol-1
dms,2003,0.05132368286566727,mol mol-1
dms,2004,-0.11234843300023381,mol mol-1
