variable,year,value,unit
cl,2000,0.19909194561616406,%
cl,2001,0.2574993272600052,%
cl,2002,0.009610420748003813,%
cl,2003,-0.0822622924940087,%
cl,2004,0.0989640164328149,%
