variable,year,value,unit
dryso4,2001,0.21523380949359547,kg m-2 s-1
dryso4,2002,0.005956284913277496,kg m-2 s-1
dryso4,2003,0.1727830056552718,kg m-2 s-1
dryso4,2004,0.02419803799580531,kg m-2 s-1
