variable,year,value,unit
loadso4,2000,9.70030984296751,kg m-2
loadso4,2001,10.115396134898047,kg m-2
loadso4,2002,10.76081408945548,kg m-2
loadso4,2003,10.830206301824761,kg m-2
loadso4,2004,11.174297597906541,kg m-2
