variable,year,value,unit
rlut,2000,0.054958994170461344,W m-2
rlut,2001,-0.005117583532901098,W m-2
rlut,2002,-0.016212261172048992,W m-2
rlut,2003,-0.010817299742776471,W m-2
rlut,2004,0.011224757722880646,W m-2
