variable,year,value,unit
rlut,2001,-0.002139147725099878,W m-2
rlut,2002,-0.001085418210836998,W m-2
rlut,2003,-0.0005115181705154302,W m-2
rlut,2004,-0.0018490302098717422,W m-2
