variable,year,value,unit
wetso2,2000,39.005708080269244,kg m-2 s-1
wetso2,2001,39.39848273885927,kg m-2 s-1
wetso2,2002,39.79983338469783,kg m-2 s-1
wetso2,2003,42.43818949680418,kg m-2 s-1
wetso2,2004,43.88534458829081,kg m-2 s-1
