variable,year,value,unit
clt,2000,-0.001940273901055889,%
clt,2001,0.01963523162553571,%
clt,2002,0.007875536984073506,%
clt,2003,0.0361670937137788,%
clt,2004,-0.02370609936264856,%
