variable,year,value,unit
drybc,2000,-1.3134000078872234e-17,kg m-2 s-1
drybc,2001,2.4732177706976504e-18,kg m-2 s-1
drybc,2002,-1.0193431879166514e-17,kg m-2 s-1
drybc,2003,-2.694770825799849e-17,kg m-2 s-1
drybc,2004,1.1507609756751289e-17,kg m-2 s-1
