variable,year,value,unit
cltc,2000,-0.004913962949586015,%
cltc,2001,0.003364949034500242,%
cltc,2002,-0.0013882822947079987,%
cltc,2003,-0.006580399683750571,%
cltc,2004,-0.0017484108172380886,%
