variable,year,value,unit
dryso2,2000,-5.650859209003948e-15,kg m-2 s-1
dryso2,2001,-6.3522346229595515e-15,kg m-2 s-1
dryso2,2002,-5.383251195507803e-15,kg m-2 s-1
dryso2,2003,-4.956677438081443e-15,kg m-2 s-1
dryso2,2004,-5.686928360259671e-15,kg m-2 s-1
