variable,year,value,unit
wetso2,2000,-3.765337605597425e-18,kg m-2 s-1
wetso2,2001,-2.7833709565583394e-18,kg m-2 s-1
wetso2,2002,-3.4188525192026236e-18,kg m-2 s-1
wetso2,2003,-4.802236799620091e-18,kg m-2 s-1
wetso2,2004,-2.89143681831223e-18,kg m-2 s-1
