variable,year,value,unit
emibc,2000,-6.339949824149523e-22,kg m-2 s-1
emibc,2001,1.4386839588697785e-21,kg m-2 s-1
emibc,2002,2.802628723845796e-21,kg m-2 s-1
emibc,2003,2.217165234248284e-21,kg m-2 s-1
emibc,2004,-2.8756849871279074e-21,kg m-2 s-1
