variable,year,value,unit
clt,2000,62.03412262357356,%
clt,2001,62.58893023743561,%
clt,2002,62.50280247410978,%
clt,2003,62.38941062958075,%
clt,2004,62.11376480668538,%
