variable,year,value,unit
loadso2,2000,6.387462466625074e-07,kg m-2
loadso2,2001,6.409064641772068e-07,kg m-2
loadso2,2002,6.570893200527583e-07,kg m-2
loadso2,2003,6.548632804225755e-07,kg m-2
loadso2,2004,6.535888313273913e-07,kg m-2
