variable,year,value,unit
rsutcs,2000,40.97343918823536,W m-2
rsutcs,2001,40.935781431414185,W m-2
rsutcs,2002,40.895076186891075,W m-2
rsutcs,2003,40.81655556598482,W m-2
rsutcs,2004,40.89869628288734,W m-2
