variable,year,value,unit
loadso4,2000,2.3842000824380923e-06,kg m-2
loadso4,2001,2.4220604305459317e-06,kg m-2
loadso4,2002,2.4432279297536566e-06,kg m-2
loadso4,2003,2.4692666828916676e-06,kg m-2
loadso4,2004,2.5204237665877948e-06,kg m-2
