variable,year,value,unit
mmrbc,2001,2.4306238554975556e-11,kg kg-1
mmrbc,2002,2.626089067556377e-11,kg kg-1
mmrbc,2003,2.667907548281281e-11,kg kg-1
mmrbc,2004,2.7800304631488315e-11,kg kg-1
