variable,year,value,unit
mmrso4,2000,4.685630142257929e-10,kg kg-1
mmrso4,2001,4.75257549680131e-10,kg kg-1
mmrso4,2002,4.911703838413802e-10,kg kg-1
mmrso4,2003,5.030224408532721e-10,kg kg-1
mmrso4,2004,5.008040782098682e-10,kg kg-1
