variable,year,value,unit
clivi,2000,0.008429320788271504,kg m-2
clivi,2001,0.008432000165636404,kg m-2
clivi,2002,0.008069246715399386,kg m-2
clivi,2003,0.00813617591270719,kg m-2
clivi,2004,0.008091163806406725,kg m-2
