variable,year,value,unit
rlut,2000,240.51713242247476,W m-2
rlut,2001,240.57327897009645,W m-2
rlut,2002,240.68170476784385,W m-2
rlut,2003,240.40163413288877,W m-2
rlut,2004,240.5983422947901,W m-2
