variable,year,value,unit
rlutcs,2001,265.85240889403764,W m-2
rlutcs,2002,266.19103383441825,W m-2
rlutcs,2003,266.55398554246324,W m-2
rlutcs,2004,266.34081487052526,W m-2
