variable,year,value,unit
od550aer,2000,0.11835365308836929,1
od550aer,2001,0.11760911017420903,1
od550aer,2002,0.12283745936216595,1
od550aer,2003,0.12116996156612947,1
od550aer,2004,0.12205449677503451,1
