variable,year,value,unit
bldep,2000,760.4595812446431,m
bldep,2001,754.9739181807026,m
bldep,2002,756.482988285805,m
bldep,2003,755.9606871232971,m
bldep,2004,757.231218469991,m
