variable,year,value,unit
mmrso4,2001,6.856707827687509e-10,kg kg-1
mmrso4,2002,6.972441438429367e-10,kg kg-1
mmrso4,2003,7.176748001013465e-10,kg kg-1
mmrso4,2004,7.556798976217005e-10,kg kg-1
