variable,year,value,unit
clt,2000,61.897340853166845,%
clt,2001,62.47316410287387,%
clt,2002,62.40430840206367,%
clt,2003,62.21343966547645,%
clt,2004,62.025839918425476,%
