variable,year,value,unit
dms,2000,1.4240945657696574e-10,mol mol-1
dms,2001,1.4481997948741402e-10,mol mol-1
dms,2002,1.4854374239836055e-10,mol mol-1
dms,2003,1.4476102800724737e-10,mol mol-1
dms,2004,1.4629770636674816e-10,mol mol-1
