variable,year,value,unit
wetso4,2000,8.922785513713207e-12,kg m-2 s-1
wetso4,2001,8.90879475662887e-12,kg m-2 s-1
wetso4,2002,9.091209699016616e-12,kg m-2 s-1
wetso4,2003,8.980757448779709e-12,kg m-2 s-1
wetso4,2004,9.080366615902511e-12,kg m-2 s-1
