variable,year,value,unit
rlutcs,2000,264.8224116388073,W m-2
rlutcs,2001,265.06046001918384,W m-2
rlutcs,2002,265.0776339326743,W m-2
rlutcs,2003,264.92425745297214,W m-2
rlutcs,2004,265.14414478597644,W m-2
