variable,year,value,unit
so2,2000,9.383716999058129e-11,mol mol-1
so2,2001,9.163362042902849e-11,mol mol-1
so2,2002,9.088117434445622e-11,mol mol-1
so2,2003,9.139407552763812e-11,mol mol-1
so2,2004,9.239884093608923e-11,mol mol-1
