variable,year,value,unit
so2,2000,9.569900500683681e-11,mol mol-1
so2,2001,9.715422143563729e-11,mol mol-1
so2,2002,9.721217178661412e-11,mol mol-1
so2,2003,9.883324395424653e-11,mol mol-1
so2,2004,1.013182786780573e-10,mol mol-1
