variable,year,value,unit
emibc,2001,4.027308866676529e-14,kg m-2 s-1
emibc,2002,4.4364398900582286e-14,kg m-2 s-1
emibc,2003,4.267774357130761e-14,kg m-2 s-1
emibc,2004,4.5462322362815906e-14,kg m-2 s-1
