variable,year,value,unit
emibc,2000,1.0206023771562116e-13,kg m-2 s-1
emibc,2001,1.0464320972100856e-13,kg m-2 s-1
emibc,2002,1.1182356412246982e-13,kg m-2 s-1
emibc,2003,1.1122505535169804e-13,kg m-2 s-1
emibc,2004,1.1674158235323217e-13,kg m-2 s-1
