variable,year,value,unit
emiso2,2001,2.3355930374143354e-12,kg m-2 s-1
emiso2,2002,2.3129952732757784e-12,kg m-2 s-1
emiso2,2003,2.3777041360017637e-12,kg m-2 s-1
emiso2,2004,2.380189419223784e-12,kg m-2 s-1
