variable,year,value,unit
mmrso4,2000,5.928966757646411e-10,kg kg-1
mmrso4,2001,5.971607477818761e-10,kg kg-1
mmrso4,2002,6.091192646736716e-10,kg kg-1
mmrso4,2003,5.902767594413207e-10,kg kg-1
mmrso4,2004,5.929223962571777e-10,kg kg-1
