variable,year,value,unit
rlut,2001,238.68693637773768,W m-2
rlut,2002,238.64080516915027,W m-2
rlut,2003,239.19465761773463,W m-2
rlut,2004,238.8383864864391,W m-2
