variable,year,value,unit
drybc,2000,6.832216003764297e-14,kg m-2 s-1
drybc,2001,6.942764967642778e-14,kg m-2 s-1
drybc,2002,7.319389943362082e-14,kg m-2 s-1
drybc,2003,7.576695966614161e-14,kg m-2 s-1
drybc,2004,8.042546429565652e-14,kg m-2 s-1
