variable,year,value,unit
mmrso4,2001,4.0470525438619336e-10,kg kg-1
mmrso4,2002,4.0793226345521215e-10,kg kg-1
mmrso4,2003,4.146923815264084e-10,kg kg-1
mmrso4,2004,4.2519277796596477e-10,kg kg-1
