variable,year,value,unit
drybc,2001,2.3106251823382546e-14,kg m-2 s-1
drybc,2002,2.5024319188172797e-14,kg m-2 s-1
drybc,2003,2.515450817262052e-14,kg m-2 s-1
drybc,2004,2.6347920086157162e-14,kg m-2 s-1
