variable,year,value,unit
wetbc,2001,1.9163579444306767e-13,kg m-2 s-1
wetbc,2002,2.0533845294589064e-13,kg m-2 s-1
wetbc,2003,2.030216933586161e-13,kg m-2 s-1
wetbc,2004,2.1402249619436198e-13,kg m-2 s-1
