variable,year,value,unit
loadso2,2000,6.824995453422216e-07,kg m-2
loadso2,2001,6.923997780240978e-07,kg m-2
loadso2,2002,6.965156327376957e-07,kg m-2
loadso2,2003,7.142343883736887e-07,kg m-2
loadso2,2004,7.219628175120022e-07,kg m-2
