variable,year,value,unit
rlut,2000,245.84914544980097,W m-2
rlut,2001,245.99749644824337,W m-2
rlut,2002,246.18818034254676,W m-2
rlut,2003,246.37662721251576,W m-2
rlut,2004,246.3550511214826,W m-2
