variable,year,value,unit
wetso4,2000,2.0412320875537754e-12,kg m-2 s-1
wetso4,2001,2.0741232495978156e-12,kg m-2 s-1
wetso4,2002,2.062410173495378e-12,kg m-2 s-1
wetso4,2003,2.099037052545866e-12,kg m-2 s-1
wetso4,2004,2.134400192032155e-12,kg m-2 s-1
