variable,year,value,unit
loadso2,2000,7.037500025643978e-07,kg m-2
loadso2,2001,7.060908339923489e-07,kg m-2
loadso2,2002,7.127336098824429e-07,kg m-2
loadso2,2003,7.138682855573924e-07,kg m-2
loadso2,2004,6.992882159218776e-07,kg m-2
