variable,year,value,unit
rsut,2001,101.54746934088196,W m-2
rsut,2002,102.53135131637764,W m-2
rsut,2003,102.24988839539013,W m-2
rsut,2004,101.41476524079229,W m-2
