variable,year,value,unit
clivi,2000,0.013507860275267252,kg m-2
clivi,2001,0.013747147986577087,kg m-2
clivi,2002,0.013608303637056689,kg m-2
clivi,2003,0.01362927782612562,kg m-2
clivi,2004,0.013636319013979891,kg m-2
