variable,year,value,unit
mmrbc,2000,1.0954647974012486e-11,kg kg-1
mmrbc,2001,1.1095708734840709e-11,kg kg-1
mmrbc,2002,1.1581496891685594e-11,kg kg-1
mmrbc,2003,1.1558796897273545e-11,kg kg-1
mmrbc,2004,1.1526827763533098e-11,kg kg-1
