variable,year,value,unit
dryso2,2000,4.3849846899445635e-12,kg m-2 s-1
dryso2,2001,4.237323174534338e-12,kg m-2 s-1
dryso2,2002,4.3405495493393285e-12,kg m-2 s-1
dryso2,2003,4.22985206211617e-12,kg m-2 s-1
dryso2,2004,4.2407905785673574e-12,kg m-2 s-1
