variable,year,value,unit
od550aer,2001,0.031592574167727316,1
od550aer,2002,0.03147100521141628,1
od550aer,2003,0.03105539480644807,1
od550aer,2004,0.03137284324863633,1
