variable,year,value,unit
rsut,2001,97.62494619777961,W m-2
rsut,2002,98.10583657117542,W m-2
rsut,2003,97.6707724078748,W m-2
rsut,2004,98.20173729899902,W m-2
