variable,year,value,unit
clivi,2000,3.217251106236996e-05,kg m-2
clivi,2001,-3.318788465152961e-05,kg m-2
clivi,2002,-1.7861724230692003e-05,kg m-2
clivi,2003,1.6263415405079126e-05,kg m-2
clivi,2004,-8.040523122483656e-06,kg m-2
