variable,year,value,unit
clivi,2000,-9.463489838434924e-05,kg m-2
clivi,2001,7.380862112717212e-05,kg m-2
clivi,2002,7.623598634845519e-05,kg m-2
clivi,2003,-0.0005785210733787877,kg m-2
clivi,2004,-5.1774019072359234e-05,kg m-2
