variable,year,value,unit
clivi,2000,1.6981764999384086,kg m-2
clivi,2001,3.965877000310865,kg m-2
clivi,2002,-0.010806989915603755,kg m-2
clivi,2003,2.812213375551353,kg m-2
clivi,2004,3.2965234200329694,kg m-2
