variable,year,value,unit
dryso4,2000,-0.35472254882522175,kg m-2 s-1
dryso4,2001,-0.12103716637171424,kg m-2 s-1
dryso4,2002,0.16578925679456136,kg m-2 s-1
dryso4,2003,-0.16845105101194496,kg m-2 s-1
dryso4,2004,-0.21599868762788005,kg m-2 s-1
