variable,year,value,unit
so2,2000,-0.03462895650798533,mol mol-1
so2,2001,-0.10313299111761869,mol mol-1
so2,2002,-0.012700244738320961,mol mol-1
so2,2003,-0.08714044457418589,mol mol-1
so2,2004,-0.05769221662540078,mol mol-1
