variable,year,value,unit
mmrso4,2000,-0.32373862676792275,kg kg-1
mmrso4,2001,-0.2847147210465408,kg kg-1
mmrso4,2002,0.43665499445104505,kg kg-1
mmrso4,2003,-0.2757393806630223,kg kg-1
mmrso4,2004,-0.5338983075631126,kg kg-1
