variable,year,value,unit
rlutcs,2000,0.005354188723184564,W m-2
rlutcs,2001,-0.005986996371524673,W m-2
rlutcs,2002,-0.0005761666415714256,W m-2
rlutcs,2003,-0.003447091993496747,W m-2
rlutcs,2004,0.01021730439014825,W m-2
