variable,year,value,unit
cl,2000,0.07793965391072916,%
cl,2001,-0.02968129642553771,%
cl,2002,0.016247424287814595,%
cl,2003,0.0018060519724134195,%
cl,2004,0.04264521047578318,%
