variable,year,value,unit
rlutcs,2001,-0.007108753703278126,W m-2
rlutcs,2002,-0.013355040122178252,W m-2
rlutcs,2003,-0.0071536645550054345,W m-2
rlutcs,2004,-0.027910564315220654,W m-2
