variable,year,value,unit
loadbc,2000,-2.297120724362826e-10,kg m-2
loadbc,2001,-1.2449129275329012e-10,kg m-2
loadbc,2002,-1.4321917838344829e-10,kg m-2
loadbc,2003,-2.8999954874196447e-10,kg m-2
loadbc,2004,-1.9011548381282895e-10,kg m-2
