variable,year,value,unit
mmrbc,2001,-2.3472542866840257e-14,kg kg-1
mmrbc,2002,-4.2976638614031705e-14,kg kg-1
mmrbc,2003,3.4105527895044483e-15,kg kg-1
mmrbc,2004,2.7331471551746245e-14,kg kg-1
