variable,year,value,unit
clt,2001,-0.010400664423514172,%
clt,2002,0.014210969563222875,%
clt,2003,0.005795436332341808,%
clt,2004,0.0021992667787316122,%
