variable,year,value,unit
dryso4,2001,1.859647191193073e-16,kg m-2 s-1
dryso4,2002,-9.450179333417703e-16,kg m-2 s-1
dryso4,2003,7.915365462138196e-16,kg m-2 s-1
dryso4,2004,1.0309119677031854e-15,kg m-2 s-1
