variable,year,value,unit
rlutcs,2000,-0.005751563916703617,W m-2
rlutcs,2001,-0.009696521305443184,W m-2
rlutcs,2002,-0.011838698897804534,W m-2
rlutcs,2003,-0.009407920936098435,W m-2
rlutcs,2004,-0.004098874429132593,W m-2
