variable,year,value,unit
rlut,2000,0.01585617900892089,W m-2
rlut,2001,0.02422411407806635,W m-2
rlut,2002,-0.0030662048738179237,W m-2
rlut,2003,0.007988598330769037,W m-2
rlut,2004,-0.009555645189550432,W m-2
