variable,year,value,unit
rlutcs,2000,-0.001455783789367615,W m-2
rlutcs,2001,-0.008878995418911018,W m-2
rlutcs,2002,0.012597567014495326,W m-2
rlutcs,2003,-0.009793603163814169,W m-2
rlutcs,2004,-0.00811120613610683,W m-2
