variable,year,value,unit
mmrbc,2001,8.895179782489523e-14,kg kg-1
mmrbc,2002,8.69017670736603e-14,kg kg-1
mmrbc,2003,3.085066969722257e-14,kg kg-1
mmrbc,2004,-1.8874433209362904e-14,kg kg-1
