variable,year,value,unit
od550aer,2001,0.0001716017208543419,1
od550aer,2002,0.0001474447295596315,1
od550aer,2003,0.0001657354585711257,1
od550aer,2004,0.00019261605646142543,1
