variable,year,value,unit
dryso2,2001,-1.61983331646084e-14,kg m-2 s-1
dryso2,2002,-1.789880311849097e-14,kg m-2 s-1
dryso2,2003,-1.7111227706910604e-14,kg m-2 s-1
dryso2,2004,-1.768361749823688e-14,kg m-2 s-1
