variable,year,value,unit
so2,2001,-1.3344396696335588e-11,mol mol-1
so2,2002,-1.0650718349551506e-11,mol mol-1
so2,2003,-1.2131334461248261e-11,mol mol-1
so2,2004,-1.3354531486418722e-11,mol mol-1
