variable,year,value,unit
od550aer,2001,0.00015094330925571886,1
od550aer,2002,0.00016302693090580744,1
od550aer,2003,3.73841208908543e-05,1
od550aer,2004,0.00018525828751927986,1
