variable,year,value,unit
loadso4,2000,1.9642571388108953e-08,kg m-2
loadso4,2001,2.1337734680319066e-08,kg m-2
loadso4,2002,1.7818896381731494e-08,kg m-2
loadso4,2003,1.333096430294687e-08,kg m-2
loadso4,2004,1.7345871527701404e-08,kg m-2
