variable,year,value,unit
dryso2,2000,-2.3846731727553093e-14,kg m-2 s-1
dryso2,2001,-2.7404303330018032e-14,kg m-2 s-1
dryso2,2002,-2.1554953365543128e-14,kg m-2 s-1
dryso2,2003,-2.741588580456686e-14,kg m-2 s-1
dryso2,2004,-2.3700155983002698e-14,kg m-2 s-1
