variable,year,value,unit
loadbc,2000,-2.9987070061152422e-12,kg m-2
loadbc,2001,4.260437704789735e-12,kg m-2
loadbc,2002,2.486227621301793e-11,kg m-2
loadbc,2003,8.601536739842963e-13,kg m-2
loadbc,2004,5.343561988935974e-12,kg m-2
