variable,year,value,unit
od550aer,2001,-0.09048050717585379,1
od550aer,2002,-0.09359373575604174,1
od550aer,2003,-0.09180363931093205,1
od550aer,2004,-0.0919705969558651,1
