variable,year,value,unit
loadbc,2000,1.2842478417120677e-10,kg m-2
loadbc,2001,-9.079149489973206e-11,kg m-2
loadbc,2002,-1.6591328686256212e-11,kg m-2
loadbc,2003,1.773249934172602e-11,kg m-2
loadbc,2004,-1.2147454357948012e-10,kg m-2
