variable,year,value,unit
rsdt,2000,-2.5191184249706566e-07,W m-2
rsdt,2001,1.3811808230457245e-07,W m-2
rsdt,2002,-3.2712034681026125e-07,W m-2
rsdt,2003,-5.149076400812191e-07,W m-2
rsdt,2004,-2.04164564365783e-07,W m-2
