variable,year,value,unit
dryso4,2000,5.479786076775486e-14,kg m-2 s-1
dryso4,2001,5.813762810207718e-14,kg m-2 s-1
dryso4,2002,5.6115611517964814e-14,kg m-2 s-1
dryso4,2003,5.739031032284467e-14,kg m-2 s-1
dryso4,2004,6.245609682150366e-14,kg m-2 s-1
