variable,year,value,unit
mmrbc,2000,4.801937710889099e-14,kg kg-1
mmrbc,2001,-3.943214864605154e-15,kg kg-1
mmrbc,2002,-3.070871801276018e-15,kg kg-1
mmrbc,2003,1.3427771812130538e-14,kg kg-1
mmrbc,2004,-2.2150844670471625e-14,kg kg-1
