variable,year,value,unit
drybc,2000,-1.4307584864715394e-16,kg m-2 s-1
drybc,2001,1.2139953821620331e-18,kg m-2 s-1
drybc,2002,-3.4529890577576553e-18,kg m-2 s-1
drybc,2003,1.6000648933215652e-17,kg m-2 s-1
drybc,2004,-2.4352031551396063e-17,kg m-2 s-1
