variable,year,value,unit
emibc,2000,7.127796380464165e-22,kg m-2 s-1
emibc,2001,8.11473887059098e-22,kg m-2 s-1
emibc,2002,4.086905081784561e-22,kg m-2 s-1
emibc,2003,-2.37399270702683e-22,kg m-2 s-1
emibc,2004,-1.6056010004914246e-21,kg m-2 s-1
