variable,year,value,unit
drybc,2000,1.3745886415830028e-16,kg m-2 s-1
drybc,2001,-2.0275549644577239e-16,kg m-2 s-1
drybc,2002,1.9729096716526494e-16,kg m-2 s-1
drybc,2003,1.2872855274895177e-17,kg m-2 s-1
drybc,2004,-6.208564347813051e-17,kg m-2 s-1
