variable,year,value,unit
cl,2000,-0.018900358052434285,%
cl,2001,-0.03262629518159521,%
cl,2002,0.0014193022992543547,%
cl,2003,0.028783942432185405,%
cl,2004,0.008699338903338294,%
