variable,year,value,unit
wetbc,2000,0.20538121542463,kg m-2 s-1
wetbc,2001,-0.29605172034023275,kg m-2 s-1
wetbc,2002,-0.11633646988321877,kg m-2 s-1
wetbc,2003,-0.145202967725729,kg m-2 s-1
wetbc,2004,0.13572949795160197,kg m-2 s-1
