variable,year,value,unit
clivi,2000,-0.00024264868422252698,kg m-2
clivi,2001,-0.0001419039417243648,kg m-2
clivi,2002,-6.17278864979108e-05,kg m-2
clivi,2003,-3.643552215794972e-05,kg m-2
clivi,2004,-5.550027937652278e-05,kg m-2
