variable,year,value,unit
clt,2000,-0.2738409188401647,%
clt,2001,-0.2792338479345631,%
clt,2002,-0.3804272285704684,%
clt,2003,-0.2739836673298157,%
clt,2004,-0.4711965861560543,%
