variable,year,value,unit
emibc,2000,3.215397232696574e-21,kg m-2 s-1
emibc,2001,8.3124298349268e-20,kg m-2 s-1
emibc,2002,-9.535543151893518e-22,kg m-2 s-1
emibc,2003,5.126326701403385e-21,kg m-2 s-1
emibc,2004,3.577106550956233e-20,kg m-2 s-1
