variable,year,value,unit
rsut,2000,-0.5191933793387307,W m-2
rsut,2001,-0.5533072161542236,W m-2
rsut,2002,-0.6103780907109524,W m-2
rsut,2003,-0.5432044472479731,W m-2
rsut,2004,-0.7483073469533537,W m-2
