variable,year,value,unit
clivi,2000,-3.0702583910067506e-05,kg m-2
clivi,2001,-3.675225017089022e-05,kg m-2
clivi,2002,-1.617259036486296e-05,kg m-2
clivi,2003,-3.538580222754283e-05,kg m-2
clivi,2004,-3.670273205869188e-05,kg m-2
